episode,seed,reward,dispatch_response_improvement_min,mean_ems_time,mean_hospital_time,mean_total_time,weighted_ems_time,weighted_hospital_time,weighted_total_time,max_ems_time,max_hospital_time,selected_action_indices,selected_policies
1,42,0.7842624599697734,0.0042478320188186,5.599677419354838,10.592492761734231,16.19217018108907,6.034316313600623,12.48456433267027,18.51888064627089,11.18,29.62,"[35, 4, 41]","[{""policy"": ""hospital_upgrade"", ""target_id"": ""JDQ4MTYyMiM2MSMkMSMkMiMkOTkkMzgxMzUxIzIxIyQxIyQ1IyQ2MiQ0NjE0ODEjNjEjJDEjJDgjJDgz"", ""target_name"": ""천안해울병원"", ""target_region_id"": null, ""target_region_name"": null}, {""policy"": ""ambulance_existing"", ""target_id"": ""EMS005"", ""target_name"": ""성남지역대"", ""target_region_id"": ""REG014"", ""target_region_name"": ""성남면""}, {""policy"": ""hospital_upgrade"", ""target_id"": ""JDQ4MTYyMiM2MSMkMSMkMiMkOTkkMzgxMzUxIzIxIyQxIyQ1IyQ4OSQyNjEyMjIjNjEjJDEjJDQjJDgz"", ""target_name"": ""서울프라임병원"", ""target_region_id"": null, ""target_region_name"": null}]"
2,42,0.7450844984581932,0.0042478320188186,5.599677419354838,10.552522536469814,16.152199955824653,6.034316313600623,12.52374229418185,18.55805860778247,11.18,29.62,"[4, 37, 44]","[{""policy"": ""ambulance_existing"", ""target_id"": ""EMS005"", ""target_name"": ""성남지역대"", ""target_region_id"": ""REG014"", ""target_region_name"": ""성남면""}, {""policy"": ""hospital_upgrade"", ""target_id"": ""JDQ4MTYyMiM2MSMkMSMkMiMkOTkkMzgxMzUxIzIxIyQxIyQ1IyQ3OSQyNjE0ODEjNDEjJDEjJDgjJDgz"", ""target_name"": ""마디손병원"", ""target_region_id"": null, ""target_region_name"": null}, {""policy"": ""hospital_upgrade"", ""target_id"": ""JDQ4MTYyMiM2MSMkMSMkMiMkOTkkMzgxMzUxIzIxIyQxIyQxIyQ3MiQyNjE0ODEjNDEjJDEjJDgjJDgz"", ""target_name"": ""천안재활병원"", ""target_region_id"": null, ""target_region_name"": null}]"
3,42,0.8914048360595217,0.0,5.295483870967741,10.716180311234632,16.011664182202377,5.8214151748001814,12.586075263362146,18.407490438162323,11.18,29.62,"[27, 51, 39]","[{""policy"": ""ambulance_new_base"", ""target_id"": ""REG019"", ""target_name"": ""부성1동"", ""target_region_id"": ""REG019"", ""target_region_name"": ""부성1동""}, {""policy"": ""hospital_upgrade"", ""target_id"": ""JDQ4MTYyMiM2MSMkMSMkMiMkOTkkMzgxMzUxIzIxIyQxIyQxIyQwMyQyNjE4MzIjODEjJDEjJDIjJDgz"", ""target_name"": ""서울대정병원"", ""target_region_id"": null, ""target_region_name"": null}, {""policy"": ""hospital_upgrade"", ""target_id"": ""JDQ4MTYyMiM2MSMkMSMkMiMkOTkkMzgxMzUxIzIxIyQxIyQ1IyQ4OSQ0NjEwMDIjNTEjJDEjJDIjJDgz"", ""target_name"": ""천안리턴병원"", ""target_region_id"": null, ""target_region_name"": null}]"
4,42,0.7703170839388371,0.0306886569409906,5.295483870967741,10.914895644369402,16.210379515337145,5.8214151748001814,12.73785167242382,18.559266847224,11.18,29.62,"[27, 40, 6]","[{""policy"": ""ambulance_new_base"", ""target_id"": ""REG019"", ""target_name"": ""부성1동"", ""target_region_id"": ""REG019"", ""target_region_name"": ""부성1동""}, {""policy"": ""hospital_upgrade"", ""target_id"": ""JDQ4MTYyMiM2MSMkMSMkMiMkOTkkMzgxMzUxIzIxIyQxIyQ1IyQ4OSQyNjE4MzIjNTEjJDEjJDYjJDgz"", ""target_name"": ""아이본병원"", ""target_region_id"": null, ""target_region_name"": null}, {""policy"": ""ambulance_existing"", ""target_id"": ""EMS007"", ""target_name"": ""풍세119안전센터"", ""target_region_id"": ""REG016"", ""target_region_name"": ""풍세면""}]"
5,42,0.34366134533290266,0.0461916173658476,5.1867842220309095,11.594193548387098,16.780977770418005,5.73684658563357,13.264578960621222,19.00142554625479,11.18,29.62,"[26, 19, 9]","[{""policy"": ""ambulance_new_base"", ""target_id"": ""REG018"", ""target_name"": ""백석동"", ""target_region_id"": ""REG018"", ""target_region_name"": ""백석동""}, {""policy"": ""ambulance_new_base"", ""target_id"": ""REG004"", ""target_name"": ""신안동"", ""target_region_id"": ""REG004"", ""target_region_name"": ""신안동""}, {""policy"": ""ambulance_existing"", ""target_id"": ""EMS010"", ""target_name"": ""불당119안전센터"", ""target_region_id"": ""REG022"", ""target_region_name"": ""불당2동""}]"
6,42,0.7494312923580857,0.0,5.30953667865867,10.671915281509014,15.981451960167684,5.817718036654236,12.731745945209527,18.54946398186376,11.18,29.62,"[44, 33, 21]","[{""policy"": ""hospital_upgrade"", ""target_id"": ""JDQ4MTYyMiM2MSMkMSMkMiMkOTkkMzgxMzUxIzIxIyQxIyQxIyQ3MiQyNjE0ODEjNDEjJDEjJDgjJDgz"", ""target_name"": ""천안재활병원"", ""target_region_id"": null, ""target_region_name"": null}, {""policy"": ""hospital_upgrade"", ""target_id"": ""JDQ4MTYyMiM2MSMkMSMkMiMkOTkkMzgxMzUxIzExIyQxIyQ3IyQ5OSQ0NjE0ODEjODEjJDEjJDYjJDgz"", ""target_name"": ""예일병원"", ""target_region_id"": null, ""target_region_name"": null}, {""policy"": ""ambulance_new_base"", ""target_id"": ""REG007"", ""target_name"": ""일봉동"", ""target_region_id"": ""REG007"", ""target_region_name"": ""일봉동""}]"
7,42,0.3325916359343335,0.0399215062962792,5.398709677419355,11.594193548387098,16.99290322580645,5.74164618396257,13.264578960621222,19.00622514458379,11.18,29.62,"[23, 4, 12]","[{""policy"": ""ambulance_new_base"", ""target_id"": ""REG010"", ""target_name"": ""광덕면"", ""target_region_id"": ""REG010"", ""target_region_name"": ""광덕면""}, {""policy"": ""ambulance_existing"", ""target_id"": ""EMS005"", ""target_name"": ""성남지역대"", ""target_region_id"": ""REG014"", ""target_region_name"": ""성남면""}, {""policy"": ""ambulance_existing"", ""target_id"": ""EMS013"", ""target_name"": ""성환119안전센터"", ""target_region_id"": ""REG030"", ""target_region_name"": ""성환읍""}]"
8,42,0.533559655080713,0.0045892200942615,5.599677419354838,10.808655693058702,16.40833311241354,6.034316313600623,12.735608525634776,18.769924839235394,11.18,29.62,"[44, 45, 3]","[{""policy"": ""hospital_upgrade"", ""target_id"": ""JDQ4MTYyMiM2MSMkMSMkMiMkOTkkMzgxMzUxIzIxIyQxIyQxIyQ3MiQyNjE0ODEjNDEjJDEjJDgjJDgz"", ""target_name"": ""천안재활병원"", ""target_region_id"": null, ""target_region_name"": null}, {""policy"": ""hospital_upgrade"", ""target_id"": ""JDQ4MTYyMiM2MSMkMSMkMiMkOTkkMzgxMzUxIzIxIyQxIyQxIyQ3MiQzNjE4MzIjODEjJDEjJDYjJDgz"", ""target_name"": ""삼성스카이병원"", ""target_region_id"": null, ""target_region_name"": null}, {""policy"": ""ambulance_existing"", ""target_id"": ""EMS004"", ""target_name"": ""북면지역대"", ""target_region_id"": ""REG013"", ""target_region_name"": ""북면""}]"
9,42,0.6534483957324847,0.0001882362364812,5.599677419354838,10.73616728707803,16.33584470643287,6.034316313600623,12.611318801125222,18.64563511472584,11.18,29.62,"[37, 8, 40]","[{""policy"": ""hospital_upgrade"", ""target_id"": ""JDQ4MTYyMiM2MSMkMSMkMiMkOTkkMzgxMzUxIzIxIyQxIyQ1IyQ3OSQyNjE0ODEjNDEjJDEjJDgjJDgz"", ""target_name"": ""마디손병원"", ""target_region_id"": null, ""target_region_name"": null}, {""policy"": ""ambulance_existing"", ""target_id"": ""EMS009"", ""target_name"": ""두정119안전센터"", ""target_region_id"": ""REG024"", ""target_region_name"": ""성정2동""}, {""policy"": ""hospital_upgrade"", ""target_id"": ""JDQ4MTYyMiM2MSMkMSMkMiMkOTkkMzgxMzUxIzIxIyQxIyQ1IyQ4OSQyNjE4MzIjNTEjJDEjJDYjJDgz"", ""target_name"": ""아이본병원"", ""target_region_id"": null, ""target_region_name"": null}]"
10,42,1.121296077591218,0.0,5.398709677419355,10.49267365082137,15.891383328240725,5.74164618396257,12.43595301266806,18.177599196630627,11.18,29.62,"[50, 23, 48]","[{""policy"": ""hospital_upgrade"", ""target_id"": ""JDQ4MTYyMiM2MSMkMSMkMiMkOTkkMzgxMzUxIzIxIyQxIyQxIyQwMyQyNjE0ODEjNTEjJDEjJDYjJDgz"", ""target_name"": ""천안21세기병원"", ""target_region_id"": null, ""target_region_name"": null}, {""policy"": ""ambulance_new_base"", ""target_id"": ""REG010"", ""target_name"": ""광덕면"", ""target_region_id"": ""REG010"", ""target_region_name"": ""광덕면""}, {""policy"": ""hospital_upgrade"", ""target_id"": ""JDQ4MTYyMiM2MSMkMSMkMiMkOTkkMzgxMzUxIzIxIyQxIyQxIyQ5MiQyNjE4MzIjNDEjJDEjJDgjJDgz"", ""target_name"": ""혜성산부인과병원"", ""target_region_id"": null, ""target_region_name"": null}]"
11,42,0.7454016763605044,0.0222107429571171,5.3432258064516125,10.922183961670516,16.26540976812213,5.838491576775618,12.737212764042843,18.575704340818458,11.18,29.62,"[19, 39, 10]","[{""policy"": ""ambulance_new_base"", ""target_id"": ""REG004"", ""target_name"": ""신안동"", ""target_region_id"": ""REG004"", ""target_region_name"": ""신안동""}, {""policy"": ""hospital_upgrade"", ""target_id"": ""JDQ4MTYyMiM2MSMkMSMkMiMkOTkkMzgxMzUxIzIxIyQxIyQ1IyQ4OSQ0NjEwMDIjNTEjJDEjJDIjJDgz"", ""target_name"": ""천안리턴병원"", ""target_region_id"": null, ""target_region_name"": null}, {""policy"": ""ambulance_existing"", ""target_id"": ""EMS011"", ""target_name"": ""서부119안전센터"", ""target_region_id"": ""REG023"", ""target_region_name"": ""성정1동""}]"
12,42,0.32288866146462475,0.0350352871403144,5.36265655090189,11.594193548387098,16.956850099288985,5.746462939276316,13.264578960621222,19.011041899897535,11.18,29.62,"[2, 28, 8]","[{""policy"": ""ambulance_existing"", ""target_id"": ""EMS003"", ""target_name"": ""병천119안전센터"", ""target_region_id"": ""REG012"", ""target_region_name"": ""병천면""}, {""policy"": ""ambulance_new_base"", ""target_id"": ""REG020"", ""target_name"": ""부성2동"", ""target_region_id"": ""REG020"", ""target_region_name"": ""부성2동""}, {""policy"": ""ambulance_existing"", ""target_id"": ""EMS009"", ""target_name"": ""두정119안전센터"", ""target_region_id"": ""REG024"", ""target_region_name"": ""성정2동""}]"
13,42,0.8427426665508335,0.0,5.3432258064516125,10.772073526434678,16.11529933288629,5.838491576775618,12.617661030895395,18.45615260767101,11.18,29.62,"[39, 47, 19]","[{""policy"": ""hospital_upgrade"", ""target_id"": ""JDQ4MTYyMiM2MSMkMSMkMiMkOTkkMzgxMzUxIzIxIyQxIyQ1IyQ4OSQ0NjEwMDIjNTEjJDEjJDIjJDgz"", ""target_name"": ""천안리턴병원"", ""target_region_id"": null, ""target_region_name"": null}, {""policy"": ""hospital_upgrade"", ""target_id"": ""JDQ4MTYyMiM2MSMkMSMkMiMkOTkkMzgxMzUxIzIxIyQxIyQxIyQ4OSQ0NjE0ODEjODEjJDEjJDIjJDgz"", ""target_name"": ""서울우리병원"", ""target_region_id"": null, ""target_region_name"": null}, {""policy"": ""ambulance_new_base"", ""target_id"": ""REG004"", ""target_name"": ""신안동"", ""target_region_id"": ""REG004"", ""target_region_name"": ""신안동""}]"
14,42,1.0479576806022735,0.0,5.094749391013949,10.975591027317092,16.07034041833104,5.462012469716495,12.788925123903075,18.25093759361957,11.18,29.62,"[47, 20, 16]","[{""policy"": ""hospital_upgrade"", ""target_id"": ""JDQ4MTYyMiM2MSMkMSMkMiMkOTkkMzgxMzUxIzIxIyQxIyQxIyQ4OSQ0NjE0ODEjODEjJDEjJDIjJDgz"", ""target_name"": ""서울우리병원"", ""target_region_id"": null, ""target_region_name"": null}, {""policy"": ""ambulance_new_base"", ""target_id"": ""REG005"", ""target_name"": ""원성1동"", ""target_region_id"": ""REG005"", ""target_region_name"": ""원성1동""}, {""policy"": ""ambulance_new_base"", ""target_id"": ""REG001"", ""target_name"": ""문성동"", ""target_region_id"": ""REG001"", ""target_region_name"": ""문성동""}]"
15,42,1.1415184818601243,0.0222107429571171,5.249677419354838,10.92879511789891,16.178472537253747,5.442251364611085,12.737336170707753,18.179587535318838,11.18,29.62,"[24, 10, 41]","[{""policy"": ""ambulance_new_base"", ""target_id"": ""REG011"", ""target_name"": ""동면"", ""target_region_id"": ""REG011"", ""target_region_name"": ""동면""}, {""policy"": ""ambulance_existing"", ""target_id"": ""EMS011"", ""target_name"": ""서부119안전센터"", ""target_region_id"": ""REG023"", ""target_region_name"": ""성정1동""}, {""policy"": ""hospital_upgrade"", ""target_id"": ""JDQ4MTYyMiM2MSMkMSMkMiMkOTkkMzgxMzUxIzIxIyQxIyQ1IyQ4OSQyNjEyMjIjNjEjJDEjJDQjJDgz"", ""target_name"": ""서울프라임병원"", ""target_region_id"": null, ""target_region_name"": null}]"
16,42,0.8778888682243311,0.0356736742774606,4.934148661359986,11.594193548387098,16.528342209747084,5.192101119653753,13.264578960621222,18.456680080274975,11.18,29.62,"[24, 12, 17]","[{""policy"": ""ambulance_new_base"", ""target_id"": ""REG011"", ""target_name"": ""동면"", ""target_region_id"": ""REG011"", ""target_region_name"": ""동면""}, {""policy"": ""ambulance_existing"", ""target_id"": ""EMS013"", ""target_name"": ""성환119안전센터"", ""target_region_id"": ""REG030"", ""target_region_name"": ""성환읍""}, {""policy"": ""ambulance_new_base"", ""target_id"": ""REG002"", ""target_name"": ""봉명동"", ""target_region_id"": ""REG002"", ""target_region_name"": ""봉명동""}]"
17,42,0.6913490595337622,0.0001882362364812,5.398709677419355,10.998184134035316,16.39689381145467,5.74164618396257,12.866088266961999,18.607734450924564,11.18,29.62,"[48, 23, 8]","[{""policy"": ""hospital_upgrade"", ""target_id"": ""JDQ4MTYyMiM2MSMkMSMkMiMkOTkkMzgxMzUxIzIxIyQxIyQxIyQ5MiQyNjE4MzIjNDEjJDEjJDgjJDgz"", ""target_name"": ""혜성산부인과병원"", ""target_region_id"": null, ""target_region_name"": null}, {""policy"": ""ambulance_new_base"", ""target_id"": ""REG010"", ""target_name"": ""광덕면"", ""target_region_id"": ""REG010"", ""target_region_name"": ""광덕면""}, {""policy"": ""ambulance_existing"", ""target_id"": ""EMS009"", ""target_name"": ""두정119안전센터"", ""target_region_id"": ""REG024"", ""target_region_name"": ""성정2동""}]"
18,42,0.7876738414803809,0.0495123820092479,5.30471554719749,11.055870298914312,16.3605858461118,5.64393497465041,12.916798840100302,18.560733814750712,11.18,29.62,"[36, 5, 16]","[{""policy"": ""hospital_upgrade"", ""target_id"": ""JDQ4MTYyMiM2MSMkMSMkMiMkOTkkMzgxMzUxIzIxIyQxIyQ1IyQ2MiQzNjE4MzIjODEjJDEjJDIjJDgz"", ""target_name"": ""돋움병원"", ""target_region_id"": null, ""target_region_name"": null}, {""policy"": ""ambulance_existing"", ""target_id"": ""EMS006"", ""target_name"": ""청당119안전센터"", ""target_region_id"": ""REG009"", ""target_region_name"": ""청룡동""}, {""policy"": ""ambulance_new_base"", ""target_id"": ""REG001"", ""target_name"": ""문성동"", ""target_region_id"": ""REG001"", ""target_region_name"": ""문성동""}]"
19,42,0.789087114383829,0.0,5.232801978072861,11.100907360674752,16.333709338747614,5.567406178782148,12.942401981055868,18.509808159838016,11.18,29.62,"[22, 45, 42]","[{""policy"": ""ambulance_new_base"", ""target_id"": ""REG008"", ""target_name"": ""중앙동"", ""target_region_id"": ""REG008"", ""target_region_name"": ""중앙동""}, {""policy"": ""hospital_upgrade"", ""target_id"": ""JDQ4MTYyMiM2MSMkMSMkMiMkOTkkMzgxMzUxIzIxIyQxIyQxIyQ3MiQzNjE4MzIjODEjJDEjJDYjJDgz"", ""target_name"": ""삼성스카이병원"", ""target_region_id"": null, ""target_region_name"": null}, {""policy"": ""hospital_upgrade"", ""target_id"": ""JDQ4MTYyMiM2MSMkMSMkMiMkOTkkMzgxMzUxIzIxIyQxIyQ1IyQ5OSQzNjEyMjIjNjEjJDEjJDQjJDgz"", ""target_name"": ""천안다나힐병원"", ""target_region_id"": null, ""target_region_name"": null}]"
20,42,0.3917810424216702,0.044000921900746996,5.599677419354838,11.055870298914312,16.65554771826915,6.034316313600623,12.916798840100302,18.951115153700922,11.18,29.62,"[36, 14, 12]","[{""policy"": ""hospital_upgrade"", ""target_id"": ""JDQ4MTYyMiM2MSMkMSMkMiMkOTkkMzgxMzUxIzIxIyQxIyQ1IyQ2MiQzNjE4MzIjODEjJDEjJDIjJDgz"", ""target_name"": ""돋움병원"", ""target_region_id"": null, ""target_region_name"": null}, {""policy"": ""ambulance_existing"", ""target_id"": ""EMS015"", ""target_name"": ""입장119안전센터"", ""target_region_id"": ""REG028"", ""target_region_name"": ""입장면""}, {""policy"": ""ambulance_existing"", ""target_id"": ""EMS013"", ""target_name"": ""성환119안전센터"", ""target_region_id"": ""REG030"", ""target_region_name"": ""성환읍""}]"
21,42,0.6889953220952375,0.0222107429571171,5.599677419354838,10.603019941519117,16.202697360873955,6.034316313600623,12.597794381483103,18.632110695083725,11.18,29.62,"[53, 10, 43]","[{""policy"": ""hospital_upgrade"", ""target_id"": ""JDQ4MTYyMiM2MSMkMSMkMiMkOTkkMzgxMzUxIzIxIyQyIyQ1IyQwMCQyNjEwMDIjNDEjJDEjJDgjJDgz"", ""target_name"": ""이화병원"", ""target_region_id"": null, ""target_region_name"": null}, {""policy"": ""ambulance_existing"", ""target_id"": ""EMS011"", ""target_name"": ""서부119안전센터"", ""target_region_id"": ""REG023"", ""target_region_name"": ""성정1동""}, {""policy"": ""hospital_upgrade"", ""target_id"": ""JDQ4MTYyMiM2MSMkMSMkMiMkOTkkMzgxMzUxIzIxIyQxIyQxIyQ2MiQ0NjE0ODEjNDEjJDEjJDQjJDgz"", ""target_name"": ""연세나무병원"", ""target_region_id"": null, ""target_region_name"": null}]"
22,42,0.8230336060658843,0.0,5.599677419354838,10.534802165254142,16.134479584608982,6.034316313600623,12.441545354555341,18.47586166815596,11.18,29.62,"[40, 35, 41]","[{""policy"": ""hospital_upgrade"", ""target_id"": ""JDQ4MTYyMiM2MSMkMSMkMiMkOTkkMzgxMzUxIzIxIyQxIyQ1IyQ4OSQyNjE4MzIjNTEjJDEjJDYjJDgz"", ""target_name"": ""아이본병원"", ""target_region_id"": null, ""target_region_name"": null}, {""policy"": ""hospital_upgrade"", ""target_id"": ""JDQ4MTYyMiM2MSMkMSMkMiMkOTkkMzgxMzUxIzIxIyQxIyQ1IyQ2MiQ0NjE0ODEjNjEjJDEjJDgjJDgz"", ""target_name"": ""천안해울병원"", ""target_region_id"": null, ""target_region_name"": null}, {""policy"": ""hospital_upgrade"", ""target_id"": ""JDQ4MTYyMiM2MSMkMSMkMiMkOTkkMzgxMzUxIzIxIyQxIyQ1IyQ4OSQyNjEyMjIjNjEjJDEjJDQjJDgz"", ""target_name"": ""서울프라임병원"", ""target_region_id"": null, ""target_region_name"": null}]"
23,42,0.7428251492772141,0.0083272476232864,5.265170274394114,10.92879511789891,16.193965392293027,5.8270612018601655,12.737336170707753,18.564397372567917,11.18,29.62,"[14, 30, 41]","[{""policy"": ""ambulance_existing"", ""target_id"": ""EMS015"", ""target_name"": ""입장119안전센터"", ""target_region_id"": ""REG028"", ""target_region_name"": ""입장면""}, {""policy"": ""ambulance_new_base"", ""target_id"": ""REG025"", ""target_name"": ""쌍용1동"", ""target_region_id"": ""REG025"", ""target_region_name"": ""쌍용1동""}, {""policy"": ""hospital_upgrade"", ""target_id"": ""JDQ4MTYyMiM2MSMkMSMkMiMkOTkkMzgxMzUxIzIxIyQxIyQ1IyQ4OSQyNjEyMjIjNjEjJDEjJDQjJDgz"", ""target_name"": ""서울프라임병원"", ""target_region_id"": null, ""target_region_name"": null}]"
24,42,0.2121748193509364,0.038658756533598196,5.342699713174523,11.594193548387098,16.93689326156162,5.860800250783288,13.264578960621222,19.125379211404507,11.18,29.62,"[1, 7, 29]","[{""policy"": ""ambulance_existing"", ""target_id"": ""EMS002"", ""target_name"": ""독립119안전센터"", ""target_region_id"": ""REG017"", ""target_region_name"": ""목천읍""}, {""policy"": ""ambulance_existing"", ""target_id"": ""EMS008"", ""target_name"": ""119구조구급센터119안전센터"", ""target_region_id"": ""REG031"", ""target_region_name"": ""직산읍""}, {""policy"": ""ambulance_new_base"", ""target_id"": ""REG021"", ""target_name"": ""불당1동"", ""target_region_id"": ""REG021"", ""target_region_name"": ""불당1동""}]"
25,42,1.1291317902946325,0.0,5.232801978072861,10.600639778655003,15.833441756727861,5.567406178782148,12.602357305145066,18.169763483927213,11.18,29.62,"[22, 53, 35]","[{""policy"": ""ambulance_new_base"", ""target_id"": ""REG008"", ""target_name"": ""중앙동"", ""target_region_id"": ""REG008"", ""target_region_name"": ""중앙동""}, {""policy"": ""hospital_upgrade"", ""target_id"": ""JDQ4MTYyMiM2MSMkMSMkMiMkOTkkMzgxMzUxIzIxIyQyIyQ1IyQwMCQyNjEwMDIjNDEjJDEjJDgjJDgz"", ""target_name"": ""이화병원"", ""target_region_id"": null, ""target_region_name"": null}, {""policy"": ""hospital_upgrade"", ""target_id"": ""JDQ4MTYyMiM2MSMkMSMkMiMkOTkkMzgxMzUxIzIxIyQxIyQ1IyQ2MiQ0NjE0ODEjNjEjJDEjJDgjJDgz"", ""target_name"": ""천안해울병원"", ""target_region_id"": null, ""target_region_name"": null}]"
26,42,0.7050066847496259,0.0042478320188186,5.342699713174523,10.92879511789891,16.271494831073433,5.860800250783288,12.737336170707753,18.598136421491038,11.18,29.62,"[29, 41, 4]","[{""policy"": ""ambulance_new_base"", ""target_id"": ""REG021"", ""target_name"": ""불당1동"", ""target_region_id"": ""REG021"", ""target_region_name"": ""불당1동""}, {""policy"": ""hospital_upgrade"", ""target_id"": ""JDQ4MTYyMiM2MSMkMSMkMiMkOTkkMzgxMzUxIzIxIyQxIyQ1IyQ4OSQyNjEyMjIjNjEjJDEjJDQjJDgz"", ""target_name"": ""서울프라임병원"", ""target_region_id"": null, ""target_region_name"": null}, {""policy"": ""ambulance_existing"", ""target_id"": ""EMS005"", ""target_name"": ""성남지역대"", ""target_region_id"": ""REG014"", ""target_region_name"": ""성남면""}]"
27,42,0.7036925133898455,0.0042478320188186,5.342699713174523,10.912914642839256,16.255614356013776,5.860800250783288,12.738650342067533,18.59945059285082,11.18,29.62,"[29, 4, 52]","[{""policy"": ""ambulance_new_base"", ""target_id"": ""REG021"", ""target_name"": ""불당1동"", ""target_region_id"": ""REG021"", ""target_region_name"": ""불당1동""}, {""policy"": ""ambulance_existing"", ""target_id"": ""EMS005"", ""target_name"": ""성남지역대"", ""target_region_id"": ""REG014"", ""target_region_name"": ""성남면""}, {""policy"": ""hospital_upgrade"", ""target_id"": ""JDQ4MTYyMiM2MSMkMSMkMiMkOTkkMzgxMzUxIzIxIyQxIyQxIyQxMyQyNjEyMjIjNzEjJDEjJDgjJDgz"", ""target_name"": ""SG삼성조은병원"", ""target_region_id"": null, ""target_region_name"": null}]"
28,42,0.24200754302335695,0.0507872520765548,5.260793486616837,11.594193548387098,16.854987035003933,5.843096022653826,13.264578960621222,19.107674983275043,11.18,29.62,"[1, 15, 31]","[{""policy"": ""ambulance_existing"", ""target_id"": ""EMS002"", ""target_name"": ""독립119안전센터"", ""target_region_id"": ""REG017"", ""target_region_name"": ""목천읍""}, {""policy"": ""ambulance_existing"", ""target_id"": ""EMS016"", ""target_name"": ""직산119안전센터"", ""target_region_id"": ""REG031"", ""target_region_name"": ""직산읍""}, {""policy"": ""ambulance_new_base"", ""target_id"": ""REG027"", ""target_name"": ""쌍용3동"", ""target_region_id"": ""REG027"", ""target_region_name"": ""쌍용3동""}]"
29,42,0.5866188743204646,0.0181013717412561,5.599677419354838,10.848247068703982,16.447924488058817,6.034316313600623,12.696061458042019,18.730377771642637,11.18,29.62,"[51, 14, 11]","[{""policy"": ""hospital_upgrade"", ""target_id"": ""JDQ4MTYyMiM2MSMkMSMkMiMkOTkkMzgxMzUxIzIxIyQxIyQxIyQwMyQyNjE4MzIjODEjJDEjJDIjJDgz"", ""target_name"": ""서울대정병원"", ""target_region_id"": null, ""target_region_name"": null}, {""policy"": ""ambulance_existing"", ""target_id"": ""EMS015"", ""target_name"": ""입장119안전센터"", ""target_region_id"": ""REG028"", ""target_region_name"": ""입장면""}, {""policy"": ""ambulance_existing"", ""target_id"": ""EMS012"", ""target_name"": ""성거119안전센터"", ""target_region_id"": ""REG029"", ""target_region_name"": ""성거읍""}]"
30,42,0.41746936064059936,0.0521219116627846,5.599677419354838,11.013231528881516,16.612908948236356,6.034316313600623,12.899231511643416,18.93354782524403,11.18,29.62,"[1, 44, 12]","[{""policy"": ""ambulance_existing"", ""target_id"": ""EMS002"", ""target_name"": ""독립119안전센터"", ""target_region_id"": ""REG017"", ""target_region_name"": ""목천읍""}, {""policy"": ""hospital_upgrade"", ""target_id"": ""JDQ4MTYyMiM2MSMkMSMkMiMkOTkkMzgxMzUxIzIxIyQxIyQxIyQ3MiQyNjE0ODEjNDEjJDEjJDgjJDgz"", ""target_name"": ""천안재활병원"", ""target_region_id"": null, ""target_region_name"": null}, {""policy"": ""ambulance_existing"", ""target_id"": ""EMS013"", ""target_name"": ""성환119안전센터"", ""target_region_id"": ""REG030"", ""target_region_name"": ""성환읍""}]"
31,42,0.5858941775570244,0.0083272476232864,5.599677419354838,10.79778386918443,16.39746128853927,6.034316313600623,12.68701203068749,18.721328344288107,11.18,29.62,"[14, 49, 44]","[{""policy"": ""ambulance_existing"", ""target_id"": ""EMS015"", ""target_name"": ""입장119안전센터"", ""target_region_id"": ""REG028"", ""target_region_name"": ""입장면""}, {""policy"": ""hospital_upgrade"", ""target_id"": ""JDQ4MTYyMiM2MSMkMSMkMiMkOTkkMzgxMzUxIzIxIyQxIyQxIyQ5MiQyNjEwMDIjNjEjJDEjJDAjJDgz"", ""target_name"": ""두정이진병원"", ""target_region_id"": null, ""target_region_name"": null}, {""policy"": ""hospital_upgrade"", ""target_id"": ""JDQ4MTYyMiM2MSMkMSMkMiMkOTkkMzgxMzUxIzIxIyQxIyQxIyQ3MiQyNjE0ODEjNDEjJDEjJDgjJDgz"", ""target_name"": ""천안재활병원"", ""target_region_id"": null, ""target_region_name"": null}]"
32,42,0.524726301207219,0.0306886569409906,5.265170274394114,11.302330291013508,16.567500565407624,5.8270612018601655,12.977796428095454,18.804857629955617,11.18,29.62,"[34, 30, 6]","[{""policy"": ""hospital_upgrade"", ""target_id"": ""JDQ4MTYyMiM2MSMkMSMkMiMkOTkkMzgxMzUxIzExIyQyIyQ3IyQwMCQ0NjE0ODEjNjEjJDEjJDgjJDgz"", ""target_name"": ""천안우리병원"", ""target_region_id"": null, ""target_region_name"": null}, {""policy"": ""ambulance_new_base"", ""target_id"": ""REG025"", ""target_name"": ""쌍용1동"", ""target_region_id"": ""REG025"", ""target_region_name"": ""쌍용1동""}, {""policy"": ""ambulance_existing"", ""target_id"": ""EMS007"", ""target_name"": ""풍세119안전센터"", ""target_region_id"": ""REG016"", ""target_region_name"": ""풍세면""}]"
33,42,1.349361202376052,0.0,5.232801978072861,10.465528714024007,15.698330692096867,5.567406178782148,12.382127893063645,17.949534071845793,11.18,29.62,"[22, 51, 35]","[{""policy"": ""ambulance_new_base"", ""target_id"": ""REG008"", ""target_name"": ""중앙동"", ""target_region_id"": ""REG008"", ""target_region_name"": ""중앙동""}, {""policy"": ""hospital_upgrade"", ""target_id"": ""JDQ4MTYyMiM2MSMkMSMkMiMkOTkkMzgxMzUxIzIxIyQxIyQxIyQwMyQyNjE4MzIjODEjJDEjJDIjJDgz"", ""target_name"": ""서울대정병원"", ""target_region_id"": null, ""target_region_name"": null}, {""policy"": ""hospital_upgrade"", ""target_id"": ""JDQ4MTYyMiM2MSMkMSMkMiMkOTkkMzgxMzUxIzIxIyQxIyQ1IyQ2MiQ0NjE0ODEjNjEjJDEjJDgjJDgz"", ""target_name"": ""천안해울병원"", ""target_region_id"": null, ""target_region_name"": null}]"
34,42,0.3453292397188949,0.0461916173658476,5.284148661359985,11.519141813354748,16.803290474714732,5.784166068643291,13.215591583225512,18.999757651868798,11.18,29.62,"[9, 42, 17]","[{""policy"": ""ambulance_existing"", ""target_id"": ""EMS010"", ""target_name"": ""불당119안전센터"", ""target_region_id"": ""REG022"", ""target_region_name"": ""불당2동""}, {""policy"": ""hospital_upgrade"", ""target_id"": ""JDQ4MTYyMiM2MSMkMSMkMiMkOTkkMzgxMzUxIzIxIyQxIyQ1IyQ5OSQzNjEyMjIjNjEjJDEjJDQjJDgz"", ""target_name"": ""천안다나힐병원"", ""target_region_id"": null, ""target_region_name"": null}, {""policy"": ""ambulance_new_base"", ""target_id"": ""REG002"", ""target_name"": ""봉명동"", ""target_region_id"": ""REG002"", ""target_region_name"": ""봉명동""}]"
35,42,0.5810030039415391,0.0537602140280665,5.599677419354838,10.92879511789891,16.528472537253748,6.034316313600623,12.737336170707753,18.771652484308373,11.18,29.62,"[5, 4, 41]","[{""policy"": ""ambulance_existing"", ""target_id"": ""EMS006"", ""target_name"": ""청당119안전센터"", ""target_region_id"": ""REG009"", ""target_region_name"": ""청룡동""}, {""policy"": ""ambulance_existing"", ""target_id"": ""EMS005"", ""target_name"": ""성남지역대"", ""target_region_id"": ""REG014"", ""target_region_name"": ""성남면""}, {""policy"": ""hospital_upgrade"", ""target_id"": ""JDQ4MTYyMiM2MSMkMSMkMiMkOTkkMzgxMzUxIzIxIyQxIyQ1IyQ4OSQyNjEyMjIjNjEjJDEjJDQjJDgz"", ""target_name"": ""서울프라임병원"", ""target_region_id"": null, ""target_region_name"": null}]"
36,42,1.1578310709372865,0.0001882362364812,5.249677419354838,10.856635269370763,16.1063126887256,5.442251364611085,12.699001074909956,18.14125243952104,11.18,29.62,"[24, 38, 8]","[{""policy"": ""ambulance_new_base"", ""target_id"": ""REG011"", ""target_name"": ""동면"", ""target_region_id"": ""REG011"", ""target_region_name"": ""동면""}, {""policy"": ""hospital_upgrade"", ""target_id"": ""JDQ4MTYyMiM2MSMkMSMkMiMkOTkkMzgxMzUxIzIxIyQxIyQ1IyQ3OSQzNjE4MzIjODEjJDEjJDYjJDgz"", ""target_name"": ""앙즈로여성병원"", ""target_region_id"": null, ""target_region_name"": null}, {""policy"": ""ambulance_existing"", ""target_id"": ""EMS009"", ""target_name"": ""두정119안전센터"", ""target_region_id"": ""REG024"", ""target_region_name"": ""성정2동""}]"
37,42,0.5003239210377566,0.0001882362364812,5.443235834934136,10.998184134035316,16.441419968969452,5.932671322458575,12.866088266961999,18.79875958942057,11.18,29.62,"[8, 48, 26]","[{""policy"": ""ambulance_existing"", ""target_id"": ""EMS009"", ""target_name"": ""두정119안전센터"", ""target_region_id"": ""REG024"", ""target_region_name"": ""성정2동""}, {""policy"": ""hospital_upgrade"", ""target_id"": ""JDQ4MTYyMiM2MSMkMSMkMiMkOTkkMzgxMzUxIzIxIyQxIyQxIyQ5MiQyNjE4MzIjNDEjJDEjJDgjJDgz"", ""target_name"": ""혜성산부인과병원"", ""target_region_id"": null, ""target_region_name"": null}, {""policy"": ""ambulance_new_base"", ""target_id"": ""REG018"", ""target_name"": ""백석동"", ""target_region_id"": ""REG018"", ""target_region_name"": ""백석동""}]"
38,42,0.4747808708084508,0.0001882362364812,5.188743521235815,11.594193548387098,16.78293706962291,5.559723679028655,13.264578960621222,18.824302639649876,11.18,29.62,"[8, 20, 23]","[{""policy"": ""ambulance_existing"", ""target_id"": ""EMS009"", ""target_name"": ""두정119안전센터"", ""target_region_id"": ""REG024"", ""target_region_name"": ""성정2동""}, {""policy"": ""ambulance_new_base"", ""target_id"": ""REG005"", ""target_name"": ""원성1동"", ""target_region_id"": ""REG005"", ""target_region_name"": ""원성1동""}, {""policy"": ""ambulance_new_base"", ""target_id"": ""REG010"", ""target_name"": ""광덕면"", ""target_region_id"": ""REG010"", ""target_region_name"": ""광덕면""}]"
39,42,0.8528098549241925,0.0,5.599677419354838,10.349576846700081,15.949254266054922,6.034316313600623,12.41176910569703,18.446085419297653,11.18,29.62,"[35, 32, 33]","[{""policy"": ""hospital_upgrade"", ""target_id"": ""JDQ4MTYyMiM2MSMkMSMkMiMkOTkkMzgxMzUxIzIxIyQxIyQ1IyQ2MiQ0NjE0ODEjNjEjJDEjJDgjJDgz"", ""target_name"": ""천안해울병원"", ""target_region_id"": null, ""target_region_name"": null}, {""policy"": ""hospital_upgrade"", ""target_id"": ""JDQ4MTYyMiM2MSMkMSMkMiMkOTkkMzgxMzUxIzExIyQxIyQ3IyQ4OSQzNjE0ODEjODEjJDEjJDYjJDgz"", ""target_name"": ""새로나병원"", ""target_region_id"": null, ""target_region_name"": null}, {""policy"": ""hospital_upgrade"", ""target_id"": ""JDQ4MTYyMiM2MSMkMSMkMiMkOTkkMzgxMzUxIzExIyQxIyQ3IyQ5OSQ0NjE0ODEjODEjJDEjJDYjJDgz"", ""target_name"": ""예일병원"", ""target_region_id"": null, ""target_region_name"": null}]"
40,42,0.10125983680567566,0.0349364889598092,5.422903225806452,11.594193548387098,17.017096774193547,5.967992965754759,13.264578960621222,19.23257192637598,11.18,29.62,"[4, 6, 18]","[{""policy"": ""ambulance_existing"", ""target_id"": ""EMS005"", ""target_name"": ""성남지역대"", ""target_region_id"": ""REG014"", ""target_region_name"": ""성남면""}, {""policy"": ""ambulance_existing"", ""target_id"": ""EMS007"", ""target_name"": ""풍세119안전센터"", ""target_region_id"": ""REG016"", ""target_region_name"": ""풍세면""}, {""policy"": ""ambulance_new_base"", ""target_id"": ""REG003"", ""target_name"": ""신방동"", ""target_region_id"": ""REG003"", ""target_region_name"": ""신방동""}]"
41,42,0.6959604216262782,0.0,5.1867842220309095,10.998184134035316,16.18496835606623,5.73684658563357,12.866088266961999,18.602934852595567,11.18,29.62,"[48, 19, 26]","[{""policy"": ""hospital_upgrade"", ""target_id"": ""JDQ4MTYyMiM2MSMkMSMkMiMkOTkkMzgxMzUxIzIxIyQxIyQxIyQ5MiQyNjE4MzIjNDEjJDEjJDgjJDgz"", ""target_name"": ""혜성산부인과병원"", ""target_region_id"": null, ""target_region_name"": null}, {""policy"": ""ambulance_new_base"", ""target_id"": ""REG004"", ""target_name"": ""신안동"", ""target_region_id"": ""REG004"", ""target_region_name"": ""신안동""}, {""policy"": ""ambulance_new_base"", ""target_id"": ""REG018"", ""target_name"": ""백석동"", ""target_region_id"": ""REG018"", ""target_region_name"": ""백석동""}]"
42,42,0.5361731809504672,6.036187032550563e-05,5.599677419354838,10.902599954384401,16.50227737373924,6.034316313600623,12.728466141541084,18.762782455141704,11.18,29.62,"[52, 40, 13]","[{""policy"": ""hospital_upgrade"", ""target_id"": ""JDQ4MTYyMiM2MSMkMSMkMiMkOTkkMzgxMzUxIzIxIyQxIyQxIyQxMyQyNjEyMjIjNzEjJDEjJDgjJDgz"", ""target_name"": ""SG삼성조은병원"", ""target_region_id"": null, ""target_region_name"": null}, {""policy"": ""hospital_upgrade"", ""target_id"": ""JDQ4MTYyMiM2MSMkMSMkMiMkOTkkMzgxMzUxIzIxIyQxIyQ1IyQ4OSQyNjE4MzIjNTEjJDEjJDYjJDgz"", ""target_name"": ""아이본병원"", ""target_region_id"": null, ""target_region_name"": null}, {""policy"": ""ambulance_existing"", ""target_id"": ""EMS014"", ""target_name"": ""쌍용119안전센터"", ""target_region_id"": ""REG026"", ""target_region_name"": ""쌍용2동""}]"
43,42,0.5784078418100126,6.036187032550563e-05,5.599677419354838,10.827993020562264,16.4276704399171,6.034316313600623,12.686231480681538,18.720547794282158,11.18,29.62,"[13, 42, 37]","[{""policy"": ""ambulance_existing"", ""target_id"": ""EMS014"", ""target_name"": ""쌍용119안전센터"", ""target_region_id"": ""REG026"", ""target_region_name"": ""쌍용2동""}, {""policy"": ""hospital_upgrade"", ""target_id"": ""JDQ4MTYyMiM2MSMkMSMkMiMkOTkkMzgxMzUxIzIxIyQxIyQ1IyQ5OSQzNjEyMjIjNjEjJDEjJDQjJDgz"", ""target_name"": ""천안다나힐병원"", ""target_region_id"": null, ""target_region_name"": null}, {""policy"": ""hospital_upgrade"", ""target_id"": ""JDQ4MTYyMiM2MSMkMSMkMiMkOTkkMzgxMzUxIzIxIyQxIyQ1IyQ3OSQyNjE0ODEjNDEjJDEjJDgjJDgz"", ""target_name"": ""마디손병원"", ""target_region_id"": null, ""target_region_name"": null}]"
44,42,0.0620874616513529,0.0620874616513529,5.599677419354838,11.594193548387098,17.193870967741937,6.034316313600623,13.264578960621222,19.298895274221845,11.18,29.62,"[14, 5, 4]","[{""policy"": ""ambulance_existing"", ""target_id"": ""EMS015"", ""target_name"": ""입장119안전센터"", ""target_region_id"": ""REG028"", ""target_region_name"": ""입장면""}, {""policy"": ""ambulance_existing"", ""target_id"": ""EMS006"", ""target_name"": ""청당119안전센터"", ""target_region_id"": ""REG009"", ""target_region_name"": ""청룡동""}, {""policy"": ""ambulance_existing"", ""target_id"": ""EMS005"", ""target_name"": ""성남지역대"", ""target_region_id"": ""REG014"", ""target_region_name"": ""성남면""}]"
45,42,1.188331491641796,0.0306886569409906,5.249677419354838,10.856635269370763,16.1063126887256,5.442251364611085,12.699001074909956,18.14125243952104,11.18,29.62,"[38, 24, 6]","[{""policy"": ""hospital_upgrade"", ""target_id"": ""JDQ4MTYyMiM2MSMkMSMkMiMkOTkkMzgxMzUxIzIxIyQxIyQ1IyQ3OSQzNjE4MzIjODEjJDEjJDYjJDgz"", ""target_name"": ""앙즈로여성병원"", ""target_region_id"": null, ""target_region_name"": null}, {""policy"": ""ambulance_new_base"", ""target_id"": ""REG011"", ""target_name"": ""동면"", ""target_region_id"": ""REG011"", ""target_region_name"": ""동면""}, {""policy"": ""ambulance_existing"", ""target_id"": ""EMS007"", ""target_name"": ""풍세119안전센터"", ""target_region_id"": ""REG016"", ""target_region_name"": ""풍세면""}]"
46,42,0.27454668303374086,0.0343390146912308,5.260793486616837,11.519141813354748,16.779935299971587,5.843096022653826,13.215591583225512,19.058687605879335,11.18,29.62,"[31, 15, 42]","[{""policy"": ""ambulance_new_base"", ""target_id"": ""REG027"", ""target_name"": ""쌍용3동"", ""target_region_id"": ""REG027"", ""target_region_name"": ""쌍용3동""}, {""policy"": ""ambulance_existing"", ""target_id"": ""EMS016"", ""target_name"": ""직산119안전센터"", ""target_region_id"": ""REG031"", ""target_region_name"": ""직산읍""}, {""policy"": ""hospital_upgrade"", ""target_id"": ""JDQ4MTYyMiM2MSMkMSMkMiMkOTkkMzgxMzUxIzIxIyQxIyQ1IyQ5OSQzNjEyMjIjNjEjJDEjJDQjJDgz"", ""target_name"": ""천안다나힐병원"", ""target_region_id"": null, ""target_region_name"": null}]"
47,42,0.8922806588960178,0.016448237385324,5.249677419354838,11.138559464269987,16.388236883624828,5.442251364611085,12.980811488100068,18.42306285271115,11.18,29.62,"[45, 24, 1]","[{""policy"": ""hospital_upgrade"", ""target_id"": ""JDQ4MTYyMiM2MSMkMSMkMiMkOTkkMzgxMzUxIzIxIyQxIyQxIyQ3MiQzNjE4MzIjODEjJDEjJDYjJDgz"", ""target_name"": ""삼성스카이병원"", ""target_region_id"": null, ""target_region_name"": null}, {""policy"": ""ambulance_new_base"", ""target_id"": ""REG011"", ""target_name"": ""동면"", ""target_region_id"": ""REG011"", ""target_region_name"": ""동면""}, {""policy"": ""ambulance_existing"", ""target_id"": ""EMS002"", ""target_name"": ""독립119안전센터"", ""target_region_id"": ""REG017"", ""target_region_name"": ""목천읍""}]"
48,42,1.1706850789469243,0.0,5.398709677419355,10.466662057490199,15.865371734909552,5.74164618396257,12.386564011312354,18.12821019527492,11.18,29.62,"[23, 35, 37]","[{""policy"": ""ambulance_new_base"", ""target_id"": ""REG010"", ""target_name"": ""광덕면"", ""target_region_id"": ""REG010"", ""target_region_name"": ""광덕면""}, {""policy"": ""hospital_upgrade"", ""target_id"": ""JDQ4MTYyMiM2MSMkMSMkMiMkOTkkMzgxMzUxIzIxIyQxIyQ1IyQ2MiQ0NjE0ODEjNjEjJDEjJDgjJDgz"", ""target_name"": ""천안해울병원"", ""target_region_id"": null, ""target_region_name"": null}, {""policy"": ""hospital_upgrade"", ""target_id"": ""JDQ4MTYyMiM2MSMkMSMkMiMkOTkkMzgxMzUxIzIxIyQxIyQ1IyQ3OSQyNjE0ODEjNDEjJDEjJDgjJDgz"", ""target_name"": ""마디손병원"", ""target_region_id"": null, ""target_region_name"": null}]"
49,42,0.2789780128979843,0.0717229011575221,5.265170274394114,11.594193548387098,16.859363822781212,5.8270612018601655,13.264578960621222,19.091640162481383,11.18,29.62,"[7, 5, 30]","[{""policy"": ""ambulance_existing"", ""target_id"": ""EMS008"", ""target_name"": ""119구조구급센터119안전센터"", ""target_region_id"": ""REG031"", ""target_region_name"": ""직산읍""}, {""policy"": ""ambulance_existing"", ""target_id"": ""EMS006"", ""target_name"": ""청당119안전센터"", ""target_region_id"": ""REG009"", ""target_region_name"": ""청룡동""}, {""policy"": ""ambulance_new_base"", ""target_id"": ""REG025"", ""target_name"": ""쌍용1동"", ""target_region_id"": ""REG025"", ""target_region_name"": ""쌍용1동""}]"
50,42,0.9978852550346948,0.0042478320188186,5.232801978072861,10.914895644369402,16.147697622442266,5.567406178782148,12.73785167242382,18.30525785120597,11.18,29.62,"[40, 4, 22]","[{""policy"": ""hospital_upgrade"", ""target_id"": ""JDQ4MTYyMiM2MSMkMSMkMiMkOTkkMzgxMzUxIzIxIyQxIyQ1IyQ4OSQyNjE4MzIjNTEjJDEjJDYjJDgz"", ""target_name"": ""아이본병원"", ""target_region_id"": null, ""target_region_name"": null}, {""policy"": ""ambulance_existing"", ""target_id"": ""EMS005"", ""target_name"": ""성남지역대"", ""target_region_id"": ""REG014"", ""target_region_name"": ""성남면""}, {""policy"": ""ambulance_new_base"", ""target_id"": ""REG008"", ""target_name"": ""중앙동"", ""target_region_id"": ""REG008"", ""target_region_name"": ""중앙동""}]"
51,42,0.17004735146501343,0.0684023603229647,5.443235834934136,11.594193548387098,17.037429383321232,5.932671322458575,13.264578960621222,19.197250283079796,11.18,29.62,"[10, 26, 9]","[{""policy"": ""ambulance_existing"", ""target_id"": ""EMS011"", ""target_name"": ""서부119안전센터"", ""target_region_id"": ""REG023"", ""target_region_name"": ""성정1동""}, {""policy"": ""ambulance_new_base"", ""target_id"": ""REG018"", ""target_name"": ""백석동"", ""target_region_id"": ""REG018"", ""target_region_name"": ""백석동""}, {""policy"": ""ambulance_existing"", ""target_id"": ""EMS010"", ""target_name"": ""불당119안전센터"", ""target_region_id"": ""REG022"", ""target_region_name"": ""불당2동""}]"
52,42,0.4621859511306824,0.0717229011575221,5.599677419354838,11.093193138623256,16.692870557978093,6.034316313600623,12.874115910648063,18.908432224248685,11.18,29.62,"[5, 35, 7]","[{""policy"": ""ambulance_existing"", ""target_id"": ""EMS006"", ""target_name"": ""청당119안전센터"", ""target_region_id"": ""REG009"", ""target_region_name"": ""청룡동""}, {""policy"": ""hospital_upgrade"", ""target_id"": ""JDQ4MTYyMiM2MSMkMSMkMiMkOTkkMzgxMzUxIzIxIyQxIyQ1IyQ2MiQ0NjE0ODEjNjEjJDEjJDgjJDgz"", ""target_name"": ""천안해울병원"", ""target_region_id"": null, ""target_region_name"": null}, {""policy"": ""ambulance_existing"", ""target_id"": ""EMS008"", ""target_name"": ""119구조구급센터119안전센터"", ""target_region_id"": ""REG031"", ""target_region_name"": ""직산읍""}]"
53,42,0.96381574622953,0.0461916173658476,5.30471554719749,10.92879511789891,16.233510665096397,5.64393497465041,12.737336170707753,18.381271145358163,11.18,29.62,"[41, 9, 16]","[{""policy"": ""hospital_upgrade"", ""target_id"": ""JDQ4MTYyMiM2MSMkMSMkMiMkOTkkMzgxMzUxIzIxIyQxIyQ1IyQ4OSQyNjEyMjIjNjEjJDEjJDQjJDgz"", ""target_name"": ""서울프라임병원"", ""target_region_id"": null, ""target_region_name"": null}, {""policy"": ""ambulance_existing"", ""target_id"": ""EMS010"", ""target_name"": ""불당119안전센터"", ""target_region_id"": ""REG022"", ""target_region_name"": ""불당2동""}, {""policy"": ""ambulance_new_base"", ""target_id"": ""REG001"", ""target_name"": ""문성동"", ""target_region_id"": ""REG001"", ""target_region_name"": ""문성동""}]"
54,42,0.5662485892243794,0.0,4.887428338910244,11.594193548387098,16.48162188729734,5.468067724376248,13.264578960621222,18.732646684997466,11.18,29.62,"[30, 18, 23]","[{""policy"": ""ambulance_new_base"", ""target_id"": ""REG025"", ""target_name"": ""쌍용1동"", ""target_region_id"": ""REG025"", ""target_region_name"": ""쌍용1동""}, {""policy"": ""ambulance_new_base"", ""target_id"": ""REG003"", ""target_name"": ""신방동"", ""target_region_id"": ""REG003"", ""target_region_name"": ""신방동""}, {""policy"": ""ambulance_new_base"", ""target_id"": ""REG010"", ""target_name"": ""광덕면"", ""target_region_id"": ""REG010"", ""target_region_name"": ""광덕면""}]"
55,42,0.050975488313036,0.050975488313036,5.599677419354838,11.594193548387098,17.193870967741937,6.034316313600623,13.264578960621222,19.298895274221845,11.18,29.62,"[1, 15, 8]","[{""policy"": ""ambulance_existing"", ""target_id"": ""EMS002"", ""target_name"": ""독립119안전센터"", ""target_region_id"": ""REG017"", ""target_region_name"": ""목천읍""}, {""policy"": ""ambulance_existing"", ""target_id"": ""EMS016"", ""target_name"": ""직산119안전센터"", ""target_region_id"": ""REG031"", ""target_region_name"": ""직산읍""}, {""policy"": ""ambulance_existing"", ""target_id"": ""EMS009"", ""target_name"": ""두정119안전센터"", ""target_region_id"": ""REG024"", ""target_region_name"": ""성정2동""}]"
56,42,1.2372306030763944,0.0,4.889032258064515,11.519141813354748,16.40817407141926,4.846073087919942,13.215591583225512,18.06166467114545,10.12,29.62,"[24, 42, 25]","[{""policy"": ""ambulance_new_base"", ""target_id"": ""REG011"", ""target_name"": ""동면"", ""target_region_id"": ""REG011"", ""target_region_name"": ""동면""}, {""policy"": ""hospital_upgrade"", ""target_id"": ""JDQ4MTYyMiM2MSMkMSMkMiMkOTkkMzgxMzUxIzIxIyQxIyQ1IyQ5OSQzNjEyMjIjNjEjJDEjJDQjJDgz"", ""target_name"": ""천안다나힐병원"", ""target_region_id"": null, ""target_region_name"": null}, {""policy"": ""ambulance_new_base"", ""target_id"": ""REG015"", ""target_name"": ""수신면"", ""target_region_id"": ""REG015"", ""target_region_name"": ""수신면""}]"
57,42,0.9522856448353508,0.0083272476232864,5.239032258064516,11.055870298914312,16.29490255697883,5.438138036909479,12.916798840100302,18.35493687700978,10.85,29.62,"[36, 14, 25]","[{""policy"": ""hospital_upgrade"", ""target_id"": ""JDQ4MTYyMiM2MSMkMSMkMiMkOTkkMzgxMzUxIzIxIyQxIyQ1IyQ2MiQzNjE4MzIjODEjJDEjJDIjJDgz"", ""target_name"": ""돋움병원"", ""target_region_id"": null, ""target_region_name"": null}, {""policy"": ""ambulance_existing"", ""target_id"": ""EMS015"", ""target_name"": ""입장119안전센터"", ""target_region_id"": ""REG028"", ""target_region_name"": ""입장면""}, {""policy"": ""ambulance_new_base"", ""target_id"": ""REG015"", ""target_name"": ""수신면"", ""target_region_id"": ""REG015"", ""target_region_name"": ""수신면""}]"
58,42,0.6059340416361666,0.0001882362364812,5.265170274394114,10.998184134035316,16.263354408429432,5.8270612018601655,12.866088266961999,18.69314946882216,11.18,29.62,"[30, 48, 8]","[{""policy"": ""ambulance_new_base"", ""target_id"": ""REG025"", ""target_name"": ""쌍용1동"", ""target_region_id"": ""REG025"", ""target_region_name"": ""쌍용1동""}, {""policy"": ""hospital_upgrade"", ""target_id"": ""JDQ4MTYyMiM2MSMkMSMkMiMkOTkkMzgxMzUxIzIxIyQxIyQxIyQ5MiQyNjE4MzIjNDEjJDEjJDgjJDgz"", ""target_name"": ""혜성산부인과병원"", ""target_region_id"": null, ""target_region_name"": null}, {""policy"": ""ambulance_existing"", ""target_id"": ""EMS009"", ""target_name"": ""두정119안전센터"", ""target_region_id"": ""REG024"", ""target_region_name"": ""성정2동""}]"
59,42,0.7056310779003582,0.0083272476232864,5.599677419354838,10.697312181131657,16.296989600486498,6.034316313600623,12.567275130344152,18.601591443944773,11.18,29.62,"[51, 14, 41]","[{""policy"": ""hospital_upgrade"", ""target_id"": ""JDQ4MTYyMiM2MSMkMSMkMiMkOTkkMzgxMzUxIzIxIyQxIyQxIyQwMyQyNjE4MzIjODEjJDEjJDIjJDgz"", ""target_name"": ""서울대정병원"", ""target_region_id"": null, ""target_region_name"": null}, {""policy"": ""ambulance_existing"", ""target_id"": ""EMS015"", ""target_name"": ""입장119안전센터"", ""target_region_id"": ""REG028"", ""target_region_name"": ""입장면""}, {""policy"": ""hospital_upgrade"", ""target_id"": ""JDQ4MTYyMiM2MSMkMSMkMiMkOTkkMzgxMzUxIzIxIyQxIyQ1IyQ4OSQyNjEyMjIjNjEjJDEjJDQjJDgz"", ""target_name"": ""서울프라임병원"", ""target_region_id"": null, ""target_region_name"": null}]"
60,42,0.7893387409596535,0.0,5.094516129032257,11.138559464269987,16.233075593302246,5.528745045162128,12.980811488100068,18.50955653326219,11.18,29.62,"[45, 23, 27]","[{""policy"": ""hospital_upgrade"", ""target_id"": ""JDQ4MTYyMiM2MSMkMSMkMiMkOTkkMzgxMzUxIzIxIyQxIyQxIyQ3MiQzNjE4MzIjODEjJDEjJDYjJDgz"", ""target_name"": ""삼성스카이병원"", ""target_region_id"": null, ""target_region_name"": null}, {""policy"": ""ambulance_new_base"", ""target_id"": ""REG010"", ""target_name"": ""광덕면"", ""target_region_id"": ""REG010"", ""target_region_name"": ""광덕면""}, {""policy"": ""ambulance_new_base"", ""target_id"": ""REG019"", ""target_name"": ""부성1동"", ""target_region_id"": ""REG019"", ""target_region_name"": ""부성1동""}]"
61,42,0.6259379098017067,0.0013755227968207,5.422903225806452,10.860143321295778,16.283046547102227,5.967992965754759,12.706339921462204,18.67433288721696,11.18,29.62,"[18, 43, 0]","[{""policy"": ""ambulance_new_base"", ""target_id"": ""REG003"", ""target_name"": ""신방동"", ""target_region_id"": ""REG003"", ""target_region_name"": ""신방동""}, {""policy"": ""hospital_upgrade"", ""target_id"": ""JDQ4MTYyMiM2MSMkMSMkMiMkOTkkMzgxMzUxIzIxIyQxIyQxIyQ2MiQ0NjE0ODEjNDEjJDEjJDQjJDgz"", ""target_name"": ""연세나무병원"", ""target_region_id"": null, ""target_region_name"": null}, {""policy"": ""ambulance_existing"", ""target_id"": ""EMS001"", ""target_name"": ""119구조구급센터119안전센터"", ""target_region_id"": ""REG006"", ""target_region_name"": ""원성2동""}]"
62,42,0.5861079209158258,0.0222105191482742,5.047737841017175,11.594193548387098,16.64193138940427,5.470418911833075,13.264578960621222,18.734997872454294,11.18,29.62,"[16, 29, 7]","[{""policy"": ""ambulance_new_base"", ""target_id"": ""REG001"", ""target_name"": ""문성동"", ""target_region_id"": ""REG001"", ""target_region_name"": ""문성동""}, {""policy"": ""ambulance_new_base"", ""target_id"": ""REG021"", ""target_name"": ""불당1동"", ""target_region_id"": ""REG021"", ""target_region_name"": ""불당1동""}, {""policy"": ""ambulance_existing"", ""target_id"": ""EMS008"", ""target_name"": ""119구조구급센터119안전센터"", ""target_region_id"": ""REG031"", ""target_region_name"": ""직산읍""}]"
63,42,0.7079342394399171,0.0306886569409906,5.599677419354838,10.801329881249666,16.401007300604505,6.034316313600623,12.587333378122295,18.62164969172292,11.18,29.62,"[35, 6, 34]","[{""policy"": ""hospital_upgrade"", ""target_id"": ""JDQ4MTYyMiM2MSMkMSMkMiMkOTkkMzgxMzUxIzIxIyQxIyQ1IyQ2MiQ0NjE0ODEjNjEjJDEjJDgjJDgz"", ""target_name"": ""천안해울병원"", ""target_region_id"": null, ""target_region_name"": null}, {""policy"": ""ambulance_existing"", ""target_id"": ""EMS007"", ""target_name"": ""풍세119안전센터"", ""target_region_id"": ""REG016"", ""target_region_name"": ""풍세면""}, {""policy"": ""hospital_upgrade"", ""target_id"": ""JDQ4MTYyMiM2MSMkMSMkMiMkOTkkMzgxMzUxIzExIyQyIyQ3IyQwMCQ0NjE0ODEjNjEjJDEjJDgjJDgz"", ""target_name"": ""천안우리병원"", ""target_region_id"": null, ""target_region_name"": null}]"
64,42,0.972492910869942,0.0,5.599677419354838,10.417023390557885,16.016700809912724,6.034316313600623,12.292086049751285,18.326402363351903,11.18,29.62,"[34, 38, 39]","[{""policy"": ""hospital_upgrade"", ""target_id"": ""JDQ4MTYyMiM2MSMkMSMkMiMkOTkkMzgxMzUxIzExIyQyIyQ3IyQwMCQ0NjE0ODEjNjEjJDEjJDgjJDgz"", ""target_name"": ""천안우리병원"", ""target_region_id"": null, ""target_region_name"": null}, {""policy"": ""hospital_upgrade"", ""target_id"": ""JDQ4MTYyMiM2MSMkMSMkMiMkOTkkMzgxMzUxIzIxIyQxIyQ1IyQ3OSQzNjE4MzIjODEjJDEjJDYjJDgz"", ""target_name"": ""앙즈로여성병원"", ""target_region_id"": null, ""target_region_name"": null}, {""policy"": ""hospital_upgrade"", ""target_id"": ""JDQ4MTYyMiM2MSMkMSMkMiMkOTkkMzgxMzUxIzIxIyQxIyQ1IyQ4OSQ0NjEwMDIjNTEjJDEjJDIjJDgz"", ""target_name"": ""천안리턴병원"", ""target_region_id"": null, ""target_region_name"": null}]"
65,42,0.7137910436029072,0.0495123820092479,5.30471554719749,11.098534409726106,16.403249956923595,5.64393497465041,12.990681637977776,18.634616612628186,11.18,29.62,"[16, 5, 33]","[{""policy"": ""ambulance_new_base"", ""target_id"": ""REG001"", ""target_name"": ""문성동"", ""target_region_id"": ""REG001"", ""target_region_name"": ""문성동""}, {""policy"": ""ambulance_existing"", ""target_id"": ""EMS006"", ""target_name"": ""청당119안전센터"", ""target_region_id"": ""REG009"", ""target_region_name"": ""청룡동""}, {""policy"": ""hospital_upgrade"", ""target_id"": ""JDQ4MTYyMiM2MSMkMSMkMiMkOTkkMzgxMzUxIzExIyQxIyQ3IyQ5OSQ0NjE0ODEjODEjJDEjJDYjJDgz"", ""target_name"": ""예일병원"", ""target_region_id"": null, ""target_region_name"": null}]"
66,42,0.08029484929926349,0.08029484929926349,5.599677419354838,11.594193548387098,17.193870967741937,6.034316313600623,13.264578960621222,19.298895274221845,11.18,29.62,"[2, 12, 11]","[{""policy"": ""ambulance_existing"", ""target_id"": ""EMS003"", ""target_name"": ""병천119안전센터"", ""target_region_id"": ""REG012"", ""target_region_name"": ""병천면""}, {""policy"": ""ambulance_existing"", ""target_id"": ""EMS013"", ""target_name"": ""성환119안전센터"", ""target_region_id"": ""REG030"", ""target_region_name"": ""성환읍""}, {""policy"": ""ambulance_existing"", ""target_id"": ""EMS012"", ""target_name"": ""성거119안전센터"", ""target_region_id"": ""REG029"", ""target_region_name"": ""성거읍""}]"
67,42,0.8740594500995265,0.0,4.811243065841316,11.594193548387098,16.40543661422841,5.160256863501098,13.264578960621222,18.42483582412232,11.18,29.62,"[19, 28, 16]","[{""policy"": ""ambulance_new_base"", ""target_id"": ""REG004"", ""target_name"": ""신안동"", ""target_region_id"": ""REG004"", ""target_region_name"": ""신안동""}, {""policy"": ""ambulance_new_base"", ""target_id"": ""REG020"", ""target_name"": ""부성2동"", ""target_region_id"": ""REG020"", ""target_region_name"": ""부성2동""}, {""policy"": ""ambulance_new_base"", ""target_id"": ""REG001"", ""target_name"": ""문성동"", ""target_region_id"": ""REG001"", ""target_region_name"": ""문성동""}]"
68,42,0.8676551249322486,0.0,5.284148661359985,10.77319533367163,16.057343995031616,5.784166068643291,12.64707408064631,18.431240149289597,11.18,29.62,"[17, 51, 42]","[{""policy"": ""ambulance_new_base"", ""target_id"": ""REG002"", ""target_name"": ""봉명동"", ""target_region_id"": ""REG002"", ""target_region_name"": ""봉명동""}, {""policy"": ""hospital_upgrade"", ""target_id"": ""JDQ4MTYyMiM2MSMkMSMkMiMkOTkkMzgxMzUxIzIxIyQxIyQxIyQwMyQyNjE4MzIjODEjJDEjJDIjJDgz"", ""target_name"": ""서울대정병원"", ""target_region_id"": null, ""target_region_name"": null}, {""policy"": ""hospital_upgrade"", ""target_id"": ""JDQ4MTYyMiM2MSMkMSMkMiMkOTkkMzgxMzUxIzIxIyQxIyQ1IyQ5OSQzNjEyMjIjNjEjJDEjJDQjJDgz"", ""target_name"": ""천안다나힐병원"", ""target_region_id"": null, ""target_region_name"": null}]"
69,42,0.3408645608923033,0.0343390146912308,5.599677419354838,11.038131689252515,16.637809108607357,6.034316313600623,12.958053414420151,18.992369728020773,11.18,29.62,"[33, 53, 15]","[{""policy"": ""hospital_upgrade"", ""target_id"": ""JDQ4MTYyMiM2MSMkMSMkMiMkOTkkMzgxMzUxIzExIyQxIyQ3IyQ5OSQ0NjE0ODEjODEjJDEjJDYjJDgz"", ""target_name"": ""예일병원"", ""target_region_id"": null, ""target_region_name"": null}, {""policy"": ""hospital_upgrade"", ""target_id"": ""JDQ4MTYyMiM2MSMkMSMkMiMkOTkkMzgxMzUxIzIxIyQyIyQ1IyQwMCQyNjEwMDIjNDEjJDEjJDgjJDgz"", ""target_name"": ""이화병원"", ""target_region_id"": null, ""target_region_name"": null}, {""policy"": ""ambulance_existing"", ""target_id"": ""EMS016"", ""target_name"": ""직산119안전센터"", ""target_region_id"": ""REG031"", ""target_region_name"": ""직산읍""}]"
70,42,0.8687537356866603,6.036187032550563e-05,5.599677419354838,10.5232482152016,16.122925634556438,6.034316313600623,12.395885586804884,18.43020190040551,11.18,29.62,"[52, 50, 13]","[{""policy"": ""hospital_upgrade"", ""target_id"": ""JDQ4MTYyMiM2MSMkMSMkMiMkOTkkMzgxMzUxIzIxIyQxIyQxIyQxMyQyNjEyMjIjNzEjJDEjJDgjJDgz"", ""target_name"": ""SG삼성조은병원"", ""target_region_id"": null, ""target_region_name"": null}, {""policy"": ""hospital_upgrade"", ""target_id"": ""JDQ4MTYyMiM2MSMkMSMkMiMkOTkkMzgxMzUxIzIxIyQxIyQxIyQwMyQyNjE0ODEjNTEjJDEjJDYjJDgz"", ""target_name"": ""천안21세기병원"", ""target_region_id"": null, ""target_region_name"": null}, {""policy"": ""ambulance_existing"", ""target_id"": ""EMS014"", ""target_name"": ""쌍용119안전센터"", ""target_region_id"": ""REG026"", ""target_region_name"": ""쌍용2동""}]"
71,42,0.6381295286544901,0.0348470509038332,5.000521998810393,11.594193548387098,16.594715547197488,5.431033835849968,13.264578960621222,18.69561279647119,11.18,29.62,"[27, 16, 2]","[{""policy"": ""ambulance_new_base"", ""target_id"": ""REG019"", ""target_name"": ""부성1동"", ""target_region_id"": ""REG019"", ""target_region_name"": ""부성1동""}, {""policy"": ""ambulance_new_base"", ""target_id"": ""REG001"", ""target_name"": ""문성동"", ""target_region_id"": ""REG001"", ""target_region_name"": ""문성동""}, {""policy"": ""ambulance_existing"", ""target_id"": ""EMS003"", ""target_name"": ""병천119안전센터"", ""target_region_id"": ""REG012"", ""target_region_name"": ""병천면""}]"
72,42,0.7901407237100799,0.0001882362364812,5.599677419354838,10.510417862250454,16.110095281605293,6.034316313600623,12.474626473147627,18.508942786748246,11.18,29.62,"[48, 8, 51]","[{""policy"": ""hospital_upgrade"", ""target_id"": ""JDQ4MTYyMiM2MSMkMSMkMiMkOTkkMzgxMzUxIzIxIyQxIyQxIyQ5MiQyNjE4MzIjNDEjJDEjJDgjJDgz"", ""target_name"": ""혜성산부인과병원"", ""target_region_id"": null, ""target_region_name"": null}, {""policy"": ""ambulance_existing"", ""target_id"": ""EMS009"", ""target_name"": ""두정119안전센터"", ""target_region_id"": ""REG024"", ""target_region_name"": ""성정2동""}, {""policy"": ""hospital_upgrade"", ""target_id"": ""JDQ4MTYyMiM2MSMkMSMkMiMkOTkkMzgxMzUxIzIxIyQxIyQxIyQwMyQyNjE4MzIjODEjJDEjJDIjJDgz"", ""target_name"": ""서울대정병원"", ""target_region_id"": null, ""target_region_name"": null}]"
73,42,0.8057238536264171,0.0356736742774606,5.599677419354838,10.60536420753922,16.205041626894058,6.034316313600623,12.494528781272265,18.52884509487289,11.18,29.62,"[47, 43, 12]","[{""policy"": ""hospital_upgrade"", ""target_id"": ""JDQ4MTYyMiM2MSMkMSMkMiMkOTkkMzgxMzUxIzIxIyQxIyQxIyQ4OSQ0NjE0ODEjODEjJDEjJDIjJDgz"", ""target_name"": ""서울우리병원"", ""target_region_id"": null, ""target_region_name"": null}, {""policy"": ""hospital_upgrade"", ""target_id"": ""JDQ4MTYyMiM2MSMkMSMkMiMkOTkkMzgxMzUxIzIxIyQxIyQxIyQ2MiQ0NjE0ODEjNDEjJDEjJDQjJDgz"", ""target_name"": ""연세나무병원"", ""target_region_id"": null, ""target_region_name"": null}, {""policy"": ""ambulance_existing"", ""target_id"": ""EMS013"", ""target_name"": ""성환119안전센터"", ""target_region_id"": ""REG030"", ""target_region_name"": ""성환읍""}]"
74,42,0.9438601850889192,0.0,4.777707076939283,11.594193548387098,16.371900625326383,5.090456128511706,13.264578960621222,18.355035089132926,11.18,29.62,"[17, 24, 26]","[{""policy"": ""ambulance_new_base"", ""target_id"": ""REG002"", ""target_name"": ""봉명동"", ""target_region_id"": ""REG002"", ""target_region_name"": ""봉명동""}, {""policy"": ""ambulance_new_base"", ""target_id"": ""REG011"", ""target_name"": ""동면"", ""target_region_id"": ""REG011"", ""target_region_name"": ""동면""}, {""policy"": ""ambulance_new_base"", ""target_id"": ""REG018"", ""target_name"": ""백석동"", ""target_region_id"": ""REG018"", ""target_region_name"": ""백석동""}]"
75,42,1.0107003568078348,0.0,4.989192105909896,11.093193138623256,16.08238524453315,5.414079006765945,12.874115910648063,18.28819491741401,11.18,29.62,"[17, 22, 35]","[{""policy"": ""ambulance_new_base"", ""target_id"": ""REG002"", ""target_name"": ""봉명동"", ""target_region_id"": ""REG002"", ""target_region_name"": ""봉명동""}, {""policy"": ""ambulance_new_base"", ""target_id"": ""REG008"", ""target_name"": ""중앙동"", ""target_region_id"": ""REG008"", ""target_region_name"": ""중앙동""}, {""policy"": ""hospital_upgrade"", ""target_id"": ""JDQ4MTYyMiM2MSMkMSMkMiMkOTkkMzgxMzUxIzIxIyQxIyQ1IyQ2MiQ0NjE0ODEjNjEjJDEjJDgjJDgz"", ""target_name"": ""천안해울병원"", ""target_region_id"": null, ""target_region_name"": null}]"
76,42,0.5557094670292271,0.0042478320188186,5.599677419354838,10.889972651521795,16.489650070876635,6.034316313600623,12.713117325610817,18.747433639211437,11.18,29.62,"[40, 4, 39]","[{""policy"": ""hospital_upgrade"", ""target_id"": ""JDQ4MTYyMiM2MSMkMSMkMiMkOTkkMzgxMzUxIzIxIyQxIyQ1IyQ4OSQyNjE4MzIjNTEjJDEjJDYjJDgz"", ""target_name"": ""아이본병원"", ""target_region_id"": null, ""target_region_name"": null}, {""policy"": ""ambulance_existing"", ""target_id"": ""EMS005"", ""target_name"": ""성남지역대"", ""target_region_id"": ""REG014"", ""target_region_name"": ""성남면""}, {""policy"": ""hospital_upgrade"", ""target_id"": ""JDQ4MTYyMiM2MSMkMSMkMiMkOTkkMzgxMzUxIzIxIyQxIyQ1IyQ4OSQ0NjEwMDIjNTEjJDEjJDIjJDgz"", ""target_name"": ""천안리턴병원"", ""target_region_id"": null, ""target_region_name"": null}]"
77,42,0.8121324047212045,0.0013755227968207,5.599677419354838,10.518238121507107,16.117915540861944,6.034316313600623,12.45382207869684,18.48813839229746,11.18,29.62,"[49, 51, 0]","[{""policy"": ""hospital_upgrade"", ""target_id"": ""JDQ4MTYyMiM2MSMkMSMkMiMkOTkkMzgxMzUxIzIxIyQxIyQxIyQ5MiQyNjEwMDIjNjEjJDEjJDAjJDgz"", ""target_name"": ""두정이진병원"", ""target_region_id"": null, ""target_region_name"": null}, {""policy"": ""hospital_upgrade"", ""target_id"": ""JDQ4MTYyMiM2MSMkMSMkMiMkOTkkMzgxMzUxIzIxIyQxIyQxIyQwMyQyNjE4MzIjODEjJDEjJDIjJDgz"", ""target_name"": ""서울대정병원"", ""target_region_id"": null, ""target_region_name"": null}, {""policy"": ""ambulance_existing"", ""target_id"": ""EMS001"", ""target_name"": ""119구조구급센터119안전센터"", ""target_region_id"": ""REG006"", ""target_region_name"": ""원성2동""}]"
78,42,0.4006253260130669,0.0352778770352521,5.599677419354838,11.013231528881516,16.612908948236356,6.034316313600623,12.899231511643416,18.93354782524403,11.18,29.62,"[3, 6, 44]","[{""policy"": ""ambulance_existing"", ""target_id"": ""EMS004"", ""target_name"": ""북면지역대"", ""target_region_id"": ""REG013"", ""target_region_name"": ""북면""}, {""policy"": ""ambulance_existing"", ""target_id"": ""EMS007"", ""target_name"": ""풍세119안전센터"", ""target_region_id"": ""REG016"", ""target_region_name"": ""풍세면""}, {""policy"": ""hospital_upgrade"", ""target_id"": ""JDQ4MTYyMiM2MSMkMSMkMiMkOTkkMzgxMzUxIzIxIyQxIyQxIyQ3MiQyNjE0ODEjNDEjJDEjJDgjJDgz"", ""target_name"": ""천안재활병원"", ""target_region_id"": null, ""target_region_name"": null}]"
79,42,0.8075942399021212,0.0461916173658476,5.3432258064516125,10.856635269370763,16.199861075822373,5.838491576775618,12.699001074909956,18.53749265168557,11.18,29.62,"[38, 19, 9]","[{""policy"": ""hospital_upgrade"", ""target_id"": ""JDQ4MTYyMiM2MSMkMSMkMiMkOTkkMzgxMzUxIzIxIyQxIyQ1IyQ3OSQzNjE4MzIjODEjJDEjJDYjJDgz"", ""target_name"": ""앙즈로여성병원"", ""target_region_id"": null, ""target_region_name"": null}, {""policy"": ""ambulance_new_base"", ""target_id"": ""REG004"", ""target_name"": ""신안동"", ""target_region_id"": ""REG004"", ""target_region_name"": ""신안동""}, {""policy"": ""ambulance_existing"", ""target_id"": ""EMS010"", ""target_name"": ""불당119안전센터"", ""target_region_id"": ""REG022"", ""target_region_name"": ""불당2동""}]"
80,42,0.34082526638210947,0.0570577938609503,5.599677419354838,11.138559464269987,16.73823688362483,6.034316313600623,12.980811488100068,19.015127801700686,11.18,29.62,"[2, 10, 45]","[{""policy"": ""ambulance_existing"", ""target_id"": ""EMS003"", ""target_name"": ""병천119안전센터"", ""target_region_id"": ""REG012"", ""target_region_name"": ""병천면""}, {""policy"": ""ambulance_existing"", ""target_id"": ""EMS011"", ""target_name"": ""서부119안전센터"", ""target_region_id"": ""REG023"", ""target_region_name"": ""성정1동""}, {""policy"": ""hospital_upgrade"", ""target_id"": ""JDQ4MTYyMiM2MSMkMSMkMiMkOTkkMzgxMzUxIzIxIyQxIyQxIyQ3MiQzNjE4MzIjODEjJDEjJDYjJDgz"", ""target_name"": ""삼성스카이병원"", ""target_region_id"": null, ""target_region_name"": null}]"
81,42,0.9474540752344041,0.0,5.284148661359985,10.697312181131657,15.981460842491645,5.784166068643291,12.567275130344152,18.35144119898744,11.18,29.62,"[41, 51, 17]","[{""policy"": ""hospital_upgrade"", ""target_id"": ""JDQ4MTYyMiM2MSMkMSMkMiMkOTkkMzgxMzUxIzIxIyQxIyQ1IyQ4OSQyNjEyMjIjNjEjJDEjJDQjJDgz"", ""target_name"": ""서울프라임병원"", ""target_region_id"": null, ""target_region_name"": null}, {""policy"": ""hospital_upgrade"", ""target_id"": ""JDQ4MTYyMiM2MSMkMSMkMiMkOTkkMzgxMzUxIzIxIyQxIyQxIyQwMyQyNjE4MzIjODEjJDEjJDIjJDgz"", ""target_name"": ""서울대정병원"", ""target_region_id"": null, ""target_region_name"": null}, {""policy"": ""ambulance_new_base"", ""target_id"": ""REG002"", ""target_name"": ""봉명동"", ""target_region_id"": ""REG002"", ""target_region_name"": ""봉명동""}]"
82,42,0.5907656451087997,0.0222105191482742,5.076360393652158,11.594193548387098,16.670553942039255,5.4657611876401,13.264578960621222,18.73034014826132,11.18,29.62,"[22, 26, 7]","[{""policy"": ""ambulance_new_base"", ""target_id"": ""REG008"", ""target_name"": ""중앙동"", ""target_region_id"": ""REG008"", ""target_region_name"": ""중앙동""}, {""policy"": ""ambulance_new_base"", ""target_id"": ""REG018"", ""target_name"": ""백석동"", ""target_region_id"": ""REG018"", ""target_region_name"": ""백석동""}, {""policy"": ""ambulance_existing"", ""target_id"": ""EMS008"", ""target_name"": ""119구조구급센터119안전센터"", ""target_region_id"": ""REG031"", ""target_region_name"": ""직산읍""}]"
83,42,0.11620430633453899,0.11620430633453899,5.599677419354838,11.594193548387098,17.193870967741937,6.034316313600623,13.264578960621222,19.298895274221845,11.18,29.62,"[12, 15, 9]","[{""policy"": ""ambulance_existing"", ""target_id"": ""EMS013"", ""target_name"": ""성환119안전센터"", ""target_region_id"": ""REG030"", ""target_region_name"": ""성환읍""}, {""policy"": ""ambulance_existing"", ""target_id"": ""EMS016"", ""target_name"": ""직산119안전센터"", ""target_region_id"": ""REG031"", ""target_region_name"": ""직산읍""}, {""policy"": ""ambulance_existing"", ""target_id"": ""EMS010"", ""target_name"": ""불당119안전센터"", ""target_region_id"": ""REG022"", ""target_region_name"": ""불당2동""}]"
84,42,0.9131397244985693,0.0306886569409906,5.599677419354838,10.465528714024007,16.065206133378844,6.034316313600623,12.382127893063645,18.416444206664266,11.18,29.62,"[6, 51, 35]","[{""policy"": ""ambulance_existing"", ""target_id"": ""EMS007"", ""target_name"": ""풍세119안전센터"", ""target_region_id"": ""REG016"", ""target_region_name"": ""풍세면""}, {""policy"": ""hospital_upgrade"", ""target_id"": ""JDQ4MTYyMiM2MSMkMSMkMiMkOTkkMzgxMzUxIzIxIyQxIyQxIyQwMyQyNjE4MzIjODEjJDEjJDIjJDgz"", ""target_name"": ""서울대정병원"", ""target_region_id"": null, ""target_region_name"": null}, {""policy"": ""hospital_upgrade"", ""target_id"": ""JDQ4MTYyMiM2MSMkMSMkMiMkOTkkMzgxMzUxIzIxIyQxIyQ1IyQ2MiQ0NjE0ODEjNjEjJDEjJDgjJDgz"", ""target_name"": ""천안해울병원"", ""target_region_id"": null, ""target_region_name"": null}]"
85,42,0.8960015451335437,0.0,5.599677419354838,10.287639001474634,15.887316420829476,6.034316313600623,12.368577415487682,18.4028937290883,11.18,29.62,"[41, 48, 36]","[{""policy"": ""hospital_upgrade"", ""target_id"": ""JDQ4MTYyMiM2MSMkMSMkMiMkOTkkMzgxMzUxIzIxIyQxIyQ1IyQ4OSQyNjEyMjIjNjEjJDEjJDQjJDgz"", ""target_name"": ""서울프라임병원"", ""target_region_id"": null, ""target_region_name"": null}, {""policy"": ""hospital_upgrade"", ""target_id"": ""JDQ4MTYyMiM2MSMkMSMkMiMkOTkkMzgxMzUxIzIxIyQxIyQxIyQ5MiQyNjE4MzIjNDEjJDEjJDgjJDgz"", ""target_name"": ""혜성산부인과병원"", ""target_region_id"": null, ""target_region_name"": null}, {""policy"": ""hospital_upgrade"", ""target_id"": ""JDQ4MTYyMiM2MSMkMSMkMiMkOTkkMzgxMzUxIzIxIyQxIyQ1IyQ2MiQzNjE4MzIjODEjJDEjJDIjJDgz"", ""target_name"": ""돋움병원"", ""target_region_id"": null, ""target_region_name"": null}]"
86,42,0.7891312815151142,0.0222107429571171,5.599677419354838,10.519739463671968,16.11941688302681,6.034316313600623,12.497658422063227,18.531974735663848,11.18,29.62,"[43, 45, 10]","[{""policy"": ""hospital_upgrade"", ""target_id"": ""JDQ4MTYyMiM2MSMkMSMkMiMkOTkkMzgxMzUxIzIxIyQxIyQxIyQ2MiQ0NjE0ODEjNDEjJDEjJDQjJDgz"", ""target_name"": ""연세나무병원"", ""target_region_id"": null, ""target_region_name"": null}, {""policy"": ""hospital_upgrade"", ""target_id"": ""JDQ4MTYyMiM2MSMkMSMkMiMkOTkkMzgxMzUxIzIxIyQxIyQxIyQ3MiQzNjE4MzIjODEjJDEjJDYjJDgz"", ""target_name"": ""삼성스카이병원"", ""target_region_id"": null, ""target_region_name"": null}, {""policy"": ""ambulance_existing"", ""target_id"": ""EMS011"", ""target_name"": ""서부119안전센터"", ""target_region_id"": ""REG023"", ""target_region_name"": ""성정1동""}]"
87,42,0.715425851481764,0.0042478320188186,5.599677419354838,10.602634543139269,16.202311962494107,6.034316313600623,12.553400941158278,18.5877172547589,11.18,29.62,"[39, 44, 4]","[{""policy"": ""hospital_upgrade"", ""target_id"": ""JDQ4MTYyMiM2MSMkMSMkMiMkOTkkMzgxMzUxIzIxIyQxIyQ1IyQ4OSQ0NjEwMDIjNTEjJDEjJDIjJDgz"", ""target_name"": ""천안리턴병원"", ""target_region_id"": null, ""target_region_name"": null}, {""policy"": ""hospital_upgrade"", ""target_id"": ""JDQ4MTYyMiM2MSMkMSMkMiMkOTkkMzgxMzUxIzIxIyQxIyQxIyQ3MiQyNjE0ODEjNDEjJDEjJDgjJDgz"", ""target_name"": ""천안재활병원"", ""target_region_id"": null, ""target_region_name"": null}, {""policy"": ""ambulance_existing"", ""target_id"": ""EMS005"", ""target_name"": ""성남지역대"", ""target_region_id"": ""REG014"", ""target_region_name"": ""성남면""}]"
88,42,0.6680790229753897,0.0306886569409906,5.265170274394114,11.08868306517315,16.353853339567266,5.8270612018601655,12.834443706327281,18.661504908187446,11.18,29.62,"[30, 50, 6]","[{""policy"": ""ambulance_new_base"", ""target_id"": ""REG025"", ""target_name"": ""쌍용1동"", ""target_region_id"": ""REG025"", ""target_region_name"": ""쌍용1동""}, {""policy"": ""hospital_upgrade"", ""target_id"": ""JDQ4MTYyMiM2MSMkMSMkMiMkOTkkMzgxMzUxIzIxIyQxIyQxIyQwMyQyNjE0ODEjNTEjJDEjJDYjJDgz"", ""target_name"": ""천안21세기병원"", ""target_region_id"": null, ""target_region_name"": null}, {""policy"": ""ambulance_existing"", ""target_id"": ""EMS007"", ""target_name"": ""풍세119안전센터"", ""target_region_id"": ""REG016"", ""target_region_name"": ""풍세면""}]"
89,42,0.4866847881334455,0.056549533839505006,5.599677419354838,11.08868306517315,16.688360484527987,6.034316313600623,12.834443706327281,18.868760019927905,11.18,29.62,"[50, 7, 15]","[{""policy"": ""hospital_upgrade"", ""target_id"": ""JDQ4MTYyMiM2MSMkMSMkMiMkOTkkMzgxMzUxIzIxIyQxIyQxIyQwMyQyNjE0ODEjNTEjJDEjJDYjJDgz"", ""target_name"": ""천안21세기병원"", ""target_region_id"": null, ""target_region_name"": null}, {""policy"": ""ambulance_existing"", ""target_id"": ""EMS008"", ""target_name"": ""119구조구급센터119안전센터"", ""target_region_id"": ""REG031"", ""target_region_name"": ""직산읍""}, {""policy"": ""ambulance_existing"", ""target_id"": ""EMS016"", ""target_name"": ""직산119안전센터"", ""target_region_id"": ""REG031"", ""target_region_name"": ""직산읍""}]"
90,42,1.2456813740551844,0.0,5.30471554719749,10.55638381133039,15.86109935852788,5.64393497465041,12.409278925516249,18.05321390016666,11.18,29.62,"[51, 34, 16]","[{""policy"": ""hospital_upgrade"", ""target_id"": ""JDQ4MTYyMiM2MSMkMSMkMiMkOTkkMzgxMzUxIzIxIyQxIyQxIyQwMyQyNjE4MzIjODEjJDEjJDIjJDgz"", ""target_name"": ""서울대정병원"", ""target_region_id"": null, ""target_region_name"": null}, {""policy"": ""hospital_upgrade"", ""target_id"": ""JDQ4MTYyMiM2MSMkMSMkMiMkOTkkMzgxMzUxIzExIyQyIyQ3IyQwMCQ0NjE0ODEjNjEjJDEjJDgjJDgz"", ""target_name"": ""천안우리병원"", ""target_region_id"": null, ""target_region_name"": null}, {""policy"": ""ambulance_new_base"", ""target_id"": ""REG001"", ""target_name"": ""문성동"", ""target_region_id"": ""REG001"", ""target_region_name"": ""문성동""}]"
91,42,0.803650962740349,0.0,5.443235834934136,10.665970466999639,16.109206301933778,5.932671322458575,12.562572989022923,18.495244311481496,11.18,29.62,"[26, 52, 49]","[{""policy"": ""ambulance_new_base"", ""target_id"": ""REG018"", ""target_name"": ""백석동"", ""target_region_id"": ""REG018"", ""target_region_name"": ""백석동""}, {""policy"": ""hospital_upgrade"", ""target_id"": ""JDQ4MTYyMiM2MSMkMSMkMiMkOTkkMzgxMzUxIzIxIyQxIyQxIyQxMyQyNjEyMjIjNzEjJDEjJDgjJDgz"", ""target_name"": ""SG삼성조은병원"", ""target_region_id"": null, ""target_region_name"": null}, {""policy"": ""hospital_upgrade"", ""target_id"": ""JDQ4MTYyMiM2MSMkMSMkMiMkOTkkMzgxMzUxIzIxIyQxIyQxIyQ5MiQyNjEwMDIjNjEjJDEjJDAjJDgz"", ""target_name"": ""두정이진병원"", ""target_region_id"": null, ""target_region_name"": null}]"
92,42,0.5968464259983544,0.0222105191482742,5.36265655090189,11.302330291013508,16.664986841915397,5.746462939276316,12.977796428095454,18.724259367371765,11.18,29.62,"[7, 28, 34]","[{""policy"": ""ambulance_existing"", ""target_id"": ""EMS008"", ""target_name"": ""119구조구급센터119안전센터"", ""target_region_id"": ""REG031"", ""target_region_name"": ""직산읍""}, {""policy"": ""ambulance_new_base"", ""target_id"": ""REG020"", ""target_name"": ""부성2동"", ""target_region_id"": ""REG020"", ""target_region_name"": ""부성2동""}, {""policy"": ""hospital_upgrade"", ""target_id"": ""JDQ4MTYyMiM2MSMkMSMkMiMkOTkkMzgxMzUxIzExIyQyIyQ3IyQwMCQ0NjE0ODEjNjEjJDEjJDgjJDgz"", ""target_name"": ""천안우리병원"", ""target_region_id"": null, ""target_region_name"": null}]"
93,42,0.6754706786442777,0.0222105191482742,5.599677419354838,10.73616728707803,16.33584470643287,6.034316313600623,12.611318801125222,18.64563511472584,11.18,29.62,"[40, 37, 7]","[{""policy"": ""hospital_upgrade"", ""target_id"": ""JDQ4MTYyMiM2MSMkMSMkMiMkOTkkMzgxMzUxIzIxIyQxIyQ1IyQ4OSQyNjE4MzIjNTEjJDEjJDYjJDgz"", ""target_name"": ""아이본병원"", ""target_region_id"": null, ""target_region_name"": null}, {""policy"": ""hospital_upgrade"", ""target_id"": ""JDQ4MTYyMiM2MSMkMSMkMiMkOTkkMzgxMzUxIzIxIyQxIyQ1IyQ3OSQyNjE0ODEjNDEjJDEjJDgjJDgz"", ""target_name"": ""마디손병원"", ""target_region_id"": null, ""target_region_name"": null}, {""policy"": ""ambulance_existing"", ""target_id"": ""EMS008"", ""target_name"": ""119구조구급센터119안전센터"", ""target_region_id"": ""REG031"", ""target_region_name"": ""직산읍""}]"
94,42,0.6187729728380115,0.0001882362364812,5.599677419354838,10.840725911910967,16.440403331265802,6.034316313600623,12.645994224019693,18.680310537620315,11.18,29.62,"[32, 8, 50]","[{""policy"": ""hospital_upgrade"", ""target_id"": ""JDQ4MTYyMiM2MSMkMSMkMiMkOTkkMzgxMzUxIzExIyQxIyQ3IyQ4OSQzNjE0ODEjODEjJDEjJDYjJDgz"", ""target_name"": ""새로나병원"", ""target_region_id"": null, ""target_region_name"": null}, {""policy"": ""ambulance_existing"", ""target_id"": ""EMS009"", ""target_name"": ""두정119안전센터"", ""target_region_id"": ""REG024"", ""target_region_name"": ""성정2동""}, {""policy"": ""hospital_upgrade"", ""target_id"": ""JDQ4MTYyMiM2MSMkMSMkMiMkOTkkMzgxMzUxIzIxIyQxIyQxIyQwMyQyNjE0ODEjNTEjJDEjJDYjJDgz"", ""target_name"": ""천안21세기병원"", ""target_region_id"": null, ""target_region_name"": null}]"
95,42,0.9072353927450294,0.0,5.398709677419355,10.781583534338413,16.180293211757768,5.74164618396257,12.650013697514247,18.391659881476816,11.18,29.62,"[38, 23, 42]","[{""policy"": ""hospital_upgrade"", ""target_id"": ""JDQ4MTYyMiM2MSMkMSMkMiMkOTkkMzgxMzUxIzIxIyQxIyQ1IyQ3OSQzNjE4MzIjODEjJDEjJDYjJDgz"", ""target_name"": ""앙즈로여성병원"", ""target_region_id"": null, ""target_region_name"": null}, {""policy"": ""ambulance_new_base"", ""target_id"": ""REG010"", ""target_name"": ""광덕면"", ""target_region_id"": ""REG010"", ""target_region_name"": ""광덕면""}, {""policy"": ""hospital_upgrade"", ""target_id"": ""JDQ4MTYyMiM2MSMkMSMkMiMkOTkkMzgxMzUxIzIxIyQxIyQ1IyQ5OSQzNjEyMjIjNjEjJDEjJDQjJDgz"", ""target_name"": ""천안다나힐병원"", ""target_region_id"": null, ""target_region_name"": null}]"
96,42,0.7082773566702446,0.0013755227968207,5.599677419354838,10.602734930923514,16.202412350278355,6.034316313600623,12.5576771267478,18.59199344034842,11.18,29.62,"[0, 40, 44]","[{""policy"": ""ambulance_existing"", ""target_id"": ""EMS001"", ""target_name"": ""119구조구급센터119안전센터"", ""target_region_id"": ""REG006"", ""target_region_name"": ""원성2동""}, {""policy"": ""hospital_upgrade"", ""target_id"": ""JDQ4MTYyMiM2MSMkMSMkMiMkOTkkMzgxMzUxIzIxIyQxIyQ1IyQ4OSQyNjE4MzIjNTEjJDEjJDYjJDgz"", ""target_name"": ""아이본병원"", ""target_region_id"": null, ""target_region_name"": null}, {""policy"": ""hospital_upgrade"", ""target_id"": ""JDQ4MTYyMiM2MSMkMSMkMiMkOTkkMzgxMzUxIzIxIyQxIyQxIyQ3MiQyNjE0ODEjNDEjJDEjJDgjJDgz"", ""target_name"": ""천안재활병원"", ""target_region_id"": null, ""target_region_name"": null}]"
97,42,0.566626648652635,0.008387609493611906,5.599677419354838,10.860143321295778,16.459820740650617,6.034316313600623,12.706339921462204,18.740656235062822,11.18,29.62,"[43, 14, 13]","[{""policy"": ""hospital_upgrade"", ""target_id"": ""JDQ4MTYyMiM2MSMkMSMkMiMkOTkkMzgxMzUxIzIxIyQxIyQxIyQ2MiQ0NjE0ODEjNDEjJDEjJDQjJDgz"", ""target_name"": ""연세나무병원"", ""target_region_id"": null, ""target_region_name"": null}, {""policy"": ""ambulance_existing"", ""target_id"": ""EMS015"", ""target_name"": ""입장119안전센터"", ""target_region_id"": ""REG028"", ""target_region_name"": ""입장면""}, {""policy"": ""ambulance_existing"", ""target_id"": ""EMS014"", ""target_name"": ""쌍용119안전센터"", ""target_region_id"": ""REG026"", ""target_region_name"": ""쌍용2동""}]"
98,42,0.5736772935591032,0.0356736742774606,5.0471277929070375,11.594193548387098,16.641321341294134,5.496312694318984,13.264578960621222,18.760891654940202,11.18,29.62,"[12, 17, 28]","[{""policy"": ""ambulance_existing"", ""target_id"": ""EMS013"", ""target_name"": ""성환119안전센터"", ""target_region_id"": ""REG030"", ""target_region_name"": ""성환읍""}, {""policy"": ""ambulance_new_base"", ""target_id"": ""REG002"", ""target_name"": ""봉명동"", ""target_region_id"": ""REG002"", ""target_region_name"": ""봉명동""}, {""policy"": ""ambulance_new_base"", ""target_id"": ""REG020"", ""target_name"": ""부성2동"", ""target_region_id"": ""REG020"", ""target_region_name"": ""부성2동""}]"
99,42,0.9443517887394712,0.0,5.599677419354838,10.222215515057291,15.82189293441213,6.034316313600623,12.320227171881756,18.354543485482374,11.18,29.62,"[40, 48, 45]","[{""policy"": ""hospital_upgrade"", ""target_id"": ""JDQ4MTYyMiM2MSMkMSMkMiMkOTkkMzgxMzUxIzIxIyQxIyQ1IyQ4OSQyNjE4MzIjNTEjJDEjJDYjJDgz"", ""target_name"": ""아이본병원"", ""target_region_id"": null, ""target_region_name"": null}, {""policy"": ""hospital_upgrade"", ""target_id"": ""JDQ4MTYyMiM2MSMkMSMkMiMkOTkkMzgxMzUxIzIxIyQxIyQxIyQ5MiQyNjE4MzIjNDEjJDEjJDgjJDgz"", ""target_name"": ""혜성산부인과병원"", ""target_region_id"": null, ""target_region_name"": null}, {""policy"": ""hospital_upgrade"", ""target_id"": ""JDQ4MTYyMiM2MSMkMSMkMiMkOTkkMzgxMzUxIzIxIyQxIyQxIyQ3MiQzNjE4MzIjODEjJDEjJDYjJDgz"", ""target_name"": ""삼성스카이병원"", ""target_region_id"": null, ""target_region_name"": null}]"
100,42,0.42920943882129464,0.0306886569409906,5.0995705224751315,11.594193548387098,16.69376407086223,5.635795531720322,13.264578960621222,18.90037449234154,11.18,29.62,"[6, 21, 20]","[{""policy"": ""ambulance_existing"", ""target_id"": ""EMS007"", ""target_name"": ""풍세119안전센터"", ""target_region_id"": ""REG016"", ""target_region_name"": ""풍세면""}, {""policy"": ""ambulance_new_base"", ""target_id"": ""REG007"", ""target_name"": ""일봉동"", ""target_region_id"": ""REG007"", ""target_region_name"": ""일봉동""}, {""policy"": ""ambulance_new_base"", ""target_id"": ""REG005"", ""target_name"": ""원성1동"", ""target_region_id"": ""REG005"", ""target_region_name"": ""원성1동""}]"
101,42,0.9048124171142226,0.0495123820092479,5.599677419354838,10.55638381133039,16.15606123068523,6.034316313600623,12.409278925516249,18.44359523911687,11.18,29.62,"[34, 5, 51]","[{""policy"": ""hospital_upgrade"", ""target_id"": ""JDQ4MTYyMiM2MSMkMSMkMiMkOTkkMzgxMzUxIzExIyQyIyQ3IyQwMCQ0NjE0ODEjNjEjJDEjJDgjJDgz"", ""target_name"": ""천안우리병원"", ""target_region_id"": null, ""target_region_name"": null}, {""policy"": ""ambulance_existing"", ""target_id"": ""EMS006"", ""target_name"": ""청당119안전센터"", ""target_region_id"": ""REG009"", ""target_region_name"": ""청룡동""}, {""policy"": ""hospital_upgrade"", ""target_id"": ""JDQ4MTYyMiM2MSMkMSMkMiMkOTkkMzgxMzUxIzIxIyQxIyQxIyQwMyQyNjE4MzIjODEjJDEjJDIjJDgz"", ""target_name"": ""서울대정병원"", ""target_region_id"": null, ""target_region_name"": null}]"
102,42,0.5805838658326865,6.036187032550563e-05,5.161688808966406,11.594193548387098,16.755882357353503,5.453792809638262,13.264578960621222,18.718371770259484,11.18,29.62,"[28, 13, 23]","[{""policy"": ""ambulance_new_base"", ""target_id"": ""REG020"", ""target_name"": ""부성2동"", ""target_region_id"": ""REG020"", ""target_region_name"": ""부성2동""}, {""policy"": ""ambulance_existing"", ""target_id"": ""EMS014"", ""target_name"": ""쌍용119안전센터"", ""target_region_id"": ""REG026"", ""target_region_name"": ""쌍용2동""}, {""policy"": ""ambulance_new_base"", ""target_id"": ""REG010"", ""target_name"": ""광덕면"", ""target_region_id"": ""REG010"", ""target_region_name"": ""광덕면""}]"
103,42,0.8389754032022871,0.0,5.599677419354838,10.412363152734416,16.012040572089255,6.034316313600623,12.425603557418937,18.459919871019558,11.18,29.62,"[51, 39, 45]","[{""policy"": ""hospital_upgrade"", ""target_id"": ""JDQ4MTYyMiM2MSMkMSMkMiMkOTkkMzgxMzUxIzIxIyQxIyQxIyQwMyQyNjE4MzIjODEjJDEjJDIjJDgz"", ""target_name"": ""서울대정병원"", ""target_region_id"": null, ""target_region_name"": null}, {""policy"": ""hospital_upgrade"", ""target_id"": ""JDQ4MTYyMiM2MSMkMSMkMiMkOTkkMzgxMzUxIzIxIyQxIyQ1IyQ4OSQ0NjEwMDIjNTEjJDEjJDIjJDgz"", ""target_name"": ""천안리턴병원"", ""target_region_id"": null, ""target_region_name"": null}, {""policy"": ""hospital_upgrade"", ""target_id"": ""JDQ4MTYyMiM2MSMkMSMkMiMkOTkkMzgxMzUxIzIxIyQxIyQxIyQ3MiQzNjE4MzIjODEjJDEjJDYjJDgz"", ""target_name"": ""삼성스카이병원"", ""target_region_id"": null, ""target_region_name"": null}]"
104,42,0.3253234670545115,0.0541016021035094,5.599677419354838,11.102009947137324,16.701687366492166,6.034316313600623,12.993357095670223,19.027673409270843,11.18,29.62,"[5, 3, 46]","[{""policy"": ""ambulance_existing"", ""target_id"": ""EMS006"", ""target_name"": ""청당119안전센터"", ""target_region_id"": ""REG009"", ""target_region_name"": ""청룡동""}, {""policy"": ""ambulance_existing"", ""target_id"": ""EMS004"", ""target_name"": ""북면지역대"", ""target_region_id"": ""REG013"", ""target_region_name"": ""북면""}, {""policy"": ""hospital_upgrade"", ""target_id"": ""JDQ4MTYyMiM2MSMkMSMkMiMkOTkkMzgxMzUxIzIxIyQxIyQxIyQ3OSQyNjEyMjIjNDEjJDEjJDgjJDgz"", ""target_name"": ""우리척병원"", ""target_region_id"": null, ""target_region_name"": null}]"
105,42,0.11074460995125776,0.044421262105391296,5.422903225806452,11.594193548387098,17.017096774193547,5.967992965754759,13.264578960621222,19.23257192637598,11.18,29.62,"[7, 18, 10]","[{""policy"": ""ambulance_existing"", ""target_id"": ""EMS008"", ""target_name"": ""119구조구급센터119안전센터"", ""target_region_id"": ""REG031"", ""target_region_name"": ""직산읍""}, {""policy"": ""ambulance_new_base"", ""target_id"": ""REG003"", ""target_name"": ""신방동"", ""target_region_id"": ""REG003"", ""target_region_name"": ""신방동""}, {""policy"": ""ambulance_existing"", ""target_id"": ""EMS011"", ""target_name"": ""서부119안전센터"", ""target_region_id"": ""REG023"", ""target_region_name"": ""성정1동""}]"
106,42,0.8110825517577143,0.0222105191482742,5.30471554719749,10.998184134035316,16.30289968123281,5.64393497465041,12.866088266961999,18.510023241612405,11.18,29.62,"[16, 48, 7]","[{""policy"": ""ambulance_new_base"", ""target_id"": ""REG001"", ""target_name"": ""문성동"", ""target_region_id"": ""REG001"", ""target_region_name"": ""문성동""}, {""policy"": ""hospital_upgrade"", ""target_id"": ""JDQ4MTYyMiM2MSMkMSMkMiMkOTkkMzgxMzUxIzIxIyQxIyQxIyQ5MiQyNjE4MzIjNDEjJDEjJDgjJDgz"", ""target_name"": ""혜성산부인과병원"", ""target_region_id"": null, ""target_region_name"": null}, {""policy"": ""ambulance_existing"", ""target_id"": ""EMS008"", ""target_name"": ""119구조구급센터119안전센터"", ""target_region_id"": ""REG031"", ""target_region_name"": ""직산읍""}]"
107,42,0.4631671326862788,0.0001882362364812,5.260793486616837,11.101640188418845,16.362433675035682,5.843096022653826,12.992820355118223,18.835916377772048,11.18,29.62,"[53, 8, 31]","[{""policy"": ""hospital_upgrade"", ""target_id"": ""JDQ4MTYyMiM2MSMkMSMkMiMkOTkkMzgxMzUxIzIxIyQyIyQ1IyQwMCQyNjEwMDIjNDEjJDEjJDgjJDgz"", ""target_name"": ""이화병원"", ""target_region_id"": null, ""target_region_name"": null}, {""policy"": ""ambulance_existing"", ""target_id"": ""EMS009"", ""target_name"": ""두정119안전센터"", ""target_region_id"": ""REG024"", ""target_region_name"": ""성정2동""}, {""policy"": ""ambulance_new_base"", ""target_id"": ""REG027"", ""target_name"": ""쌍용3동"", ""target_region_id"": ""REG027"", ""target_region_name"": ""쌍용3동""}]"
108,42,0.6449641250788065,0.052899176089264796,5.249677419354838,11.594193548387098,16.843870967741935,5.442251364611085,13.264578960621222,18.706830325232303,11.18,29.62,"[6, 7, 24]","[{""policy"": ""ambulance_existing"", ""target_id"": ""EMS007"", ""target_name"": ""풍세119안전센터"", ""target_region_id"": ""REG016"", ""target_region_name"": ""풍세면""}, {""policy"": ""ambulance_existing"", ""target_id"": ""EMS008"", ""target_name"": ""119구조구급센터119안전센터"", ""target_region_id"": ""REG031"", ""target_region_name"": ""직산읍""}, {""policy"": ""ambulance_new_base"", ""target_id"": ""REG011"", ""target_name"": ""동면"", ""target_region_id"": ""REG011"", ""target_region_name"": ""동면""}]"
109,42,0.4048379143818735,0.0570577938609503,5.599677419354838,11.055870298914312,16.65554771826915,6.034316313600623,12.916798840100302,18.951115153700922,11.18,29.62,"[10, 2, 36]","[{""policy"": ""ambulance_existing"", ""target_id"": ""EMS011"", ""target_name"": ""서부119안전센터"", ""target_region_id"": ""REG023"", ""target_region_name"": ""성정1동""}, {""policy"": ""ambulance_existing"", ""target_id"": ""EMS003"", ""target_name"": ""병천119안전센터"", ""target_region_id"": ""REG012"", ""target_region_name"": ""병천면""}, {""policy"": ""hospital_upgrade"", ""target_id"": ""JDQ4MTYyMiM2MSMkMSMkMiMkOTkkMzgxMzUxIzIxIyQxIyQ1IyQ2MiQzNjE4MzIjODEjJDEjJDIjJDgz"", ""target_name"": ""돋움병원"", ""target_region_id"": null, ""target_region_name"": null}]"
110,42,0.6900044206700482,0.0348470509038332,4.898878995052346,11.594193548387098,16.493072543439443,5.379158943834411,13.264578960621222,18.64373790445563,11.18,29.62,"[2, 31, 22]","[{""policy"": ""ambulance_existing"", ""target_id"": ""EMS003"", ""target_name"": ""병천119안전센터"", ""target_region_id"": ""REG012"", ""target_region_name"": ""병천면""}, {""policy"": ""ambulance_new_base"", ""target_id"": ""REG027"", ""target_name"": ""쌍용3동"", ""target_region_id"": ""REG027"", ""target_region_name"": ""쌍용3동""}, {""policy"": ""ambulance_new_base"", ""target_id"": ""REG008"", ""target_name"": ""중앙동"", ""target_region_id"": ""REG008"", ""target_region_name"": ""중앙동""}]"
111,42,0.8960546579785138,0.0,5.389711263171298,10.602994034738755,15.992705297910055,5.852393808666708,12.550446807576627,18.40284061624333,11.18,29.62,"[44, 20, 41]","[{""policy"": ""hospital_upgrade"", ""target_id"": ""JDQ4MTYyMiM2MSMkMSMkMiMkOTkkMzgxMzUxIzIxIyQxIyQxIyQ3MiQyNjE0ODEjNDEjJDEjJDgjJDgz"", ""target_name"": ""천안재활병원"", ""target_region_id"": null, ""target_region_name"": null}, {""policy"": ""ambulance_new_base"", ""target_id"": ""REG005"", ""target_name"": ""원성1동"", ""target_region_id"": ""REG005"", ""target_region_name"": ""원성1동""}, {""policy"": ""hospital_upgrade"", ""target_id"": ""JDQ4MTYyMiM2MSMkMSMkMiMkOTkkMzgxMzUxIzIxIyQxIyQ1IyQ4OSQyNjEyMjIjNjEjJDEjJDQjJDgz"", ""target_name"": ""서울프라임병원"", ""target_region_id"": null, ""target_region_name"": null}]"
112,42,0.7485629208678759,0.0,5.443235834934136,10.772073526434678,16.215309361368814,5.932671322458575,12.617661030895395,18.55033235335397,11.18,29.62,"[26, 39, 47]","[{""policy"": ""ambulance_new_base"", ""target_id"": ""REG018"", ""target_name"": ""백석동"", ""target_region_id"": ""REG018"", ""target_region_name"": ""백석동""}, {""policy"": ""hospital_upgrade"", ""target_id"": ""JDQ4MTYyMiM2MSMkMSMkMiMkOTkkMzgxMzUxIzIxIyQxIyQ1IyQ4OSQ0NjEwMDIjNTEjJDEjJDIjJDgz"", ""target_name"": ""천안리턴병원"", ""target_region_id"": null, ""target_region_name"": null}, {""policy"": ""hospital_upgrade"", ""target_id"": ""JDQ4MTYyMiM2MSMkMSMkMiMkOTkkMzgxMzUxIzIxIyQxIyQxIyQ4OSQ0NjE0ODEjODEjJDEjJDIjJDgz"", ""target_name"": ""서울우리병원"", ""target_region_id"": null, ""target_region_name"": null}]"
113,42,0.34939318084632554,0.0348470509038332,5.139042286547038,11.594193548387098,16.733235834934135,5.719770183658134,13.264578960621222,18.984349144279353,11.18,29.62,"[26, 2, 27]","[{""policy"": ""ambulance_new_base"", ""target_id"": ""REG018"", ""target_name"": ""백석동"", ""target_region_id"": ""REG018"", ""target_region_name"": ""백석동""}, {""policy"": ""ambulance_existing"", ""target_id"": ""EMS003"", ""target_name"": ""병천119안전센터"", ""target_region_id"": ""REG012"", ""target_region_name"": ""병천면""}, {""policy"": ""ambulance_new_base"", ""target_id"": ""REG019"", ""target_name"": ""부성1동"", ""target_region_id"": ""REG019"", ""target_region_name"": ""부성1동""}]"
114,42,0.5616626547014784,0.03573403614778611,5.599677419354838,10.912914642839256,16.512592062194095,6.034316313600623,12.738650342067533,18.772966655668153,11.18,29.62,"[12, 13, 52]","[{""policy"": ""ambulance_existing"", ""target_id"": ""EMS013"", ""target_name"": ""성환119안전센터"", ""target_region_id"": ""REG030"", ""target_region_name"": ""성환읍""}, {""policy"": ""ambulance_existing"", ""target_id"": ""EMS014"", ""target_name"": ""쌍용119안전센터"", ""target_region_id"": ""REG026"", ""target_region_name"": ""쌍용2동""}, {""policy"": ""hospital_upgrade"", ""target_id"": ""JDQ4MTYyMiM2MSMkMSMkMiMkOTkkMzgxMzUxIzIxIyQxIyQxIyQxMyQyNjEyMjIjNzEjJDEjJDgjJDgz"", ""target_name"": ""SG삼성조은병원"", ""target_region_id"": null, ""target_region_name"": null}]"
115,42,0.9073879856537703,0.0343390146912308,5.232801978072861,11.033865820568307,16.26666779864117,5.567406178782148,12.858440124477161,18.425846303259306,11.18,29.62,"[22, 15, 49]","[{""policy"": ""ambulance_new_base"", ""target_id"": ""REG008"", ""target_name"": ""중앙동"", ""target_region_id"": ""REG008"", ""target_region_name"": ""중앙동""}, {""policy"": ""ambulance_existing"", ""target_id"": ""EMS016"", ""target_name"": ""직산119안전센터"", ""target_region_id"": ""REG031"", ""target_region_name"": ""직산읍""}, {""policy"": ""hospital_upgrade"", ""target_id"": ""JDQ4MTYyMiM2MSMkMSMkMiMkOTkkMzgxMzUxIzIxIyQxIyQxIyQ5MiQyNjEwMDIjNjEjJDEjJDAjJDgz"", ""target_name"": ""두정이진병원"", ""target_region_id"": null, ""target_region_name"": null}]"
116,42,0.8898169472933795,0.0,5.106204937998664,11.033865820568307,16.14007075856697,5.550638202451311,12.858440124477161,18.409078326928466,11.18,29.62,"[49, 19, 28]","[{""policy"": ""hospital_upgrade"", ""target_id"": ""JDQ4MTYyMiM2MSMkMSMkMiMkOTkkMzgxMzUxIzIxIyQxIyQxIyQ5MiQyNjEwMDIjNjEjJDEjJDAjJDgz"", ""target_name"": ""두정이진병원"", ""target_region_id"": null, ""target_region_name"": null}, {""policy"": ""ambulance_new_base"", ""target_id"": ""REG004"", ""target_name"": ""신안동"", ""target_region_id"": ""REG004"", ""target_region_name"": ""신안동""}, {""policy"": ""ambulance_new_base"", ""target_id"": ""REG020"", ""target_name"": ""부성2동"", ""target_region_id"": ""REG020"", ""target_region_name"": ""부성2동""}]"
117,42,0.4191076630058813,0.0537602140280665,5.599677419354838,11.013231528881516,16.612908948236356,6.034316313600623,12.899231511643416,18.93354782524403,11.18,29.62,"[44, 5, 4]","[{""policy"": ""hospital_upgrade"", ""target_id"": ""JDQ4MTYyMiM2MSMkMSMkMiMkOTkkMzgxMzUxIzIxIyQxIyQxIyQ3MiQyNjE0ODEjNDEjJDEjJDgjJDgz"", ""target_name"": ""천안재활병원"", ""target_region_id"": null, ""target_region_name"": null}, {""policy"": ""ambulance_existing"", ""target_id"": ""EMS006"", ""target_name"": ""청당119안전센터"", ""target_region_id"": ""REG009"", ""target_region_name"": ""청룡동""}, {""policy"": ""ambulance_existing"", ""target_id"": ""EMS005"", ""target_name"": ""성남지역대"", ""target_region_id"": ""REG014"", ""target_region_name"": ""성남면""}]"
118,42,0.7238695046812721,0.0495123820092479,5.599677419354838,10.556696067642822,16.156373486997662,6.034316313600623,12.590221837949201,18.62453815154982,11.18,29.62,"[48, 36, 5]","[{""policy"": ""hospital_upgrade"", ""target_id"": ""JDQ4MTYyMiM2MSMkMSMkMiMkOTkkMzgxMzUxIzIxIyQxIyQxIyQ5MiQyNjE4MzIjNDEjJDEjJDgjJDgz"", ""target_name"": ""혜성산부인과병원"", ""target_region_id"": null, ""target_region_name"": null}, {""policy"": ""hospital_upgrade"", ""target_id"": ""JDQ4MTYyMiM2MSMkMSMkMiMkOTkkMzgxMzUxIzIxIyQxIyQ1IyQ2MiQzNjE4MzIjODEjJDEjJDIjJDgz"", ""target_name"": ""돋움병원"", ""target_region_id"": null, ""target_region_name"": null}, {""policy"": ""ambulance_existing"", ""target_id"": ""EMS006"", ""target_name"": ""청당119안전센터"", ""target_region_id"": ""REG009"", ""target_region_name"": ""청룡동""}]"
119,42,0.6655536112712488,0.0356736742774606,5.599677419354838,10.793722543708792,16.39339996306363,6.034316313600623,12.634699023627435,18.669015337228057,11.18,29.62,"[47, 41, 12]","[{""policy"": ""hospital_upgrade"", ""target_id"": ""JDQ4MTYyMiM2MSMkMSMkMiMkOTkkMzgxMzUxIzIxIyQxIyQxIyQ4OSQ0NjE0ODEjODEjJDEjJDIjJDgz"", ""target_name"": ""서울우리병원"", ""target_region_id"": null, ""target_region_name"": null}, {""policy"": ""hospital_upgrade"", ""target_id"": ""JDQ4MTYyMiM2MSMkMSMkMiMkOTkkMzgxMzUxIzIxIyQxIyQ1IyQ4OSQyNjEyMjIjNjEjJDEjJDQjJDgz"", ""target_name"": ""서울프라임병원"", ""target_region_id"": null, ""target_region_name"": null}, {""policy"": ""ambulance_existing"", ""target_id"": ""EMS013"", ""target_name"": ""성환119안전센터"", ""target_region_id"": ""REG030"", ""target_region_name"": ""성환읍""}]"
120,42,0.7834852790496356,0.0,5.265170274394114,10.853743382866561,16.118913657260673,5.8270612018601655,12.688348793312045,18.51540999517221,11.18,29.62,"[41, 42, 30]","[{""policy"": ""hospital_upgrade"", ""target_id"": ""JDQ4MTYyMiM2MSMkMSMkMiMkOTkkMzgxMzUxIzIxIyQxIyQ1IyQ4OSQyNjEyMjIjNjEjJDEjJDQjJDgz"", ""target_name"": ""서울프라임병원"", ""target_region_id"": null, ""target_region_name"": null}, {""policy"": ""hospital_upgrade"", ""target_id"": ""JDQ4MTYyMiM2MSMkMSMkMiMkOTkkMzgxMzUxIzIxIyQxIyQ1IyQ5OSQzNjEyMjIjNjEjJDEjJDQjJDgz"", ""target_name"": ""천안다나힐병원"", ""target_region_id"": null, ""target_region_name"": null}, {""policy"": ""ambulance_new_base"", ""target_id"": ""REG025"", ""target_name"": ""쌍용1동"", ""target_region_id"": ""REG025"", ""target_region_name"": ""쌍용1동""}]"
121,42,0.7346158119039607,0.0,5.599677419354838,10.655358678305358,16.2550360976602,6.034316313600623,12.52996314871726,18.564279462317884,11.18,29.62,"[39, 41, 32]","[{""policy"": ""hospital_upgrade"", ""target_id"": ""JDQ4MTYyMiM2MSMkMSMkMiMkOTkkMzgxMzUxIzIxIyQxIyQ1IyQ4OSQ0NjEwMDIjNTEjJDEjJDIjJDgz"", ""target_name"": ""천안리턴병원"", ""target_region_id"": null, ""target_region_name"": null}, {""policy"": ""hospital_upgrade"", ""target_id"": ""JDQ4MTYyMiM2MSMkMSMkMiMkOTkkMzgxMzUxIzIxIyQxIyQ1IyQ4OSQyNjEyMjIjNjEjJDEjJDQjJDgz"", ""target_name"": ""서울프라임병원"", ""target_region_id"": null, ""target_region_name"": null}, {""policy"": ""hospital_upgrade"", ""target_id"": ""JDQ4MTYyMiM2MSMkMSMkMiMkOTkkMzgxMzUxIzExIyQxIyQ3IyQ4OSQzNjE0ODEjODEjJDEjJDYjJDgz"", ""target_name"": ""새로나병원"", ""target_region_id"": null, ""target_region_name"": null}]"
122,42,0.7348099892607749,0.0,4.979955112972889,11.101640188418845,16.081595301391733,5.571264929842849,12.992820355118223,18.56408528496107,11.18,29.62,"[27, 17, 53]","[{""policy"": ""ambulance_new_base"", ""target_id"": ""REG019"", ""target_name"": ""부성1동"", ""target_region_id"": ""REG019"", ""target_region_name"": ""부성1동""}, {""policy"": ""ambulance_new_base"", ""target_id"": ""REG002"", ""target_name"": ""봉명동"", ""target_region_id"": ""REG002"", ""target_region_name"": ""봉명동""}, {""policy"": ""hospital_upgrade"", ""target_id"": ""JDQ4MTYyMiM2MSMkMSMkMiMkOTkkMzgxMzUxIzIxIyQyIyQ1IyQwMCQyNjEwMDIjNDEjJDEjJDgjJDgz"", ""target_name"": ""이화병원"", ""target_region_id"": null, ""target_region_name"": null}]"
123,42,1.1992913655442692,0.0,5.249677419354838,10.78509158626343,16.034769005618266,5.442251364611085,12.657352544066493,18.099603908677576,11.18,29.62,"[43, 42, 24]","[{""policy"": ""hospital_upgrade"", ""target_id"": ""JDQ4MTYyMiM2MSMkMSMkMiMkOTkkMzgxMzUxIzIxIyQxIyQxIyQ2MiQ0NjE0ODEjNDEjJDEjJDQjJDgz"", ""target_name"": ""연세나무병원"", ""target_region_id"": null, ""target_region_name"": null}, {""policy"": ""hospital_upgrade"", ""target_id"": ""JDQ4MTYyMiM2MSMkMSMkMiMkOTkkMzgxMzUxIzIxIyQxIyQ1IyQ5OSQzNjEyMjIjNjEjJDEjJDQjJDgz"", ""target_name"": ""천안다나힐병원"", ""target_region_id"": null, ""target_region_name"": null}, {""policy"": ""ambulance_new_base"", ""target_id"": ""REG011"", ""target_name"": ""동면"", ""target_region_id"": ""REG011"", ""target_region_name"": ""동면""}]"
124,42,0.28228493213706146,0.008387609493611906,5.599677419354838,11.098534409726106,16.698211829080947,6.034316313600623,12.990681637977776,19.024997951578396,11.18,29.62,"[13, 14, 33]","[{""policy"": ""ambulance_existing"", ""target_id"": ""EMS014"", ""target_name"": ""쌍용119안전센터"", ""target_region_id"": ""REG026"", ""target_region_name"": ""쌍용2동""}, {""policy"": ""ambulance_existing"", ""target_id"": ""EMS015"", ""target_name"": ""입장119안전센터"", ""target_region_id"": ""REG028"", ""target_region_name"": ""입장면""}, {""policy"": ""hospital_upgrade"", ""target_id"": ""JDQ4MTYyMiM2MSMkMSMkMiMkOTkkMzgxMzUxIzExIyQxIyQ3IyQ5OSQ0NjE0ODEjODEjJDEjJDYjJDgz"", ""target_name"": ""예일병원"", ""target_region_id"": null, ""target_region_name"": null}]"
125,42,1.063276647746099,0.0001882362364812,4.872156816782539,11.594193548387098,16.466350365169635,4.971227902091005,13.264578960621222,18.235806862712227,10.85,29.62,"[22, 8, 25]","[{""policy"": ""ambulance_new_base"", ""target_id"": ""REG008"", ""target_name"": ""중앙동"", ""target_region_id"": ""REG008"", ""target_region_name"": ""중앙동""}, {""policy"": ""ambulance_existing"", ""target_id"": ""EMS009"", ""target_name"": ""두정119안전센터"", ""target_region_id"": ""REG024"", ""target_region_name"": ""성정2동""}, {""policy"": ""ambulance_new_base"", ""target_id"": ""REG015"", ""target_name"": ""수신면"", ""target_region_id"": ""REG015"", ""target_region_name"": ""수신면""}]"
126,42,0.48164865605979923,0.0356736742774606,5.027697048456759,11.594193548387098,16.62189059684386,5.588341331818286,13.264578960621222,18.852920292439507,11.18,29.62,"[19, 12, 17]","[{""policy"": ""ambulance_new_base"", ""target_id"": ""REG004"", ""target_name"": ""신안동"", ""target_region_id"": ""REG004"", ""target_region_name"": ""신안동""}, {""policy"": ""ambulance_existing"", ""target_id"": ""EMS013"", ""target_name"": ""성환119안전센터"", ""target_region_id"": ""REG030"", ""target_region_name"": ""성환읍""}, {""policy"": ""ambulance_new_base"", ""target_id"": ""REG002"", ""target_name"": ""봉명동"", ""target_region_id"": ""REG002"", ""target_region_name"": ""봉명동""}]"
127,42,1.1083982603066502,0.0,5.0831809194245015,10.856635269370763,15.939816188795264,5.4914959390052385,12.699001074909956,18.190497013915195,11.18,29.62,"[23, 38, 17]","[{""policy"": ""ambulance_new_base"", ""target_id"": ""REG010"", ""target_name"": ""광덕면"", ""target_region_id"": ""REG010"", ""target_region_name"": ""광덕면""}, {""policy"": ""hospital_upgrade"", ""target_id"": ""JDQ4MTYyMiM2MSMkMSMkMiMkOTkkMzgxMzUxIzIxIyQxIyQ1IyQ3OSQzNjE4MzIjODEjJDEjJDYjJDgz"", ""target_name"": ""앙즈로여성병원"", ""target_region_id"": null, ""target_region_name"": null}, {""policy"": ""ambulance_new_base"", ""target_id"": ""REG002"", ""target_name"": ""봉명동"", ""target_region_id"": ""REG002"", ""target_region_name"": ""봉명동""}]"
128,42,0.8165180632008342,0.0356736742774606,5.30471554719749,11.093193138623256,16.397908685820745,5.64393497465041,12.874115910648063,18.51805088529847,11.18,29.62,"[35, 12, 16]","[{""policy"": ""hospital_upgrade"", ""target_id"": ""JDQ4MTYyMiM2MSMkMSMkMiMkOTkkMzgxMzUxIzIxIyQxIyQ1IyQ2MiQ0NjE0ODEjNjEjJDEjJDgjJDgz"", ""target_name"": ""천안해울병원"", ""target_region_id"": null, ""target_region_name"": null}, {""policy"": ""ambulance_existing"", ""target_id"": ""EMS013"", ""target_name"": ""성환119안전센터"", ""target_region_id"": ""REG030"", ""target_region_name"": ""성환읍""}, {""policy"": ""ambulance_new_base"", ""target_id"": ""REG001"", ""target_name"": ""문성동"", ""target_region_id"": ""REG001"", ""target_region_name"": ""문성동""}]"
129,42,0.7305821018654939,0.0,5.599677419354838,10.580751039264293,16.180428458619136,6.034316313600623,12.533996858755733,18.56831317235635,11.18,29.62,"[34, 46, 48]","[{""policy"": ""hospital_upgrade"", ""target_id"": ""JDQ4MTYyMiM2MSMkMSMkMiMkOTkkMzgxMzUxIzExIyQyIyQ3IyQwMCQ0NjE0ODEjNjEjJDEjJDgjJDgz"", ""target_name"": ""천안우리병원"", ""target_region_id"": null, ""target_region_name"": null}, {""policy"": ""hospital_upgrade"", ""target_id"": ""JDQ4MTYyMiM2MSMkMSMkMiMkOTkkMzgxMzUxIzIxIyQxIyQxIyQ3OSQyNjEyMjIjNDEjJDEjJDgjJDgz"", ""target_name"": ""우리척병원"", ""target_region_id"": null, ""target_region_name"": null}, {""policy"": ""hospital_upgrade"", ""target_id"": ""JDQ4MTYyMiM2MSMkMSMkMiMkOTkkMzgxMzUxIzIxIyQxIyQxIyQ5MiQyNjE4MzIjNDEjJDEjJDgjJDgz"", ""target_name"": ""혜성산부인과병원"", ""target_region_id"": null, ""target_region_name"": null}]"
130,42,1.1300685682711773,0.0,4.697127792907037,11.594193548387098,16.291321341294136,4.904247745329445,13.264578960621222,18.168826705950668,11.18,29.62,"[17, 24, 28]","[{""policy"": ""ambulance_new_base"", ""target_id"": ""REG002"", ""target_name"": ""봉명동"", ""target_region_id"": ""REG002"", ""target_region_name"": ""봉명동""}, {""policy"": ""ambulance_new_base"", ""target_id"": ""REG011"", ""target_name"": ""동면"", ""target_region_id"": ""REG011"", ""target_region_name"": ""동면""}, {""policy"": ""ambulance_new_base"", ""target_id"": ""REG020"", ""target_name"": ""부성2동"", ""target_region_id"": ""REG020"", ""target_region_name"": ""부성2동""}]"
131,42,0.9051715521740317,0.0222107429571171,5.239032258064516,11.302330291013508,16.541362549078023,5.438138036909479,12.977796428095454,18.41593446500493,10.85,29.62,"[25, 34, 10]","[{""policy"": ""ambulance_new_base"", ""target_id"": ""REG015"", ""target_name"": ""수신면"", ""target_region_id"": ""REG015"", ""target_region_name"": ""수신면""}, {""policy"": ""hospital_upgrade"", ""target_id"": ""JDQ4MTYyMiM2MSMkMSMkMiMkOTkkMzgxMzUxIzExIyQyIyQ3IyQwMCQ0NjE0ODEjNjEjJDEjJDgjJDgz"", ""target_name"": ""천안우리병원"", ""target_region_id"": null, ""target_region_name"": null}, {""policy"": ""ambulance_existing"", ""target_id"": ""EMS011"", ""target_name"": ""서부119안전센터"", ""target_region_id"": ""REG023"", ""target_region_name"": ""성정1동""}]"
132,42,1.0264109595236164,0.0,5.295483870967741,10.623032386995813,15.918516257963557,5.8214151748001814,12.451069139898053,18.27248431469823,11.18,29.62,"[40, 34, 27]","[{""policy"": ""hospital_upgrade"", ""target_id"": ""JDQ4MTYyMiM2MSMkMSMkMiMkOTkkMzgxMzUxIzIxIyQxIyQ1IyQ4OSQyNjE4MzIjNTEjJDEjJDYjJDgz"", ""target_name"": ""아이본병원"", ""target_region_id"": null, ""target_region_name"": null}, {""policy"": ""hospital_upgrade"", ""target_id"": ""JDQ4MTYyMiM2MSMkMSMkMiMkOTkkMzgxMzUxIzExIyQyIyQ3IyQwMCQ0NjE0ODEjNjEjJDEjJDgjJDgz"", ""target_name"": ""천안우리병원"", ""target_region_id"": null, ""target_region_name"": null}, {""policy"": ""ambulance_new_base"", ""target_id"": ""REG019"", ""target_name"": ""부성1동"", ""target_region_id"": ""REG019"", ""target_region_name"": ""부성1동""}]"
133,42,0.6282177404624388,0.06263985475117159,5.599677419354838,10.856635269370763,16.4563126887256,6.034316313600623,12.699001074909956,18.733317388510578,11.18,29.62,"[1, 38, 9]","[{""policy"": ""ambulance_existing"", ""target_id"": ""EMS002"", ""target_name"": ""독립119안전센터"", ""target_region_id"": ""REG017"", ""target_region_name"": ""목천읍""}, {""policy"": ""hospital_upgrade"", ""target_id"": ""JDQ4MTYyMiM2MSMkMSMkMiMkOTkkMzgxMzUxIzIxIyQxIyQ1IyQ3OSQzNjE4MzIjODEjJDEjJDYjJDgz"", ""target_name"": ""앙즈로여성병원"", ""target_region_id"": null, ""target_region_name"": null}, {""policy"": ""ambulance_existing"", ""target_id"": ""EMS010"", ""target_name"": ""불당119안전센터"", ""target_region_id"": ""REG022"", ""target_region_name"": ""불당2동""}]"
134,42,0.6600927787460584,0.0,5.443235834934136,10.646147950512761,16.0893837854469,5.932671322458575,12.706131173017212,18.638802495475787,11.18,29.62,"[26, 36, 46]","[{""policy"": ""ambulance_new_base"", ""target_id"": ""REG018"", ""target_name"": ""백석동"", ""target_region_id"": ""REG018"", ""target_region_name"": ""백석동""}, {""policy"": ""hospital_upgrade"", ""target_id"": ""JDQ4MTYyMiM2MSMkMSMkMiMkOTkkMzgxMzUxIzIxIyQxIyQ1IyQ2MiQzNjE4MzIjODEjJDEjJDIjJDgz"", ""target_name"": ""돋움병원"", ""target_region_id"": null, ""target_region_name"": null}, {""policy"": ""hospital_upgrade"", ""target_id"": ""JDQ4MTYyMiM2MSMkMSMkMiMkOTkkMzgxMzUxIzIxIyQxIyQxIyQ3OSQyNjEyMjIjNDEjJDEjJDgjJDgz"", ""target_name"": ""우리척병원"", ""target_region_id"": null, ""target_region_name"": null}]"
135,42,0.8338549441588228,0.0,5.599677419354838,10.56975354492139,16.169430964276227,6.034316313600623,12.4307240164624,18.465040330063022,11.18,29.62,"[34, 32, 49]","[{""policy"": ""hospital_upgrade"", ""target_id"": ""JDQ4MTYyMiM2MSMkMSMkMiMkOTkkMzgxMzUxIzExIyQyIyQ3IyQwMCQ0NjE0ODEjNjEjJDEjJDgjJDgz"", ""target_name"": ""천안우리병원"", ""target_region_id"": null, ""target_region_name"": null}, {""policy"": ""hospital_upgrade"", ""target_id"": ""JDQ4MTYyMiM2MSMkMSMkMiMkOTkkMzgxMzUxIzExIyQxIyQ3IyQ4OSQzNjE0ODEjODEjJDEjJDYjJDgz"", ""target_name"": ""새로나병원"", ""target_region_id"": null, ""target_region_name"": null}, {""policy"": ""hospital_upgrade"", ""target_id"": ""JDQ4MTYyMiM2MSMkMSMkMiMkOTkkMzgxMzUxIzIxIyQxIyQxIyQ5MiQyNjEwMDIjNjEjJDEjJDAjJDgz"", ""target_name"": ""두정이진병원"", ""target_region_id"": null, ""target_region_name"": null}]"
136,42,0.7408630463032493,0.0042478320188186,5.265170274394114,10.903044755594616,16.16821502998873,5.8270612018601655,12.73521885807725,18.562280059937414,11.18,29.62,"[37, 4, 30]","[{""policy"": ""hospital_upgrade"", ""target_id"": ""JDQ4MTYyMiM2MSMkMSMkMiMkOTkkMzgxMzUxIzIxIyQxIyQ1IyQ3OSQyNjE0ODEjNDEjJDEjJDgjJDgz"", ""target_name"": ""마디손병원"", ""target_region_id"": null, ""target_region_name"": null}, {""policy"": ""ambulance_existing"", ""target_id"": ""EMS005"", ""target_name"": ""성남지역대"", ""target_region_id"": ""REG014"", ""target_region_name"": ""성남면""}, {""policy"": ""ambulance_new_base"", ""target_id"": ""REG025"", ""target_name"": ""쌍용1동"", ""target_region_id"": ""REG025"", ""target_region_name"": ""쌍용1동""}]"
137,42,0.624175042684499,0.0222105191482742,5.599677419354838,10.802380359961548,16.402057779316387,6.034316313600623,12.662614437084999,18.69693075068562,11.18,29.62,"[7, 37, 51]","[{""policy"": ""ambulance_existing"", ""target_id"": ""EMS008"", ""target_name"": ""119구조구급센터119안전센터"", ""target_region_id"": ""REG031"", ""target_region_name"": ""직산읍""}, {""policy"": ""hospital_upgrade"", ""target_id"": ""JDQ4MTYyMiM2MSMkMSMkMiMkOTkkMzgxMzUxIzIxIyQxIyQ1IyQ3OSQyNjE0ODEjNDEjJDEjJDgjJDgz"", ""target_name"": ""마디손병원"", ""target_region_id"": null, ""target_region_name"": null}, {""policy"": ""hospital_upgrade"", ""target_id"": ""JDQ4MTYyMiM2MSMkMSMkMiMkOTkkMzgxMzUxIzIxIyQxIyQxIyQwMyQyNjE4MzIjODEjJDEjJDIjJDgz"", ""target_name"": ""서울대정병원"", ""target_region_id"": null, ""target_region_name"": null}]"
138,42,0.932290549167444,0.0,5.30953667865867,10.680837964636725,15.990374643295397,5.817718036654236,12.548886688400165,18.3666047250544,11.18,29.62,"[41, 32, 21]","[{""policy"": ""hospital_upgrade"", ""target_id"": ""JDQ4MTYyMiM2MSMkMSMkMiMkOTkkMzgxMzUxIzIxIyQxIyQ1IyQ4OSQyNjEyMjIjNjEjJDEjJDQjJDgz"", ""target_name"": ""서울프라임병원"", ""target_region_id"": null, ""target_region_name"": null}, {""policy"": ""hospital_upgrade"", ""target_id"": ""JDQ4MTYyMiM2MSMkMSMkMiMkOTkkMzgxMzUxIzExIyQxIyQ3IyQ4OSQzNjE0ODEjODEjJDEjJDYjJDgz"", ""target_name"": ""새로나병원"", ""target_region_id"": null, ""target_region_name"": null}, {""policy"": ""ambulance_new_base"", ""target_id"": ""REG007"", ""target_name"": ""일봉동"", ""target_region_id"": ""REG007"", ""target_region_name"": ""일봉동""}]"
139,42,0.9740903355953137,0.0,5.599677419354838,10.402412316977331,16.00208973633217,6.034316313600623,12.290488625025906,18.32480493862653,11.18,29.62,"[42, 51, 50]","[{""policy"": ""hospital_upgrade"", ""target_id"": ""JDQ4MTYyMiM2MSMkMSMkMiMkOTkkMzgxMzUxIzIxIyQxIyQ1IyQ5OSQzNjEyMjIjNjEjJDEjJDQjJDgz"", ""target_name"": ""천안다나힐병원"", ""target_region_id"": null, ""target_region_name"": null}, {""policy"": ""hospital_upgrade"", ""target_id"": ""JDQ4MTYyMiM2MSMkMSMkMiMkOTkkMzgxMzUxIzIxIyQxIyQxIyQwMyQyNjE4MzIjODEjJDEjJDIjJDgz"", ""target_name"": ""서울대정병원"", ""target_region_id"": null, ""target_region_name"": null}, {""policy"": ""hospital_upgrade"", ""target_id"": ""JDQ4MTYyMiM2MSMkMSMkMiMkOTkkMzgxMzUxIzIxIyQxIyQxIyQwMyQyNjE0ODEjNTEjJDEjJDYjJDgz"", ""target_name"": ""천안21세기병원"", ""target_region_id"": null, ""target_region_name"": null}]"
140,42,0.7568585385283914,6.036187032550563e-05,5.260793486616837,10.856635269370763,16.1174287559876,5.843096022653826,12.699001074909956,18.54209709756378,11.18,29.62,"[38, 31, 13]","[{""policy"": ""hospital_upgrade"", ""target_id"": ""JDQ4MTYyMiM2MSMkMSMkMiMkOTkkMzgxMzUxIzIxIyQxIyQ1IyQ3OSQzNjE4MzIjODEjJDEjJDYjJDgz"", ""target_name"": ""앙즈로여성병원"", ""target_region_id"": null, ""target_region_name"": null}, {""policy"": ""ambulance_new_base"", ""target_id"": ""REG027"", ""target_name"": ""쌍용3동"", ""target_region_id"": ""REG027"", ""target_region_name"": ""쌍용3동""}, {""policy"": ""ambulance_existing"", ""target_id"": ""EMS014"", ""target_name"": ""쌍용119안전센터"", ""target_region_id"": ""REG026"", ""target_region_name"": ""쌍용2동""}]"
141,42,0.4475422384738809,0.0461916173658476,5.295483870967741,11.346236395124912,16.641720266092655,5.8214151748001814,13.076129478313634,18.897544653113812,11.18,29.62,"[32, 9, 27]","[{""policy"": ""hospital_upgrade"", ""target_id"": ""JDQ4MTYyMiM2MSMkMSMkMiMkOTkkMzgxMzUxIzExIyQxIyQ3IyQ4OSQzNjE0ODEjODEjJDEjJDYjJDgz"", ""target_name"": ""새로나병원"", ""target_region_id"": null, ""target_region_name"": null}, {""policy"": ""ambulance_existing"", ""target_id"": ""EMS010"", ""target_name"": ""불당119안전센터"", ""target_region_id"": ""REG022"", ""target_region_name"": ""불당2동""}, {""policy"": ""ambulance_new_base"", ""target_id"": ""REG019"", ""target_name"": ""부성1동"", ""target_region_id"": ""REG019"", ""target_region_name"": ""부성1동""}]"
142,42,0.3528097252521472,0.0013755227968207,5.067787210726447,11.594193548387098,16.661980759113547,5.6828821111452985,13.264578960621222,18.94746107176652,11.18,29.62,"[30, 29, 0]","[{""policy"": ""ambulance_new_base"", ""target_id"": ""REG025"", ""target_name"": ""쌍용1동"", ""target_region_id"": ""REG025"", ""target_region_name"": ""쌍용1동""}, {""policy"": ""ambulance_new_base"", ""target_id"": ""REG021"", ""target_name"": ""불당1동"", ""target_region_id"": ""REG021"", ""target_region_name"": ""불당1동""}, {""policy"": ""ambulance_existing"", ""target_id"": ""EMS001"", ""target_name"": ""119구조구급센터119안전센터"", ""target_region_id"": ""REG006"", ""target_region_name"": ""원성2동""}]"
143,42,1.0059911069014298,0.0,5.295483870967741,10.576052306114136,15.871536177081877,5.8214151748001814,12.471488992520237,18.292904167320415,11.18,29.62,"[35, 27, 39]","[{""policy"": ""hospital_upgrade"", ""target_id"": ""JDQ4MTYyMiM2MSMkMSMkMiMkOTkkMzgxMzUxIzIxIyQxIyQ1IyQ2MiQ0NjE0ODEjNjEjJDEjJDgjJDgz"", ""target_name"": ""천안해울병원"", ""target_region_id"": null, ""target_region_name"": null}, {""policy"": ""ambulance_new_base"", ""target_id"": ""REG019"", ""target_name"": ""부성1동"", ""target_region_id"": ""REG019"", ""target_region_name"": ""부성1동""}, {""policy"": ""hospital_upgrade"", ""target_id"": ""JDQ4MTYyMiM2MSMkMSMkMiMkOTkkMzgxMzUxIzIxIyQxIyQ1IyQ4OSQ0NjEwMDIjNTEjJDEjJDIjJDgz"", ""target_name"": ""천안리턴병원"", ""target_region_id"": null, ""target_region_name"": null}]"
144,42,0.8417889198559578,0.0,5.139042286547038,10.92879511789891,16.067837404445946,5.719770183658134,12.737336170707753,18.457106354365887,11.18,29.62,"[26, 27, 41]","[{""policy"": ""ambulance_new_base"", ""target_id"": ""REG018"", ""target_name"": ""백석동"", ""target_region_id"": ""REG018"", ""target_region_name"": ""백석동""}, {""policy"": ""ambulance_new_base"", ""target_id"": ""REG019"", ""target_name"": ""부성1동"", ""target_region_id"": ""REG019"", ""target_region_name"": ""부성1동""}, {""policy"": ""hospital_upgrade"", ""target_id"": ""JDQ4MTYyMiM2MSMkMSMkMiMkOTkkMzgxMzUxIzIxIyQxIyQ1IyQ4OSQyNjEyMjIjNjEjJDEjJDQjJDgz"", ""target_name"": ""서울프라임병원"", ""target_region_id"": null, ""target_region_name"": null}]"
145,42,0.4786663154090507,0.0222105191482742,5.599677419354838,10.926963779020644,16.526641198375483,6.034316313600623,12.80812316436045,18.84243947796107,11.18,29.62,"[45, 49, 7]","[{""policy"": ""hospital_upgrade"", ""target_id"": ""JDQ4MTYyMiM2MSMkMSMkMiMkOTkkMzgxMzUxIzIxIyQxIyQxIyQ3MiQzNjE4MzIjODEjJDEjJDYjJDgz"", ""target_name"": ""삼성스카이병원"", ""target_region_id"": null, ""target_region_name"": null}, {""policy"": ""hospital_upgrade"", ""target_id"": ""JDQ4MTYyMiM2MSMkMSMkMiMkOTkkMzgxMzUxIzIxIyQxIyQxIyQ5MiQyNjEwMDIjNjEjJDEjJDAjJDgz"", ""target_name"": ""두정이진병원"", ""target_region_id"": null, ""target_region_name"": null}, {""policy"": ""ambulance_existing"", ""target_id"": ""EMS008"", ""target_name"": ""119구조구급센터119안전센터"", ""target_region_id"": ""REG031"", ""target_region_name"": ""직산읍""}]"
146,42,0.6005143746710764,0.0349364889598092,5.599677419354838,10.856635269370763,16.4563126887256,6.034316313600623,12.699001074909956,18.733317388510578,11.18,29.62,"[6, 4, 38]","[{""policy"": ""ambulance_existing"", ""target_id"": ""EMS007"", ""target_name"": ""풍세119안전센터"", ""target_region_id"": ""REG016"", ""target_region_name"": ""풍세면""}, {""policy"": ""ambulance_existing"", ""target_id"": ""EMS005"", ""target_name"": ""성남지역대"", ""target_region_id"": ""REG014"", ""target_region_name"": ""성남면""}, {""policy"": ""hospital_upgrade"", ""target_id"": ""JDQ4MTYyMiM2MSMkMSMkMiMkOTkkMzgxMzUxIzIxIyQxIyQ1IyQ3OSQzNjE4MzIjODEjJDEjJDYjJDgz"", ""target_name"": ""앙즈로여성병원"", ""target_region_id"": null, ""target_region_name"": null}]"
147,42,1.2771578257927843,0.0,5.232801978072861,10.513302104502895,15.746104082575757,5.567406178782148,12.454331269646914,18.02173744842906,11.18,29.62,"[22, 37, 49]","[{""policy"": ""ambulance_new_base"", ""target_id"": ""REG008"", ""target_name"": ""중앙동"", ""target_region_id"": ""REG008"", ""target_region_name"": ""중앙동""}, {""policy"": ""hospital_upgrade"", ""target_id"": ""JDQ4MTYyMiM2MSMkMSMkMiMkOTkkMzgxMzUxIzIxIyQxIyQ1IyQ3OSQyNjE0ODEjNDEjJDEjJDgjJDgz"", ""target_name"": ""마디손병원"", ""target_region_id"": null, ""target_region_name"": null}, {""policy"": ""hospital_upgrade"", ""target_id"": ""JDQ4MTYyMiM2MSMkMSMkMiMkOTkkMzgxMzUxIzIxIyQxIyQxIyQ5MiQyNjEwMDIjNjEjJDEjJDAjJDgz"", ""target_name"": ""두정이진병원"", ""target_region_id"": null, ""target_region_name"": null}]"
148,42,0.9186837660829035,0.0,5.422903225806452,10.56477201199717,15.987675237803623,5.967992965754759,12.412218542384187,18.38021150813894,11.18,29.62,"[34, 38, 18]","[{""policy"": ""hospital_upgrade"", ""target_id"": ""JDQ4MTYyMiM2MSMkMSMkMiMkOTkkMzgxMzUxIzExIyQyIyQ3IyQwMCQ0NjE0ODEjNjEjJDEjJDgjJDgz"", ""target_name"": ""천안우리병원"", ""target_region_id"": null, ""target_region_name"": null}, {""policy"": ""hospital_upgrade"", ""target_id"": ""JDQ4MTYyMiM2MSMkMSMkMiMkOTkkMzgxMzUxIzIxIyQxIyQ1IyQ3OSQzNjE4MzIjODEjJDEjJDYjJDgz"", ""target_name"": ""앙즈로여성병원"", ""target_region_id"": null, ""target_region_name"": null}, {""policy"": ""ambulance_new_base"", ""target_id"": ""REG003"", ""target_name"": ""신방동"", ""target_region_id"": ""REG003"", ""target_region_name"": ""신방동""}]"
149,42,0.8624971981188807,0.0,5.599677419354838,10.547980651963464,16.147658071318304,6.034316313600623,12.402081762502345,18.436398076102964,11.18,29.62,"[34, 40, 42]","[{""policy"": ""hospital_upgrade"", ""target_id"": ""JDQ4MTYyMiM2MSMkMSMkMiMkOTkkMzgxMzUxIzExIyQyIyQ3IyQwMCQ0NjE0ODEjNjEjJDEjJDgjJDgz"", ""target_name"": ""천안우리병원"", ""target_region_id"": null, ""target_region_name"": null}, {""policy"": ""hospital_upgrade"", ""target_id"": ""JDQ4MTYyMiM2MSMkMSMkMiMkOTkkMzgxMzUxIzIxIyQxIyQ1IyQ4OSQyNjE4MzIjNTEjJDEjJDYjJDgz"", ""target_name"": ""아이본병원"", ""target_region_id"": null, ""target_region_name"": null}, {""policy"": ""hospital_upgrade"", ""target_id"": ""JDQ4MTYyMiM2MSMkMSMkMiMkOTkkMzgxMzUxIzIxIyQxIyQ1IyQ5OSQzNjEyMjIjNjEjJDEjJDQjJDgz"", ""target_name"": ""천안다나힐병원"", ""target_region_id"": null, ""target_region_name"": null}]"
150,42,0.7445580611203866,0.0,4.890920485196153,11.594193548387098,16.48511403358325,5.2897582524802385,13.264578960621222,18.55433721310146,11.18,29.62,"[28, 16, 18]","[{""policy"": ""ambulance_new_base"", ""target_id"": ""REG020"", ""target_name"": ""부성2동"", ""target_region_id"": ""REG020"", ""target_region_name"": ""부성2동""}, {""policy"": ""ambulance_new_base"", ""target_id"": ""REG001"", ""target_name"": ""문성동"", ""target_region_id"": ""REG001"", ""target_region_name"": ""문성동""}, {""policy"": ""ambulance_new_base"", ""target_id"": ""REG003"", ""target_name"": ""신방동"", ""target_region_id"": ""REG003"", ""target_region_name"": ""신방동""}]"
151,42,0.4325971873111627,0.0264583511670928,5.599677419354838,11.033865820568307,16.633543239923146,6.034316313600623,12.858440124477161,18.892756438077775,11.18,29.62,"[49, 7, 4]","[{""policy"": ""hospital_upgrade"", ""target_id"": ""JDQ4MTYyMiM2MSMkMSMkMiMkOTkkMzgxMzUxIzIxIyQxIyQxIyQ5MiQyNjEwMDIjNjEjJDEjJDAjJDgz"", ""target_name"": ""두정이진병원"", ""target_region_id"": null, ""target_region_name"": null}, {""policy"": ""ambulance_existing"", ""target_id"": ""EMS008"", ""target_name"": ""119구조구급센터119안전센터"", ""target_region_id"": ""REG031"", ""target_region_name"": ""직산읍""}, {""policy"": ""ambulance_existing"", ""target_id"": ""EMS005"", ""target_name"": ""성남지역대"", ""target_region_id"": ""REG014"", ""target_region_name"": ""성남면""}]"
152,42,1.1761988363307694,0.0,5.022835821889322,10.922183961670516,15.945019783559838,5.385483673848233,12.737212764042843,18.122696437891076,11.18,29.62,"[20, 39, 22]","[{""policy"": ""ambulance_new_base"", ""target_id"": ""REG005"", ""target_name"": ""원성1동"", ""target_region_id"": ""REG005"", ""target_region_name"": ""원성1동""}, {""policy"": ""hospital_upgrade"", ""target_id"": ""JDQ4MTYyMiM2MSMkMSMkMiMkOTkkMzgxMzUxIzIxIyQxIyQ1IyQ4OSQ0NjEwMDIjNTEjJDEjJDIjJDgz"", ""target_name"": ""천안리턴병원"", ""target_region_id"": null, ""target_region_name"": null}, {""policy"": ""ambulance_new_base"", ""target_id"": ""REG008"", ""target_name"": ""중앙동"", ""target_region_id"": ""REG008"", ""target_region_name"": ""중앙동""}]"
153,42,0.7882251827623872,0.0461916173658476,5.342699713174523,10.848247068703982,16.190946781878502,5.860800250783288,12.696061458042019,18.556861708825306,11.18,29.62,"[29, 9, 51]","[{""policy"": ""ambulance_new_base"", ""target_id"": ""REG021"", ""target_name"": ""불당1동"", ""target_region_id"": ""REG021"", ""target_region_name"": ""불당1동""}, {""policy"": ""ambulance_existing"", ""target_id"": ""EMS010"", ""target_name"": ""불당119안전센터"", ""target_region_id"": ""REG022"", ""target_region_name"": ""불당2동""}, {""policy"": ""hospital_upgrade"", ""target_id"": ""JDQ4MTYyMiM2MSMkMSMkMiMkOTkkMzgxMzUxIzIxIyQxIyQxIyQwMyQyNjE4MzIjODEjJDEjJDIjJDgz"", ""target_name"": ""서울대정병원"", ""target_region_id"": null, ""target_region_name"": null}]"
154,42,1.3113550471961375,0.0,5.239032258064516,10.666938491107217,15.905970749171736,5.438138036909479,12.549402190116233,17.987540227025708,10.85,29.62,"[32, 25, 40]","[{""policy"": ""hospital_upgrade"", ""target_id"": ""JDQ4MTYyMiM2MSMkMSMkMiMkOTkkMzgxMzUxIzExIyQxIyQ3IyQ4OSQzNjE0ODEjODEjJDEjJDYjJDgz"", ""target_name"": ""새로나병원"", ""target_region_id"": null, ""target_region_name"": null}, {""policy"": ""ambulance_new_base"", ""target_id"": ""REG015"", ""target_name"": ""수신면"", ""target_region_id"": ""REG015"", ""target_region_name"": ""수신면""}, {""policy"": ""hospital_upgrade"", ""target_id"": ""JDQ4MTYyMiM2MSMkMSMkMiMkOTkkMzgxMzUxIzIxIyQxIyQ1IyQ4OSQyNjE4MzIjNTEjJDEjJDYjJDgz"", ""target_name"": ""아이본병원"", ""target_region_id"": null, ""target_region_name"": null}]"
155,42,0.624266319173778,0.0013755227968207,5.599677419354838,10.663079887171962,16.2627573065268,6.034316313600623,12.641688164244268,18.676004477844888,11.18,29.62,"[33, 52, 0]","[{""policy"": ""hospital_upgrade"", ""target_id"": ""JDQ4MTYyMiM2MSMkMSMkMiMkOTkkMzgxMzUxIzExIyQxIyQ3IyQ5OSQ0NjE0ODEjODEjJDEjJDYjJDgz"", ""target_name"": ""예일병원"", ""target_region_id"": null, ""target_region_name"": null}, {""policy"": ""hospital_upgrade"", ""target_id"": ""JDQ4MTYyMiM2MSMkMSMkMiMkOTkkMzgxMzUxIzIxIyQxIyQxIyQxMyQyNjEyMjIjNzEjJDEjJDgjJDgz"", ""target_name"": ""SG삼성조은병원"", ""target_region_id"": null, ""target_region_name"": null}, {""policy"": ""ambulance_existing"", ""target_id"": ""EMS001"", ""target_name"": ""119구조구급센터119안전센터"", ""target_region_id"": ""REG006"", ""target_region_name"": ""원성2동""}]"
156,42,0.9037376279035301,0.0306886569409906,5.232801978072861,11.033865820568307,16.26666779864117,5.567406178782148,12.858440124477161,18.425846303259306,11.18,29.62,"[6, 22, 49]","[{""policy"": ""ambulance_existing"", ""target_id"": ""EMS007"", ""target_name"": ""풍세119안전센터"", ""target_region_id"": ""REG016"", ""target_region_name"": ""풍세면""}, {""policy"": ""ambulance_new_base"", ""target_id"": ""REG008"", ""target_name"": ""중앙동"", ""target_region_id"": ""REG008"", ""target_region_name"": ""중앙동""}, {""policy"": ""hospital_upgrade"", ""target_id"": ""JDQ4MTYyMiM2MSMkMSMkMiMkOTkkMzgxMzUxIzIxIyQxIyQxIyQ5MiQyNjEwMDIjNjEjJDEjJDAjJDgz"", ""target_name"": ""두정이진병원"", ""target_region_id"": null, ""target_region_name"": null}]"
157,42,0.5865774006116369,0.0306886569409906,5.599677419354838,10.644824573513601,16.244501992868443,6.034316313600623,12.708690216950579,18.7430065305512,11.18,29.62,"[33, 6, 45]","[{""policy"": ""hospital_upgrade"", ""target_id"": ""JDQ4MTYyMiM2MSMkMSMkMiMkOTkkMzgxMzUxIzExIyQxIyQ3IyQ5OSQ0NjE0ODEjODEjJDEjJDYjJDgz"", ""target_name"": ""예일병원"", ""target_region_id"": null, ""target_region_name"": null}, {""policy"": ""ambulance_existing"", ""target_id"": ""EMS007"", ""target_name"": ""풍세119안전센터"", ""target_region_id"": ""REG016"", ""target_region_name"": ""풍세면""}, {""policy"": ""hospital_upgrade"", ""target_id"": ""JDQ4MTYyMiM2MSMkMSMkMiMkOTkkMzgxMzUxIzIxIyQxIyQxIyQ3MiQzNjE4MzIjODEjJDEjJDYjJDgz"", ""target_name"": ""삼성스카이병원"", ""target_region_id"": null, ""target_region_name"": null}]"
158,42,0.7530634516697546,0.016448237385324,5.265170274394114,10.903044755594616,16.16821502998873,5.8270612018601655,12.73521885807725,18.562280059937414,11.18,29.62,"[37, 30, 1]","[{""policy"": ""hospital_upgrade"", ""target_id"": ""JDQ4MTYyMiM2MSMkMSMkMiMkOTkkMzgxMzUxIzIxIyQxIyQ1IyQ3OSQyNjE0ODEjNDEjJDEjJDgjJDgz"", ""target_name"": ""마디손병원"", ""target_region_id"": null, ""target_region_name"": null}, {""policy"": ""ambulance_new_base"", ""target_id"": ""REG025"", ""target_name"": ""쌍용1동"", ""target_region_id"": ""REG025"", ""target_region_name"": ""쌍용1동""}, {""policy"": ""ambulance_existing"", ""target_id"": ""EMS002"", ""target_name"": ""독립119안전센터"", ""target_region_id"": ""REG017"", ""target_region_name"": ""목천읍""}]"
159,42,1.1236789775867377,0.0042478320188186,5.249677419354838,10.922183961670516,16.171861381025355,5.442251364611085,12.737212764042843,18.179464128653926,11.18,29.62,"[24, 4, 39]","[{""policy"": ""ambulance_new_base"", ""target_id"": ""REG011"", ""target_name"": ""동면"", ""target_region_id"": ""REG011"", ""target_region_name"": ""동면""}, {""policy"": ""ambulance_existing"", ""target_id"": ""EMS005"", ""target_name"": ""성남지역대"", ""target_region_id"": ""REG014"", ""target_region_name"": ""성남면""}, {""policy"": ""hospital_upgrade"", ""target_id"": ""JDQ4MTYyMiM2MSMkMSMkMiMkOTkkMzgxMzUxIzIxIyQxIyQ1IyQ4OSQ0NjEwMDIjNTEjJDEjJDIjJDgz"", ""target_name"": ""천안리턴병원"", ""target_region_id"": null, ""target_region_name"": null}]"
160,42,1.1949214662599739,0.0343390146912308,5.249677419354838,10.848247068703982,16.09792448805882,5.442251364611085,12.696061458042019,18.138312822653102,11.18,29.62,"[51, 24, 15]","[{""policy"": ""hospital_upgrade"", ""target_id"": ""JDQ4MTYyMiM2MSMkMSMkMiMkOTkkMzgxMzUxIzIxIyQxIyQxIyQwMyQyNjE4MzIjODEjJDEjJDIjJDgz"", ""target_name"": ""서울대정병원"", ""target_region_id"": null, ""target_region_name"": null}, {""policy"": ""ambulance_new_base"", ""target_id"": ""REG011"", ""target_name"": ""동면"", ""target_region_id"": ""REG011"", ""target_region_name"": ""동면""}, {""policy"": ""ambulance_existing"", ""target_id"": ""EMS016"", ""target_name"": ""직산119안전센터"", ""target_region_id"": ""REG031"", ""target_region_name"": ""직산읍""}]"
161,42,0.6046580005474775,0.0013755227968207,5.000521998810393,11.594193548387098,16.594715547197488,5.431033835849968,13.264578960621222,18.69561279647119,11.18,29.62,"[0, 16, 27]","[{""policy"": ""ambulance_existing"", ""target_id"": ""EMS001"", ""target_name"": ""119구조구급센터119안전센터"", ""target_region_id"": ""REG006"", ""target_region_name"": ""원성2동""}, {""policy"": ""ambulance_new_base"", ""target_id"": ""REG001"", ""target_name"": ""문성동"", ""target_region_id"": ""REG001"", ""target_region_name"": ""문성동""}, {""policy"": ""ambulance_new_base"", ""target_id"": ""REG019"", ""target_name"": ""부성1동"", ""target_region_id"": ""REG019"", ""target_region_name"": ""부성1동""}]"
162,42,0.8640930445309613,0.0495123820092479,5.36265655090189,10.914895644369402,16.277552195271294,5.746462939276316,12.73785167242382,18.484314611700132,11.18,29.62,"[40, 5, 28]","[{""policy"": ""hospital_upgrade"", ""target_id"": ""JDQ4MTYyMiM2MSMkMSMkMiMkOTkkMzgxMzUxIzIxIyQxIyQ1IyQ4OSQyNjE4MzIjNTEjJDEjJDYjJDgz"", ""target_name"": ""아이본병원"", ""target_region_id"": null, ""target_region_name"": null}, {""policy"": ""ambulance_existing"", ""target_id"": ""EMS006"", ""target_name"": ""청당119안전센터"", ""target_region_id"": ""REG009"", ""target_region_name"": ""청룡동""}, {""policy"": ""ambulance_new_base"", ""target_id"": ""REG020"", ""target_name"": ""부성2동"", ""target_region_id"": ""REG020"", ""target_region_name"": ""부성2동""}]"
163,42,0.5932948385078465,0.0348470509038332,5.599677419354838,10.646147950512761,16.2458253698676,6.034316313600623,12.706131173017212,18.740447486617832,11.18,29.62,"[36, 46, 2]","[{""policy"": ""hospital_upgrade"", ""target_id"": ""JDQ4MTYyMiM2MSMkMSMkMiMkOTkkMzgxMzUxIzIxIyQxIyQ1IyQ2MiQzNjE4MzIjODEjJDEjJDIjJDgz"", ""target_name"": ""돋움병원"", ""target_region_id"": null, ""target_region_name"": null}, {""policy"": ""hospital_upgrade"", ""target_id"": ""JDQ4MTYyMiM2MSMkMSMkMiMkOTkkMzgxMzUxIzIxIyQxIyQxIyQ3OSQyNjEyMjIjNDEjJDEjJDgjJDgz"", ""target_name"": ""우리척병원"", ""target_region_id"": null, ""target_region_name"": null}, {""policy"": ""ambulance_existing"", ""target_id"": ""EMS003"", ""target_name"": ""병천119안전센터"", ""target_region_id"": ""REG012"", ""target_region_name"": ""병천면""}]"
164,42,0.6425984720721042,0.0843594329130811,5.599677419354838,10.860143321295778,16.459820740650617,6.034316313600623,12.706339921462204,18.740656235062822,11.18,29.62,"[43, 5, 2]","[{""policy"": ""hospital_upgrade"", ""target_id"": ""JDQ4MTYyMiM2MSMkMSMkMiMkOTkkMzgxMzUxIzIxIyQxIyQxIyQ2MiQ0NjE0ODEjNDEjJDEjJDQjJDgz"", ""target_name"": ""연세나무병원"", ""target_region_id"": null, ""target_region_name"": null}, {""policy"": ""ambulance_existing"", ""target_id"": ""EMS006"", ""target_name"": ""청당119안전센터"", ""target_region_id"": ""REG009"", ""target_region_name"": ""청룡동""}, {""policy"": ""ambulance_existing"", ""target_id"": ""EMS003"", ""target_name"": ""병천119안전센터"", ""target_region_id"": ""REG012"", ""target_region_name"": ""병천면""}]"
165,42,0.42912180650675846,0.038658756533598196,5.599677419354838,11.093193138623256,16.692870557978093,6.034316313600623,12.874115910648063,18.908432224248685,11.18,29.62,"[1, 7, 35]","[{""policy"": ""ambulance_existing"", ""target_id"": ""EMS002"", ""target_name"": ""독립119안전센터"", ""target_region_id"": ""REG017"", ""target_region_name"": ""목천읍""}, {""policy"": ""ambulance_existing"", ""target_id"": ""EMS008"", ""target_name"": ""119구조구급센터119안전센터"", ""target_region_id"": ""REG031"", ""target_region_name"": ""직산읍""}, {""policy"": ""hospital_upgrade"", ""target_id"": ""JDQ4MTYyMiM2MSMkMSMkMiMkOTkkMzgxMzUxIzIxIyQxIyQ1IyQ2MiQ0NjE0ODEjNjEjJDEjJDgjJDgz"", ""target_name"": ""천안해울병원"", ""target_region_id"": null, ""target_region_name"": null}]"
166,42,0.6786049546908428,0.0042478320188186,5.599677419354838,10.556696067642822,16.156373486997662,6.034316313600623,12.590221837949201,18.62453815154982,11.18,29.62,"[36, 4, 48]","[{""policy"": ""hospital_upgrade"", ""target_id"": ""JDQ4MTYyMiM2MSMkMSMkMiMkOTkkMzgxMzUxIzIxIyQxIyQ1IyQ2MiQzNjE4MzIjODEjJDEjJDIjJDgz"", ""target_name"": ""돋움병원"", ""target_region_id"": null, ""target_region_name"": null}, {""policy"": ""ambulance_existing"", ""target_id"": ""EMS005"", ""target_name"": ""성남지역대"", ""target_region_id"": ""REG014"", ""target_region_name"": ""성남면""}, {""policy"": ""hospital_upgrade"", ""target_id"": ""JDQ4MTYyMiM2MSMkMSMkMiMkOTkkMzgxMzUxIzIxIyQxIyQxIyQ5MiQyNjE4MzIjNDEjJDEjJDgjJDgz"", ""target_name"": ""혜성산부인과병원"", ""target_region_id"": null, ""target_region_name"": null}]"
167,42,1.1536672418206875,0.0356736742774606,5.249677419354838,10.912914642839256,16.162592062194097,5.442251364611085,12.738650342067533,18.18090170667862,11.18,29.62,"[24, 52, 12]","[{""policy"": ""ambulance_new_base"", ""target_id"": ""REG011"", ""target_name"": ""동면"", ""target_region_id"": ""REG011"", ""target_region_name"": ""동면""}, {""policy"": ""hospital_upgrade"", ""target_id"": ""JDQ4MTYyMiM2MSMkMSMkMiMkOTkkMzgxMzUxIzIxIyQxIyQxIyQxMyQyNjEyMjIjNzEjJDEjJDgjJDgz"", ""target_name"": ""SG삼성조은병원"", ""target_region_id"": null, ""target_region_name"": null}, {""policy"": ""ambulance_existing"", ""target_id"": ""EMS013"", ""target_name"": ""성환119안전센터"", ""target_region_id"": ""REG030"", ""target_region_name"": ""성환읍""}]"
168,42,0.5979254085502316,0.0222107429571171,5.599677419354838,10.839843909337052,16.439521328691892,6.034316313600623,12.688864295028113,18.72318060862873,11.18,29.62,"[10, 42, 40]","[{""policy"": ""ambulance_existing"", ""target_id"": ""EMS011"", ""target_name"": ""서부119안전센터"", ""target_region_id"": ""REG023"", ""target_region_name"": ""성정1동""}, {""policy"": ""hospital_upgrade"", ""target_id"": ""JDQ4MTYyMiM2MSMkMSMkMiMkOTkkMzgxMzUxIzIxIyQxIyQ1IyQ5OSQzNjEyMjIjNjEjJDEjJDQjJDgz"", ""target_name"": ""천안다나힐병원"", ""target_region_id"": null, ""target_region_name"": null}, {""policy"": ""hospital_upgrade"", ""target_id"": ""JDQ4MTYyMiM2MSMkMSMkMiMkOTkkMzgxMzUxIzIxIyQxIyQ1IyQ4OSQyNjE4MzIjNTEjJDEjJDYjJDgz"", ""target_name"": ""아이본병원"", ""target_region_id"": null, ""target_region_name"": null}]"
169,42,0.7272603833610634,0.0343390146912308,5.599677419354838,10.742002563194719,16.341679982549557,6.034316313600623,12.571657591951391,18.605973905552013,11.18,29.62,"[34, 49, 15]","[{""policy"": ""hospital_upgrade"", ""target_id"": ""JDQ4MTYyMiM2MSMkMSMkMiMkOTkkMzgxMzUxIzExIyQyIyQ3IyQwMCQ0NjE0ODEjNjEjJDEjJDgjJDgz"", ""target_name"": ""천안우리병원"", ""target_region_id"": null, ""target_region_name"": null}, {""policy"": ""hospital_upgrade"", ""target_id"": ""JDQ4MTYyMiM2MSMkMSMkMiMkOTkkMzgxMzUxIzIxIyQxIyQxIyQ5MiQyNjEwMDIjNjEjJDEjJDAjJDgz"", ""target_name"": ""두정이진병원"", ""target_region_id"": null, ""target_region_name"": null}, {""policy"": ""ambulance_existing"", ""target_id"": ""EMS016"", ""target_name"": ""직산119안전센터"", ""target_region_id"": ""REG031"", ""target_region_name"": ""직산읍""}]"
170,42,0.0364108099371351,0.0364108099371351,5.599677419354838,11.594193548387098,17.193870967741937,6.034316313600623,13.264578960621222,19.298895274221845,11.18,29.62,"[0, 8, 2]","[{""policy"": ""ambulance_existing"", ""target_id"": ""EMS001"", ""target_name"": ""119구조구급센터119안전센터"", ""target_region_id"": ""REG006"", ""target_region_name"": ""원성2동""}, {""policy"": ""ambulance_existing"", ""target_id"": ""EMS009"", ""target_name"": ""두정119안전센터"", ""target_region_id"": ""REG024"", ""target_region_name"": ""성정2동""}, {""policy"": ""ambulance_existing"", ""target_id"": ""EMS003"", ""target_name"": ""병천119안전센터"", ""target_region_id"": ""REG012"", ""target_region_name"": ""병천면""}]"
171,42,0.9071028808605348,0.0,5.599677419354838,10.485596111606363,16.085273530961203,6.034316313600623,12.357476079760684,18.39179239336131,11.18,29.62,"[42, 52, 50]","[{""policy"": ""hospital_upgrade"", ""target_id"": ""JDQ4MTYyMiM2MSMkMSMkMiMkOTkkMzgxMzUxIzIxIyQxIyQ1IyQ5OSQzNjEyMjIjNjEjJDEjJDQjJDgz"", ""target_name"": ""천안다나힐병원"", ""target_region_id"": null, ""target_region_name"": null}, {""policy"": ""hospital_upgrade"", ""target_id"": ""JDQ4MTYyMiM2MSMkMSMkMiMkOTkkMzgxMzUxIzIxIyQxIyQxIyQxMyQyNjEyMjIjNzEjJDEjJDgjJDgz"", ""target_name"": ""SG삼성조은병원"", ""target_region_id"": null, ""target_region_name"": null}, {""policy"": ""hospital_upgrade"", ""target_id"": ""JDQ4MTYyMiM2MSMkMSMkMiMkOTkkMzgxMzUxIzIxIyQxIyQxIyQwMyQyNjE0ODEjNTEjJDEjJDYjJDgz"", ""target_name"": ""천안21세기병원"", ""target_region_id"": null, ""target_region_name"": null}]"
172,42,0.4056103433495369,0.0402628943717221,5.599677419354838,11.013231528881516,16.612908948236356,6.034316313600623,12.899231511643416,18.93354782524403,11.18,29.62,"[44, 12, 3]","[{""policy"": ""hospital_upgrade"", ""target_id"": ""JDQ4MTYyMiM2MSMkMSMkMiMkOTkkMzgxMzUxIzIxIyQxIyQxIyQ3MiQyNjE0ODEjNDEjJDEjJDgjJDgz"", ""target_name"": ""천안재활병원"", ""target_region_id"": null, ""target_region_name"": null}, {""policy"": ""ambulance_existing"", ""target_id"": ""EMS013"", ""target_name"": ""성환119안전센터"", ""target_region_id"": ""REG030"", ""target_region_name"": ""성환읍""}, {""policy"": ""ambulance_existing"", ""target_id"": ""EMS004"", ""target_name"": ""북면지역대"", ""target_region_id"": ""REG013"", ""target_region_name"": ""북면""}]"
173,42,0.6169654777409499,0.0306886569409906,5.599677419354838,10.837646287199869,16.437323706554707,6.034316313600623,12.678302139821266,18.712618453421886,11.18,29.62,"[50, 49, 6]","[{""policy"": ""hospital_upgrade"", ""target_id"": ""JDQ4MTYyMiM2MSMkMSMkMiMkOTkkMzgxMzUxIzIxIyQxIyQxIyQwMyQyNjE0ODEjNTEjJDEjJDYjJDgz"", ""target_name"": ""천안21세기병원"", ""target_region_id"": null, ""target_region_name"": null}, {""policy"": ""hospital_upgrade"", ""target_id"": ""JDQ4MTYyMiM2MSMkMSMkMiMkOTkkMzgxMzUxIzIxIyQxIyQxIyQ5MiQyNjEwMDIjNjEjJDEjJDAjJDgz"", ""target_name"": ""두정이진병원"", ""target_region_id"": null, ""target_region_name"": null}, {""policy"": ""ambulance_existing"", ""target_id"": ""EMS007"", ""target_name"": ""풍세119안전센터"", ""target_region_id"": ""REG016"", ""target_region_name"": ""풍세면""}]"
174,42,0.7941323701108551,0.0,5.599677419354838,10.4866232711969,16.086300690551738,6.034316313600623,12.47044659051037,18.50476290411099,11.18,29.62,"[45, 36, 43]","[{""policy"": ""hospital_upgrade"", ""target_id"": ""JDQ4MTYyMiM2MSMkMSMkMiMkOTkkMzgxMzUxIzIxIyQxIyQxIyQ3MiQzNjE4MzIjODEjJDEjJDYjJDgz"", ""target_name"": ""삼성스카이병원"", ""target_region_id"": null, ""target_region_name"": null}, {""policy"": ""hospital_upgrade"", ""target_id"": ""JDQ4MTYyMiM2MSMkMSMkMiMkOTkkMzgxMzUxIzIxIyQxIyQ1IyQ2MiQzNjE4MzIjODEjJDEjJDIjJDgz"", ""target_name"": ""돋움병원"", ""target_region_id"": null, ""target_region_name"": null}, {""policy"": ""hospital_upgrade"", ""target_id"": ""JDQ4MTYyMiM2MSMkMSMkMiMkOTkkMzgxMzUxIzIxIyQxIyQxIyQ2MiQ0NjE0ODEjNDEjJDEjJDQjJDgz"", ""target_name"": ""연세나무병원"", ""target_region_id"": null, ""target_region_name"": null}]"
175,42,0.345569529536162,0.0528993998981077,5.398709677419355,11.594193548387098,16.99290322580645,5.74164618396257,13.264578960621222,19.00622514458379,11.18,29.62,"[6, 10, 23]","[{""policy"": ""ambulance_existing"", ""target_id"": ""EMS007"", ""target_name"": ""풍세119안전센터"", ""target_region_id"": ""REG016"", ""target_region_name"": ""풍세면""}, {""policy"": ""ambulance_existing"", ""target_id"": ""EMS011"", ""target_name"": ""서부119안전센터"", ""target_region_id"": ""REG023"", ""target_region_name"": ""성정1동""}, {""policy"": ""ambulance_new_base"", ""target_id"": ""REG010"", ""target_name"": ""광덕면"", ""target_region_id"": ""REG010"", ""target_region_name"": ""광덕면""}]"
176,42,0.9153887478423961,0.0,5.206850099288987,10.914895644369402,16.12174574365839,5.645654853955632,12.73785167242382,18.38350652637945,11.18,29.62,"[26, 40, 28]","[{""policy"": ""ambulance_new_base"", ""target_id"": ""REG018"", ""target_name"": ""백석동"", ""target_region_id"": ""REG018"", ""target_region_name"": ""백석동""}, {""policy"": ""hospital_upgrade"", ""target_id"": ""JDQ4MTYyMiM2MSMkMSMkMiMkOTkkMzgxMzUxIzIxIyQxIyQ1IyQ4OSQyNjE4MzIjNTEjJDEjJDYjJDgz"", ""target_name"": ""아이본병원"", ""target_region_id"": null, ""target_region_name"": null}, {""policy"": ""ambulance_new_base"", ""target_id"": ""REG020"", ""target_name"": ""부성2동"", ""target_region_id"": ""REG020"", ""target_region_name"": ""부성2동""}]"
177,42,0.8800802535295125,0.0042478320188186,5.249677419354838,11.138559464269987,16.388236883624828,5.442251364611085,12.980811488100068,18.42306285271115,11.18,29.62,"[24, 45, 4]","[{""policy"": ""ambulance_new_base"", ""target_id"": ""REG011"", ""target_name"": ""동면"", ""target_region_id"": ""REG011"", ""target_region_name"": ""동면""}, {""policy"": ""hospital_upgrade"", ""target_id"": ""JDQ4MTYyMiM2MSMkMSMkMiMkOTkkMzgxMzUxIzIxIyQxIyQxIyQ3MiQzNjE4MzIjODEjJDEjJDYjJDgz"", ""target_name"": ""삼성스카이병원"", ""target_region_id"": null, ""target_region_name"": null}, {""policy"": ""ambulance_existing"", ""target_id"": ""EMS005"", ""target_name"": ""성남지역대"", ""target_region_id"": ""REG014"", ""target_region_name"": ""성남면""}]"
178,42,0.6226356795722175,0.0570577938609503,5.599677419354838,10.856635269370763,16.4563126887256,6.034316313600623,12.699001074909956,18.733317388510578,11.18,29.62,"[2, 10, 38]","[{""policy"": ""ambulance_existing"", ""target_id"": ""EMS003"", ""target_name"": ""병천119안전센터"", ""target_region_id"": ""REG012"", ""target_region_name"": ""병천면""}, {""policy"": ""ambulance_existing"", ""target_id"": ""EMS011"", ""target_name"": ""서부119안전센터"", ""target_region_id"": ""REG023"", ""target_region_name"": ""성정1동""}, {""policy"": ""hospital_upgrade"", ""target_id"": ""JDQ4MTYyMiM2MSMkMSMkMiMkOTkkMzgxMzUxIzIxIyQxIyQ1IyQ3OSQzNjE4MzIjODEjJDEjJDYjJDgz"", ""target_name"": ""앙즈로여성병원"", ""target_region_id"": null, ""target_region_name"": null}]"
179,42,0.8667258588775303,0.0495123820092479,5.36265655090189,10.903044755594616,16.265701306496503,5.746462939276316,12.73521885807725,18.481681797353563,11.18,29.62,"[5, 37, 28]","[{""policy"": ""ambulance_existing"", ""target_id"": ""EMS006"", ""target_name"": ""청당119안전센터"", ""target_region_id"": ""REG009"", ""target_region_name"": ""청룡동""}, {""policy"": ""hospital_upgrade"", ""target_id"": ""JDQ4MTYyMiM2MSMkMSMkMiMkOTkkMzgxMzUxIzIxIyQxIyQ1IyQ3OSQyNjE0ODEjNDEjJDEjJDgjJDgz"", ""target_name"": ""마디손병원"", ""target_region_id"": null, ""target_region_name"": null}, {""policy"": ""ambulance_new_base"", ""target_id"": ""REG020"", ""target_name"": ""부성2동"", ""target_region_id"": ""REG020"", ""target_region_name"": ""부성2동""}]"
180,42,0.3277123329926841,0.0348470509038332,5.104351902196133,11.594193548387098,16.698545450583232,5.7414510315117795,13.264578960621222,19.006029992132994,11.18,29.62,"[2, 26, 31]","[{""policy"": ""ambulance_existing"", ""target_id"": ""EMS003"", ""target_name"": ""병천119안전센터"", ""target_region_id"": ""REG012"", ""target_region_name"": ""병천면""}, {""policy"": ""ambulance_new_base"", ""target_id"": ""REG018"", ""target_name"": ""백석동"", ""target_region_id"": ""REG018"", ""target_region_name"": ""백석동""}, {""policy"": ""ambulance_new_base"", ""target_id"": ""REG027"", ""target_name"": ""쌍용3동"", ""target_region_id"": ""REG027"", ""target_region_name"": ""쌍용3동""}]"
181,42,0.045996697818623596,0.045996697818623596,5.599677419354838,11.594193548387098,17.193870967741937,6.034316313600623,13.264578960621222,19.298895274221845,11.18,29.62,"[2, 0, 11]","[{""policy"": ""ambulance_existing"", ""target_id"": ""EMS003"", ""target_name"": ""병천119안전센터"", ""target_region_id"": ""REG012"", ""target_region_name"": ""병천면""}, {""policy"": ""ambulance_existing"", ""target_id"": ""EMS001"", ""target_name"": ""119구조구급센터119안전센터"", ""target_region_id"": ""REG006"", ""target_region_name"": ""원성2동""}, {""policy"": ""ambulance_existing"", ""target_id"": ""EMS012"", ""target_name"": ""성거119안전센터"", ""target_region_id"": ""REG029"", ""target_region_name"": ""성거읍""}]"
182,42,0.6105700148331561,0.0461916173658476,5.30953667865867,11.055870298914312,16.365406977572984,5.817718036654236,12.916798840100302,18.734516876754537,11.18,29.62,"[9, 36, 21]","[{""policy"": ""ambulance_existing"", ""target_id"": ""EMS010"", ""target_name"": ""불당119안전센터"", ""target_region_id"": ""REG022"", ""target_region_name"": ""불당2동""}, {""policy"": ""hospital_upgrade"", ""target_id"": ""JDQ4MTYyMiM2MSMkMSMkMiMkOTkkMzgxMzUxIzIxIyQxIyQ1IyQ2MiQzNjE4MzIjODEjJDEjJDIjJDgz"", ""target_name"": ""돋움병원"", ""target_region_id"": null, ""target_region_name"": null}, {""policy"": ""ambulance_new_base"", ""target_id"": ""REG007"", ""target_name"": ""일봉동"", ""target_region_id"": ""REG007"", ""target_region_name"": ""일봉동""}]"
183,42,0.7548414104971659,0.0461916173658476,5.389711263171298,10.914895644369402,16.304606907540702,5.852393808666708,12.73785167242382,18.590245481090527,11.18,29.62,"[40, 9, 20]","[{""policy"": ""hospital_upgrade"", ""target_id"": ""JDQ4MTYyMiM2MSMkMSMkMiMkOTkkMzgxMzUxIzIxIyQxIyQ1IyQ4OSQyNjE4MzIjNTEjJDEjJDYjJDgz"", ""target_name"": ""아이본병원"", ""target_region_id"": null, ""target_region_name"": null}, {""policy"": ""ambulance_existing"", ""target_id"": ""EMS010"", ""target_name"": ""불당119안전센터"", ""target_region_id"": ""REG022"", ""target_region_name"": ""불당2동""}, {""policy"": ""ambulance_new_base"", ""target_id"": ""REG005"", ""target_name"": ""원성1동"", ""target_region_id"": ""REG005"", ""target_region_name"": ""원성1동""}]"
184,42,0.6295108813580725,0.0,5.161688808966406,11.519141813354748,16.680830622321153,5.453792809638262,13.215591583225512,18.669384392863773,11.18,29.62,"[42, 28, 23]","[{""policy"": ""hospital_upgrade"", ""target_id"": ""JDQ4MTYyMiM2MSMkMSMkMiMkOTkkMzgxMzUxIzIxIyQxIyQ1IyQ5OSQzNjEyMjIjNjEjJDEjJDQjJDgz"", ""target_name"": ""천안다나힐병원"", ""target_region_id"": null, ""target_region_name"": null}, {""policy"": ""ambulance_new_base"", ""target_id"": ""REG020"", ""target_name"": ""부성2동"", ""target_region_id"": ""REG020"", ""target_region_name"": ""부성2동""}, {""policy"": ""ambulance_new_base"", ""target_id"": ""REG010"", ""target_name"": ""광덕면"", ""target_region_id"": ""REG010"", ""target_region_name"": ""광덕면""}]"
185,42,1.0830875332511525,0.0,4.915170274394114,11.138559464269987,16.053729738664103,5.234996252870627,12.980811488100068,18.215807740970693,11.18,29.62,"[30, 24, 45]","[{""policy"": ""ambulance_new_base"", ""target_id"": ""REG025"", ""target_name"": ""쌍용1동"", ""target_region_id"": ""REG025"", ""target_region_name"": ""쌍용1동""}, {""policy"": ""ambulance_new_base"", ""target_id"": ""REG011"", ""target_name"": ""동면"", ""target_region_id"": ""REG011"", ""target_region_name"": ""동면""}, {""policy"": ""hospital_upgrade"", ""target_id"": ""JDQ4MTYyMiM2MSMkMSMkMiMkOTkkMzgxMzUxIzIxIyQxIyQxIyQ3MiQzNjE4MzIjODEjJDEjJDYjJDgz"", ""target_name"": ""삼성스카이병원"", ""target_region_id"": null, ""target_region_name"": null}]"
186,42,1.0843735494185864,0.0,5.067694678744541,11.033865820568307,16.10156049931285,5.356081600326103,12.858440124477161,18.21452172480326,11.18,29.62,"[49, 16, 28]","[{""policy"": ""hospital_upgrade"", ""target_id"": ""JDQ4MTYyMiM2MSMkMSMkMiMkOTkkMzgxMzUxIzIxIyQxIyQxIyQ5MiQyNjEwMDIjNjEjJDEjJDAjJDgz"", ""target_name"": ""두정이진병원"", ""target_region_id"": null, ""target_region_name"": null}, {""policy"": ""ambulance_new_base"", ""target_id"": ""REG001"", ""target_name"": ""문성동"", ""target_region_id"": ""REG001"", ""target_region_name"": ""문성동""}, {""policy"": ""ambulance_new_base"", ""target_id"": ""REG020"", ""target_name"": ""부성2동"", ""target_region_id"": ""REG020"", ""target_region_name"": ""부성2동""}]"
187,42,0.7423216032147412,6.036187032550563e-05,5.295483870967741,10.903044755594616,16.198528626562357,5.8214151748001814,12.73521885807725,18.55663403287743,11.18,29.62,"[13, 27, 37]","[{""policy"": ""ambulance_existing"", ""target_id"": ""EMS014"", ""target_name"": ""쌍용119안전센터"", ""target_region_id"": ""REG026"", ""target_region_name"": ""쌍용2동""}, {""policy"": ""ambulance_new_base"", ""target_id"": ""REG019"", ""target_name"": ""부성1동"", ""target_region_id"": ""REG019"", ""target_region_name"": ""부성1동""}, {""policy"": ""hospital_upgrade"", ""target_id"": ""JDQ4MTYyMiM2MSMkMSMkMiMkOTkkMzgxMzUxIzIxIyQxIyQ1IyQ3OSQyNjE0ODEjNDEjJDEjJDgjJDgz"", ""target_name"": ""마디손병원"", ""target_region_id"": null, ""target_region_name"": null}]"
188,42,0.4556195822030334,0.0001882362364812,5.599677419354838,10.848153740843888,16.447831160198728,6.034316313600623,12.809147614654675,18.843463928255293,11.18,29.62,"[48, 53, 8]","[{""policy"": ""hospital_upgrade"", ""target_id"": ""JDQ4MTYyMiM2MSMkMSMkMiMkOTkkMzgxMzUxIzIxIyQxIyQxIyQ5MiQyNjE4MzIjNDEjJDEjJDgjJDgz"", ""target_name"": ""혜성산부인과병원"", ""target_region_id"": null, ""target_region_name"": null}, {""policy"": ""hospital_upgrade"", ""target_id"": ""JDQ4MTYyMiM2MSMkMSMkMiMkOTkkMzgxMzUxIzIxIyQyIyQ1IyQwMCQyNjEwMDIjNDEjJDEjJDgjJDgz"", ""target_name"": ""이화병원"", ""target_region_id"": null, ""target_region_name"": null}, {""policy"": ""ambulance_existing"", ""target_id"": ""EMS009"", ""target_name"": ""두정119안전센터"", ""target_region_id"": ""REG024"", ""target_region_name"": ""성정2동""}]"
189,42,0.741552466335957,0.0,5.30953667865867,10.895298522653325,16.204835201311997,5.817718036654236,12.739624771231655,18.557342807885888,11.18,29.62,"[49, 35, 21]","[{""policy"": ""hospital_upgrade"", ""target_id"": ""JDQ4MTYyMiM2MSMkMSMkMiMkOTkkMzgxMzUxIzIxIyQxIyQxIyQ5MiQyNjEwMDIjNjEjJDEjJDAjJDgz"", ""target_name"": ""두정이진병원"", ""target_region_id"": null, ""target_region_name"": null}, {""policy"": ""hospital_upgrade"", ""target_id"": ""JDQ4MTYyMiM2MSMkMSMkMiMkOTkkMzgxMzUxIzIxIyQxIyQ1IyQ2MiQ0NjE0ODEjNjEjJDEjJDgjJDgz"", ""target_name"": ""천안해울병원"", ""target_region_id"": null, ""target_region_name"": null}, {""policy"": ""ambulance_new_base"", ""target_id"": ""REG007"", ""target_name"": ""일봉동"", ""target_region_id"": ""REG007"", ""target_region_name"": ""일봉동""}]"
190,42,0.6214166786684732,0.052899176089264796,5.599677419354838,10.848247068703982,16.447924488058817,6.034316313600623,12.696061458042019,18.730377771642637,11.18,29.62,"[51, 6, 7]","[{""policy"": ""hospital_upgrade"", ""target_id"": ""JDQ4MTYyMiM2MSMkMSMkMiMkOTkkMzgxMzUxIzIxIyQxIyQxIyQwMyQyNjE4MzIjODEjJDEjJDIjJDgz"", ""target_name"": ""서울대정병원"", ""target_region_id"": null, ""target_region_name"": null}, {""policy"": ""ambulance_existing"", ""target_id"": ""EMS007"", ""target_name"": ""풍세119안전센터"", ""target_region_id"": ""REG016"", ""target_region_name"": ""풍세면""}, {""policy"": ""ambulance_existing"", ""target_id"": ""EMS008"", ""target_name"": ""119구조구급센터119안전센터"", ""target_region_id"": ""REG031"", ""target_region_name"": ""직산읍""}]"
191,42,0.668526493612478,0.0042478320188186,5.30471554719749,11.098534409726106,16.403249956923595,5.64393497465041,12.990681637977776,18.634616612628186,11.18,29.62,"[4, 33, 16]","[{""policy"": ""ambulance_existing"", ""target_id"": ""EMS005"", ""target_name"": ""성남지역대"", ""target_region_id"": ""REG014"", ""target_region_name"": ""성남면""}, {""policy"": ""hospital_upgrade"", ""target_id"": ""JDQ4MTYyMiM2MSMkMSMkMiMkOTkkMzgxMzUxIzExIyQxIyQ3IyQ5OSQ0NjE0ODEjODEjJDEjJDYjJDgz"", ""target_name"": ""예일병원"", ""target_region_id"": null, ""target_region_name"": null}, {""policy"": ""ambulance_new_base"", ""target_id"": ""REG001"", ""target_name"": ""문성동"", ""target_region_id"": ""REG001"", ""target_region_name"": ""문성동""}]"
192,42,0.6677689926453851,0.0,5.015425779970813,11.302330291013508,16.31775607098432,5.65332985348101,12.977796428095454,18.63112628157646,11.18,29.62,"[21, 31, 34]","[{""policy"": ""ambulance_new_base"", ""target_id"": ""REG007"", ""target_name"": ""일봉동"", ""target_region_id"": ""REG007"", ""target_region_name"": ""일봉동""}, {""policy"": ""ambulance_new_base"", ""target_id"": ""REG027"", ""target_name"": ""쌍용3동"", ""target_region_id"": ""REG027"", ""target_region_name"": ""쌍용3동""}, {""policy"": ""hospital_upgrade"", ""target_id"": ""JDQ4MTYyMiM2MSMkMSMkMiMkOTkkMzgxMzUxIzExIyQyIyQ3IyQwMCQ0NjE0ODEjNjEjJDEjJDgjJDgz"", ""target_name"": ""천안우리병원"", ""target_region_id"": null, ""target_region_name"": null}]"
193,42,0.5225762686158151,0.0222105191482742,5.30953667865867,11.138559464269987,16.44809614292866,5.817718036654236,12.980811488100068,18.798529524754304,11.18,29.62,"[45, 21, 7]","[{""policy"": ""hospital_upgrade"", ""target_id"": ""JDQ4MTYyMiM2MSMkMSMkMiMkOTkkMzgxMzUxIzIxIyQxIyQxIyQ3MiQzNjE4MzIjODEjJDEjJDYjJDgz"", ""target_name"": ""삼성스카이병원"", ""target_region_id"": null, ""target_region_name"": null}, {""policy"": ""ambulance_new_base"", ""target_id"": ""REG007"", ""target_name"": ""일봉동"", ""target_region_id"": ""REG007"", ""target_region_name"": ""일봉동""}, {""policy"": ""ambulance_existing"", ""target_id"": ""EMS008"", ""target_name"": ""119구조구급센터119안전센터"", ""target_region_id"": ""REG031"", ""target_region_name"": ""직산읍""}]"
194,42,0.4353053350662819,0.0,4.96480341958087,11.594193548387098,16.558996967967968,5.599010978534343,13.264578960621222,18.863589939155563,11.18,29.62,"[31, 30, 17]","[{""policy"": ""ambulance_new_base"", ""target_id"": ""REG027"", ""target_name"": ""쌍용3동"", ""target_region_id"": ""REG027"", ""target_region_name"": ""쌍용3동""}, {""policy"": ""ambulance_new_base"", ""target_id"": ""REG025"", ""target_name"": ""쌍용1동"", ""target_region_id"": ""REG025"", ""target_region_name"": ""쌍용1동""}, {""policy"": ""ambulance_new_base"", ""target_id"": ""REG002"", ""target_name"": ""봉명동"", ""target_region_id"": ""REG002"", ""target_region_name"": ""봉명동""}]"
195,42,1.0974274262008488,0.0343390146912308,4.872156816782539,11.594193548387098,16.466350365169635,4.971227902091005,13.264578960621222,18.235806862712227,10.85,29.62,"[25, 15, 22]","[{""policy"": ""ambulance_new_base"", ""target_id"": ""REG015"", ""target_name"": ""수신면"", ""target_region_id"": ""REG015"", ""target_region_name"": ""수신면""}, {""policy"": ""ambulance_existing"", ""target_id"": ""EMS016"", ""target_name"": ""직산119안전센터"", ""target_region_id"": ""REG031"", ""target_region_name"": ""직산읍""}, {""policy"": ""ambulance_new_base"", ""target_id"": ""REG008"", ""target_name"": ""중앙동"", ""target_region_id"": ""REG008"", ""target_region_name"": ""중앙동""}]"
196,42,0.2665416178676798,0.0592865061272176,5.265170274394114,11.594193548387098,16.859363822781212,5.8270612018601655,13.264578960621222,19.091640162481383,11.18,29.62,"[11, 30, 5]","[{""policy"": ""ambulance_existing"", ""target_id"": ""EMS012"", ""target_name"": ""성거119안전센터"", ""target_region_id"": ""REG029"", ""target_region_name"": ""성거읍""}, {""policy"": ""ambulance_new_base"", ""target_id"": ""REG025"", ""target_name"": ""쌍용1동"", ""target_region_id"": ""REG025"", ""target_region_name"": ""쌍용1동""}, {""policy"": ""ambulance_existing"", ""target_id"": ""EMS006"", ""target_name"": ""청당119안전센터"", ""target_region_id"": ""REG009"", ""target_region_name"": ""청룡동""}]"
197,42,0.8807943049992986,0.0,5.067787210726447,10.903044755594616,15.970831966321063,5.6828821111452985,12.73521885807725,18.418100969222547,11.18,29.62,"[30, 29, 37]","[{""policy"": ""ambulance_new_base"", ""target_id"": ""REG025"", ""target_name"": ""쌍용1동"", ""target_region_id"": ""REG025"", ""target_region_name"": ""쌍용1동""}, {""policy"": ""ambulance_new_base"", ""target_id"": ""REG021"", ""target_name"": ""불당1동"", ""target_region_id"": ""REG021"", ""target_region_name"": ""불당1동""}, {""policy"": ""hospital_upgrade"", ""target_id"": ""JDQ4MTYyMiM2MSMkMSMkMiMkOTkkMzgxMzUxIzIxIyQxIyQ1IyQ3OSQyNjE0ODEjNDEjJDEjJDgjJDgz"", ""target_name"": ""마디손병원"", ""target_region_id"": null, ""target_region_name"": null}]"
198,42,0.712497049908368,0.0,5.284148661359985,10.850577256463923,16.13472591782391,5.784166068643291,12.80223215567019,18.586398224313477,11.18,29.62,"[17, 32, 33]","[{""policy"": ""ambulance_new_base"", ""target_id"": ""REG002"", ""target_name"": ""봉명동"", ""target_region_id"": ""REG002"", ""target_region_name"": ""봉명동""}, {""policy"": ""hospital_upgrade"", ""target_id"": ""JDQ4MTYyMiM2MSMkMSMkMiMkOTkkMzgxMzUxIzExIyQxIyQ3IyQ4OSQzNjE0ODEjODEjJDEjJDYjJDgz"", ""target_name"": ""새로나병원"", ""target_region_id"": null, ""target_region_name"": null}, {""policy"": ""hospital_upgrade"", ""target_id"": ""JDQ4MTYyMiM2MSMkMSMkMiMkOTkkMzgxMzUxIzExIyQxIyQ3IyQ5OSQ0NjE0ODEjODEjJDEjJDYjJDgz"", ""target_name"": ""예일병원"", ""target_region_id"": null, ""target_region_name"": null}]"
199,42,0.41654007862932085,0.0222107429571171,5.0867655976923185,11.594193548387098,16.680959146079417,5.639986977928423,13.264578960621222,18.90456593854964,11.18,29.62,"[17, 10, 29]","[{""policy"": ""ambulance_new_base"", ""target_id"": ""REG002"", ""target_name"": ""봉명동"", ""target_region_id"": ""REG002"", ""target_region_name"": ""봉명동""}, {""policy"": ""ambulance_existing"", ""target_id"": ""EMS011"", ""target_name"": ""서부119안전센터"", ""target_region_id"": ""REG023"", ""target_region_name"": ""성정1동""}, {""policy"": ""ambulance_new_base"", ""target_id"": ""REG021"", ""target_name"": ""불당1동"", ""target_region_id"": ""REG021"", ""target_region_name"": ""불당1동""}]"
200,42,0.5971753579330397,0.0,5.039032258064515,11.346236395124912,16.385268653189428,5.625590437975176,13.076129478313634,18.701719916288805,11.18,29.62,"[32, 27, 19]","[{""policy"": ""hospital_upgrade"", ""target_id"": ""JDQ4MTYyMiM2MSMkMSMkMiMkOTkkMzgxMzUxIzExIyQxIyQ3IyQ4OSQzNjE0ODEjODEjJDEjJDYjJDgz"", ""target_name"": ""새로나병원"", ""target_region_id"": null, ""target_region_name"": null}, {""policy"": ""ambulance_new_base"", ""target_id"": ""REG019"", ""target_name"": ""부성1동"", ""target_region_id"": ""REG019"", ""target_region_name"": ""부성1동""}, {""policy"": ""ambulance_new_base"", ""target_id"": ""REG004"", ""target_name"": ""신안동"", ""target_region_id"": ""REG004"", ""target_region_name"": ""신안동""}]"
201,42,0.7836086857145474,0.0,5.265170274394114,10.847132226638168,16.112302501032282,5.8270612018601655,12.688225386647133,18.515286588507298,11.18,29.62,"[39, 42, 30]","[{""policy"": ""hospital_upgrade"", ""target_id"": ""JDQ4MTYyMiM2MSMkMSMkMiMkOTkkMzgxMzUxIzIxIyQxIyQ1IyQ4OSQ0NjEwMDIjNTEjJDEjJDIjJDgz"", ""target_name"": ""천안리턴병원"", ""target_region_id"": null, ""target_region_name"": null}, {""policy"": ""hospital_upgrade"", ""target_id"": ""JDQ4MTYyMiM2MSMkMSMkMiMkOTkkMzgxMzUxIzIxIyQxIyQ1IyQ5OSQzNjEyMjIjNjEjJDEjJDQjJDgz"", ""target_name"": ""천안다나힐병원"", ""target_region_id"": null, ""target_region_name"": null}, {""policy"": ""ambulance_new_base"", ""target_id"": ""REG025"", ""target_name"": ""쌍용1동"", ""target_region_id"": ""REG025"", ""target_region_name"": ""쌍용1동""}]"
202,42,0.7796553768573844,0.0,5.295483870967741,10.770682318375483,16.066166189343225,5.8214151748001814,12.697824722564283,18.51923989736446,11.18,29.62,"[47, 45, 27]","[{""policy"": ""hospital_upgrade"", ""target_id"": ""JDQ4MTYyMiM2MSMkMSMkMiMkOTkkMzgxMzUxIzIxIyQxIyQxIyQ4OSQ0NjE0ODEjODEjJDEjJDIjJDgz"", ""target_name"": ""서울우리병원"", ""target_region_id"": null, ""target_region_name"": null}, {""policy"": ""hospital_upgrade"", ""target_id"": ""JDQ4MTYyMiM2MSMkMSMkMiMkOTkkMzgxMzUxIzIxIyQxIyQxIyQ3MiQzNjE4MzIjODEjJDEjJDYjJDgz"", ""target_name"": ""삼성스카이병원"", ""target_region_id"": null, ""target_region_name"": null}, {""policy"": ""ambulance_new_base"", ""target_id"": ""REG019"", ""target_name"": ""부성1동"", ""target_region_id"": ""REG019"", ""target_region_name"": ""부성1동""}]"
203,42,0.32080634476903597,6.036187032550563e-05,5.599677419354838,11.026588453386493,16.62626587274133,6.034316313600623,12.943832977722515,18.978149291323135,11.18,29.62,"[53, 42, 13]","[{""policy"": ""hospital_upgrade"", ""target_id"": ""JDQ4MTYyMiM2MSMkMSMkMiMkOTkkMzgxMzUxIzIxIyQyIyQ1IyQwMCQyNjEwMDIjNDEjJDEjJDgjJDgz"", ""target_name"": ""이화병원"", ""target_region_id"": null, ""target_region_name"": null}, {""policy"": ""hospital_upgrade"", ""target_id"": ""JDQ4MTYyMiM2MSMkMSMkMiMkOTkkMzgxMzUxIzIxIyQxIyQ1IyQ5OSQzNjEyMjIjNjEjJDEjJDQjJDgz"", ""target_name"": ""천안다나힐병원"", ""target_region_id"": null, ""target_region_name"": null}, {""policy"": ""ambulance_existing"", ""target_id"": ""EMS014"", ""target_name"": ""쌍용119안전센터"", ""target_region_id"": ""REG026"", ""target_region_name"": ""쌍용2동""}]"
204,42,0.8418065352349835,0.0,5.233269678750596,10.860143321295778,16.09341300004637,5.750748817524661,12.706339921462204,18.45708873898686,11.18,29.62,"[20, 26, 43]","[{""policy"": ""ambulance_new_base"", ""target_id"": ""REG005"", ""target_name"": ""원성1동"", ""target_region_id"": ""REG005"", ""target_region_name"": ""원성1동""}, {""policy"": ""ambulance_new_base"", ""target_id"": ""REG018"", ""target_name"": ""백석동"", ""target_region_id"": ""REG018"", ""target_region_name"": ""백석동""}, {""policy"": ""hospital_upgrade"", ""target_id"": ""JDQ4MTYyMiM2MSMkMSMkMiMkOTkkMzgxMzUxIzIxIyQxIyQxIyQ2MiQ0NjE0ODEjNDEjJDEjJDQjJDgz"", ""target_name"": ""연세나무병원"", ""target_region_id"": null, ""target_region_name"": null}]"
205,42,0.3106581359490968,0.0394362709980947,5.599677419354838,11.102009947137324,16.701687366492166,6.034316313600623,12.993357095670223,19.027673409270843,11.18,29.62,"[2, 3, 46]","[{""policy"": ""ambulance_existing"", ""target_id"": ""EMS003"", ""target_name"": ""병천119안전센터"", ""target_region_id"": ""REG012"", ""target_region_name"": ""병천면""}, {""policy"": ""ambulance_existing"", ""target_id"": ""EMS004"", ""target_name"": ""북면지역대"", ""target_region_id"": ""REG013"", ""target_region_name"": ""북면""}, {""policy"": ""hospital_upgrade"", ""target_id"": ""JDQ4MTYyMiM2MSMkMSMkMiMkOTkkMzgxMzUxIzIxIyQxIyQxIyQ3OSQyNjEyMjIjNDEjJDEjJDgjJDgz"", ""target_name"": ""우리척병원"", ""target_region_id"": null, ""target_region_name"": null}]"
206,42,0.07343389761388261,0.07343389761388261,5.599677419354838,11.594193548387098,17.193870967741937,6.034316313600623,13.264578960621222,19.298895274221845,11.18,29.62,"[15, 2, 4]","[{""policy"": ""ambulance_existing"", ""target_id"": ""EMS016"", ""target_name"": ""직산119안전센터"", ""target_region_id"": ""REG031"", ""target_region_name"": ""직산읍""}, {""policy"": ""ambulance_existing"", ""target_id"": ""EMS003"", ""target_name"": ""병천119안전센터"", ""target_region_id"": ""REG012"", ""target_region_name"": ""병천면""}, {""policy"": ""ambulance_existing"", ""target_id"": ""EMS005"", ""target_name"": ""성남지역대"", ""target_region_id"": ""REG014"", ""target_region_name"": ""성남면""}]"
207,42,1.1697360906353733,0.0461916173658476,5.239032258064516,10.922183961670516,16.161216219735035,5.438138036909479,12.737212764042843,18.17535080095232,10.85,29.62,"[9, 39, 25]","[{""policy"": ""ambulance_existing"", ""target_id"": ""EMS010"", ""target_name"": ""불당119안전센터"", ""target_region_id"": ""REG022"", ""target_region_name"": ""불당2동""}, {""policy"": ""hospital_upgrade"", ""target_id"": ""JDQ4MTYyMiM2MSMkMSMkMiMkOTkkMzgxMzUxIzIxIyQxIyQ1IyQ4OSQ0NjEwMDIjNTEjJDEjJDIjJDgz"", ""target_name"": ""천안리턴병원"", ""target_region_id"": null, ""target_region_name"": null}, {""policy"": ""ambulance_new_base"", ""target_id"": ""REG015"", ""target_name"": ""수신면"", ""target_region_id"": ""REG015"", ""target_region_name"": ""수신면""}]"
208,42,0.8066376342884393,0.0013755227968207,5.599677419354838,10.558776212695637,16.158453632050474,6.034316313600623,12.459316849129605,18.493633162730227,11.18,29.62,"[38, 0, 47]","[{""policy"": ""hospital_upgrade"", ""target_id"": ""JDQ4MTYyMiM2MSMkMSMkMiMkOTkkMzgxMzUxIzIxIyQxIyQ1IyQ3OSQzNjE4MzIjODEjJDEjJDYjJDgz"", ""target_name"": ""앙즈로여성병원"", ""target_region_id"": null, ""target_region_name"": null}, {""policy"": ""ambulance_existing"", ""target_id"": ""EMS001"", ""target_name"": ""119구조구급센터119안전센터"", ""target_region_id"": ""REG006"", ""target_region_name"": ""원성2동""}, {""policy"": ""hospital_upgrade"", ""target_id"": ""JDQ4MTYyMiM2MSMkMSMkMiMkOTkkMzgxMzUxIzIxIyQxIyQxIyQ4OSQ0NjE0ODEjODEjJDEjJDIjJDgz"", ""target_name"": ""서울우리병원"", ""target_region_id"": null, ""target_region_name"": null}]"
209,42,0.856257127781074,0.0,5.232801978072861,10.994629160622999,16.22743113869586,5.567406178782148,12.875231967658623,18.44263814644077,11.18,29.62,"[36, 22, 45]","[{""policy"": ""hospital_upgrade"", ""target_id"": ""JDQ4MTYyMiM2MSMkMSMkMiMkOTkkMzgxMzUxIzIxIyQxIyQ1IyQ2MiQzNjE4MzIjODEjJDEjJDIjJDgz"", ""target_name"": ""돋움병원"", ""target_region_id"": null, ""target_region_name"": null}, {""policy"": ""ambulance_new_base"", ""target_id"": ""REG008"", ""target_name"": ""중앙동"", ""target_region_id"": ""REG008"", ""target_region_name"": ""중앙동""}, {""policy"": ""hospital_upgrade"", ""target_id"": ""JDQ4MTYyMiM2MSMkMSMkMiMkOTkkMzgxMzUxIzIxIyQxIyQxIyQ3MiQzNjE4MzIjODEjJDEjJDYjJDgz"", ""target_name"": ""삼성스카이병원"", ""target_region_id"": null, ""target_region_name"": null}]"
210,42,0.24633367573332454,0.057884193425734795,5.599677419354838,11.346236395124912,16.94591381447975,6.034316313600623,13.076129478313634,19.110445791914255,11.18,29.62,"[12, 7, 32]","[{""policy"": ""ambulance_existing"", ""target_id"": ""EMS013"", ""target_name"": ""성환119안전센터"", ""target_region_id"": ""REG030"", ""target_region_name"": ""성환읍""}, {""policy"": ""ambulance_existing"", ""target_id"": ""EMS008"", ""target_name"": ""119구조구급센터119안전센터"", ""target_region_id"": ""REG031"", ""target_region_name"": ""직산읍""}, {""policy"": ""hospital_upgrade"", ""target_id"": ""JDQ4MTYyMiM2MSMkMSMkMiMkOTkkMzgxMzUxIzExIyQxIyQ3IyQ4OSQzNjE0ODEjODEjJDEjJDYjJDgz"", ""target_name"": ""새로나병원"", ""target_region_id"": null, ""target_region_name"": null}]"
211,42,0.5103708667674987,0.0,4.882590673643812,11.594193548387098,16.476784222030908,5.523945446833128,13.264578960621222,18.788524407454346,11.18,29.62,"[19, 26, 27]","[{""policy"": ""ambulance_new_base"", ""target_id"": ""REG004"", ""target_name"": ""신안동"", ""target_region_id"": ""REG004"", ""target_region_name"": ""신안동""}, {""policy"": ""ambulance_new_base"", ""target_id"": ""REG018"", ""target_name"": ""백석동"", ""target_region_id"": ""REG018"", ""target_region_name"": ""백석동""}, {""policy"": ""ambulance_new_base"", ""target_id"": ""REG019"", ""target_name"": ""부성1동"", ""target_region_id"": ""REG019"", ""target_region_name"": ""부성1동""}]"
212,42,0.989973959915126,0.0,5.398709677419355,10.697312181131657,16.096021858551016,5.74164618396257,12.567275130344152,18.30892131430672,11.18,29.62,"[41, 51, 23]","[{""policy"": ""hospital_upgrade"", ""target_id"": ""JDQ4MTYyMiM2MSMkMSMkMiMkOTkkMzgxMzUxIzIxIyQxIyQ1IyQ4OSQyNjEyMjIjNjEjJDEjJDQjJDgz"", ""target_name"": ""서울프라임병원"", ""target_region_id"": null, ""target_region_name"": null}, {""policy"": ""hospital_upgrade"", ""target_id"": ""JDQ4MTYyMiM2MSMkMSMkMiMkOTkkMzgxMzUxIzIxIyQxIyQxIyQwMyQyNjE4MzIjODEjJDEjJDIjJDgz"", ""target_name"": ""서울대정병원"", ""target_region_id"": null, ""target_region_name"": null}, {""policy"": ""ambulance_new_base"", ""target_id"": ""REG010"", ""target_name"": ""광덕면"", ""target_region_id"": ""REG010"", ""target_region_name"": ""광덕면""}]"
213,42,0.7119685671630054,0.0222105191482742,5.599677419354838,10.626367224523342,16.226044643878183,6.034316313600623,12.574820912606496,18.609137226207114,11.18,29.62,"[40, 36, 7]","[{""policy"": ""hospital_upgrade"", ""target_id"": ""JDQ4MTYyMiM2MSMkMSMkMiMkOTkkMzgxMzUxIzIxIyQxIyQ1IyQ4OSQyNjE4MzIjNTEjJDEjJDYjJDgz"", ""target_name"": ""아이본병원"", ""target_region_id"": null, ""target_region_name"": null}, {""policy"": ""hospital_upgrade"", ""target_id"": ""JDQ4MTYyMiM2MSMkMSMkMiMkOTkkMzgxMzUxIzIxIyQxIyQ1IyQ2MiQzNjE4MzIjODEjJDEjJDIjJDgz"", ""target_name"": ""돋움병원"", ""target_region_id"": null, ""target_region_name"": null}, {""policy"": ""ambulance_existing"", ""target_id"": ""EMS008"", ""target_name"": ""119구조구급센터119안전센터"", ""target_region_id"": ""REG031"", ""target_region_name"": ""직산읍""}]"
214,42,0.8748438736037478,0.0,5.389711263171298,10.742002563194719,16.131713826366013,5.852393808666708,12.571657591951391,18.424051400618097,11.18,29.62,"[34, 20, 49]","[{""policy"": ""hospital_upgrade"", ""target_id"": ""JDQ4MTYyMiM2MSMkMSMkMiMkOTkkMzgxMzUxIzExIyQyIyQ3IyQwMCQ0NjE0ODEjNjEjJDEjJDgjJDgz"", ""target_name"": ""천안우리병원"", ""target_region_id"": null, ""target_region_name"": null}, {""policy"": ""ambulance_new_base"", ""target_id"": ""REG005"", ""target_name"": ""원성1동"", ""target_region_id"": ""REG005"", ""target_region_name"": ""원성1동""}, {""policy"": ""hospital_upgrade"", ""target_id"": ""JDQ4MTYyMiM2MSMkMSMkMiMkOTkkMzgxMzUxIzIxIyQxIyQxIyQ5MiQyNjEwMDIjNjEjJDEjJDAjJDgz"", ""target_name"": ""두정이진병원"", ""target_region_id"": null, ""target_region_name"": null}]"
215,42,0.8191392786009203,0.0097741241179697,5.599677419354838,10.555927781650936,16.155605201005777,6.034316313600623,12.455213806138277,18.489530119738895,11.18,29.62,"[40, 35, 11]","[{""policy"": ""hospital_upgrade"", ""target_id"": ""JDQ4MTYyMiM2MSMkMSMkMiMkOTkkMzgxMzUxIzIxIyQxIyQ1IyQ4OSQyNjE4MzIjNTEjJDEjJDYjJDgz"", ""target_name"": ""아이본병원"", ""target_region_id"": null, ""target_region_name"": null}, {""policy"": ""hospital_upgrade"", ""target_id"": ""JDQ4MTYyMiM2MSMkMSMkMiMkOTkkMzgxMzUxIzIxIyQxIyQ1IyQ2MiQ0NjE0ODEjNjEjJDEjJDgjJDgz"", ""target_name"": ""천안해울병원"", ""target_region_id"": null, ""target_region_name"": null}, {""policy"": ""ambulance_existing"", ""target_id"": ""EMS012"", ""target_name"": ""성거119안전센터"", ""target_region_id"": ""REG029"", ""target_region_name"": ""성거읍""}]"
216,42,0.6380938787595576,0.0001882362364812,5.599677419354838,10.645921375817954,16.245598795172793,6.034316313600623,12.626673318098149,18.66098963169877,11.18,29.62,"[8, 53, 37]","[{""policy"": ""ambulance_existing"", ""target_id"": ""EMS009"", ""target_name"": ""두정119안전센터"", ""target_region_id"": ""REG024"", ""target_region_name"": ""성정2동""}, {""policy"": ""hospital_upgrade"", ""target_id"": ""JDQ4MTYyMiM2MSMkMSMkMiMkOTkkMzgxMzUxIzIxIyQyIyQ1IyQwMCQyNjEwMDIjNDEjJDEjJDgjJDgz"", ""target_name"": ""이화병원"", ""target_region_id"": null, ""target_region_name"": null}, {""policy"": ""hospital_upgrade"", ""target_id"": ""JDQ4MTYyMiM2MSMkMSMkMiMkOTkkMzgxMzUxIzIxIyQxIyQ1IyQ3OSQyNjE0ODEjNDEjJDEjJDgjJDgz"", ""target_name"": ""마디손병원"", ""target_region_id"": null, ""target_region_name"": null}]"
217,42,0.7980554304065244,0.0,5.599677419354838,10.566069875998794,16.165747295353633,6.034316313600623,12.4665235302147,18.50083984381532,11.18,29.62,"[51, 47, 52]","[{""policy"": ""hospital_upgrade"", ""target_id"": ""JDQ4MTYyMiM2MSMkMSMkMiMkOTkkMzgxMzUxIzIxIyQxIyQxIyQwMyQyNjE4MzIjODEjJDEjJDIjJDgz"", ""target_name"": ""서울대정병원"", ""target_region_id"": null, ""target_region_name"": null}, {""policy"": ""hospital_upgrade"", ""target_id"": ""JDQ4MTYyMiM2MSMkMSMkMiMkOTkkMzgxMzUxIzIxIyQxIyQxIyQ4OSQ0NjE0ODEjODEjJDEjJDIjJDgz"", ""target_name"": ""서울우리병원"", ""target_region_id"": null, ""target_region_name"": null}, {""policy"": ""hospital_upgrade"", ""target_id"": ""JDQ4MTYyMiM2MSMkMSMkMiMkOTkkMzgxMzUxIzIxIyQxIyQxIyQxMyQyNjEyMjIjNzEjJDEjJDgjJDgz"", ""target_name"": ""SG삼성조은병원"", ""target_region_id"": null, ""target_region_name"": null}]"
218,42,0.7157719565338319,0.0,5.599677419354838,10.527968206486767,16.127645625841605,6.034316313600623,12.548807004087395,18.583123317688013,11.18,29.62,"[53, 43, 42]","[{""policy"": ""hospital_upgrade"", ""target_id"": ""JDQ4MTYyMiM2MSMkMSMkMiMkOTkkMzgxMzUxIzIxIyQyIyQ1IyQwMCQyNjEwMDIjNDEjJDEjJDgjJDgz"", ""target_name"": ""이화병원"", ""target_region_id"": null, ""target_region_name"": null}, {""policy"": ""hospital_upgrade"", ""target_id"": ""JDQ4MTYyMiM2MSMkMSMkMiMkOTkkMzgxMzUxIzIxIyQxIyQxIyQ2MiQ0NjE0ODEjNDEjJDEjJDQjJDgz"", ""target_name"": ""연세나무병원"", ""target_region_id"": null, ""target_region_name"": null}, {""policy"": ""hospital_upgrade"", ""target_id"": ""JDQ4MTYyMiM2MSMkMSMkMiMkOTkkMzgxMzUxIzIxIyQxIyQ1IyQ5OSQzNjEyMjIjNjEjJDEjJDQjJDgz"", ""target_name"": ""천안다나힐병원"", ""target_region_id"": null, ""target_region_name"": null}]"
219,42,0.6780825933012586,0.0,5.242268092998652,11.138559464269987,16.38082755726864,5.640001192820522,12.980811488100068,18.620812680920587,11.18,29.62,"[45, 26, 23]","[{""policy"": ""hospital_upgrade"", ""target_id"": ""JDQ4MTYyMiM2MSMkMSMkMiMkOTkkMzgxMzUxIzIxIyQxIyQxIyQ3MiQzNjE4MzIjODEjJDEjJDYjJDgz"", ""target_name"": ""삼성스카이병원"", ""target_region_id"": null, ""target_region_name"": null}, {""policy"": ""ambulance_new_base"", ""target_id"": ""REG018"", ""target_name"": ""백석동"", ""target_region_id"": ""REG018"", ""target_region_name"": ""백석동""}, {""policy"": ""ambulance_new_base"", ""target_id"": ""REG010"", ""target_name"": ""광덕면"", ""target_region_id"": ""REG010"", ""target_region_name"": ""광덕면""}]"
220,42,0.7111496658922425,0.0042478320188186,5.599677419354838,10.602734930923514,16.202412350278355,6.034316313600623,12.5576771267478,18.59199344034842,11.18,29.62,"[44, 40, 4]","[{""policy"": ""hospital_upgrade"", ""target_id"": ""JDQ4MTYyMiM2MSMkMSMkMiMkOTkkMzgxMzUxIzIxIyQxIyQxIyQ3MiQyNjE0ODEjNDEjJDEjJDgjJDgz"", ""target_name"": ""천안재활병원"", ""target_region_id"": null, ""target_region_name"": null}, {""policy"": ""hospital_upgrade"", ""target_id"": ""JDQ4MTYyMiM2MSMkMSMkMiMkOTkkMzgxMzUxIzIxIyQxIyQ1IyQ4OSQyNjE4MzIjNTEjJDEjJDYjJDgz"", ""target_name"": ""아이본병원"", ""target_region_id"": null, ""target_region_name"": null}, {""policy"": ""ambulance_existing"", ""target_id"": ""EMS005"", ""target_name"": ""성남지역대"", ""target_region_id"": ""REG014"", ""target_region_name"": ""성남면""}]"
221,42,1.2940709205878385,0.0,5.249677419354838,10.665970466999639,15.915647886354481,5.442251364611085,12.562572989022923,18.004824353634007,11.18,29.62,"[52, 49, 24]","[{""policy"": ""hospital_upgrade"", ""target_id"": ""JDQ4MTYyMiM2MSMkMSMkMiMkOTkkMzgxMzUxIzIxIyQxIyQxIyQxMyQyNjEyMjIjNzEjJDEjJDgjJDgz"", ""target_name"": ""SG삼성조은병원"", ""target_region_id"": null, ""target_region_name"": null}, {""policy"": ""hospital_upgrade"", ""target_id"": ""JDQ4MTYyMiM2MSMkMSMkMiMkOTkkMzgxMzUxIzIxIyQxIyQxIyQ5MiQyNjEwMDIjNjEjJDEjJDAjJDgz"", ""target_name"": ""두정이진병원"", ""target_region_id"": null, ""target_region_name"": null}, {""policy"": ""ambulance_new_base"", ""target_id"": ""REG011"", ""target_name"": ""동면"", ""target_region_id"": ""REG011"", ""target_region_name"": ""동면""}]"
222,42,0.4803559853025349,0.08186529164330819,5.599677419354838,10.998184134035316,16.59786155339016,6.034316313600623,12.866088266961999,18.90040458056262,11.18,29.62,"[12, 9, 48]","[{""policy"": ""ambulance_existing"", ""target_id"": ""EMS013"", ""target_name"": ""성환119안전센터"", ""target_region_id"": ""REG030"", ""target_region_name"": ""성환읍""}, {""policy"": ""ambulance_existing"", ""target_id"": ""EMS010"", ""target_name"": ""불당119안전센터"", ""target_region_id"": ""REG022"", ""target_region_name"": ""불당2동""}, {""policy"": ""hospital_upgrade"", ""target_id"": ""JDQ4MTYyMiM2MSMkMSMkMiMkOTkkMzgxMzUxIzIxIyQxIyQxIyQ5MiQyNjE4MzIjNDEjJDEjJDgjJDgz"", ""target_name"": ""혜성산부인과병원"", ""target_region_id"": null, ""target_region_name"": null}]"
223,42,0.24633389954216744,0.0578844172345777,5.599677419354838,11.346236395124912,16.94591381447975,6.034316313600623,13.076129478313634,19.110445791914255,11.18,29.62,"[12, 10, 32]","[{""policy"": ""ambulance_existing"", ""target_id"": ""EMS013"", ""target_name"": ""성환119안전센터"", ""target_region_id"": ""REG030"", ""target_region_name"": ""성환읍""}, {""policy"": ""ambulance_existing"", ""target_id"": ""EMS011"", ""target_name"": ""서부119안전센터"", ""target_region_id"": ""REG023"", ""target_region_name"": ""성정1동""}, {""policy"": ""hospital_upgrade"", ""target_id"": ""JDQ4MTYyMiM2MSMkMSMkMiMkOTkkMzgxMzUxIzExIyQxIyQ3IyQ4OSQzNjE0ODEjODEjJDEjJDYjJDgz"", ""target_name"": ""새로나병원"", ""target_region_id"": null, ""target_region_name"": null}]"
224,42,1.313327186191632,0.0,4.900148325326515,10.912914642839256,15.81306296816577,5.2469177459626835,12.738650342067533,17.985568088030213,10.85,29.62,"[52, 25, 31]","[{""policy"": ""hospital_upgrade"", ""target_id"": ""JDQ4MTYyMiM2MSMkMSMkMiMkOTkkMzgxMzUxIzIxIyQxIyQxIyQxMyQyNjEyMjIjNzEjJDEjJDgjJDgz"", ""target_name"": ""SG삼성조은병원"", ""target_region_id"": null, ""target_region_name"": null}, {""policy"": ""ambulance_new_base"", ""target_id"": ""REG015"", ""target_name"": ""수신면"", ""target_region_id"": ""REG015"", ""target_region_name"": ""수신면""}, {""policy"": ""ambulance_new_base"", ""target_id"": ""REG027"", ""target_name"": ""쌍용3동"", ""target_region_id"": ""REG027"", ""target_region_name"": ""쌍용3동""}]"
225,42,0.0139506024389257,0.0139506024389257,5.599677419354838,11.594193548387098,17.193870967741937,6.034316313600623,13.264578960621222,19.298895274221845,11.18,29.62,"[14, 4, 0]","[{""policy"": ""ambulance_existing"", ""target_id"": ""EMS015"", ""target_name"": ""입장119안전센터"", ""target_region_id"": ""REG028"", ""target_region_name"": ""입장면""}, {""policy"": ""ambulance_existing"", ""target_id"": ""EMS005"", ""target_name"": ""성남지역대"", ""target_region_id"": ""REG014"", ""target_region_name"": ""성남면""}, {""policy"": ""ambulance_existing"", ""target_id"": ""EMS001"", ""target_name"": ""119구조구급센터119안전센터"", ""target_region_id"": ""REG006"", ""target_region_name"": ""원성2동""}]"
226,42,1.053703071083767,0.0,5.599677419354838,10.22787620629838,15.827553625653218,6.034316313600623,12.210875889537457,18.245192203138078,11.18,29.62,"[43, 34, 45]","[{""policy"": ""hospital_upgrade"", ""target_id"": ""JDQ4MTYyMiM2MSMkMSMkMiMkOTkkMzgxMzUxIzIxIyQxIyQxIyQ2MiQ0NjE0ODEjNDEjJDEjJDQjJDgz"", ""target_name"": ""연세나무병원"", ""target_region_id"": null, ""target_region_name"": null}, {""policy"": ""hospital_upgrade"", ""target_id"": ""JDQ4MTYyMiM2MSMkMSMkMiMkOTkkMzgxMzUxIzExIyQyIyQ3IyQwMCQ0NjE0ODEjNjEjJDEjJDgjJDgz"", ""target_name"": ""천안우리병원"", ""target_region_id"": null, ""target_region_name"": null}, {""policy"": ""hospital_upgrade"", ""target_id"": ""JDQ4MTYyMiM2MSMkMSMkMiMkOTkkMzgxMzUxIzIxIyQxIyQxIyQ3MiQzNjE4MzIjODEjJDEjJDYjJDgz"", ""target_name"": ""삼성스카이병원"", ""target_region_id"": null, ""target_region_name"": null}]"
227,42,0.6454708339637492,0.0,5.30953667865867,11.05554103502802,16.36507771368669,5.817718036654236,12.835706403603863,18.653424440258096,11.18,29.62,"[21, 35, 42]","[{""policy"": ""ambulance_new_base"", ""target_id"": ""REG007"", ""target_name"": ""일봉동"", ""target_region_id"": ""REG007"", ""target_region_name"": ""일봉동""}, {""policy"": ""hospital_upgrade"", ""target_id"": ""JDQ4MTYyMiM2MSMkMSMkMiMkOTkkMzgxMzUxIzIxIyQxIyQ1IyQ2MiQ0NjE0ODEjNjEjJDEjJDgjJDgz"", ""target_name"": ""천안해울병원"", ""target_region_id"": null, ""target_region_name"": null}, {""policy"": ""hospital_upgrade"", ""target_id"": ""JDQ4MTYyMiM2MSMkMSMkMiMkOTkkMzgxMzUxIzIxIyQxIyQ1IyQ5OSQzNjEyMjIjNjEjJDEjJDQjJDgz"", ""target_name"": ""천안다나힐병원"", ""target_region_id"": null, ""target_region_name"": null}]"
228,42,0.7659918426305351,0.0045892200942615,5.3432258064516125,10.856635269370763,16.199861075822373,5.838491576775618,12.699001074909956,18.53749265168557,11.18,29.62,"[3, 38, 19]","[{""policy"": ""ambulance_existing"", ""target_id"": ""EMS004"", ""target_name"": ""북면지역대"", ""target_region_id"": ""REG013"", ""target_region_name"": ""북면""}, {""policy"": ""hospital_upgrade"", ""target_id"": ""JDQ4MTYyMiM2MSMkMSMkMiMkOTkkMzgxMzUxIzIxIyQxIyQ1IyQ3OSQzNjE4MzIjODEjJDEjJDYjJDgz"", ""target_name"": ""앙즈로여성병원"", ""target_region_id"": null, ""target_region_name"": null}, {""policy"": ""ambulance_new_base"", ""target_id"": ""REG004"", ""target_name"": ""신안동"", ""target_region_id"": ""REG004"", ""target_region_name"": ""신안동""}]"
229,42,0.7277123578560172,0.0,5.284148661359985,10.951037520712806,16.23518618207279,5.784166068643291,12.787016847722535,18.571182916365828,11.18,29.62,"[17, 45, 50]","[{""policy"": ""ambulance_new_base"", ""target_id"": ""REG002"", ""target_name"": ""봉명동"", ""target_region_id"": ""REG002"", ""target_region_name"": ""봉명동""}, {""policy"": ""hospital_upgrade"", ""target_id"": ""JDQ4MTYyMiM2MSMkMSMkMiMkOTkkMzgxMzUxIzIxIyQxIyQxIyQ3MiQzNjE4MzIjODEjJDEjJDYjJDgz"", ""target_name"": ""삼성스카이병원"", ""target_region_id"": null, ""target_region_name"": null}, {""policy"": ""hospital_upgrade"", ""target_id"": ""JDQ4MTYyMiM2MSMkMSMkMiMkOTkkMzgxMzUxIzIxIyQxIyQxIyQwMyQyNjE0ODEjNTEjJDEjJDYjJDgz"", ""target_name"": ""천안21세기병원"", ""target_region_id"": null, ""target_region_name"": null}]"
230,42,1.4112744409289206,0.0,5.002011389611567,10.92879511789891,15.930806507510475,5.150284662585173,12.737336170707753,17.887620833292925,10.85,29.62,"[25, 28, 41]","[{""policy"": ""ambulance_new_base"", ""target_id"": ""REG015"", ""target_name"": ""수신면"", ""target_region_id"": ""REG015"", ""target_region_name"": ""수신면""}, {""policy"": ""ambulance_new_base"", ""target_id"": ""REG020"", ""target_name"": ""부성2동"", ""target_region_id"": ""REG020"", ""target_region_name"": ""부성2동""}, {""policy"": ""hospital_upgrade"", ""target_id"": ""JDQ4MTYyMiM2MSMkMSMkMiMkOTkkMzgxMzUxIzIxIyQxIyQ1IyQ4OSQyNjEyMjIjNjEjJDEjJDQjJDgz"", ""target_name"": ""서울프라임병원"", ""target_region_id"": null, ""target_region_name"": null}]"
231,42,0.5901398576051093,0.0,4.985816480095425,11.594193548387098,16.580010028482523,5.4441764559955175,13.264578960621222,18.708755416616736,11.18,29.62,"[26, 19, 23]","[{""policy"": ""ambulance_new_base"", ""target_id"": ""REG018"", ""target_name"": ""백석동"", ""target_region_id"": ""REG018"", ""target_region_name"": ""백석동""}, {""policy"": ""ambulance_new_base"", ""target_id"": ""REG004"", ""target_name"": ""신안동"", ""target_region_id"": ""REG004"", ""target_region_name"": ""신안동""}, {""policy"": ""ambulance_new_base"", ""target_id"": ""REG010"", ""target_name"": ""광덕면"", ""target_region_id"": ""REG010"", ""target_region_name"": ""광덕면""}]"
232,42,0.5217112412026048,0.0306886569409906,5.265170274394114,11.138559464269987,16.403729738664104,5.8270612018601655,12.980811488100068,18.80787268996023,11.18,29.62,"[45, 30, 6]","[{""policy"": ""hospital_upgrade"", ""target_id"": ""JDQ4MTYyMiM2MSMkMSMkMiMkOTkkMzgxMzUxIzIxIyQxIyQxIyQ3MiQzNjE4MzIjODEjJDEjJDYjJDgz"", ""target_name"": ""삼성스카이병원"", ""target_region_id"": null, ""target_region_name"": null}, {""policy"": ""ambulance_new_base"", ""target_id"": ""REG025"", ""target_name"": ""쌍용1동"", ""target_region_id"": ""REG025"", ""target_region_name"": ""쌍용1동""}, {""policy"": ""ambulance_existing"", ""target_id"": ""EMS007"", ""target_name"": ""풍세119안전센터"", ""target_region_id"": ""REG016"", ""target_region_name"": ""풍세면""}]"
233,42,0.5926675754036594,0.0,5.108728689973412,11.138559464269987,16.247288154243403,5.725416210718118,12.980811488100068,18.706227698818186,11.18,29.62,"[30, 45, 26]","[{""policy"": ""ambulance_new_base"", ""target_id"": ""REG025"", ""target_name"": ""쌍용1동"", ""target_region_id"": ""REG025"", ""target_region_name"": ""쌍용1동""}, {""policy"": ""hospital_upgrade"", ""target_id"": ""JDQ4MTYyMiM2MSMkMSMkMiMkOTkkMzgxMzUxIzIxIyQxIyQxIyQ3MiQzNjE4MzIjODEjJDEjJDYjJDgz"", ""target_name"": ""삼성스카이병원"", ""target_region_id"": null, ""target_region_name"": null}, {""policy"": ""ambulance_new_base"", ""target_id"": ""REG018"", ""target_name"": ""백석동"", ""target_region_id"": ""REG018"", ""target_region_name"": ""백석동""}]"
234,42,0.28255889634096065,0.0659606193945719,5.30953667865867,11.594193548387098,16.90373022704577,5.817718036654236,13.264578960621222,19.082296997275456,11.18,29.62,"[5, 1, 21]","[{""policy"": ""ambulance_existing"", ""target_id"": ""EMS006"", ""target_name"": ""청당119안전센터"", ""target_region_id"": ""REG009"", ""target_region_name"": ""청룡동""}, {""policy"": ""ambulance_existing"", ""target_id"": ""EMS002"", ""target_name"": ""독립119안전센터"", ""target_region_id"": ""REG017"", ""target_region_name"": ""목천읍""}, {""policy"": ""ambulance_new_base"", ""target_id"": ""REG007"", ""target_name"": ""일봉동"", ""target_region_id"": ""REG007"", ""target_region_name"": ""일봉동""}]"
235,42,0.678945081897421,0.0,5.30953667865867,10.850577256463923,16.160113935122595,5.817718036654236,12.80223215567019,18.619950192324424,11.18,29.62,"[33, 21, 32]","[{""policy"": ""hospital_upgrade"", ""target_id"": ""JDQ4MTYyMiM2MSMkMSMkMiMkOTkkMzgxMzUxIzExIyQxIyQ3IyQ5OSQ0NjE0ODEjODEjJDEjJDYjJDgz"", ""target_name"": ""예일병원"", ""target_region_id"": null, ""target_region_name"": null}, {""policy"": ""ambulance_new_base"", ""target_id"": ""REG007"", ""target_name"": ""일봉동"", ""target_region_id"": ""REG007"", ""target_region_name"": ""일봉동""}, {""policy"": ""hospital_upgrade"", ""target_id"": ""JDQ4MTYyMiM2MSMkMSMkMiMkOTkkMzgxMzUxIzExIyQxIyQ3IyQ4OSQzNjE0ODEjODEjJDEjJDYjJDgz"", ""target_name"": ""새로나병원"", ""target_region_id"": null, ""target_region_name"": null}]"
236,42,0.5688923099225957,0.0222107429571171,5.056144725317038,11.594193548387098,16.65033827370414,5.487634746635148,13.264578960621222,18.752213707256367,11.18,29.62,"[16, 10, 17]","[{""policy"": ""ambulance_new_base"", ""target_id"": ""REG001"", ""target_name"": ""문성동"", ""target_region_id"": ""REG001"", ""target_region_name"": ""문성동""}, {""policy"": ""ambulance_existing"", ""target_id"": ""EMS011"", ""target_name"": ""서부119안전센터"", ""target_region_id"": ""REG023"", ""target_region_name"": ""성정1동""}, {""policy"": ""ambulance_new_base"", ""target_id"": ""REG002"", ""target_name"": ""봉명동"", ""target_region_id"": ""REG002"", ""target_region_name"": ""봉명동""}]"
237,42,1.001467981921106,0.0,5.260793486616837,10.513302104502895,15.774095591119734,5.843096022653826,12.454331269646914,18.29742729230074,11.18,29.62,"[37, 31, 49]","[{""policy"": ""hospital_upgrade"", ""target_id"": ""JDQ4MTYyMiM2MSMkMSMkMiMkOTkkMzgxMzUxIzIxIyQxIyQ1IyQ3OSQyNjE0ODEjNDEjJDEjJDgjJDgz"", ""target_name"": ""마디손병원"", ""target_region_id"": null, ""target_region_name"": null}, {""policy"": ""ambulance_new_base"", ""target_id"": ""REG027"", ""target_name"": ""쌍용3동"", ""target_region_id"": ""REG027"", ""target_region_name"": ""쌍용3동""}, {""policy"": ""hospital_upgrade"", ""target_id"": ""JDQ4MTYyMiM2MSMkMSMkMiMkOTkkMzgxMzUxIzIxIyQxIyQxIyQ5MiQyNjEwMDIjNjEjJDEjJDAjJDgz"", ""target_name"": ""두정이진병원"", ""target_region_id"": null, ""target_region_name"": null}]"
238,42,0.24499901614709474,0.056549533839505006,5.599677419354838,11.346236395124912,16.94591381447975,6.034316313600623,13.076129478313634,19.110445791914255,11.18,29.62,"[32, 15, 7]","[{""policy"": ""hospital_upgrade"", ""target_id"": ""JDQ4MTYyMiM2MSMkMSMkMiMkOTkkMzgxMzUxIzExIyQxIyQ3IyQ4OSQzNjE0ODEjODEjJDEjJDYjJDgz"", ""target_name"": ""새로나병원"", ""target_region_id"": null, ""target_region_name"": null}, {""policy"": ""ambulance_existing"", ""target_id"": ""EMS016"", ""target_name"": ""직산119안전센터"", ""target_region_id"": ""REG031"", ""target_region_name"": ""직산읍""}, {""policy"": ""ambulance_existing"", ""target_id"": ""EMS008"", ""target_name"": ""119구조구급센터119안전센터"", ""target_region_id"": ""REG031"", ""target_region_name"": ""직산읍""}]"
239,42,0.2711171419355228,0.054518864989134,5.30953667865867,11.594193548387098,16.90373022704577,5.817718036654236,13.264578960621222,19.082296997275456,11.18,29.62,"[21, 14, 9]","[{""policy"": ""ambulance_new_base"", ""target_id"": ""REG007"", ""target_name"": ""일봉동"", ""target_region_id"": ""REG007"", ""target_region_name"": ""일봉동""}, {""policy"": ""ambulance_existing"", ""target_id"": ""EMS015"", ""target_name"": ""입장119안전센터"", ""target_region_id"": ""REG028"", ""target_region_name"": ""입장면""}, {""policy"": ""ambulance_existing"", ""target_id"": ""EMS010"", ""target_name"": ""불당119안전센터"", ""target_region_id"": ""REG022"", ""target_region_name"": ""불당2동""}]"
240,42,0.8263551248306626,0.0,5.599677419354838,10.39796422255577,15.997641641910606,6.034316313600623,12.43822383579056,18.472540149391182,11.18,29.62,"[32, 37, 53]","[{""policy"": ""hospital_upgrade"", ""target_id"": ""JDQ4MTYyMiM2MSMkMSMkMiMkOTkkMzgxMzUxIzExIyQxIyQ3IyQ4OSQzNjE0ODEjODEjJDEjJDYjJDgz"", ""target_name"": ""새로나병원"", ""target_region_id"": null, ""target_region_name"": null}, {""policy"": ""hospital_upgrade"", ""target_id"": ""JDQ4MTYyMiM2MSMkMSMkMiMkOTkkMzgxMzUxIzIxIyQxIyQ1IyQ3OSQyNjE0ODEjNDEjJDEjJDgjJDgz"", ""target_name"": ""마디손병원"", ""target_region_id"": null, ""target_region_name"": null}, {""policy"": ""hospital_upgrade"", ""target_id"": ""JDQ4MTYyMiM2MSMkMSMkMiMkOTkkMzgxMzUxIzIxIyQyIyQ1IyQwMCQyNjEwMDIjNDEjJDEjJDgjJDgz"", ""target_name"": ""이화병원"", ""target_region_id"": null, ""target_region_name"": null}]"
241,42,1.1499283032213405,0.0,5.239032258064516,10.647930352206338,15.886962610270853,5.438138036909479,12.710828934091028,18.148966971000505,10.85,29.62,"[45, 25, 53]","[{""policy"": ""hospital_upgrade"", ""target_id"": ""JDQ4MTYyMiM2MSMkMSMkMiMkOTkkMzgxMzUxIzIxIyQxIyQxIyQ3MiQzNjE4MzIjODEjJDEjJDYjJDgz"", ""target_name"": ""삼성스카이병원"", ""target_region_id"": null, ""target_region_name"": null}, {""policy"": ""ambulance_new_base"", ""target_id"": ""REG015"", ""target_name"": ""수신면"", ""target_region_id"": ""REG015"", ""target_region_name"": ""수신면""}, {""policy"": ""hospital_upgrade"", ""target_id"": ""JDQ4MTYyMiM2MSMkMSMkMiMkOTkkMzgxMzUxIzIxIyQyIyQ1IyQwMCQyNjEwMDIjNDEjJDEjJDgjJDgz"", ""target_name"": ""이화병원"", ""target_region_id"": null, ""target_region_name"": null}]"
242,42,0.8820190586854295,0.0,5.295483870967741,10.604361059887708,15.899844930855451,5.8214151748001814,12.59546104073623,18.416876215536416,11.18,29.62,"[38, 27, 46]","[{""policy"": ""hospital_upgrade"", ""target_id"": ""JDQ4MTYyMiM2MSMkMSMkMiMkOTkkMzgxMzUxIzIxIyQxIyQ1IyQ3OSQzNjE4MzIjODEjJDEjJDYjJDgz"", ""target_name"": ""앙즈로여성병원"", ""target_region_id"": null, ""target_region_name"": null}, {""policy"": ""ambulance_new_base"", ""target_id"": ""REG019"", ""target_name"": ""부성1동"", ""target_region_id"": ""REG019"", ""target_region_name"": ""부성1동""}, {""policy"": ""hospital_upgrade"", ""target_id"": ""JDQ4MTYyMiM2MSMkMSMkMiMkOTkkMzgxMzUxIzIxIyQxIyQxIyQ3OSQyNjEyMjIjNDEjJDEjJDgjJDgz"", ""target_name"": ""우리척병원"", ""target_region_id"": null, ""target_region_name"": null}]"
243,42,1.3077572212105935,0.0,5.249677419354838,10.680837964636725,15.930515383991564,5.442251364611085,12.548886688400165,17.99113805301125,11.18,29.62,"[41, 32, 24]","[{""policy"": ""hospital_upgrade"", ""target_id"": ""JDQ4MTYyMiM2MSMkMSMkMiMkOTkkMzgxMzUxIzIxIyQxIyQ1IyQ4OSQyNjEyMjIjNjEjJDEjJDQjJDgz"", ""target_name"": ""서울프라임병원"", ""target_region_id"": null, ""target_region_name"": null}, {""policy"": ""hospital_upgrade"", ""target_id"": ""JDQ4MTYyMiM2MSMkMSMkMiMkOTkkMzgxMzUxIzExIyQxIyQ3IyQ4OSQzNjE0ODEjODEjJDEjJDYjJDgz"", ""target_name"": ""새로나병원"", ""target_region_id"": null, ""target_region_name"": null}, {""policy"": ""ambulance_new_base"", ""target_id"": ""REG011"", ""target_name"": ""동면"", ""target_region_id"": ""REG011"", ""target_region_name"": ""동면""}]"
244,42,0.6785235697296775,0.0495123820092479,5.443235834934136,10.922183961670516,16.36541979660465,5.932671322458575,12.737212764042843,18.669884086501416,11.18,29.62,"[26, 5, 39]","[{""policy"": ""ambulance_new_base"", ""target_id"": ""REG018"", ""target_name"": ""백석동"", ""target_region_id"": ""REG018"", ""target_region_name"": ""백석동""}, {""policy"": ""ambulance_existing"", ""target_id"": ""EMS006"", ""target_name"": ""청당119안전센터"", ""target_region_id"": ""REG009"", ""target_region_name"": ""청룡동""}, {""policy"": ""hospital_upgrade"", ""target_id"": ""JDQ4MTYyMiM2MSMkMSMkMiMkOTkkMzgxMzUxIzIxIyQxIyQ1IyQ4OSQ0NjEwMDIjNTEjJDEjJDIjJDgz"", ""target_name"": ""천안리턴병원"", ""target_region_id"": null, ""target_region_name"": null}]"
245,42,0.8365847448488175,0.0,5.342699713174523,10.603309975464697,15.94600968863922,5.860800250783288,12.601510278589746,18.462310529373028,11.18,29.62,"[51, 33, 29]","[{""policy"": ""hospital_upgrade"", ""target_id"": ""JDQ4MTYyMiM2MSMkMSMkMiMkOTkkMzgxMzUxIzIxIyQxIyQxIyQwMyQyNjE4MzIjODEjJDEjJDIjJDgz"", ""target_name"": ""서울대정병원"", ""target_region_id"": null, ""target_region_name"": null}, {""policy"": ""hospital_upgrade"", ""target_id"": ""JDQ4MTYyMiM2MSMkMSMkMiMkOTkkMzgxMzUxIzExIyQxIyQ3IyQ5OSQ0NjE0ODEjODEjJDEjJDYjJDgz"", ""target_name"": ""예일병원"", ""target_region_id"": null, ""target_region_name"": null}, {""policy"": ""ambulance_new_base"", ""target_id"": ""REG021"", ""target_name"": ""불당1동"", ""target_region_id"": ""REG021"", ""target_region_name"": ""불당1동""}]"
246,42,0.7514062418061874,0.0495123820092479,5.599677419354838,10.596129705204897,16.19580712455973,6.034316313600623,12.562685100824284,18.597001414424906,11.18,29.62,"[5, 53, 50]","[{""policy"": ""ambulance_existing"", ""target_id"": ""EMS006"", ""target_name"": ""청당119안전센터"", ""target_region_id"": ""REG009"", ""target_region_name"": ""청룡동""}, {""policy"": ""hospital_upgrade"", ""target_id"": ""JDQ4MTYyMiM2MSMkMSMkMiMkOTkkMzgxMzUxIzIxIyQyIyQ1IyQwMCQyNjEwMDIjNDEjJDEjJDgjJDgz"", ""target_name"": ""이화병원"", ""target_region_id"": null, ""target_region_name"": null}, {""policy"": ""hospital_upgrade"", ""target_id"": ""JDQ4MTYyMiM2MSMkMSMkMiMkOTkkMzgxMzUxIzIxIyQxIyQxIyQwMyQyNjE0ODEjNTEjJDEjJDYjJDgz"", ""target_name"": ""천안21세기병원"", ""target_region_id"": null, ""target_region_name"": null}]"
247,42,0.6997792084004288,0.0,5.599677419354838,10.669072594201587,16.268750013556428,6.034316313600623,12.564799752220795,18.599116065821416,11.18,29.62,"[42, 38, 52]","[{""policy"": ""hospital_upgrade"", ""target_id"": ""JDQ4MTYyMiM2MSMkMSMkMiMkOTkkMzgxMzUxIzIxIyQxIyQ1IyQ5OSQzNjEyMjIjNjEjJDEjJDQjJDgz"", ""target_name"": ""천안다나힐병원"", ""target_region_id"": null, ""target_region_name"": null}, {""policy"": ""hospital_upgrade"", ""target_id"": ""JDQ4MTYyMiM2MSMkMSMkMiMkOTkkMzgxMzUxIzIxIyQxIyQ1IyQ3OSQzNjE4MzIjODEjJDEjJDYjJDgz"", ""target_name"": ""앙즈로여성병원"", ""target_region_id"": null, ""target_region_name"": null}, {""policy"": ""hospital_upgrade"", ""target_id"": ""JDQ4MTYyMiM2MSMkMSMkMiMkOTkkMzgxMzUxIzIxIyQxIyQxIyQxMyQyNjEyMjIjNzEjJDEjJDgjJDgz"", ""target_name"": ""SG삼성조은병원"", ""target_region_id"": null, ""target_region_name"": null}]"
248,42,0.09838752758367776,0.032064179737811296,5.422903225806452,11.594193548387098,17.017096774193547,5.967992965754759,13.264578960621222,19.23257192637598,11.18,29.62,"[0, 6, 18]","[{""policy"": ""ambulance_existing"", ""target_id"": ""EMS001"", ""target_name"": ""119구조구급센터119안전센터"", ""target_region_id"": ""REG006"", ""target_region_name"": ""원성2동""}, {""policy"": ""ambulance_existing"", ""target_id"": ""EMS007"", ""target_name"": ""풍세119안전센터"", ""target_region_id"": ""REG016"", ""target_region_name"": ""풍세면""}, {""policy"": ""ambulance_new_base"", ""target_id"": ""REG003"", ""target_name"": ""신방동"", ""target_region_id"": ""REG003"", ""target_region_name"": ""신방동""}]"
249,42,0.6812922900531824,0.0,5.443235834934136,10.858808831433818,16.302044666367955,5.932671322458575,12.684931661710088,18.617602984168663,11.18,29.62,"[26, 52, 41]","[{""policy"": ""ambulance_new_base"", ""target_id"": ""REG018"", ""target_name"": ""백석동"", ""target_region_id"": ""REG018"", ""target_region_name"": ""백석동""}, {""policy"": ""hospital_upgrade"", ""target_id"": ""JDQ4MTYyMiM2MSMkMSMkMiMkOTkkMzgxMzUxIzIxIyQxIyQxIyQxMyQyNjEyMjIjNzEjJDEjJDgjJDgz"", ""target_name"": ""SG삼성조은병원"", ""target_region_id"": null, ""target_region_name"": null}, {""policy"": ""hospital_upgrade"", ""target_id"": ""JDQ4MTYyMiM2MSMkMSMkMiMkOTkkMzgxMzUxIzIxIyQxIyQ1IyQ4OSQyNjEyMjIjNjEjJDEjJDQjJDgz"", ""target_name"": ""서울프라임병원"", ""target_region_id"": null, ""target_region_name"": null}]"
250,42,1.3733772786693237,0.0,5.239032258064516,10.507843211080171,15.746875469144687,5.438138036909479,12.487379958643041,17.92551799555252,10.85,29.62,"[25, 45, 51]","[{""policy"": ""ambulance_new_base"", ""target_id"": ""REG015"", ""target_name"": ""수신면"", ""target_region_id"": ""REG015"", ""target_region_name"": ""수신면""}, {""policy"": ""hospital_upgrade"", ""target_id"": ""JDQ4MTYyMiM2MSMkMSMkMiMkOTkkMzgxMzUxIzIxIyQxIyQxIyQ3MiQzNjE4MzIjODEjJDEjJDYjJDgz"", ""target_name"": ""삼성스카이병원"", ""target_region_id"": null, ""target_region_name"": null}, {""policy"": ""hospital_upgrade"", ""target_id"": ""JDQ4MTYyMiM2MSMkMSMkMiMkOTkkMzgxMzUxIzIxIyQxIyQxIyQwMyQyNjE4MzIjODEjJDEjJDIjJDgz"", ""target_name"": ""서울대정병원"", ""target_region_id"": null, ""target_region_name"": null}]"
251,42,0.25686117131811087,0.0402628943717221,5.30953667865867,11.594193548387098,16.90373022704577,5.817718036654236,13.264578960621222,19.082296997275456,11.18,29.62,"[12, 21, 3]","[{""policy"": ""ambulance_existing"", ""target_id"": ""EMS013"", ""target_name"": ""성환119안전센터"", ""target_region_id"": ""REG030"", ""target_region_name"": ""성환읍""}, {""policy"": ""ambulance_new_base"", ""target_id"": ""REG007"", ""target_name"": ""일봉동"", ""target_region_id"": ""REG007"", ""target_region_name"": ""일봉동""}, {""policy"": ""ambulance_existing"", ""target_id"": ""EMS004"", ""target_name"": ""북면지역대"", ""target_region_id"": ""REG013"", ""target_region_name"": ""북면""}]"
252,42,0.18753801895412653,0.014021956136788302,5.342699713174523,11.594193548387098,16.93689326156162,5.860800250783288,13.264578960621222,19.125379211404507,11.18,29.62,"[4, 29, 11]","[{""policy"": ""ambulance_existing"", ""target_id"": ""EMS005"", ""target_name"": ""성남지역대"", ""target_region_id"": ""REG014"", ""target_region_name"": ""성남면""}, {""policy"": ""ambulance_new_base"", ""target_id"": ""REG021"", ""target_name"": ""불당1동"", ""target_region_id"": ""REG021"", ""target_region_name"": ""불당1동""}, {""policy"": ""ambulance_existing"", ""target_id"": ""EMS012"", ""target_name"": ""성거119안전센터"", ""target_region_id"": ""REG029"", ""target_region_name"": ""성거읍""}]"
253,42,0.99826414700393,6.036187032550563e-05,5.249677419354838,11.033865820568307,16.283543239923144,5.442251364611085,12.858440124477161,18.30069148908824,11.18,29.62,"[49, 13, 24]","[{""policy"": ""hospital_upgrade"", ""target_id"": ""JDQ4MTYyMiM2MSMkMSMkMiMkOTkkMzgxMzUxIzIxIyQxIyQxIyQ5MiQyNjEwMDIjNjEjJDEjJDAjJDgz"", ""target_name"": ""두정이진병원"", ""target_region_id"": null, ""target_region_name"": null}, {""policy"": ""ambulance_existing"", ""target_id"": ""EMS014"", ""target_name"": ""쌍용119안전센터"", ""target_region_id"": ""REG026"", ""target_region_name"": ""쌍용2동""}, {""policy"": ""ambulance_new_base"", ""target_id"": ""REG011"", ""target_name"": ""동면"", ""target_region_id"": ""REG011"", ""target_region_name"": ""동면""}]"
254,42,0.233217793223076,0.0512952882891572,5.389711263171298,11.594193548387098,16.983904811558396,5.852393808666708,13.264578960621222,19.116972769287926,11.18,29.62,"[2, 1, 20]","[{""policy"": ""ambulance_existing"", ""target_id"": ""EMS003"", ""target_name"": ""병천119안전센터"", ""target_region_id"": ""REG012"", ""target_region_name"": ""병천면""}, {""policy"": ""ambulance_existing"", ""target_id"": ""EMS002"", ""target_name"": ""독립119안전센터"", ""target_region_id"": ""REG017"", ""target_region_name"": ""목천읍""}, {""policy"": ""ambulance_new_base"", ""target_id"": ""REG005"", ""target_name"": ""원성1동"", ""target_region_id"": ""REG005"", ""target_region_name"": ""원성1동""}]"
255,42,0.6754723731281947,0.0495123820092479,5.3432258064516125,11.08868306517315,16.43190887162476,5.838491576775618,12.834443706327281,18.6729352831029,11.18,29.62,"[19, 5, 50]","[{""policy"": ""ambulance_new_base"", ""target_id"": ""REG004"", ""target_name"": ""신안동"", ""target_region_id"": ""REG004"", ""target_region_name"": ""신안동""}, {""policy"": ""ambulance_existing"", ""target_id"": ""EMS006"", ""target_name"": ""청당119안전센터"", ""target_region_id"": ""REG009"", ""target_region_name"": ""청룡동""}, {""policy"": ""hospital_upgrade"", ""target_id"": ""JDQ4MTYyMiM2MSMkMSMkMiMkOTkkMzgxMzUxIzIxIyQxIyQxIyQwMyQyNjE0ODEjNTEjJDEjJDYjJDgz"", ""target_name"": ""천안21세기병원"", ""target_region_id"": null, ""target_region_name"": null}]"
256,42,0.9835771718527688,0.0,5.599677419354838,10.400512906753859,16.000190326108697,6.034316313600623,12.281001788768457,18.315318102369076,11.18,29.62,"[41, 34, 37]","[{""policy"": ""hospital_upgrade"", ""target_id"": ""JDQ4MTYyMiM2MSMkMSMkMiMkOTkkMzgxMzUxIzIxIyQxIyQ1IyQ4OSQyNjEyMjIjNjEjJDEjJDQjJDgz"", ""target_name"": ""서울프라임병원"", ""target_region_id"": null, ""target_region_name"": null}, {""policy"": ""hospital_upgrade"", ""target_id"": ""JDQ4MTYyMiM2MSMkMSMkMiMkOTkkMzgxMzUxIzExIyQyIyQ3IyQwMCQ0NjE0ODEjNjEjJDEjJDgjJDgz"", ""target_name"": ""천안우리병원"", ""target_region_id"": null, ""target_region_name"": null}, {""policy"": ""hospital_upgrade"", ""target_id"": ""JDQ4MTYyMiM2MSMkMSMkMiMkOTkkMzgxMzUxIzIxIyQxIyQ1IyQ3OSQyNjE0ODEjNDEjJDEjJDgjJDgz"", ""target_name"": ""마디손병원"", ""target_region_id"": null, ""target_region_name"": null}]"
257,42,0.9023086552905575,0.0,5.30953667865867,10.708886647931475,16.018423326590145,5.817718036654236,12.578868582277051,18.396586618931288,11.18,29.62,"[39, 38, 21]","[{""policy"": ""hospital_upgrade"", ""target_id"": ""JDQ4MTYyMiM2MSMkMSMkMiMkOTkkMzgxMzUxIzIxIyQxIyQ1IyQ4OSQ0NjEwMDIjNTEjJDEjJDIjJDgz"", ""target_name"": ""천안리턴병원"", ""target_region_id"": null, ""target_region_name"": null}, {""policy"": ""hospital_upgrade"", ""target_id"": ""JDQ4MTYyMiM2MSMkMSMkMiMkOTkkMzgxMzUxIzIxIyQxIyQ1IyQ3OSQzNjE4MzIjODEjJDEjJDYjJDgz"", ""target_name"": ""앙즈로여성병원"", ""target_region_id"": null, ""target_region_name"": null}, {""policy"": ""ambulance_new_base"", ""target_id"": ""REG007"", ""target_name"": ""일봉동"", ""target_region_id"": ""REG007"", ""target_region_name"": ""일봉동""}]"
258,42,0.46901141884052056,0.07052072518129379,5.599677419354838,10.998184134035316,16.59786155339016,6.034316313600623,12.866088266961999,18.90040458056262,11.18,29.62,"[12, 48, 2]","[{""policy"": ""ambulance_existing"", ""target_id"": ""EMS013"", ""target_name"": ""성환119안전센터"", ""target_region_id"": ""REG030"", ""target_region_name"": ""성환읍""}, {""policy"": ""hospital_upgrade"", ""target_id"": ""JDQ4MTYyMiM2MSMkMSMkMiMkOTkkMzgxMzUxIzIxIyQxIyQxIyQ5MiQyNjE4MzIjNDEjJDEjJDgjJDgz"", ""target_name"": ""혜성산부인과병원"", ""target_region_id"": null, ""target_region_name"": null}, {""policy"": ""ambulance_existing"", ""target_id"": ""EMS003"", ""target_name"": ""병천119안전센터"", ""target_region_id"": ""REG012"", ""target_region_name"": ""병천면""}]"
259,42,0.6121112764366705,0.0356736742774606,5.398709677419355,11.138559464269987,16.537269141689343,5.74164618396257,12.980811488100068,18.722457672062635,11.18,29.62,"[23, 45, 12]","[{""policy"": ""ambulance_new_base"", ""target_id"": ""REG010"", ""target_name"": ""광덕면"", ""target_region_id"": ""REG010"", ""target_region_name"": ""광덕면""}, {""policy"": ""hospital_upgrade"", ""target_id"": ""JDQ4MTYyMiM2MSMkMSMkMiMkOTkkMzgxMzUxIzIxIyQxIyQxIyQ3MiQzNjE4MzIjODEjJDEjJDYjJDgz"", ""target_name"": ""삼성스카이병원"", ""target_region_id"": null, ""target_region_name"": null}, {""policy"": ""ambulance_existing"", ""target_id"": ""EMS013"", ""target_name"": ""성환119안전센터"", ""target_region_id"": ""REG030"", ""target_region_name"": ""성환읍""}]"
260,42,0.4494854735332939,6.036187032550563e-05,5.443235834934136,11.055870298914312,16.49910613384845,5.932671322458575,12.916798840100302,18.849470162558877,11.18,29.62,"[36, 26, 13]","[{""policy"": ""hospital_upgrade"", ""target_id"": ""JDQ4MTYyMiM2MSMkMSMkMiMkOTkkMzgxMzUxIzIxIyQxIyQ1IyQ2MiQzNjE4MzIjODEjJDEjJDIjJDgz"", ""target_name"": ""돋움병원"", ""target_region_id"": null, ""target_region_name"": null}, {""policy"": ""ambulance_new_base"", ""target_id"": ""REG018"", ""target_name"": ""백석동"", ""target_region_id"": ""REG018"", ""target_region_name"": ""백석동""}, {""policy"": ""ambulance_existing"", ""target_id"": ""EMS014"", ""target_name"": ""쌍용119안전센터"", ""target_region_id"": ""REG026"", ""target_region_name"": ""쌍용2동""}]"
261,42,0.8945927832553906,0.0,5.30953667865867,10.711244294230422,16.020780972889092,5.817718036654236,12.58658445431222,18.404302490966455,11.18,29.62,"[39, 21, 37]","[{""policy"": ""hospital_upgrade"", ""target_id"": ""JDQ4MTYyMiM2MSMkMSMkMiMkOTkkMzgxMzUxIzIxIyQxIyQ1IyQ4OSQ0NjEwMDIjNTEjJDEjJDIjJDgz"", ""target_name"": ""천안리턴병원"", ""target_region_id"": null, ""target_region_name"": null}, {""policy"": ""ambulance_new_base"", ""target_id"": ""REG007"", ""target_name"": ""일봉동"", ""target_region_id"": ""REG007"", ""target_region_name"": ""일봉동""}, {""policy"": ""hospital_upgrade"", ""target_id"": ""JDQ4MTYyMiM2MSMkMSMkMiMkOTkkMzgxMzUxIzIxIyQxIyQ1IyQ3OSQyNjE0ODEjNDEjJDEjJDgjJDgz"", ""target_name"": ""마디손병원"", ""target_region_id"": null, ""target_region_name"": null}]"
262,42,0.32251656867355943,0.03573403614778611,5.599677419354838,11.302330291013508,16.90200771036835,6.034316313600623,12.977796428095454,19.012112741696072,11.18,29.62,"[34, 12, 13]","[{""policy"": ""hospital_upgrade"", ""target_id"": ""JDQ4MTYyMiM2MSMkMSMkMiMkOTkkMzgxMzUxIzExIyQyIyQ3IyQwMCQ0NjE0ODEjNjEjJDEjJDgjJDgz"", ""target_name"": ""천안우리병원"", ""target_region_id"": null, ""target_region_name"": null}, {""policy"": ""ambulance_existing"", ""target_id"": ""EMS013"", ""target_name"": ""성환119안전센터"", ""target_region_id"": ""REG030"", ""target_region_name"": ""성환읍""}, {""policy"": ""ambulance_existing"", ""target_id"": ""EMS014"", ""target_name"": ""쌍용119안전센터"", ""target_region_id"": ""REG026"", ""target_region_name"": ""쌍용2동""}]"
263,42,0.32821186404201796,0.0,5.118709677419354,11.519141813354748,16.6378514907741,5.755091826954317,13.215591583225512,18.970683410179827,11.18,29.62,"[27, 18, 42]","[{""policy"": ""ambulance_new_base"", ""target_id"": ""REG019"", ""target_name"": ""부성1동"", ""target_region_id"": ""REG019"", ""target_region_name"": ""부성1동""}, {""policy"": ""ambulance_new_base"", ""target_id"": ""REG003"", ""target_name"": ""신방동"", ""target_region_id"": ""REG003"", ""target_region_name"": ""신방동""}, {""policy"": ""hospital_upgrade"", ""target_id"": ""JDQ4MTYyMiM2MSMkMSMkMiMkOTkkMzgxMzUxIzIxIyQxIyQ1IyQ5OSQzNjEyMjIjNjEjJDEjJDQjJDgz"", ""target_name"": ""천안다나힐병원"", ""target_region_id"": null, ""target_region_name"": null}]"
264,42,0.7549194081820014,0.0343390146912308,5.260793486616837,10.903044755594616,16.16383824221145,5.843096022653826,12.73521885807725,18.578314880731075,11.18,29.62,"[31, 15, 37]","[{""policy"": ""ambulance_new_base"", ""target_id"": ""REG027"", ""target_name"": ""쌍용3동"", ""target_region_id"": ""REG027"", ""target_region_name"": ""쌍용3동""}, {""policy"": ""ambulance_existing"", ""target_id"": ""EMS016"", ""target_name"": ""직산119안전센터"", ""target_region_id"": ""REG031"", ""target_region_name"": ""직산읍""}, {""policy"": ""hospital_upgrade"", ""target_id"": ""JDQ4MTYyMiM2MSMkMSMkMiMkOTkkMzgxMzUxIzIxIyQxIyQ1IyQ3OSQyNjE0ODEjNDEjJDEjJDgjJDgz"", ""target_name"": ""마디손병원"", ""target_region_id"": null, ""target_region_name"": null}]"
265,42,0.23135569244987253,0.0578396296325343,5.342699713174523,11.594193548387098,16.93689326156162,5.860800250783288,13.264578960621222,19.125379211404507,11.18,29.62,"[5, 14, 29]","[{""policy"": ""ambulance_existing"", ""target_id"": ""EMS006"", ""target_name"": ""청당119안전센터"", ""target_region_id"": ""REG009"", ""target_region_name"": ""청룡동""}, {""policy"": ""ambulance_existing"", ""target_id"": ""EMS015"", ""target_name"": ""입장119안전센터"", ""target_region_id"": ""REG028"", ""target_region_name"": ""입장면""}, {""policy"": ""ambulance_new_base"", ""target_id"": ""REG021"", ""target_name"": ""불당1동"", ""target_region_id"": ""REG021"", ""target_region_name"": ""불당1동""}]"
266,42,0.39821956990558943,0.0504394493846662,5.599677419354838,11.055870298914312,16.65554771826915,6.034316313600623,12.916798840100302,18.951115153700922,11.18,29.62,"[36, 9, 4]","[{""policy"": ""hospital_upgrade"", ""target_id"": ""JDQ4MTYyMiM2MSMkMSMkMiMkOTkkMzgxMzUxIzIxIyQxIyQ1IyQ2MiQzNjE4MzIjODEjJDEjJDIjJDgz"", ""target_name"": ""돋움병원"", ""target_region_id"": null, ""target_region_name"": null}, {""policy"": ""ambulance_existing"", ""target_id"": ""EMS010"", ""target_name"": ""불당119안전센터"", ""target_region_id"": ""REG022"", ""target_region_name"": ""불당2동""}, {""policy"": ""ambulance_existing"", ""target_id"": ""EMS005"", ""target_name"": ""성남지역대"", ""target_region_id"": ""REG014"", ""target_region_name"": ""성남면""}]"
267,42,1.3251581501677947,0.0,5.031834236137377,10.856635269370763,15.888469505508137,5.274736049144095,12.699001074909956,17.97373712405405,11.18,29.62,"[23, 38, 22]","[{""policy"": ""ambulance_new_base"", ""target_id"": ""REG010"", ""target_name"": ""광덕면"", ""target_region_id"": ""REG010"", ""target_region_name"": ""광덕면""}, {""policy"": ""hospital_upgrade"", ""target_id"": ""JDQ4MTYyMiM2MSMkMSMkMiMkOTkkMzgxMzUxIzIxIyQxIyQ1IyQ3OSQzNjE4MzIjODEjJDEjJDYjJDgz"", ""target_name"": ""앙즈로여성병원"", ""target_region_id"": null, ""target_region_name"": null}, {""policy"": ""ambulance_new_base"", ""target_id"": ""REG008"", ""target_name"": ""중앙동"", ""target_region_id"": ""REG008"", ""target_region_name"": ""중앙동""}]"
268,42,1.0534500209816926,0.0,5.30471554719749,10.603309975464697,15.908025522662186,5.64393497465041,12.601510278589746,18.245445253240153,11.18,29.62,"[33, 51, 16]","[{""policy"": ""hospital_upgrade"", ""target_id"": ""JDQ4MTYyMiM2MSMkMSMkMiMkOTkkMzgxMzUxIzExIyQxIyQ3IyQ5OSQ0NjE0ODEjODEjJDEjJDYjJDgz"", ""target_name"": ""예일병원"", ""target_region_id"": null, ""target_region_name"": null}, {""policy"": ""hospital_upgrade"", ""target_id"": ""JDQ4MTYyMiM2MSMkMSMkMiMkOTkkMzgxMzUxIzIxIyQxIyQxIyQwMyQyNjE4MzIjODEjJDEjJDIjJDgz"", ""target_name"": ""서울대정병원"", ""target_region_id"": null, ""target_region_name"": null}, {""policy"": ""ambulance_new_base"", ""target_id"": ""REG001"", ""target_name"": ""문성동"", ""target_region_id"": ""REG001"", ""target_region_name"": ""문성동""}]"
269,42,0.2658003148897084,0.052899176089264796,5.295483870967741,11.594193548387098,16.88967741935484,5.8214151748001814,13.264578960621222,19.0859941354214,11.18,29.62,"[6, 27, 7]","[{""policy"": ""ambulance_existing"", ""target_id"": ""EMS007"", ""target_name"": ""풍세119안전센터"", ""target_region_id"": ""REG016"", ""target_region_name"": ""풍세면""}, {""policy"": ""ambulance_new_base"", ""target_id"": ""REG019"", ""target_name"": ""부성1동"", ""target_region_id"": ""REG019"", ""target_region_name"": ""부성1동""}, {""policy"": ""ambulance_existing"", ""target_id"": ""EMS008"", ""target_name"": ""119구조구급센터119안전센터"", ""target_region_id"": ""REG031"", ""target_region_name"": ""직산읍""}]"
270,42,0.8106460229352024,0.0,5.599677419354838,10.46197650233774,16.061653921692578,6.034316313600623,12.453932937686021,18.488249251286643,11.18,29.62,"[51, 45, 37]","[{""policy"": ""hospital_upgrade"", ""target_id"": ""JDQ4MTYyMiM2MSMkMSMkMiMkOTkkMzgxMzUxIzIxIyQxIyQxIyQwMyQyNjE4MzIjODEjJDEjJDIjJDgz"", ""target_name"": ""서울대정병원"", ""target_region_id"": null, ""target_region_name"": null}, {""policy"": ""hospital_upgrade"", ""target_id"": ""JDQ4MTYyMiM2MSMkMSMkMiMkOTkkMzgxMzUxIzIxIyQxIyQxIyQ3MiQzNjE4MzIjODEjJDEjJDYjJDgz"", ""target_name"": ""삼성스카이병원"", ""target_region_id"": null, ""target_region_name"": null}, {""policy"": ""hospital_upgrade"", ""target_id"": ""JDQ4MTYyMiM2MSMkMSMkMiMkOTkkMzgxMzUxIzIxIyQxIyQ1IyQ3OSQyNjE0ODEjNDEjJDEjJDgjJDgz"", ""target_name"": ""마디손병원"", ""target_region_id"": null, ""target_region_name"": null}]"
271,42,0.2881567161702255,0.0045892200942615,5.233269678750596,11.594193548387098,16.827463227137695,5.750748817524661,13.264578960621222,19.01532777814588,11.18,29.62,"[20, 3, 26]","[{""policy"": ""ambulance_new_base"", ""target_id"": ""REG005"", ""target_name"": ""원성1동"", ""target_region_id"": ""REG005"", ""target_region_name"": ""원성1동""}, {""policy"": ""ambulance_existing"", ""target_id"": ""EMS004"", ""target_name"": ""북면지역대"", ""target_region_id"": ""REG013"", ""target_region_name"": ""북면""}, {""policy"": ""ambulance_new_base"", ""target_id"": ""REG018"", ""target_name"": ""백석동"", ""target_region_id"": ""REG018"", ""target_region_name"": ""백석동""}]"
272,42,0.6847121436852854,0.0222105191482742,5.062258064516128,11.594193548387098,16.656451612903226,5.371814689063616,13.264578960621222,18.636393649684834,10.85,29.62,"[18, 7, 25]","[{""policy"": ""ambulance_new_base"", ""target_id"": ""REG003"", ""target_name"": ""신방동"", ""target_region_id"": ""REG003"", ""target_region_name"": ""신방동""}, {""policy"": ""ambulance_existing"", ""target_id"": ""EMS008"", ""target_name"": ""119구조구급센터119안전센터"", ""target_region_id"": ""REG031"", ""target_region_name"": ""직산읍""}, {""policy"": ""ambulance_new_base"", ""target_id"": ""REG015"", ""target_name"": ""수신면"", ""target_region_id"": ""REG015"", ""target_region_name"": ""수신면""}]"
273,42,0.07516039995894658,0.0088370521130801,5.422903225806452,11.594193548387098,17.017096774193547,5.967992965754759,13.264578960621222,19.23257192637598,11.18,29.62,"[18, 3, 4]","[{""policy"": ""ambulance_new_base"", ""target_id"": ""REG003"", ""target_name"": ""신방동"", ""target_region_id"": ""REG003"", ""target_region_name"": ""신방동""}, {""policy"": ""ambulance_existing"", ""target_id"": ""EMS004"", ""target_name"": ""북면지역대"", ""target_region_id"": ""REG013"", ""target_region_name"": ""북면""}, {""policy"": ""ambulance_existing"", ""target_id"": ""EMS005"", ""target_name"": ""성남지역대"", ""target_region_id"": ""REG014"", ""target_region_name"": ""성남면""}]"
274,42,0.6277794864775933,0.0357145374880515,5.249677419354838,11.594193548387098,16.843870967741935,5.442251364611085,13.264578960621222,18.706830325232303,11.18,29.62,"[0, 15, 24]","[{""policy"": ""ambulance_existing"", ""target_id"": ""EMS001"", ""target_name"": ""119구조구급센터119안전센터"", ""target_region_id"": ""REG006"", ""target_region_name"": ""원성2동""}, {""policy"": ""ambulance_existing"", ""target_id"": ""EMS016"", ""target_name"": ""직산119안전센터"", ""target_region_id"": ""REG031"", ""target_region_name"": ""직산읍""}, {""policy"": ""ambulance_new_base"", ""target_id"": ""REG011"", ""target_name"": ""동면"", ""target_region_id"": ""REG011"", ""target_region_name"": ""동면""}]"
275,42,0.9421557693565603,0.0,5.072903225806451,11.138559464269987,16.21146269007644,5.37592801676522,12.980811488100068,18.356739504865285,11.18,29.62,"[45, 24, 18]","[{""policy"": ""hospital_upgrade"", ""target_id"": ""JDQ4MTYyMiM2MSMkMSMkMiMkOTkkMzgxMzUxIzIxIyQxIyQxIyQ3MiQzNjE4MzIjODEjJDEjJDYjJDgz"", ""target_name"": ""삼성스카이병원"", ""target_region_id"": null, ""target_region_name"": null}, {""policy"": ""ambulance_new_base"", ""target_id"": ""REG011"", ""target_name"": ""동면"", ""target_region_id"": ""REG011"", ""target_region_name"": ""동면""}, {""policy"": ""ambulance_new_base"", ""target_id"": ""REG003"", ""target_name"": ""신방동"", ""target_region_id"": ""REG003"", ""target_region_name"": ""신방동""}]"
276,42,0.8229495755071206,0.0,5.599677419354838,10.499393399710375,16.09907081906521,6.034316313600623,12.441629385114107,18.475945698714725,11.18,29.62,"[49, 40, 51]","[{""policy"": ""hospital_upgrade"", ""target_id"": ""JDQ4MTYyMiM2MSMkMSMkMiMkOTkkMzgxMzUxIzIxIyQxIyQxIyQ5MiQyNjEwMDIjNjEjJDEjJDAjJDgz"", ""target_name"": ""두정이진병원"", ""target_region_id"": null, ""target_region_name"": null}, {""policy"": ""hospital_upgrade"", ""target_id"": ""JDQ4MTYyMiM2MSMkMSMkMiMkOTkkMzgxMzUxIzIxIyQxIyQ1IyQ4OSQyNjE4MzIjNTEjJDEjJDYjJDgz"", ""target_name"": ""아이본병원"", ""target_region_id"": null, ""target_region_name"": null}, {""policy"": ""hospital_upgrade"", ""target_id"": ""JDQ4MTYyMiM2MSMkMSMkMiMkOTkkMzgxMzUxIzIxIyQxIyQxIyQwMyQyNjE4MzIjODEjJDEjJDIjJDgz"", ""target_name"": ""서울대정병원"", ""target_region_id"": null, ""target_region_name"": null}]"
277,42,0.5307976168310342,0.0343390146912308,5.422903225806452,11.08868306517315,16.5115862909796,5.967992965754759,12.834443706327281,18.80243667208204,11.18,29.62,"[15, 50, 18]","[{""policy"": ""ambulance_existing"", ""target_id"": ""EMS016"", ""target_name"": ""직산119안전센터"", ""target_region_id"": ""REG031"", ""target_region_name"": ""직산읍""}, {""policy"": ""hospital_upgrade"", ""target_id"": ""JDQ4MTYyMiM2MSMkMSMkMiMkOTkkMzgxMzUxIzIxIyQxIyQxIyQwMyQyNjE0ODEjNTEjJDEjJDYjJDgz"", ""target_name"": ""천안21세기병원"", ""target_region_id"": null, ""target_region_name"": null}, {""policy"": ""ambulance_new_base"", ""target_id"": ""REG003"", ""target_name"": ""신방동"", ""target_region_id"": ""REG003"", ""target_region_name"": ""신방동""}]"
278,42,0.43000300994966434,0.0356736742774606,5.0867655976923185,11.594193548387098,16.680959146079417,5.639986977928423,13.264578960621222,18.90456593854964,11.18,29.62,"[12, 29, 17]","[{""policy"": ""ambulance_existing"", ""target_id"": ""EMS013"", ""target_name"": ""성환119안전센터"", ""target_region_id"": ""REG030"", ""target_region_name"": ""성환읍""}, {""policy"": ""ambulance_new_base"", ""target_id"": ""REG021"", ""target_name"": ""불당1동"", ""target_region_id"": ""REG021"", ""target_region_name"": ""불당1동""}, {""policy"": ""ambulance_new_base"", ""target_id"": ""REG002"", ""target_name"": ""봉명동"", ""target_region_id"": ""REG002"", ""target_region_name"": ""봉명동""}]"
279,42,0.5939509945185402,0.0343390146912308,5.36265655090189,11.101640188418845,16.464296739320734,5.746462939276316,12.992820355118223,18.739283294394536,11.18,29.62,"[28, 15, 53]","[{""policy"": ""ambulance_new_base"", ""target_id"": ""REG020"", ""target_name"": ""부성2동"", ""target_region_id"": ""REG020"", ""target_region_name"": ""부성2동""}, {""policy"": ""ambulance_existing"", ""target_id"": ""EMS016"", ""target_name"": ""직산119안전센터"", ""target_region_id"": ""REG031"", ""target_region_name"": ""직산읍""}, {""policy"": ""hospital_upgrade"", ""target_id"": ""JDQ4MTYyMiM2MSMkMSMkMiMkOTkkMzgxMzUxIzIxIyQyIyQ1IyQwMCQyNjEwMDIjNDEjJDEjJDgjJDgz"", ""target_name"": ""이화병원"", ""target_region_id"": null, ""target_region_name"": null}]"
280,42,0.7861676440212051,0.0,5.265170274394114,10.845235985361072,16.110406259755187,5.8270612018601655,12.685666428340475,18.51272763020064,11.18,29.62,"[32, 35, 30]","[{""policy"": ""hospital_upgrade"", ""target_id"": ""JDQ4MTYyMiM2MSMkMSMkMiMkOTkkMzgxMzUxIzExIyQxIyQ3IyQ4OSQzNjE0ODEjODEjJDEjJDYjJDgz"", ""target_name"": ""새로나병원"", ""target_region_id"": null, ""target_region_name"": null}, {""policy"": ""hospital_upgrade"", ""target_id"": ""JDQ4MTYyMiM2MSMkMSMkMiMkOTkkMzgxMzUxIzIxIyQxIyQ1IyQ2MiQ0NjE0ODEjNjEjJDEjJDgjJDgz"", ""target_name"": ""천안해울병원"", ""target_region_id"": null, ""target_region_name"": null}, {""policy"": ""ambulance_new_base"", ""target_id"": ""REG025"", ""target_name"": ""쌍용1동"", ""target_region_id"": ""REG025"", ""target_region_name"": ""쌍용1동""}]"
281,42,0.7914024622054852,0.0356736742774606,5.30471554719749,11.013231528881516,16.317947076079005,5.64393497465041,12.899231511643416,18.54316648629382,11.18,29.62,"[12, 16, 44]","[{""policy"": ""ambulance_existing"", ""target_id"": ""EMS013"", ""target_name"": ""성환119안전센터"", ""target_region_id"": ""REG030"", ""target_region_name"": ""성환읍""}, {""policy"": ""ambulance_new_base"", ""target_id"": ""REG001"", ""target_name"": ""문성동"", ""target_region_id"": ""REG001"", ""target_region_name"": ""문성동""}, {""policy"": ""hospital_upgrade"", ""target_id"": ""JDQ4MTYyMiM2MSMkMSMkMiMkOTkkMzgxMzUxIzIxIyQxIyQxIyQ3MiQyNjE0ODEjNDEjJDEjJDgjJDgz"", ""target_name"": ""천안재활병원"", ""target_region_id"": null, ""target_region_name"": null}]"
282,42,0.5421654208004961,0.0001882362364812,5.422903225806452,10.975591027317092,16.39849425312354,5.967992965754759,12.788925123903075,18.75691808965783,11.18,29.62,"[18, 47, 8]","[{""policy"": ""ambulance_new_base"", ""target_id"": ""REG003"", ""target_name"": ""신방동"", ""target_region_id"": ""REG003"", ""target_region_name"": ""신방동""}, {""policy"": ""hospital_upgrade"", ""target_id"": ""JDQ4MTYyMiM2MSMkMSMkMiMkOTkkMzgxMzUxIzIxIyQxIyQxIyQ4OSQ0NjE0ODEjODEjJDEjJDIjJDgz"", ""target_name"": ""서울우리병원"", ""target_region_id"": null, ""target_region_name"": null}, {""policy"": ""ambulance_existing"", ""target_id"": ""EMS009"", ""target_name"": ""두정119안전센터"", ""target_region_id"": ""REG024"", ""target_region_name"": ""성정2동""}]"
283,42,0.17816564478192523,0.004649581964587006,5.342699713174523,11.594193548387098,16.93689326156162,5.860800250783288,13.264578960621222,19.125379211404507,11.18,29.62,"[3, 29, 13]","[{""policy"": ""ambulance_existing"", ""target_id"": ""EMS004"", ""target_name"": ""북면지역대"", ""target_region_id"": ""REG013"", ""target_region_name"": ""북면""}, {""policy"": ""ambulance_new_base"", ""target_id"": ""REG021"", ""target_name"": ""불당1동"", ""target_region_id"": ""REG021"", ""target_region_name"": ""불당1동""}, {""policy"": ""ambulance_existing"", ""target_id"": ""EMS014"", ""target_name"": ""쌍용119안전센터"", ""target_region_id"": ""REG026"", ""target_region_name"": ""쌍용2동""}]"
284,42,0.9175096351821708,0.0,5.398709677419355,10.662724717333234,16.061434394752588,5.74164618396257,12.639739455077105,18.381385639039674,11.18,29.62,"[33, 40, 23]","[{""policy"": ""hospital_upgrade"", ""target_id"": ""JDQ4MTYyMiM2MSMkMSMkMiMkOTkkMzgxMzUxIzExIyQxIyQ3IyQ5OSQ0NjE0ODEjODEjJDEjJDYjJDgz"", ""target_name"": ""예일병원"", ""target_region_id"": null, ""target_region_name"": null}, {""policy"": ""hospital_upgrade"", ""target_id"": ""JDQ4MTYyMiM2MSMkMSMkMiMkOTkkMzgxMzUxIzIxIyQxIyQ1IyQ4OSQyNjE4MzIjNTEjJDEjJDYjJDgz"", ""target_name"": ""아이본병원"", ""target_region_id"": null, ""target_region_name"": null}, {""policy"": ""ambulance_new_base"", ""target_id"": ""REG010"", ""target_name"": ""광덕면"", ""target_region_id"": ""REG010"", ""target_region_name"": ""광덕면""}]"
285,42,0.8932262625450988,0.0,5.260793486616837,10.665970466999639,15.92676395361648,5.843096022653826,12.562572989022923,18.405669011676746,11.18,29.62,"[52, 49, 31]","[{""policy"": ""hospital_upgrade"", ""target_id"": ""JDQ4MTYyMiM2MSMkMSMkMiMkOTkkMzgxMzUxIzIxIyQxIyQxIyQxMyQyNjEyMjIjNzEjJDEjJDgjJDgz"", ""target_name"": ""SG삼성조은병원"", ""target_region_id"": null, ""target_region_name"": null}, {""policy"": ""hospital_upgrade"", ""target_id"": ""JDQ4MTYyMiM2MSMkMSMkMiMkOTkkMzgxMzUxIzIxIyQxIyQxIyQ5MiQyNjEwMDIjNjEjJDEjJDAjJDgz"", ""target_name"": ""두정이진병원"", ""target_region_id"": null, ""target_region_name"": null}, {""policy"": ""ambulance_new_base"", ""target_id"": ""REG027"", ""target_name"": ""쌍용3동"", ""target_region_id"": ""REG027"", ""target_region_name"": ""쌍용3동""}]"
286,42,0.8273632506765871,0.0,5.599677419354838,10.45953162067624,16.05920904003108,6.034316313600623,12.43721570994464,18.471532023545258,11.18,29.62,"[48, 35, 42]","[{""policy"": ""hospital_upgrade"", ""target_id"": ""JDQ4MTYyMiM2MSMkMSMkMiMkOTkkMzgxMzUxIzIxIyQxIyQxIyQ5MiQyNjE4MzIjNDEjJDEjJDgjJDgz"", ""target_name"": ""혜성산부인과병원"", ""target_region_id"": null, ""target_region_name"": null}, {""policy"": ""hospital_upgrade"", ""target_id"": ""JDQ4MTYyMiM2MSMkMSMkMiMkOTkkMzgxMzUxIzIxIyQxIyQ1IyQ2MiQ0NjE0ODEjNjEjJDEjJDgjJDgz"", ""target_name"": ""천안해울병원"", ""target_region_id"": null, ""target_region_name"": null}, {""policy"": ""hospital_upgrade"", ""target_id"": ""JDQ4MTYyMiM2MSMkMSMkMiMkOTkkMzgxMzUxIzIxIyQxIyQ1IyQ5OSQzNjEyMjIjNjEjJDEjJDQjJDgz"", ""target_name"": ""천안다나힐병원"", ""target_region_id"": null, ""target_region_name"": null}]"
287,42,0.9100151718583849,0.0461916173658476,5.249677419354838,11.101640188418845,16.35131760777368,5.442251364611085,12.992820355118223,18.435071719729308,11.18,29.62,"[53, 24, 9]","[{""policy"": ""hospital_upgrade"", ""target_id"": ""JDQ4MTYyMiM2MSMkMSMkMiMkOTkkMzgxMzUxIzIxIyQyIyQ1IyQwMCQyNjEwMDIjNDEjJDEjJDgjJDgz"", ""target_name"": ""이화병원"", ""target_region_id"": null, ""target_region_name"": null}, {""policy"": ""ambulance_new_base"", ""target_id"": ""REG011"", ""target_name"": ""동면"", ""target_region_id"": ""REG011"", ""target_region_name"": ""동면""}, {""policy"": ""ambulance_existing"", ""target_id"": ""EMS010"", ""target_name"": ""불당119안전센터"", ""target_region_id"": ""REG022"", ""target_region_name"": ""불당2동""}]"
288,42,0.9068855668008814,0.0495123820092479,5.232801978072861,11.093193138623256,16.325995116696117,5.567406178782148,12.874115910648063,18.44152208943021,11.18,29.62,"[35, 22, 5]","[{""policy"": ""hospital_upgrade"", ""target_id"": ""JDQ4MTYyMiM2MSMkMSMkMiMkOTkkMzgxMzUxIzIxIyQxIyQ1IyQ2MiQ0NjE0ODEjNjEjJDEjJDgjJDgz"", ""target_name"": ""천안해울병원"", ""target_region_id"": null, ""target_region_name"": null}, {""policy"": ""ambulance_new_base"", ""target_id"": ""REG008"", ""target_name"": ""중앙동"", ""target_region_id"": ""REG008"", ""target_region_name"": ""중앙동""}, {""policy"": ""ambulance_existing"", ""target_id"": ""EMS006"", ""target_name"": ""청당119안전센터"", ""target_region_id"": ""REG009"", ""target_region_name"": ""청룡동""}]"
289,42,1.0754960542769254,0.0,5.295483870967741,10.530463488199496,15.825947359167237,5.8214151748001814,12.401984045144738,18.22339921994492,11.18,29.62,"[50, 40, 27]","[{""policy"": ""hospital_upgrade"", ""target_id"": ""JDQ4MTYyMiM2MSMkMSMkMiMkOTkkMzgxMzUxIzIxIyQxIyQxIyQwMyQyNjE0ODEjNTEjJDEjJDYjJDgz"", ""target_name"": ""천안21세기병원"", ""target_region_id"": null, ""target_region_name"": null}, {""policy"": ""hospital_upgrade"", ""target_id"": ""JDQ4MTYyMiM2MSMkMSMkMiMkOTkkMzgxMzUxIzIxIyQxIyQ1IyQ4OSQyNjE4MzIjNTEjJDEjJDYjJDgz"", ""target_name"": ""아이본병원"", ""target_region_id"": null, ""target_region_name"": null}, {""policy"": ""ambulance_new_base"", ""target_id"": ""REG019"", ""target_name"": ""부성1동"", ""target_region_id"": ""REG019"", ""target_region_name"": ""부성1동""}]"
290,42,0.8272051193097077,0.016448237385324,5.599677419354838,10.518238121507107,16.117915540861944,6.034316313600623,12.45382207869684,18.48813839229746,11.18,29.62,"[49, 1, 51]","[{""policy"": ""hospital_upgrade"", ""target_id"": ""JDQ4MTYyMiM2MSMkMSMkMiMkOTkkMzgxMzUxIzIxIyQxIyQxIyQ5MiQyNjEwMDIjNjEjJDEjJDAjJDgz"", ""target_name"": ""두정이진병원"", ""target_region_id"": null, ""target_region_name"": null}, {""policy"": ""ambulance_existing"", ""target_id"": ""EMS002"", ""target_name"": ""독립119안전센터"", ""target_region_id"": ""REG017"", ""target_region_name"": ""목천읍""}, {""policy"": ""hospital_upgrade"", ""target_id"": ""JDQ4MTYyMiM2MSMkMSMkMiMkOTkkMzgxMzUxIzIxIyQxIyQxIyQwMyQyNjE4MzIjODEjJDEjJDIjJDgz"", ""target_name"": ""서울대정병원"", ""target_region_id"": null, ""target_region_name"": null}]"
291,42,0.3409446710980666,0.069186065595064,5.599677419354838,11.101640188418845,16.701317607773685,6.034316313600623,12.992820355118223,19.027136668718843,11.18,29.62,"[53, 2, 15]","[{""policy"": ""hospital_upgrade"", ""target_id"": ""JDQ4MTYyMiM2MSMkMSMkMiMkOTkkMzgxMzUxIzIxIyQyIyQ1IyQwMCQyNjEwMDIjNDEjJDEjJDgjJDgz"", ""target_name"": ""이화병원"", ""target_region_id"": null, ""target_region_name"": null}, {""policy"": ""ambulance_existing"", ""target_id"": ""EMS003"", ""target_name"": ""병천119안전센터"", ""target_region_id"": ""REG012"", ""target_region_name"": ""병천면""}, {""policy"": ""ambulance_existing"", ""target_id"": ""EMS016"", ""target_name"": ""직산119안전센터"", ""target_region_id"": ""REG031"", ""target_region_name"": ""직산읍""}]"
292,42,1.1225827876374883,0.0045892200942615,5.249677419354838,10.912914642839256,16.162592062194097,5.442251364611085,12.738650342067533,18.18090170667862,11.18,29.62,"[24, 52, 3]","[{""policy"": ""ambulance_new_base"", ""target_id"": ""REG011"", ""target_name"": ""동면"", ""target_region_id"": ""REG011"", ""target_region_name"": ""동면""}, {""policy"": ""hospital_upgrade"", ""target_id"": ""JDQ4MTYyMiM2MSMkMSMkMiMkOTkkMzgxMzUxIzIxIyQxIyQxIyQxMyQyNjEyMjIjNzEjJDEjJDgjJDgz"", ""target_name"": ""SG삼성조은병원"", ""target_region_id"": null, ""target_region_name"": null}, {""policy"": ""ambulance_existing"", ""target_id"": ""EMS004"", ""target_name"": ""북면지역대"", ""target_region_id"": ""REG013"", ""target_region_name"": ""북면""}]"
293,42,0.9524711797675156,0.0348470509038332,5.30471554719749,10.92879511789891,16.233510665096397,5.64393497465041,12.737336170707753,18.381271145358163,11.18,29.62,"[2, 16, 41]","[{""policy"": ""ambulance_existing"", ""target_id"": ""EMS003"", ""target_name"": ""병천119안전센터"", ""target_region_id"": ""REG012"", ""target_region_name"": ""병천면""}, {""policy"": ""ambulance_new_base"", ""target_id"": ""REG001"", ""target_name"": ""문성동"", ""target_region_id"": ""REG001"", ""target_region_name"": ""문성동""}, {""policy"": ""hospital_upgrade"", ""target_id"": ""JDQ4MTYyMiM2MSMkMSMkMiMkOTkkMzgxMzUxIzIxIyQxIyQ1IyQ4OSQyNjEyMjIjNjEjJDEjJDQjJDgz"", ""target_name"": ""서울프라임병원"", ""target_region_id"": null, ""target_region_name"": null}]"
294,42,0.5053322095866092,0.0495123820092479,5.389711263171298,11.098534409726106,16.48824567289741,5.852393808666708,12.990681637977776,18.843075446644484,11.18,29.62,"[33, 5, 20]","[{""policy"": ""hospital_upgrade"", ""target_id"": ""JDQ4MTYyMiM2MSMkMSMkMiMkOTkkMzgxMzUxIzExIyQxIyQ3IyQ5OSQ0NjE0ODEjODEjJDEjJDYjJDgz"", ""target_name"": ""예일병원"", ""target_region_id"": null, ""target_region_name"": null}, {""policy"": ""ambulance_existing"", ""target_id"": ""EMS006"", ""target_name"": ""청당119안전센터"", ""target_region_id"": ""REG009"", ""target_region_name"": ""청룡동""}, {""policy"": ""ambulance_new_base"", ""target_id"": ""REG005"", ""target_name"": ""원성1동"", ""target_region_id"": ""REG005"", ""target_region_name"": ""원성1동""}]"
295,42,1.224965085707236,0.0,5.249677419354838,10.650770546111563,15.9004479654664,5.442251364611085,12.631678823903524,18.07393018851461,11.18,29.62,"[24, 37, 46]","[{""policy"": ""ambulance_new_base"", ""target_id"": ""REG011"", ""target_name"": ""동면"", ""target_region_id"": ""REG011"", ""target_region_name"": ""동면""}, {""policy"": ""hospital_upgrade"", ""target_id"": ""JDQ4MTYyMiM2MSMkMSMkMiMkOTkkMzgxMzUxIzIxIyQxIyQ1IyQ3OSQyNjE0ODEjNDEjJDEjJDgjJDgz"", ""target_name"": ""마디손병원"", ""target_region_id"": null, ""target_region_name"": null}, {""policy"": ""hospital_upgrade"", ""target_id"": ""JDQ4MTYyMiM2MSMkMSMkMiMkOTkkMzgxMzUxIzIxIyQxIyQxIyQ3OSQyNjEyMjIjNDEjJDEjJDgjJDgz"", ""target_name"": ""우리척병원"", ""target_region_id"": null, ""target_region_name"": null}]"
296,42,0.8471155683287608,0.0343390146912308,4.948891517368348,11.594193548387098,16.543085065755445,5.221539759963093,13.264578960621222,18.486118720584315,10.85,29.62,"[25, 21, 15]","[{""policy"": ""ambulance_new_base"", ""target_id"": ""REG015"", ""target_name"": ""수신면"", ""target_region_id"": ""REG015"", ""target_region_name"": ""수신면""}, {""policy"": ""ambulance_new_base"", ""target_id"": ""REG007"", ""target_name"": ""일봉동"", ""target_region_id"": ""REG007"", ""target_region_name"": ""일봉동""}, {""policy"": ""ambulance_existing"", ""target_id"": ""EMS016"", ""target_name"": ""직산119안전센터"", ""target_region_id"": ""REG031"", ""target_region_name"": ""직산읍""}]"
297,42,0.0579250566363257,0.0579250566363257,5.599677419354838,11.594193548387098,17.193870967741937,6.034316313600623,13.264578960621222,19.298895274221845,11.18,29.62,"[0, 15, 7]","[{""policy"": ""ambulance_existing"", ""target_id"": ""EMS001"", ""target_name"": ""119구조구급센터119안전센터"", ""target_region_id"": ""REG006"", ""target_region_name"": ""원성2동""}, {""policy"": ""ambulance_existing"", ""target_id"": ""EMS016"", ""target_name"": ""직산119안전센터"", ""target_region_id"": ""REG031"", ""target_region_name"": ""직산읍""}, {""policy"": ""ambulance_existing"", ""target_id"": ""EMS008"", ""target_name"": ""119구조구급센터119안전센터"", ""target_region_id"": ""REG031"", ""target_region_name"": ""직산읍""}]"
298,42,0.3669112080111167,0.0015637590333019,5.599677419354838,11.013231528881516,16.612908948236356,6.034316313600623,12.899231511643416,18.93354782524403,11.18,29.62,"[0, 8, 44]","[{""policy"": ""ambulance_existing"", ""target_id"": ""EMS001"", ""target_name"": ""119구조구급센터119안전센터"", ""target_region_id"": ""REG006"", ""target_region_name"": ""원성2동""}, {""policy"": ""ambulance_existing"", ""target_id"": ""EMS009"", ""target_name"": ""두정119안전센터"", ""target_region_id"": ""REG024"", ""target_region_name"": ""성정2동""}, {""policy"": ""hospital_upgrade"", ""target_id"": ""JDQ4MTYyMiM2MSMkMSMkMiMkOTkkMzgxMzUxIzIxIyQxIyQxIyQ3MiQyNjE0ODEjNDEjJDEjJDgjJDgz"", ""target_name"": ""천안재활병원"", ""target_region_id"": null, ""target_region_name"": null}]"
299,42,0.6209537616997551,0.024775485008610397,5.239032258064516,11.594193548387098,16.833225806451615,5.438138036909479,13.264578960621222,18.7027169975307,10.85,29.62,"[25, 1, 14]","[{""policy"": ""ambulance_new_base"", ""target_id"": ""REG015"", ""target_name"": ""수신면"", ""target_region_id"": ""REG015"", ""target_region_name"": ""수신면""}, {""policy"": ""ambulance_existing"", ""target_id"": ""EMS002"", ""target_name"": ""독립119안전센터"", ""target_region_id"": ""REG017"", ""target_region_name"": ""목천읍""}, {""policy"": ""ambulance_existing"", ""target_id"": ""EMS015"", ""target_name"": ""입장119안전센터"", ""target_region_id"": ""REG028"", ""target_region_name"": ""입장면""}]"
300,42,0.6894135750315229,0.0,4.975824271892546,11.519141813354748,16.494966085247295,5.393890115964813,13.215591583225512,18.609481699190322,11.18,29.62,"[22, 42, 29]","[{""policy"": ""ambulance_new_base"", ""target_id"": ""REG008"", ""target_name"": ""중앙동"", ""target_region_id"": ""REG008"", ""target_region_name"": ""중앙동""}, {""policy"": ""hospital_upgrade"", ""target_id"": ""JDQ4MTYyMiM2MSMkMSMkMiMkOTkkMzgxMzUxIzIxIyQxIyQ1IyQ5OSQzNjEyMjIjNjEjJDEjJDQjJDgz"", ""target_name"": ""천안다나힐병원"", ""target_region_id"": null, ""target_region_name"": null}, {""policy"": ""ambulance_new_base"", ""target_id"": ""REG021"", ""target_name"": ""불당1동"", ""target_region_id"": ""REG021"", ""target_region_name"": ""불당1동""}]"
301,42,0.2486351749482297,0.03573403614778611,5.295483870967741,11.594193548387098,16.88967741935484,5.8214151748001814,13.264578960621222,19.0859941354214,11.18,29.62,"[12, 13, 27]","[{""policy"": ""ambulance_existing"", ""target_id"": ""EMS013"", ""target_name"": ""성환119안전센터"", ""target_region_id"": ""REG030"", ""target_region_name"": ""성환읍""}, {""policy"": ""ambulance_existing"", ""target_id"": ""EMS014"", ""target_name"": ""쌍용119안전센터"", ""target_region_id"": ""REG026"", ""target_region_name"": ""쌍용2동""}, {""policy"": ""ambulance_new_base"", ""target_id"": ""REG019"", ""target_name"": ""부성1동"", ""target_region_id"": ""REG019"", ""target_region_name"": ""부성1동""}]"
302,42,1.0303426446278285,0.0356736742774606,5.239032258064516,10.998184134035316,16.237216392099835,5.438138036909479,12.866088266961999,18.304226303871477,10.85,29.62,"[12, 48, 25]","[{""policy"": ""ambulance_existing"", ""target_id"": ""EMS013"", ""target_name"": ""성환119안전센터"", ""target_region_id"": ""REG030"", ""target_region_name"": ""성환읍""}, {""policy"": ""hospital_upgrade"", ""target_id"": ""JDQ4MTYyMiM2MSMkMSMkMiMkOTkkMzgxMzUxIzIxIyQxIyQxIyQ5MiQyNjE4MzIjNDEjJDEjJDgjJDgz"", ""target_name"": ""혜성산부인과병원"", ""target_region_id"": null, ""target_region_name"": null}, {""policy"": ""ambulance_new_base"", ""target_id"": ""REG015"", ""target_name"": ""수신면"", ""target_region_id"": ""REG015"", ""target_region_name"": ""수신면""}]"
303,42,0.8125512074321959,0.0356736742774606,5.284148661359985,10.914895644369402,16.19904430572939,5.784166068643291,12.73785167242382,18.52201774106711,11.18,29.62,"[12, 40, 17]","[{""policy"": ""ambulance_existing"", ""target_id"": ""EMS013"", ""target_name"": ""성환119안전센터"", ""target_region_id"": ""REG030"", ""target_region_name"": ""성환읍""}, {""policy"": ""hospital_upgrade"", ""target_id"": ""JDQ4MTYyMiM2MSMkMSMkMiMkOTkkMzgxMzUxIzIxIyQxIyQ1IyQ4OSQyNjE4MzIjNTEjJDEjJDYjJDgz"", ""target_name"": ""아이본병원"", ""target_region_id"": null, ""target_region_name"": null}, {""policy"": ""ambulance_new_base"", ""target_id"": ""REG002"", ""target_name"": ""봉명동"", ""target_region_id"": ""REG002"", ""target_region_name"": ""봉명동""}]"
304,42,1.0295160212542012,0.0348470509038332,5.239032258064516,10.998184134035316,16.237216392099835,5.438138036909479,12.866088266961999,18.304226303871477,10.85,29.62,"[2, 48, 25]","[{""policy"": ""ambulance_existing"", ""target_id"": ""EMS003"", ""target_name"": ""병천119안전센터"", ""target_region_id"": ""REG012"", ""target_region_name"": ""병천면""}, {""policy"": ""hospital_upgrade"", ""target_id"": ""JDQ4MTYyMiM2MSMkMSMkMiMkOTkkMzgxMzUxIzIxIyQxIyQxIyQ5MiQyNjE4MzIjNDEjJDEjJDgjJDgz"", ""target_name"": ""혜성산부인과병원"", ""target_region_id"": null, ""target_region_name"": null}, {""policy"": ""ambulance_new_base"", ""target_id"": ""REG015"", ""target_name"": ""수신면"", ""target_region_id"": ""REG015"", ""target_region_name"": ""수신면""}]"
305,42,0.7630474093964917,0.0222107429571171,5.599677419354838,10.552522536469814,16.152199955824653,6.034316313600623,12.52374229418185,18.55805860778247,11.18,29.62,"[10, 37, 44]","[{""policy"": ""ambulance_existing"", ""target_id"": ""EMS011"", ""target_name"": ""서부119안전센터"", ""target_region_id"": ""REG023"", ""target_region_name"": ""성정1동""}, {""policy"": ""hospital_upgrade"", ""target_id"": ""JDQ4MTYyMiM2MSMkMSMkMiMkOTkkMzgxMzUxIzIxIyQxIyQ1IyQ3OSQyNjE0ODEjNDEjJDEjJDgjJDgz"", ""target_name"": ""마디손병원"", ""target_region_id"": null, ""target_region_name"": null}, {""policy"": ""hospital_upgrade"", ""target_id"": ""JDQ4MTYyMiM2MSMkMSMkMiMkOTkkMzgxMzUxIzIxIyQxIyQxIyQ3MiQyNjE0ODEjNDEjJDEjJDgjJDgz"", ""target_name"": ""천안재활병원"", ""target_region_id"": null, ""target_region_name"": null}]"
306,42,0.4474389090023243,0.057057570052107404,5.30471554719749,11.594193548387098,16.898909095584585,5.64393497465041,13.264578960621222,18.90851393527163,11.18,29.62,"[7, 16, 2]","[{""policy"": ""ambulance_existing"", ""target_id"": ""EMS008"", ""target_name"": ""119구조구급센터119안전센터"", ""target_region_id"": ""REG031"", ""target_region_name"": ""직산읍""}, {""policy"": ""ambulance_new_base"", ""target_id"": ""REG001"", ""target_name"": ""문성동"", ""target_region_id"": ""REG001"", ""target_region_name"": ""문성동""}, {""policy"": ""ambulance_existing"", ""target_id"": ""EMS003"", ""target_name"": ""병천119안전센터"", ""target_region_id"": ""REG012"", ""target_region_name"": ""병천면""}]"
307,42,0.4357586091095798,0.005623354815639301,5.599677419354838,11.08868306517315,16.688360484527987,6.034316313600623,12.834443706327281,18.868760019927905,11.18,29.62,"[50, 0, 4]","[{""policy"": ""hospital_upgrade"", ""target_id"": ""JDQ4MTYyMiM2MSMkMSMkMiMkOTkkMzgxMzUxIzIxIyQxIyQxIyQwMyQyNjE0ODEjNTEjJDEjJDYjJDgz"", ""target_name"": ""천안21세기병원"", ""target_region_id"": null, ""target_region_name"": null}, {""policy"": ""ambulance_existing"", ""target_id"": ""EMS001"", ""target_name"": ""119구조구급센터119안전센터"", ""target_region_id"": ""REG006"", ""target_region_name"": ""원성2동""}, {""policy"": ""ambulance_existing"", ""target_id"": ""EMS005"", ""target_name"": ""성남지역대"", ""target_region_id"": ""REG014"", ""target_region_name"": ""성남면""}]"
308,42,0.0661488556310531,0.0661488556310531,5.599677419354838,11.594193548387098,17.193870967741937,6.034316313600623,13.264578960621222,19.298895274221845,11.18,29.62,"[1, 8, 5]","[{""policy"": ""ambulance_existing"", ""target_id"": ""EMS002"", ""target_name"": ""독립119안전센터"", ""target_region_id"": ""REG017"", ""target_region_name"": ""목천읍""}, {""policy"": ""ambulance_existing"", ""target_id"": ""EMS009"", ""target_name"": ""두정119안전센터"", ""target_region_id"": ""REG024"", ""target_region_name"": ""성정2동""}, {""policy"": ""ambulance_existing"", ""target_id"": ""EMS006"", ""target_name"": ""청당119안전센터"", ""target_region_id"": ""REG009"", ""target_region_name"": ""청룡동""}]"
309,42,0.631986455285821,0.0399215062962792,5.249677419354838,11.594193548387098,16.843870967741935,5.442251364611085,13.264578960621222,18.706830325232303,11.18,29.62,"[4, 24, 12]","[{""policy"": ""ambulance_existing"", ""target_id"": ""EMS005"", ""target_name"": ""성남지역대"", ""target_region_id"": ""REG014"", ""target_region_name"": ""성남면""}, {""policy"": ""ambulance_new_base"", ""target_id"": ""REG011"", ""target_name"": ""동면"", ""target_region_id"": ""REG011"", ""target_region_name"": ""동면""}, {""policy"": ""ambulance_existing"", ""target_id"": ""EMS013"", ""target_name"": ""성환119안전센터"", ""target_region_id"": ""REG030"", ""target_region_name"": ""성환읍""}]"
310,42,0.5966021047030594,0.0,5.265170274394114,10.994629160622999,16.25979943501712,5.8270612018601655,12.875231967658623,18.702293169518786,11.18,29.62,"[45, 30, 36]","[{""policy"": ""hospital_upgrade"", ""target_id"": ""JDQ4MTYyMiM2MSMkMSMkMiMkOTkkMzgxMzUxIzIxIyQxIyQxIyQ3MiQzNjE4MzIjODEjJDEjJDYjJDgz"", ""target_name"": ""삼성스카이병원"", ""target_region_id"": null, ""target_region_name"": null}, {""policy"": ""ambulance_new_base"", ""target_id"": ""REG025"", ""target_name"": ""쌍용1동"", ""target_region_id"": ""REG025"", ""target_region_name"": ""쌍용1동""}, {""policy"": ""hospital_upgrade"", ""target_id"": ""JDQ4MTYyMiM2MSMkMSMkMiMkOTkkMzgxMzUxIzIxIyQxIyQ1IyQ2MiQzNjE4MzIjODEjJDEjJDIjJDgz"", ""target_name"": ""돋움병원"", ""target_region_id"": null, ""target_region_name"": null}]"
311,42,0.5799480944687524,0.0083272476232864,5.36265655090189,11.138559464269987,16.501216015171877,5.746462939276316,12.980811488100068,18.72727442737638,11.18,29.62,"[28, 14, 45]","[{""policy"": ""ambulance_new_base"", ""target_id"": ""REG020"", ""target_name"": ""부성2동"", ""target_region_id"": ""REG020"", ""target_region_name"": ""부성2동""}, {""policy"": ""ambulance_existing"", ""target_id"": ""EMS015"", ""target_name"": ""입장119안전센터"", ""target_region_id"": ""REG028"", ""target_region_name"": ""입장면""}, {""policy"": ""hospital_upgrade"", ""target_id"": ""JDQ4MTYyMiM2MSMkMSMkMiMkOTkkMzgxMzUxIzIxIyQxIyQxIyQ3MiQzNjE4MzIjODEjJDEjJDYjJDgz"", ""target_name"": ""삼성스카이병원"", ""target_region_id"": null, ""target_region_name"": null}]"
312,42,0.6300681732302693,0.0001882362364812,5.599677419354838,10.793722543708792,16.39339996306363,6.034316313600623,12.634699023627435,18.669015337228057,11.18,29.62,"[8, 47, 41]","[{""policy"": ""ambulance_existing"", ""target_id"": ""EMS009"", ""target_name"": ""두정119안전센터"", ""target_region_id"": ""REG024"", ""target_region_name"": ""성정2동""}, {""policy"": ""hospital_upgrade"", ""target_id"": ""JDQ4MTYyMiM2MSMkMSMkMiMkOTkkMzgxMzUxIzIxIyQxIyQxIyQ4OSQ0NjE0ODEjODEjJDEjJDIjJDgz"", ""target_name"": ""서울우리병원"", ""target_region_id"": null, ""target_region_name"": null}, {""policy"": ""hospital_upgrade"", ""target_id"": ""JDQ4MTYyMiM2MSMkMSMkMiMkOTkkMzgxMzUxIzIxIyQxIyQ1IyQ4OSQyNjEyMjIjNjEjJDEjJDQjJDgz"", ""target_name"": ""서울프라임병원"", ""target_region_id"": null, ""target_region_name"": null}]"
313,42,0.3061579820645589,0.03439937656155631,5.599677419354838,11.101640188418845,16.701317607773685,6.034316313600623,12.992820355118223,19.027136668718843,11.18,29.62,"[15, 13, 53]","[{""policy"": ""ambulance_existing"", ""target_id"": ""EMS016"", ""target_name"": ""직산119안전센터"", ""target_region_id"": ""REG031"", ""target_region_name"": ""직산읍""}, {""policy"": ""ambulance_existing"", ""target_id"": ""EMS014"", ""target_name"": ""쌍용119안전센터"", ""target_region_id"": ""REG026"", ""target_region_name"": ""쌍용2동""}, {""policy"": ""hospital_upgrade"", ""target_id"": ""JDQ4MTYyMiM2MSMkMSMkMiMkOTkkMzgxMzUxIzIxIyQyIyQ1IyQwMCQyNjEwMDIjNDEjJDEjJDgjJDgz"", ""target_name"": ""이화병원"", ""target_region_id"": null, ""target_region_name"": null}]"
314,42,1.0496371145248453,0.0,5.398709677419355,10.600289915441797,15.99899959286115,5.74164618396257,12.507611975734429,18.249258159697,11.18,29.62,"[23, 51, 32]","[{""policy"": ""ambulance_new_base"", ""target_id"": ""REG010"", ""target_name"": ""광덕면"", ""target_region_id"": ""REG010"", ""target_region_name"": ""광덕면""}, {""policy"": ""hospital_upgrade"", ""target_id"": ""JDQ4MTYyMiM2MSMkMSMkMiMkOTkkMzgxMzUxIzIxIyQxIyQxIyQwMyQyNjE4MzIjODEjJDEjJDIjJDgz"", ""target_name"": ""서울대정병원"", ""target_region_id"": null, ""target_region_name"": null}, {""policy"": ""hospital_upgrade"", ""target_id"": ""JDQ4MTYyMiM2MSMkMSMkMiMkOTkkMzgxMzUxIzExIyQxIyQ3IyQ4OSQzNjE0ODEjODEjJDEjJDYjJDgz"", ""target_name"": ""새로나병원"", ""target_region_id"": null, ""target_region_name"": null}]"
315,42,0.7274387654222059,0.0042478320188186,5.3432258064516125,10.922183961670516,16.26540976812213,5.838491576775618,12.737212764042843,18.575704340818458,11.18,29.62,"[19, 4, 39]","[{""policy"": ""ambulance_new_base"", ""target_id"": ""REG004"", ""target_name"": ""신안동"", ""target_region_id"": ""REG004"", ""target_region_name"": ""신안동""}, {""policy"": ""ambulance_existing"", ""target_id"": ""EMS005"", ""target_name"": ""성남지역대"", ""target_region_id"": ""REG014"", ""target_region_name"": ""성남면""}, {""policy"": ""hospital_upgrade"", ""target_id"": ""JDQ4MTYyMiM2MSMkMSMkMiMkOTkkMzgxMzUxIzIxIyQxIyQ1IyQ4OSQ0NjEwMDIjNTEjJDEjJDIjJDgz"", ""target_name"": ""천안리턴병원"", ""target_region_id"": null, ""target_region_name"": null}]"
316,42,1.1221364409265675,0.0,5.047737841017175,10.860143321295778,15.907881162312952,5.470418911833075,12.706339921462204,18.176758833295278,11.18,29.62,"[43, 29, 16]","[{""policy"": ""hospital_upgrade"", ""target_id"": ""JDQ4MTYyMiM2MSMkMSMkMiMkOTkkMzgxMzUxIzIxIyQxIyQxIyQ2MiQ0NjE0ODEjNDEjJDEjJDQjJDgz"", ""target_name"": ""연세나무병원"", ""target_region_id"": null, ""target_region_name"": null}, {""policy"": ""ambulance_new_base"", ""target_id"": ""REG021"", ""target_name"": ""불당1동"", ""target_region_id"": ""REG021"", ""target_region_name"": ""불당1동""}, {""policy"": ""ambulance_new_base"", ""target_id"": ""REG001"", ""target_name"": ""문성동"", ""target_region_id"": ""REG001"", ""target_region_name"": ""문성동""}]"
317,42,0.25701427760964407,0.0441131388092005,5.295483870967741,11.594193548387098,16.88967741935484,5.8214151748001814,13.264578960621222,19.0859941354214,11.18,29.62,"[15, 27, 11]","[{""policy"": ""ambulance_existing"", ""target_id"": ""EMS016"", ""target_name"": ""직산119안전센터"", ""target_region_id"": ""REG031"", ""target_region_name"": ""직산읍""}, {""policy"": ""ambulance_new_base"", ""target_id"": ""REG019"", ""target_name"": ""부성1동"", ""target_region_id"": ""REG019"", ""target_region_name"": ""부성1동""}, {""policy"": ""ambulance_existing"", ""target_id"": ""EMS012"", ""target_name"": ""성거119안전센터"", ""target_region_id"": ""REG029"", ""target_region_name"": ""성거읍""}]"
318,42,0.9528682101280515,0.0042478320188186,5.30471554719749,10.860143321295778,16.164858868493265,5.64393497465041,12.706339921462204,18.350274896112612,11.18,29.62,"[43, 16, 4]","[{""policy"": ""hospital_upgrade"", ""target_id"": ""JDQ4MTYyMiM2MSMkMSMkMiMkOTkkMzgxMzUxIzIxIyQxIyQxIyQ2MiQ0NjE0ODEjNDEjJDEjJDQjJDgz"", ""target_name"": ""연세나무병원"", ""target_region_id"": null, ""target_region_name"": null}, {""policy"": ""ambulance_new_base"", ""target_id"": ""REG001"", ""target_name"": ""문성동"", ""target_region_id"": ""REG001"", ""target_region_name"": ""문성동""}, {""policy"": ""ambulance_existing"", ""target_id"": ""EMS005"", ""target_name"": ""성남지역대"", ""target_region_id"": ""REG014"", ""target_region_name"": ""성남면""}]"
319,42,0.8138237384910454,0.0,5.212937069622912,10.856635269370763,16.069572338993673,5.786070460820843,12.699001074909956,18.4850715357308,11.18,29.62,"[20, 18, 38]","[{""policy"": ""ambulance_new_base"", ""target_id"": ""REG005"", ""target_name"": ""원성1동"", ""target_region_id"": ""REG005"", ""target_region_name"": ""원성1동""}, {""policy"": ""ambulance_new_base"", ""target_id"": ""REG003"", ""target_name"": ""신방동"", ""target_region_id"": ""REG003"", ""target_region_name"": ""신방동""}, {""policy"": ""hospital_upgrade"", ""target_id"": ""JDQ4MTYyMiM2MSMkMSMkMiMkOTkkMzgxMzUxIzIxIyQxIyQ1IyQ3OSQzNjE4MzIjODEjJDEjJDYjJDgz"", ""target_name"": ""앙즈로여성병원"", ""target_region_id"": null, ""target_region_name"": null}]"
320,42,0.8143369653406318,0.0001882362364812,5.599677419354838,10.630320704296928,16.229998123651765,6.034316313600623,12.450430231517075,18.484746545117694,11.18,29.62,"[8, 34, 39]","[{""policy"": ""ambulance_existing"", ""target_id"": ""EMS009"", ""target_name"": ""두정119안전센터"", ""target_region_id"": ""REG024"", ""target_region_name"": ""성정2동""}, {""policy"": ""hospital_upgrade"", ""target_id"": ""JDQ4MTYyMiM2MSMkMSMkMiMkOTkkMzgxMzUxIzExIyQyIyQ3IyQwMCQ0NjE0ODEjNjEjJDEjJDgjJDgz"", ""target_name"": ""천안우리병원"", ""target_region_id"": null, ""target_region_name"": null}, {""policy"": ""hospital_upgrade"", ""target_id"": ""JDQ4MTYyMiM2MSMkMSMkMiMkOTkkMzgxMzUxIzIxIyQxIyQ1IyQ4OSQ0NjEwMDIjNTEjJDEjJDIjJDgz"", ""target_name"": ""천안리턴병원"", ""target_region_id"": null, ""target_region_name"": null}]"
321,42,0.7455170341541761,0.0343390146912308,5.599677419354838,10.602634543139269,16.202311962494107,6.034316313600623,12.553400941158278,18.5877172547589,11.18,29.62,"[39, 44, 15]","[{""policy"": ""hospital_upgrade"", ""target_id"": ""JDQ4MTYyMiM2MSMkMSMkMiMkOTkkMzgxMzUxIzIxIyQxIyQ1IyQ4OSQ0NjEwMDIjNTEjJDEjJDIjJDgz"", ""target_name"": ""천안리턴병원"", ""target_region_id"": null, ""target_region_name"": null}, {""policy"": ""hospital_upgrade"", ""target_id"": ""JDQ4MTYyMiM2MSMkMSMkMiMkOTkkMzgxMzUxIzIxIyQxIyQxIyQ3MiQyNjE0ODEjNDEjJDEjJDgjJDgz"", ""target_name"": ""천안재활병원"", ""target_region_id"": null, ""target_region_name"": null}, {""policy"": ""ambulance_existing"", ""target_id"": ""EMS016"", ""target_name"": ""직산119안전센터"", ""target_region_id"": ""REG031"", ""target_region_name"": ""직산읍""}]"
322,42,0.4818818664068625,0.0222105191482742,5.599677419354838,10.854052793875141,16.45373021322998,6.034316313600623,12.804907613362634,18.839223926963257,11.18,29.62,"[7, 32, 46]","[{""policy"": ""ambulance_existing"", ""target_id"": ""EMS008"", ""target_name"": ""119구조구급센터119안전센터"", ""target_region_id"": ""REG031"", ""target_region_name"": ""직산읍""}, {""policy"": ""hospital_upgrade"", ""target_id"": ""JDQ4MTYyMiM2MSMkMSMkMiMkOTkkMzgxMzUxIzExIyQxIyQ3IyQ4OSQzNjE0ODEjODEjJDEjJDYjJDgz"", ""target_name"": ""새로나병원"", ""target_region_id"": null, ""target_region_name"": null}, {""policy"": ""hospital_upgrade"", ""target_id"": ""JDQ4MTYyMiM2MSMkMSMkMiMkOTkkMzgxMzUxIzIxIyQxIyQxIyQ3OSQyNjEyMjIjNDEjJDEjJDgjJDgz"", ""target_name"": ""우리척병원"", ""target_region_id"": null, ""target_region_name"": null}]"
323,42,0.7119685671630054,0.0222105191482742,5.599677419354838,10.626367224523342,16.226044643878183,6.034316313600623,12.574820912606496,18.609137226207114,11.18,29.62,"[7, 40, 36]","[{""policy"": ""ambulance_existing"", ""target_id"": ""EMS008"", ""target_name"": ""119구조구급센터119안전센터"", ""target_region_id"": ""REG031"", ""target_region_name"": ""직산읍""}, {""policy"": ""hospital_upgrade"", ""target_id"": ""JDQ4MTYyMiM2MSMkMSMkMiMkOTkkMzgxMzUxIzIxIyQxIyQ1IyQ4OSQyNjE4MzIjNTEjJDEjJDYjJDgz"", ""target_name"": ""아이본병원"", ""target_region_id"": null, ""target_region_name"": null}, {""policy"": ""hospital_upgrade"", ""target_id"": ""JDQ4MTYyMiM2MSMkMSMkMiMkOTkkMzgxMzUxIzIxIyQxIyQ1IyQ2MiQzNjE4MzIjODEjJDEjJDIjJDgz"", ""target_name"": ""돋움병원"", ""target_region_id"": null, ""target_region_name"": null}]"
324,42,0.26207675243263623,0.0001882362364812,5.295483870967741,11.519141813354748,16.814625684322486,5.8214151748001814,13.215591583225512,19.03700675802569,11.18,29.62,"[27, 42, 8]","[{""policy"": ""ambulance_new_base"", ""target_id"": ""REG019"", ""target_name"": ""부성1동"", ""target_region_id"": ""REG019"", ""target_region_name"": ""부성1동""}, {""policy"": ""hospital_upgrade"", ""target_id"": ""JDQ4MTYyMiM2MSMkMSMkMiMkOTkkMzgxMzUxIzIxIyQxIyQ1IyQ5OSQzNjEyMjIjNjEjJDEjJDQjJDgz"", ""target_name"": ""천안다나힐병원"", ""target_region_id"": null, ""target_region_name"": null}, {""policy"": ""ambulance_existing"", ""target_id"": ""EMS009"", ""target_name"": ""두정119안전센터"", ""target_region_id"": ""REG024"", ""target_region_name"": ""성정2동""}]"
325,42,0.40757472081121604,0.0014358846671462056,5.599677419354838,11.033865820568307,16.633543239923146,6.034316313600623,12.858440124477161,18.892756438077775,11.18,29.62,"[49, 0, 13]","[{""policy"": ""hospital_upgrade"", ""target_id"": ""JDQ4MTYyMiM2MSMkMSMkMiMkOTkkMzgxMzUxIzIxIyQxIyQxIyQ5MiQyNjEwMDIjNjEjJDEjJDAjJDgz"", ""target_name"": ""두정이진병원"", ""target_region_id"": null, ""target_region_name"": null}, {""policy"": ""ambulance_existing"", ""target_id"": ""EMS001"", ""target_name"": ""119구조구급센터119안전센터"", ""target_region_id"": ""REG006"", ""target_region_name"": ""원성2동""}, {""policy"": ""ambulance_existing"", ""target_id"": ""EMS014"", ""target_name"": ""쌍용119안전센터"", ""target_region_id"": ""REG026"", ""target_region_name"": ""쌍용2동""}]"
326,42,0.8754239171342384,0.0,5.094219760816495,10.848247068703982,15.942466829520479,5.72740989904559,12.696061458042019,18.423471357087607,11.18,29.62,"[31, 51, 30]","[{""policy"": ""ambulance_new_base"", ""target_id"": ""REG027"", ""target_name"": ""쌍용3동"", ""target_region_id"": ""REG027"", ""target_region_name"": ""쌍용3동""}, {""policy"": ""hospital_upgrade"", ""target_id"": ""JDQ4MTYyMiM2MSMkMSMkMiMkOTkkMzgxMzUxIzIxIyQxIyQxIyQwMyQyNjE4MzIjODEjJDEjJDIjJDgz"", ""target_name"": ""서울대정병원"", ""target_region_id"": null, ""target_region_name"": null}, {""policy"": ""ambulance_new_base"", ""target_id"": ""REG025"", ""target_name"": ""쌍용1동"", ""target_region_id"": ""REG025"", ""target_region_name"": ""쌍용1동""}]"
327,42,0.6534177315543053,0.0042478320188186,5.342699713174523,10.975591027317092,16.318290740491616,5.860800250783288,12.788925123903075,18.64972537468636,11.18,29.62,"[47, 29, 4]","[{""policy"": ""hospital_upgrade"", ""target_id"": ""JDQ4MTYyMiM2MSMkMSMkMiMkOTkkMzgxMzUxIzIxIyQxIyQxIyQ4OSQ0NjE0ODEjODEjJDEjJDIjJDgz"", ""target_name"": ""서울우리병원"", ""target_region_id"": null, ""target_region_name"": null}, {""policy"": ""ambulance_new_base"", ""target_id"": ""REG021"", ""target_name"": ""불당1동"", ""target_region_id"": ""REG021"", ""target_region_name"": ""불당1동""}, {""policy"": ""ambulance_existing"", ""target_id"": ""EMS005"", ""target_name"": ""성남지역대"", ""target_region_id"": ""REG014"", ""target_region_name"": ""성남면""}]"
328,42,0.4869866976803708,0.0001882362364812,5.295483870967741,11.098534409726106,16.394018280693853,5.8214151748001814,12.990681637977776,18.812096812777956,11.18,29.62,"[8, 33, 27]","[{""policy"": ""ambulance_existing"", ""target_id"": ""EMS009"", ""target_name"": ""두정119안전센터"", ""target_region_id"": ""REG024"", ""target_region_name"": ""성정2동""}, {""policy"": ""hospital_upgrade"", ""target_id"": ""JDQ4MTYyMiM2MSMkMSMkMiMkOTkkMzgxMzUxIzExIyQxIyQ3IyQ5OSQ0NjE0ODEjODEjJDEjJDYjJDgz"", ""target_name"": ""예일병원"", ""target_region_id"": null, ""target_region_name"": null}, {""policy"": ""ambulance_new_base"", ""target_id"": ""REG019"", ""target_name"": ""부성1동"", ""target_region_id"": ""REG019"", ""target_region_name"": ""부성1동""}]"
329,42,1.156272102437347,0.0348470509038332,5.249677419354838,10.903044755594616,16.152722174949453,5.442251364611085,12.73521885807725,18.17747022268833,11.18,29.62,"[24, 37, 2]","[{""policy"": ""ambulance_new_base"", ""target_id"": ""REG011"", ""target_name"": ""동면"", ""target_region_id"": ""REG011"", ""target_region_name"": ""동면""}, {""policy"": ""hospital_upgrade"", ""target_id"": ""JDQ4MTYyMiM2MSMkMSMkMiMkOTkkMzgxMzUxIzIxIyQxIyQ1IyQ3OSQyNjE0ODEjNDEjJDEjJDgjJDgz"", ""target_name"": ""마디손병원"", ""target_region_id"": null, ""target_region_name"": null}, {""policy"": ""ambulance_existing"", ""target_id"": ""EMS003"", ""target_name"": ""병천119안전센터"", ""target_region_id"": ""REG012"", ""target_region_name"": ""병천면""}]"
330,42,0.49112541251025754,0.0343390146912308,5.422903225806452,11.093193138623256,16.516096364429707,5.967992965754759,12.874115910648063,18.84210887640282,11.18,29.62,"[15, 18, 35]","[{""policy"": ""ambulance_existing"", ""target_id"": ""EMS016"", ""target_name"": ""직산119안전센터"", ""target_region_id"": ""REG031"", ""target_region_name"": ""직산읍""}, {""policy"": ""ambulance_new_base"", ""target_id"": ""REG003"", ""target_name"": ""신방동"", ""target_region_id"": ""REG003"", ""target_region_name"": ""신방동""}, {""policy"": ""hospital_upgrade"", ""target_id"": ""JDQ4MTYyMiM2MSMkMSMkMiMkOTkkMzgxMzUxIzIxIyQxIyQ1IyQ2MiQ0NjE0ODEjNjEjJDEjJDgjJDgz"", ""target_name"": ""천안해울병원"", ""target_region_id"": null, ""target_region_name"": null}]"
331,42,0.0824141910665015,0.0824141910665015,5.599677419354838,11.594193548387098,17.193870967741937,6.034316313600623,13.264578960621222,19.298895274221845,11.18,29.62,"[2, 9, 0]","[{""policy"": ""ambulance_existing"", ""target_id"": ""EMS003"", ""target_name"": ""병천119안전센터"", ""target_region_id"": ""REG012"", ""target_region_name"": ""병천면""}, {""policy"": ""ambulance_existing"", ""target_id"": ""EMS010"", ""target_name"": ""불당119안전센터"", ""target_region_id"": ""REG022"", ""target_region_name"": ""불당2동""}, {""policy"": ""ambulance_existing"", ""target_id"": ""EMS001"", ""target_name"": ""119구조구급센터119안전센터"", ""target_region_id"": ""REG006"", ""target_region_name"": ""원성2동""}]"
332,42,0.681957122612519,0.0356736742774606,5.599677419354838,10.710791036294092,16.31046845564893,6.034316313600623,12.618295512286169,18.652611825886787,11.18,29.62,"[44, 12, 47]","[{""policy"": ""hospital_upgrade"", ""target_id"": ""JDQ4MTYyMiM2MSMkMSMkMiMkOTkkMzgxMzUxIzIxIyQxIyQxIyQ3MiQyNjE0ODEjNDEjJDEjJDgjJDgz"", ""target_name"": ""천안재활병원"", ""target_region_id"": null, ""target_region_name"": null}, {""policy"": ""ambulance_existing"", ""target_id"": ""EMS013"", ""target_name"": ""성환119안전센터"", ""target_region_id"": ""REG030"", ""target_region_name"": ""성환읍""}, {""policy"": ""hospital_upgrade"", ""target_id"": ""JDQ4MTYyMiM2MSMkMSMkMiMkOTkkMzgxMzUxIzIxIyQxIyQxIyQ4OSQ0NjE0ODEjODEjJDEjJDIjJDgz"", ""target_name"": ""서울우리병원"", ""target_region_id"": null, ""target_region_name"": null}]"
333,42,0.7365888438183955,0.0222107429571171,5.599677419354838,10.664957489577072,16.264634908931914,6.034316313600623,12.550200859759947,18.584517173360567,11.18,29.62,"[32, 10, 52]","[{""policy"": ""hospital_upgrade"", ""target_id"": ""JDQ4MTYyMiM2MSMkMSMkMiMkOTkkMzgxMzUxIzExIyQxIyQ3IyQ4OSQzNjE0ODEjODEjJDEjJDYjJDgz"", ""target_name"": ""새로나병원"", ""target_region_id"": null, ""target_region_name"": null}, {""policy"": ""ambulance_existing"", ""target_id"": ""EMS011"", ""target_name"": ""서부119안전센터"", ""target_region_id"": ""REG023"", ""target_region_name"": ""성정1동""}, {""policy"": ""hospital_upgrade"", ""target_id"": ""JDQ4MTYyMiM2MSMkMSMkMiMkOTkkMzgxMzUxIzIxIyQxIyQxIyQxMyQyNjEyMjIjNzEjJDEjJDgjJDgz"", ""target_name"": ""SG삼성조은병원"", ""target_region_id"": null, ""target_region_name"": null}]"
334,42,0.8554053665666821,0.0,5.389711263171298,10.646491748986543,16.036203012157845,5.852393808666708,12.591096098988457,18.443489907655163,11.18,29.62,"[20, 36, 39]","[{""policy"": ""ambulance_new_base"", ""target_id"": ""REG005"", ""target_name"": ""원성1동"", ""target_region_id"": ""REG005"", ""target_region_name"": ""원성1동""}, {""policy"": ""hospital_upgrade"", ""target_id"": ""JDQ4MTYyMiM2MSMkMSMkMiMkOTkkMzgxMzUxIzIxIyQxIyQ1IyQ2MiQzNjE4MzIjODEjJDEjJDIjJDgz"", ""target_name"": ""돋움병원"", ""target_region_id"": null, ""target_region_name"": null}, {""policy"": ""hospital_upgrade"", ""target_id"": ""JDQ4MTYyMiM2MSMkMSMkMiMkOTkkMzgxMzUxIzIxIyQxIyQ1IyQ4OSQ0NjEwMDIjNTEjJDEjJDIjJDgz"", ""target_name"": ""천안리턴병원"", ""target_region_id"": null, ""target_region_name"": null}]"
335,42,0.7429485559421259,0.0083272476232864,5.265170274394114,10.922183961670516,16.187354236064632,5.8270612018601655,12.737212764042843,18.564273965903006,11.18,29.62,"[39, 30, 14]","[{""policy"": ""hospital_upgrade"", ""target_id"": ""JDQ4MTYyMiM2MSMkMSMkMiMkOTkkMzgxMzUxIzIxIyQxIyQ1IyQ4OSQ0NjEwMDIjNTEjJDEjJDIjJDgz"", ""target_name"": ""천안리턴병원"", ""target_region_id"": null, ""target_region_name"": null}, {""policy"": ""ambulance_new_base"", ""target_id"": ""REG025"", ""target_name"": ""쌍용1동"", ""target_region_id"": ""REG025"", ""target_region_name"": ""쌍용1동""}, {""policy"": ""ambulance_existing"", ""target_id"": ""EMS015"", ""target_name"": ""입장119안전센터"", ""target_region_id"": ""REG028"", ""target_region_name"": ""입장면""}]"
336,42,1.0576381565459523,0.0222105191482742,5.232801978072861,10.848247068703982,16.08104904677684,5.567406178782148,12.696061458042019,18.263467636824167,11.18,29.62,"[51, 7, 22]","[{""policy"": ""hospital_upgrade"", ""target_id"": ""JDQ4MTYyMiM2MSMkMSMkMiMkOTkkMzgxMzUxIzIxIyQxIyQxIyQwMyQyNjE4MzIjODEjJDEjJDIjJDgz"", ""target_name"": ""서울대정병원"", ""target_region_id"": null, ""target_region_name"": null}, {""policy"": ""ambulance_existing"", ""target_id"": ""EMS008"", ""target_name"": ""119구조구급센터119안전센터"", ""target_region_id"": ""REG031"", ""target_region_name"": ""직산읍""}, {""policy"": ""ambulance_new_base"", ""target_id"": ""REG008"", ""target_name"": ""중앙동"", ""target_region_id"": ""REG008"", ""target_region_name"": ""중앙동""}]"
337,42,0.4239625963262146,0.0178237601821447,5.599677419354838,11.033865820568307,16.633543239923146,6.034316313600623,12.858440124477161,18.892756438077775,11.18,29.62,"[0, 49, 1]","[{""policy"": ""ambulance_existing"", ""target_id"": ""EMS001"", ""target_name"": ""119구조구급센터119안전센터"", ""target_region_id"": ""REG006"", ""target_region_name"": ""원성2동""}, {""policy"": ""hospital_upgrade"", ""target_id"": ""JDQ4MTYyMiM2MSMkMSMkMiMkOTkkMzgxMzUxIzIxIyQxIyQxIyQ5MiQyNjEwMDIjNjEjJDEjJDAjJDgz"", ""target_name"": ""두정이진병원"", ""target_region_id"": null, ""target_region_name"": null}, {""policy"": ""ambulance_existing"", ""target_id"": ""EMS002"", ""target_name"": ""독립119안전센터"", ""target_region_id"": ""REG017"", ""target_region_name"": ""목천읍""}]"
338,42,0.9515698791219158,0.0,4.928608429685765,11.101640188418845,16.030248618104608,5.3545050399817065,12.992820355118223,18.34732539509993,11.18,29.62,"[22, 27, 53]","[{""policy"": ""ambulance_new_base"", ""target_id"": ""REG008"", ""target_name"": ""중앙동"", ""target_region_id"": ""REG008"", ""target_region_name"": ""중앙동""}, {""policy"": ""ambulance_new_base"", ""target_id"": ""REG019"", ""target_name"": ""부성1동"", ""target_region_id"": ""REG019"", ""target_region_name"": ""부성1동""}, {""policy"": ""hospital_upgrade"", ""target_id"": ""JDQ4MTYyMiM2MSMkMSMkMiMkOTkkMzgxMzUxIzIxIyQyIyQ1IyQwMCQyNjEwMDIjNDEjJDEjJDgjJDgz"", ""target_name"": ""이화병원"", ""target_region_id"": null, ""target_region_name"": null}]"
339,42,0.8338630178750925,0.0,5.599677419354838,10.518064497618855,16.117741916973696,6.034316313600623,12.430715942746135,18.465032256346753,11.18,29.62,"[35, 40, 47]","[{""policy"": ""hospital_upgrade"", ""target_id"": ""JDQ4MTYyMiM2MSMkMSMkMiMkOTkkMzgxMzUxIzIxIyQxIyQ1IyQ2MiQ0NjE0ODEjNjEjJDEjJDgjJDgz"", ""target_name"": ""천안해울병원"", ""target_region_id"": null, ""target_region_name"": null}, {""policy"": ""hospital_upgrade"", ""target_id"": ""JDQ4MTYyMiM2MSMkMSMkMiMkOTkkMzgxMzUxIzIxIyQxIyQ1IyQ4OSQyNjE4MzIjNTEjJDEjJDYjJDgz"", ""target_name"": ""아이본병원"", ""target_region_id"": null, ""target_region_name"": null}, {""policy"": ""hospital_upgrade"", ""target_id"": ""JDQ4MTYyMiM2MSMkMSMkMiMkOTkkMzgxMzUxIzIxIyQxIyQxIyQ4OSQ0NjE0ODEjODEjJDEjJDIjJDgz"", ""target_name"": ""서울우리병원"", ""target_region_id"": null, ""target_region_name"": null}]"
340,42,0.9827162351991796,0.0001882362364812,5.249677419354838,11.093193138623256,16.342870557978095,5.442251364611085,12.874115910648063,18.316367275259147,11.18,29.62,"[35, 8, 24]","[{""policy"": ""hospital_upgrade"", ""target_id"": ""JDQ4MTYyMiM2MSMkMSMkMiMkOTkkMzgxMzUxIzIxIyQxIyQ1IyQ2MiQ0NjE0ODEjNjEjJDEjJDgjJDgz"", ""target_name"": ""천안해울병원"", ""target_region_id"": null, ""target_region_name"": null}, {""policy"": ""ambulance_existing"", ""target_id"": ""EMS009"", ""target_name"": ""두정119안전센터"", ""target_region_id"": ""REG024"", ""target_region_name"": ""성정2동""}, {""policy"": ""ambulance_new_base"", ""target_id"": ""REG011"", ""target_name"": ""동면"", ""target_region_id"": ""REG011"", ""target_region_name"": ""동면""}]"
341,42,0.3940320997570963,0.04625197923617311,5.599677419354838,11.055870298914312,16.65554771826915,6.034316313600623,12.916798840100302,18.951115153700922,11.18,29.62,"[36, 9, 13]","[{""policy"": ""hospital_upgrade"", ""target_id"": ""JDQ4MTYyMiM2MSMkMSMkMiMkOTkkMzgxMzUxIzIxIyQxIyQ1IyQ2MiQzNjE4MzIjODEjJDEjJDIjJDgz"", ""target_name"": ""돋움병원"", ""target_region_id"": null, ""target_region_name"": null}, {""policy"": ""ambulance_existing"", ""target_id"": ""EMS010"", ""target_name"": ""불당119안전센터"", ""target_region_id"": ""REG022"", ""target_region_name"": ""불당2동""}, {""policy"": ""ambulance_existing"", ""target_id"": ""EMS014"", ""target_name"": ""쌍용119안전센터"", ""target_region_id"": ""REG026"", ""target_region_name"": ""쌍용2동""}]"
342,42,0.851064782317998,0.0,5.599677419354838,10.475329109251778,16.075006528606618,6.034316313600623,12.41351417830323,18.447830491903847,11.18,29.62,"[52, 49, 44]","[{""policy"": ""hospital_upgrade"", ""target_id"": ""JDQ4MTYyMiM2MSMkMSMkMiMkOTkkMzgxMzUxIzIxIyQxIyQxIyQxMyQyNjEyMjIjNzEjJDEjJDgjJDgz"", ""target_name"": ""SG삼성조은병원"", ""target_region_id"": null, ""target_region_name"": null}, {""policy"": ""hospital_upgrade"", ""target_id"": ""JDQ4MTYyMiM2MSMkMSMkMiMkOTkkMzgxMzUxIzIxIyQxIyQxIyQ5MiQyNjEwMDIjNjEjJDEjJDAjJDgz"", ""target_name"": ""두정이진병원"", ""target_region_id"": null, ""target_region_name"": null}, {""policy"": ""hospital_upgrade"", ""target_id"": ""JDQ4MTYyMiM2MSMkMSMkMiMkOTkkMzgxMzUxIzIxIyQxIyQxIyQ3MiQyNjE0ODEjNDEjJDEjJDgjJDgz"", ""target_name"": ""천안재활병원"", ""target_region_id"": null, ""target_region_name"": null}]"
343,42,1.3178690306650154,0.0,4.934148661359986,10.975591027317092,15.90973968867708,5.192101119653753,12.788925123903075,17.98102624355683,11.18,29.62,"[17, 24, 47]","[{""policy"": ""ambulance_new_base"", ""target_id"": ""REG002"", ""target_name"": ""봉명동"", ""target_region_id"": ""REG002"", ""target_region_name"": ""봉명동""}, {""policy"": ""ambulance_new_base"", ""target_id"": ""REG011"", ""target_name"": ""동면"", ""target_region_id"": ""REG011"", ""target_region_name"": ""동면""}, {""policy"": ""hospital_upgrade"", ""target_id"": ""JDQ4MTYyMiM2MSMkMSMkMiMkOTkkMzgxMzUxIzIxIyQxIyQxIyQ4OSQ0NjE0ODEjODEjJDEjJDIjJDgz"", ""target_name"": ""서울우리병원"", ""target_region_id"": null, ""target_region_name"": null}]"
344,42,0.7524725099808371,0.0,5.389711263171298,10.8466962068964,16.236407470067697,5.852393808666708,12.694028955574302,18.546422764241008,11.18,29.62,"[45, 20, 34]","[{""policy"": ""hospital_upgrade"", ""target_id"": ""JDQ4MTYyMiM2MSMkMSMkMiMkOTkkMzgxMzUxIzIxIyQxIyQxIyQ3MiQzNjE4MzIjODEjJDEjJDYjJDgz"", ""target_name"": ""삼성스카이병원"", ""target_region_id"": null, ""target_region_name"": null}, {""policy"": ""ambulance_new_base"", ""target_id"": ""REG005"", ""target_name"": ""원성1동"", ""target_region_id"": ""REG005"", ""target_region_name"": ""원성1동""}, {""policy"": ""hospital_upgrade"", ""target_id"": ""JDQ4MTYyMiM2MSMkMSMkMiMkOTkkMzgxMzUxIzExIyQyIyQ3IyQwMCQ0NjE0ODEjNjEjJDEjJDgjJDgz"", ""target_name"": ""천안우리병원"", ""target_region_id"": null, ""target_region_name"": null}]"
345,42,0.7973378001198048,0.0042478320188186,5.599677419354838,10.576052306114136,16.175729725468976,6.034316313600623,12.471488992520237,18.50580530612086,11.18,29.62,"[4, 39, 35]","[{""policy"": ""ambulance_existing"", ""target_id"": ""EMS005"", ""target_name"": ""성남지역대"", ""target_region_id"": ""REG014"", ""target_region_name"": ""성남면""}, {""policy"": ""hospital_upgrade"", ""target_id"": ""JDQ4MTYyMiM2MSMkMSMkMiMkOTkkMzgxMzUxIzIxIyQxIyQ1IyQ4OSQ0NjEwMDIjNTEjJDEjJDIjJDgz"", ""target_name"": ""천안리턴병원"", ""target_region_id"": null, ""target_region_name"": null}, {""policy"": ""hospital_upgrade"", ""target_id"": ""JDQ4MTYyMiM2MSMkMSMkMiMkOTkkMzgxMzUxIzIxIyQxIyQ1IyQ2MiQ0NjE0ODEjNjEjJDEjJDgjJDgz"", ""target_name"": ""천안해울병원"", ""target_region_id"": null, ""target_region_name"": null}]"
346,42,1.0698500272169404,0.0,5.265170274394114,10.530463488199496,15.795633762593614,5.8270612018601655,12.401984045144738,18.229045247004905,11.18,29.62,"[30, 40, 50]","[{""policy"": ""ambulance_new_base"", ""target_id"": ""REG025"", ""target_name"": ""쌍용1동"", ""target_region_id"": ""REG025"", ""target_region_name"": ""쌍용1동""}, {""policy"": ""hospital_upgrade"", ""target_id"": ""JDQ4MTYyMiM2MSMkMSMkMiMkOTkkMzgxMzUxIzIxIyQxIyQ1IyQ4OSQyNjE4MzIjNTEjJDEjJDYjJDgz"", ""target_name"": ""아이본병원"", ""target_region_id"": null, ""target_region_name"": null}, {""policy"": ""hospital_upgrade"", ""target_id"": ""JDQ4MTYyMiM2MSMkMSMkMiMkOTkkMzgxMzUxIzIxIyQxIyQxIyQwMyQyNjE0ODEjNTEjJDEjJDYjJDgz"", ""target_name"": ""천안21세기병원"", ""target_region_id"": null, ""target_region_name"": null}]"
347,42,0.7975462394564516,0.0,5.599677419354838,10.561133858994586,16.160811278349424,6.034316313600623,12.46703272116477,18.501349034765393,11.18,29.62,"[40, 47, 37]","[{""policy"": ""hospital_upgrade"", ""target_id"": ""JDQ4MTYyMiM2MSMkMSMkMiMkOTkkMzgxMzUxIzIxIyQxIyQ1IyQ4OSQyNjE4MzIjNTEjJDEjJDYjJDgz"", ""target_name"": ""아이본병원"", ""target_region_id"": null, ""target_region_name"": null}, {""policy"": ""hospital_upgrade"", ""target_id"": ""JDQ4MTYyMiM2MSMkMSMkMiMkOTkkMzgxMzUxIzIxIyQxIyQxIyQ4OSQ0NjE0ODEjODEjJDEjJDIjJDgz"", ""target_name"": ""서울우리병원"", ""target_region_id"": null, ""target_region_name"": null}, {""policy"": ""hospital_upgrade"", ""target_id"": ""JDQ4MTYyMiM2MSMkMSMkMiMkOTkkMzgxMzUxIzIxIyQxIyQ1IyQ3OSQyNjE0ODEjNDEjJDEjJDgjJDgz"", ""target_name"": ""마디손병원"", ""target_region_id"": null, ""target_region_name"": null}]"
348,42,0.6784001630647692,0.0495123820092479,5.443235834934136,10.92879511789891,16.372030952833047,5.932671322458575,12.737336170707753,18.670007493166324,11.18,29.62,"[26, 5, 41]","[{""policy"": ""ambulance_new_base"", ""target_id"": ""REG018"", ""target_name"": ""백석동"", ""target_region_id"": ""REG018"", ""target_region_name"": ""백석동""}, {""policy"": ""ambulance_existing"", ""target_id"": ""EMS006"", ""target_name"": ""청당119안전센터"", ""target_region_id"": ""REG009"", ""target_region_name"": ""청룡동""}, {""policy"": ""hospital_upgrade"", ""target_id"": ""JDQ4MTYyMiM2MSMkMSMkMiMkOTkkMzgxMzUxIzIxIyQxIyQ1IyQ4OSQyNjEyMjIjNjEjJDEjJDQjJDgz"", ""target_name"": ""서울프라임병원"", ""target_region_id"": null, ""target_region_name"": null}]"
349,42,1.5863412803863923,0.0,4.882801978072861,10.922183961670516,15.80498593974338,4.975341229792611,12.737212764042843,17.712553993835453,11.18,29.62,"[39, 24, 22]","[{""policy"": ""hospital_upgrade"", ""target_id"": ""JDQ4MTYyMiM2MSMkMSMkMiMkOTkkMzgxMzUxIzIxIyQxIyQ1IyQ4OSQ0NjEwMDIjNTEjJDEjJDIjJDgz"", ""target_name"": ""천안리턴병원"", ""target_region_id"": null, ""target_region_name"": null}, {""policy"": ""ambulance_new_base"", ""target_id"": ""REG011"", ""target_name"": ""동면"", ""target_region_id"": ""REG011"", ""target_region_name"": ""동면""}, {""policy"": ""ambulance_new_base"", ""target_id"": ""REG008"", ""target_name"": ""중앙동"", ""target_region_id"": ""REG008"", ""target_region_name"": ""중앙동""}]"
350,42,1.05061587875025,0.0,5.389711263171298,10.5232482152016,15.9129594783729,5.852393808666708,12.395885586804884,18.248279395471595,11.18,29.62,"[50, 52, 20]","[{""policy"": ""hospital_upgrade"", ""target_id"": ""JDQ4MTYyMiM2MSMkMSMkMiMkOTkkMzgxMzUxIzIxIyQxIyQxIyQwMyQyNjE0ODEjNTEjJDEjJDYjJDgz"", ""target_name"": ""천안21세기병원"", ""target_region_id"": null, ""target_region_name"": null}, {""policy"": ""hospital_upgrade"", ""target_id"": ""JDQ4MTYyMiM2MSMkMSMkMiMkOTkkMzgxMzUxIzIxIyQxIyQxIyQxMyQyNjEyMjIjNzEjJDEjJDgjJDgz"", ""target_name"": ""SG삼성조은병원"", ""target_region_id"": null, ""target_region_name"": null}, {""policy"": ""ambulance_new_base"", ""target_id"": ""REG005"", ""target_name"": ""원성1동"", ""target_region_id"": ""REG005"", ""target_region_name"": ""원성1동""}]"
351,42,0.8409448577140886,0.0,5.599677419354838,10.333963974984876,15.933641394339714,6.034316313600623,12.423634102907139,18.457950416507757,11.18,29.62,"[48, 33, 47]","[{""policy"": ""hospital_upgrade"", ""target_id"": ""JDQ4MTYyMiM2MSMkMSMkMiMkOTkkMzgxMzUxIzIxIyQxIyQxIyQ5MiQyNjE4MzIjNDEjJDEjJDgjJDgz"", ""target_name"": ""혜성산부인과병원"", ""target_region_id"": null, ""target_region_name"": null}, {""policy"": ""hospital_upgrade"", ""target_id"": ""JDQ4MTYyMiM2MSMkMSMkMiMkOTkkMzgxMzUxIzExIyQxIyQ3IyQ5OSQ0NjE0ODEjODEjJDEjJDYjJDgz"", ""target_name"": ""예일병원"", ""target_region_id"": null, ""target_region_name"": null}, {""policy"": ""hospital_upgrade"", ""target_id"": ""JDQ4MTYyMiM2MSMkMSMkMiMkOTkkMzgxMzUxIzIxIyQxIyQxIyQ4OSQ0NjE0ODEjODEjJDEjJDIjJDgz"", ""target_name"": ""서울우리병원"", ""target_region_id"": null, ""target_region_name"": null}]"
352,42,0.6451541691036695,0.0,5.127941353649103,11.346236395124912,16.474177748774014,5.577611626804545,13.076129478313634,18.653741105118176,11.18,29.62,"[16, 32, 18]","[{""policy"": ""ambulance_new_base"", ""target_id"": ""REG001"", ""target_name"": ""문성동"", ""target_region_id"": ""REG001"", ""target_region_name"": ""문성동""}, {""policy"": ""hospital_upgrade"", ""target_id"": ""JDQ4MTYyMiM2MSMkMSMkMiMkOTkkMzgxMzUxIzExIyQxIyQ3IyQ4OSQzNjE0ODEjODEjJDEjJDYjJDgz"", ""target_name"": ""새로나병원"", ""target_region_id"": null, ""target_region_name"": null}, {""policy"": ""ambulance_new_base"", ""target_id"": ""REG003"", ""target_name"": ""신방동"", ""target_region_id"": ""REG003"", ""target_region_name"": ""신방동""}]"
353,42,0.3998963046771248,0.0013755227968207,5.0995705224751315,11.594193548387098,16.69376407086223,5.635795531720322,13.264578960621222,18.90037449234154,11.18,29.62,"[20, 0, 21]","[{""policy"": ""ambulance_new_base"", ""target_id"": ""REG005"", ""target_name"": ""원성1동"", ""target_region_id"": ""REG005"", ""target_region_name"": ""원성1동""}, {""policy"": ""ambulance_existing"", ""target_id"": ""EMS001"", ""target_name"": ""119구조구급센터119안전센터"", ""target_region_id"": ""REG006"", ""target_region_name"": ""원성2동""}, {""policy"": ""ambulance_new_base"", ""target_id"": ""REG007"", ""target_name"": ""일봉동"", ""target_region_id"": ""REG007"", ""target_region_name"": ""일봉동""}]"
354,42,1.0963139614924167,0.0,5.0825906736438125,10.998184134035316,16.08077480767913,5.3364930457674316,12.866088266961999,18.20258131272943,10.85,29.62,"[26, 25, 48]","[{""policy"": ""ambulance_new_base"", ""target_id"": ""REG018"", ""target_name"": ""백석동"", ""target_region_id"": ""REG018"", ""target_region_name"": ""백석동""}, {""policy"": ""ambulance_new_base"", ""target_id"": ""REG015"", ""target_name"": ""수신면"", ""target_region_id"": ""REG015"", ""target_region_name"": ""수신면""}, {""policy"": ""hospital_upgrade"", ""target_id"": ""JDQ4MTYyMiM2MSMkMSMkMiMkOTkkMzgxMzUxIzIxIyQxIyQxIyQ5MiQyNjE4MzIjNDEjJDEjJDgjJDgz"", ""target_name"": ""혜성산부인과병원"", ""target_region_id"": null, ""target_region_name"": null}]"
355,42,0.7177335872853376,0.0,5.027697048456759,11.101640188418845,16.129337236875607,5.588341331818286,12.992820355118223,18.581161686936507,11.18,29.62,"[17, 53, 19]","[{""policy"": ""ambulance_new_base"", ""target_id"": ""REG002"", ""target_name"": ""봉명동"", ""target_region_id"": ""REG002"", ""target_region_name"": ""봉명동""}, {""policy"": ""hospital_upgrade"", ""target_id"": ""JDQ4MTYyMiM2MSMkMSMkMiMkOTkkMzgxMzUxIzIxIyQyIyQ1IyQwMCQyNjEwMDIjNDEjJDEjJDgjJDgz"", ""target_name"": ""이화병원"", ""target_region_id"": null, ""target_region_name"": null}, {""policy"": ""ambulance_new_base"", ""target_id"": ""REG004"", ""target_name"": ""신안동"", ""target_region_id"": ""REG004"", ""target_region_name"": ""신안동""}]"
356,42,0.2810271381348076,0.0308768931774718,5.284148661359985,11.594193548387098,16.878342209747085,5.784166068643291,13.264578960621222,19.04874502926451,11.18,29.62,"[8, 17, 6]","[{""policy"": ""ambulance_existing"", ""target_id"": ""EMS009"", ""target_name"": ""두정119안전센터"", ""target_region_id"": ""REG024"", ""target_region_name"": ""성정2동""}, {""policy"": ""ambulance_new_base"", ""target_id"": ""REG002"", ""target_name"": ""봉명동"", ""target_region_id"": ""REG002"", ""target_region_name"": ""봉명동""}, {""policy"": ""ambulance_existing"", ""target_id"": ""EMS007"", ""target_name"": ""풍세119안전센터"", ""target_region_id"": ""REG016"", ""target_region_name"": ""풍세면""}]"
357,42,0.30144553324649304,0.0512952882891572,5.284148661359985,11.594193548387098,16.878342209747085,5.784166068643291,13.264578960621222,19.04874502926451,11.18,29.62,"[2, 17, 1]","[{""policy"": ""ambulance_existing"", ""target_id"": ""EMS003"", ""target_name"": ""병천119안전센터"", ""target_region_id"": ""REG012"", ""target_region_name"": ""병천면""}, {""policy"": ""ambulance_new_base"", ""target_id"": ""REG002"", ""target_name"": ""봉명동"", ""target_region_id"": ""REG002"", ""target_region_name"": ""봉명동""}, {""policy"": ""ambulance_existing"", ""target_id"": ""EMS002"", ""target_name"": ""독립119안전센터"", ""target_region_id"": ""REG017"", ""target_region_name"": ""목천읍""}]"
358,42,0.1073967992438256,0.1073967992438256,5.599677419354838,11.594193548387098,17.193870967741937,6.034316313600623,13.264578960621222,19.298895274221845,11.18,29.62,"[12, 5, 10]","[{""policy"": ""ambulance_existing"", ""target_id"": ""EMS013"", ""target_name"": ""성환119안전센터"", ""target_region_id"": ""REG030"", ""target_region_name"": ""성환읍""}, {""policy"": ""ambulance_existing"", ""target_id"": ""EMS006"", ""target_name"": ""청당119안전센터"", ""target_region_id"": ""REG009"", ""target_region_name"": ""청룡동""}, {""policy"": ""ambulance_existing"", ""target_id"": ""EMS011"", ""target_name"": ""서부119안전센터"", ""target_region_id"": ""REG023"", ""target_region_name"": ""성정1동""}]"
359,42,0.5448003245373236,0.0,5.088396080845728,11.102009947137324,16.190406027983055,5.760737854014302,12.993357095670223,18.75409494968452,11.18,29.62,"[46, 18, 30]","[{""policy"": ""hospital_upgrade"", ""target_id"": ""JDQ4MTYyMiM2MSMkMSMkMiMkOTkkMzgxMzUxIzIxIyQxIyQxIyQ3OSQyNjEyMjIjNDEjJDEjJDgjJDgz"", ""target_name"": ""우리척병원"", ""target_region_id"": null, ""target_region_name"": null}, {""policy"": ""ambulance_new_base"", ""target_id"": ""REG003"", ""target_name"": ""신방동"", ""target_region_id"": ""REG003"", ""target_region_name"": ""신방동""}, {""policy"": ""ambulance_new_base"", ""target_id"": ""REG025"", ""target_name"": ""쌍용1동"", ""target_region_id"": ""REG025"", ""target_region_name"": ""쌍용1동""}]"
360,42,0.6992737855154229,0.0222107429571171,5.599677419354838,10.591123688927318,16.190801108282155,6.034316313600623,12.587515918062918,18.62183223166354,11.18,29.62,"[10, 53, 51]","[{""policy"": ""ambulance_existing"", ""target_id"": ""EMS011"", ""target_name"": ""서부119안전센터"", ""target_region_id"": ""REG023"", ""target_region_name"": ""성정1동""}, {""policy"": ""hospital_upgrade"", ""target_id"": ""JDQ4MTYyMiM2MSMkMSMkMiMkOTkkMzgxMzUxIzIxIyQyIyQ1IyQwMCQyNjEwMDIjNDEjJDEjJDgjJDgz"", ""target_name"": ""이화병원"", ""target_region_id"": null, ""target_region_name"": null}, {""policy"": ""hospital_upgrade"", ""target_id"": ""JDQ4MTYyMiM2MSMkMSMkMiMkOTkkMzgxMzUxIzIxIyQxIyQxIyQwMyQyNjE4MzIjODEjJDEjJDIjJDgz"", ""target_name"": ""서울대정병원"", ""target_region_id"": null, ""target_region_name"": null}]"
361,42,0.8986706053963704,0.0348470509038332,5.249677419354838,11.101640188418845,16.35131760777368,5.442251364611085,12.992820355118223,18.435071719729308,11.18,29.62,"[24, 53, 2]","[{""policy"": ""ambulance_new_base"", ""target_id"": ""REG011"", ""target_name"": ""동면"", ""target_region_id"": ""REG011"", ""target_region_name"": ""동면""}, {""policy"": ""hospital_upgrade"", ""target_id"": ""JDQ4MTYyMiM2MSMkMSMkMiMkOTkkMzgxMzUxIzIxIyQyIyQ1IyQwMCQyNjEwMDIjNDEjJDEjJDgjJDgz"", ""target_name"": ""이화병원"", ""target_region_id"": null, ""target_region_name"": null}, {""policy"": ""ambulance_existing"", ""target_id"": ""EMS003"", ""target_name"": ""병천119안전센터"", ""target_region_id"": ""REG012"", ""target_region_name"": ""병천면""}]"
362,42,0.13786756484270263,0.0362225737006539,5.443235834934136,11.594193548387098,17.037429383321232,5.932671322458575,13.264578960621222,19.197250283079796,11.18,29.62,"[26, 0, 2]","[{""policy"": ""ambulance_new_base"", ""target_id"": ""REG018"", ""target_name"": ""백석동"", ""target_region_id"": ""REG018"", ""target_region_name"": ""백석동""}, {""policy"": ""ambulance_existing"", ""target_id"": ""EMS001"", ""target_name"": ""119구조구급센터119안전센터"", ""target_region_id"": ""REG006"", ""target_region_name"": ""원성2동""}, {""policy"": ""ambulance_existing"", ""target_id"": ""EMS003"", ""target_name"": ""병천119안전센터"", ""target_region_id"": ""REG012"", ""target_region_name"": ""병천면""}]"
363,42,0.6702363273241501,0.0356736742774606,5.599677419354838,10.764007041540722,16.363684460895563,6.034316313600623,12.630016307574536,18.664332621175156,11.18,29.62,"[12, 36, 34]","[{""policy"": ""ambulance_existing"", ""target_id"": ""EMS013"", ""target_name"": ""성환119안전센터"", ""target_region_id"": ""REG030"", ""target_region_name"": ""성환읍""}, {""policy"": ""hospital_upgrade"", ""target_id"": ""JDQ4MTYyMiM2MSMkMSMkMiMkOTkkMzgxMzUxIzIxIyQxIyQ1IyQ2MiQzNjE4MzIjODEjJDEjJDIjJDgz"", ""target_name"": ""돋움병원"", ""target_region_id"": null, ""target_region_name"": null}, {""policy"": ""hospital_upgrade"", ""target_id"": ""JDQ4MTYyMiM2MSMkMSMkMiMkOTkkMzgxMzUxIzExIyQyIyQ3IyQwMCQ0NjE0ODEjNjEjJDEjJDgjJDgz"", ""target_name"": ""천안우리병원"", ""target_region_id"": null, ""target_region_name"": null}]"
364,42,0.08524641815703402,0.08524641815703402,5.599677419354838,11.594193548387098,17.193870967741937,6.034316313600623,13.264578960621222,19.298895274221845,11.18,29.62,"[12, 13, 5]","[{""policy"": ""ambulance_existing"", ""target_id"": ""EMS013"", ""target_name"": ""성환119안전센터"", ""target_region_id"": ""REG030"", ""target_region_name"": ""성환읍""}, {""policy"": ""ambulance_existing"", ""target_id"": ""EMS014"", ""target_name"": ""쌍용119안전센터"", ""target_region_id"": ""REG026"", ""target_region_name"": ""쌍용2동""}, {""policy"": ""ambulance_existing"", ""target_id"": ""EMS006"", ""target_name"": ""청당119안전센터"", ""target_region_id"": ""REG009"", ""target_region_name"": ""청룡동""}]"
365,42,1.0347969081068484,0.0,5.30471554719749,10.639199850970995,15.943915398168484,5.64393497465041,12.620163391464589,18.264098366114997,11.18,29.62,"[16, 40, 53]","[{""policy"": ""ambulance_new_base"", ""target_id"": ""REG001"", ""target_name"": ""문성동"", ""target_region_id"": ""REG001"", ""target_region_name"": ""문성동""}, {""policy"": ""hospital_upgrade"", ""target_id"": ""JDQ4MTYyMiM2MSMkMSMkMiMkOTkkMzgxMzUxIzIxIyQxIyQ1IyQ4OSQyNjE4MzIjNTEjJDEjJDYjJDgz"", ""target_name"": ""아이본병원"", ""target_region_id"": null, ""target_region_name"": null}, {""policy"": ""hospital_upgrade"", ""target_id"": ""JDQ4MTYyMiM2MSMkMSMkMiMkOTkkMzgxMzUxIzIxIyQyIyQ1IyQwMCQyNjEwMDIjNDEjJDEjJDgjJDgz"", ""target_name"": ""이화병원"", ""target_region_id"": null, ""target_region_name"": null}]"
366,42,0.3309269660298503,0.0495123820092479,5.599677419354838,11.08357146481617,16.68324888417101,6.034316313600623,12.983164376600623,19.017480690201243,11.18,29.62,"[46, 53, 5]","[{""policy"": ""hospital_upgrade"", ""target_id"": ""JDQ4MTYyMiM2MSMkMSMkMiMkOTkkMzgxMzUxIzIxIyQxIyQxIyQ3OSQyNjEyMjIjNDEjJDEjJDgjJDgz"", ""target_name"": ""우리척병원"", ""target_region_id"": null, ""target_region_name"": null}, {""policy"": ""hospital_upgrade"", ""target_id"": ""JDQ4MTYyMiM2MSMkMSMkMiMkOTkkMzgxMzUxIzIxIyQyIyQ1IyQwMCQyNjEwMDIjNDEjJDEjJDgjJDgz"", ""target_name"": ""이화병원"", ""target_region_id"": null, ""target_region_name"": null}, {""policy"": ""ambulance_existing"", ""target_id"": ""EMS006"", ""target_name"": ""청당119안전센터"", ""target_region_id"": ""REG009"", ""target_region_name"": ""청룡동""}]"
367,42,0.687678893086602,0.0,5.084019293068449,11.08868306517315,16.1727023582416,5.776772674807963,12.834443706327281,18.611216381135243,11.18,29.62,"[50, 31, 18]","[{""policy"": ""hospital_upgrade"", ""target_id"": ""JDQ4MTYyMiM2MSMkMSMkMiMkOTkkMzgxMzUxIzIxIyQxIyQxIyQwMyQyNjE0ODEjNTEjJDEjJDYjJDgz"", ""target_name"": ""천안21세기병원"", ""target_region_id"": null, ""target_region_name"": null}, {""policy"": ""ambulance_new_base"", ""target_id"": ""REG027"", ""target_name"": ""쌍용3동"", ""target_region_id"": ""REG027"", ""target_region_name"": ""쌍용3동""}, {""policy"": ""ambulance_new_base"", ""target_id"": ""REG003"", ""target_name"": ""신방동"", ""target_region_id"": ""REG003"", ""target_region_name"": ""신방동""}]"
368,42,0.8187306942425503,0.0222105191482742,5.30471554719749,11.033865820568307,16.338581367765798,5.64393497465041,12.858440124477161,18.50237509912757,11.18,29.62,"[16, 49, 7]","[{""policy"": ""ambulance_new_base"", ""target_id"": ""REG001"", ""target_name"": ""문성동"", ""target_region_id"": ""REG001"", ""target_region_name"": ""문성동""}, {""policy"": ""hospital_upgrade"", ""target_id"": ""JDQ4MTYyMiM2MSMkMSMkMiMkOTkkMzgxMzUxIzIxIyQxIyQxIyQ5MiQyNjEwMDIjNjEjJDEjJDAjJDgz"", ""target_name"": ""두정이진병원"", ""target_region_id"": null, ""target_region_name"": null}, {""policy"": ""ambulance_existing"", ""target_id"": ""EMS008"", ""target_name"": ""119구조구급센터119안전센터"", ""target_region_id"": ""REG031"", ""target_region_name"": ""직산읍""}]"
369,42,0.8817699658055359,0.0495123820092479,5.232801978072861,11.013231528881516,16.246033506954376,5.567406178782148,12.899231511643416,18.466637690425557,11.18,29.62,"[22, 5, 44]","[{""policy"": ""ambulance_new_base"", ""target_id"": ""REG008"", ""target_name"": ""중앙동"", ""target_region_id"": ""REG008"", ""target_region_name"": ""중앙동""}, {""policy"": ""ambulance_existing"", ""target_id"": ""EMS006"", ""target_name"": ""청당119안전센터"", ""target_region_id"": ""REG009"", ""target_region_name"": ""청룡동""}, {""policy"": ""hospital_upgrade"", ""target_id"": ""JDQ4MTYyMiM2MSMkMSMkMiMkOTkkMzgxMzUxIzIxIyQxIyQxIyQ3MiQyNjE0ODEjNDEjJDEjJDgjJDgz"", ""target_name"": ""천안재활병원"", ""target_region_id"": null, ""target_region_name"": null}]"
370,42,0.5785638220713132,0.0,5.052558972478356,11.346236395124912,16.39879536760327,5.644201973836902,13.076129478313634,18.720331452150532,11.18,29.62,"[29, 32, 21]","[{""policy"": ""ambulance_new_base"", ""target_id"": ""REG021"", ""target_name"": ""불당1동"", ""target_region_id"": ""REG021"", ""target_region_name"": ""불당1동""}, {""policy"": ""hospital_upgrade"", ""target_id"": ""JDQ4MTYyMiM2MSMkMSMkMiMkOTkkMzgxMzUxIzExIyQxIyQ3IyQ4OSQzNjE0ODEjODEjJDEjJDYjJDgz"", ""target_name"": ""새로나병원"", ""target_region_id"": null, ""target_region_name"": null}, {""policy"": ""ambulance_new_base"", ""target_id"": ""REG007"", ""target_name"": ""일봉동"", ""target_region_id"": ""REG007"", ""target_region_name"": ""일봉동""}]"
371,42,0.5963731428786859,0.004308193889144106,5.249677419354838,11.594193548387098,16.843870967741935,5.442251364611085,13.264578960621222,18.706830325232303,11.18,29.62,"[13, 24, 4]","[{""policy"": ""ambulance_existing"", ""target_id"": ""EMS014"", ""target_name"": ""쌍용119안전센터"", ""target_region_id"": ""REG026"", ""target_region_name"": ""쌍용2동""}, {""policy"": ""ambulance_new_base"", ""target_id"": ""REG011"", ""target_name"": ""동면"", ""target_region_id"": ""REG011"", ""target_region_name"": ""동면""}, {""policy"": ""ambulance_existing"", ""target_id"": ""EMS005"", ""target_name"": ""성남지역대"", ""target_region_id"": ""REG014"", ""target_region_name"": ""성남면""}]"
372,42,0.7523924767496126,0.0,5.004341873713611,11.013231528881516,16.017573402595126,5.647271285828822,12.899231511643416,18.546502797472233,11.18,29.62,"[44, 31, 19]","[{""policy"": ""hospital_upgrade"", ""target_id"": ""JDQ4MTYyMiM2MSMkMSMkMiMkOTkkMzgxMzUxIzIxIyQxIyQxIyQ3MiQyNjE0ODEjNDEjJDEjJDgjJDgz"", ""target_name"": ""천안재활병원"", ""target_region_id"": null, ""target_region_name"": null}, {""policy"": ""ambulance_new_base"", ""target_id"": ""REG027"", ""target_name"": ""쌍용3동"", ""target_region_id"": ""REG027"", ""target_region_name"": ""쌍용3동""}, {""policy"": ""ambulance_new_base"", ""target_id"": ""REG004"", ""target_name"": ""신안동"", ""target_region_id"": ""REG004"", ""target_region_name"": ""신안동""}]"
373,42,0.8115982070893077,0.0343390146912308,5.599677419354838,10.511594984742585,16.111272404097424,6.034316313600623,12.487319768223147,18.521636081823768,11.18,29.62,"[38, 45, 15]","[{""policy"": ""hospital_upgrade"", ""target_id"": ""JDQ4MTYyMiM2MSMkMSMkMiMkOTkkMzgxMzUxIzIxIyQxIyQ1IyQ3OSQzNjE4MzIjODEjJDEjJDYjJDgz"", ""target_name"": ""앙즈로여성병원"", ""target_region_id"": null, ""target_region_name"": null}, {""policy"": ""hospital_upgrade"", ""target_id"": ""JDQ4MTYyMiM2MSMkMSMkMiMkOTkkMzgxMzUxIzIxIyQxIyQxIyQ3MiQzNjE4MzIjODEjJDEjJDYjJDgz"", ""target_name"": ""삼성스카이병원"", ""target_region_id"": null, ""target_region_name"": null}, {""policy"": ""ambulance_existing"", ""target_id"": ""EMS016"", ""target_name"": ""직산119안전센터"", ""target_region_id"": ""REG031"", ""target_region_name"": ""직산읍""}]"
374,42,0.7933534488691022,0.0495123820092479,5.30953667865867,10.92879511789891,16.23833179655758,5.817718036654236,12.737336170707753,18.55505420736199,11.18,29.62,"[41, 5, 21]","[{""policy"": ""hospital_upgrade"", ""target_id"": ""JDQ4MTYyMiM2MSMkMSMkMiMkOTkkMzgxMzUxIzIxIyQxIyQ1IyQ4OSQyNjEyMjIjNjEjJDEjJDQjJDgz"", ""target_name"": ""서울프라임병원"", ""target_region_id"": null, ""target_region_name"": null}, {""policy"": ""ambulance_existing"", ""target_id"": ""EMS006"", ""target_name"": ""청당119안전센터"", ""target_region_id"": ""REG009"", ""target_region_name"": ""청룡동""}, {""policy"": ""ambulance_new_base"", ""target_id"": ""REG007"", ""target_name"": ""일봉동"", ""target_region_id"": ""REG007"", ""target_region_name"": ""일봉동""}]"
375,42,0.24550727616854004,0.0570577938609503,5.599677419354838,11.346236395124912,16.94591381447975,6.034316313600623,13.076129478313634,19.110445791914255,11.18,29.62,"[10, 2, 32]","[{""policy"": ""ambulance_existing"", ""target_id"": ""EMS011"", ""target_name"": ""서부119안전센터"", ""target_region_id"": ""REG023"", ""target_region_name"": ""성정1동""}, {""policy"": ""ambulance_existing"", ""target_id"": ""EMS003"", ""target_name"": ""병천119안전센터"", ""target_region_id"": ""REG012"", ""target_region_name"": ""병천면""}, {""policy"": ""hospital_upgrade"", ""target_id"": ""JDQ4MTYyMiM2MSMkMSMkMiMkOTkkMzgxMzUxIzExIyQxIyQ3IyQ4OSQzNjE0ODEjODEjJDEjJDYjJDgz"", ""target_name"": ""새로나병원"", ""target_region_id"": null, ""target_region_name"": null}]"
376,42,0.46485302487767793,0.0663623312184512,5.599677419354838,10.998184134035316,16.59786155339016,6.034316313600623,12.866088266961999,18.90040458056262,11.18,29.62,"[12, 6, 48]","[{""policy"": ""ambulance_existing"", ""target_id"": ""EMS013"", ""target_name"": ""성환119안전센터"", ""target_region_id"": ""REG030"", ""target_region_name"": ""성환읍""}, {""policy"": ""ambulance_existing"", ""target_id"": ""EMS007"", ""target_name"": ""풍세119안전센터"", ""target_region_id"": ""REG016"", ""target_region_name"": ""풍세면""}, {""policy"": ""hospital_upgrade"", ""target_id"": ""JDQ4MTYyMiM2MSMkMSMkMiMkOTkkMzgxMzUxIzIxIyQxIyQxIyQ5MiQyNjE4MzIjNDEjJDEjJDgjJDgz"", ""target_name"": ""혜성산부인과병원"", ""target_region_id"": null, ""target_region_name"": null}]"
377,42,0.2364413699230528,0.054518864989134,5.389711263171298,11.594193548387098,16.983904811558396,5.852393808666708,13.264578960621222,19.116972769287926,11.18,29.62,"[20, 14, 9]","[{""policy"": ""ambulance_new_base"", ""target_id"": ""REG005"", ""target_name"": ""원성1동"", ""target_region_id"": ""REG005"", ""target_region_name"": ""원성1동""}, {""policy"": ""ambulance_existing"", ""target_id"": ""EMS015"", ""target_name"": ""입장119안전센터"", ""target_region_id"": ""REG028"", ""target_region_name"": ""입장면""}, {""policy"": ""ambulance_existing"", ""target_id"": ""EMS010"", ""target_name"": ""불당119안전센터"", ""target_region_id"": ""REG022"", ""target_region_name"": ""불당2동""}]"
378,42,0.7998842847100942,0.0461916173658476,5.232801978072861,11.302330291013508,16.535132269086372,5.567406178782148,12.977796428095454,18.5452026068776,11.18,29.62,"[34, 22, 9]","[{""policy"": ""hospital_upgrade"", ""target_id"": ""JDQ4MTYyMiM2MSMkMSMkMiMkOTkkMzgxMzUxIzExIyQyIyQ3IyQwMCQ0NjE0ODEjNjEjJDEjJDgjJDgz"", ""target_name"": ""천안우리병원"", ""target_region_id"": null, ""target_region_name"": null}, {""policy"": ""ambulance_new_base"", ""target_id"": ""REG008"", ""target_name"": ""중앙동"", ""target_region_id"": ""REG008"", ""target_region_name"": ""중앙동""}, {""policy"": ""ambulance_existing"", ""target_id"": ""EMS010"", ""target_name"": ""불당119안전센터"", ""target_region_id"": ""REG022"", ""target_region_name"": ""불당2동""}]"
379,42,0.5575191283614567,0.08186529164330819,5.599677419354838,10.975591027317092,16.57526844667193,6.034316313600623,12.788925123903075,18.823241437503697,11.18,29.62,"[12, 9, 47]","[{""policy"": ""ambulance_existing"", ""target_id"": ""EMS013"", ""target_name"": ""성환119안전센터"", ""target_region_id"": ""REG030"", ""target_region_name"": ""성환읍""}, {""policy"": ""ambulance_existing"", ""target_id"": ""EMS010"", ""target_name"": ""불당119안전센터"", ""target_region_id"": ""REG022"", ""target_region_name"": ""불당2동""}, {""policy"": ""hospital_upgrade"", ""target_id"": ""JDQ4MTYyMiM2MSMkMSMkMiMkOTkkMzgxMzUxIzIxIyQxIyQxIyQ4OSQ0NjE0ODEjODEjJDEjJDIjJDgz"", ""target_name"": ""서울우리병원"", ""target_region_id"": null, ""target_region_name"": null}]"
380,42,0.8535385600755134,0.0,5.265170274394114,10.710791036294092,15.97596131068821,5.8270612018601655,12.618295512286169,18.44535671414633,11.18,29.62,"[30, 44, 47]","[{""policy"": ""ambulance_new_base"", ""target_id"": ""REG025"", ""target_name"": ""쌍용1동"", ""target_region_id"": ""REG025"", ""target_region_name"": ""쌍용1동""}, {""policy"": ""hospital_upgrade"", ""target_id"": ""JDQ4MTYyMiM2MSMkMSMkMiMkOTkkMzgxMzUxIzIxIyQxIyQxIyQ3MiQyNjE0ODEjNDEjJDEjJDgjJDgz"", ""target_name"": ""천안재활병원"", ""target_region_id"": null, ""target_region_name"": null}, {""policy"": ""hospital_upgrade"", ""target_id"": ""JDQ4MTYyMiM2MSMkMSMkMiMkOTkkMzgxMzUxIzIxIyQxIyQxIyQ4OSQ0NjE0ODEjODEjJDEjJDIjJDgz"", ""target_name"": ""서울우리병원"", ""target_region_id"": null, ""target_region_name"": null}]"
381,42,1.0386158105276948,0.0,5.098064516129032,10.856635269370763,15.954699785499793,5.561278388784196,12.699001074909956,18.26027946369415,11.18,29.62,"[28, 38, 27]","[{""policy"": ""ambulance_new_base"", ""target_id"": ""REG020"", ""target_name"": ""부성2동"", ""target_region_id"": ""REG020"", ""target_region_name"": ""부성2동""}, {""policy"": ""hospital_upgrade"", ""target_id"": ""JDQ4MTYyMiM2MSMkMSMkMiMkOTkkMzgxMzUxIzIxIyQxIyQ1IyQ3OSQzNjE4MzIjODEjJDEjJDYjJDgz"", ""target_name"": ""앙즈로여성병원"", ""target_region_id"": null, ""target_region_name"": null}, {""policy"": ""ambulance_new_base"", ""target_id"": ""REG019"", ""target_name"": ""부성1동"", ""target_region_id"": ""REG019"", ""target_region_name"": ""부성1동""}]"
382,42,0.0702009252051726,0.0702009252051726,5.599677419354838,11.594193548387098,17.193870967741937,6.034316313600623,13.264578960621222,19.298895274221845,11.18,29.62,"[8, 15, 12]","[{""policy"": ""ambulance_existing"", ""target_id"": ""EMS009"", ""target_name"": ""두정119안전센터"", ""target_region_id"": ""REG024"", ""target_region_name"": ""성정2동""}, {""policy"": ""ambulance_existing"", ""target_id"": ""EMS016"", ""target_name"": ""직산119안전센터"", ""target_region_id"": ""REG031"", ""target_region_name"": ""직산읍""}, {""policy"": ""ambulance_existing"", ""target_id"": ""EMS013"", ""target_name"": ""성환119안전센터"", ""target_region_id"": ""REG030"", ""target_region_name"": ""성환읍""}]"
383,42,0.4816185796092306,0.0059647428910822005,5.599677419354838,10.975591027317092,16.57526844667193,6.034316313600623,12.788925123903075,18.823241437503697,11.18,29.62,"[47, 3, 0]","[{""policy"": ""hospital_upgrade"", ""target_id"": ""JDQ4MTYyMiM2MSMkMSMkMiMkOTkkMzgxMzUxIzIxIyQxIyQxIyQ4OSQ0NjE0ODEjODEjJDEjJDIjJDgz"", ""target_name"": ""서울우리병원"", ""target_region_id"": null, ""target_region_name"": null}, {""policy"": ""ambulance_existing"", ""target_id"": ""EMS004"", ""target_name"": ""북면지역대"", ""target_region_id"": ""REG013"", ""target_region_name"": ""북면""}, {""policy"": ""ambulance_existing"", ""target_id"": ""EMS001"", ""target_name"": ""119구조구급센터119안전센터"", ""target_region_id"": ""REG006"", ""target_region_name"": ""원성2동""}]"
384,42,0.38173084426833415,0.0083272476232864,5.443235834934136,11.101640188418845,16.54487602335298,5.932671322458575,12.992820355118223,18.925491677576797,11.18,29.62,"[26, 53, 14]","[{""policy"": ""ambulance_new_base"", ""target_id"": ""REG018"", ""target_name"": ""백석동"", ""target_region_id"": ""REG018"", ""target_region_name"": ""백석동""}, {""policy"": ""hospital_upgrade"", ""target_id"": ""JDQ4MTYyMiM2MSMkMSMkMiMkOTkkMzgxMzUxIzIxIyQyIyQ1IyQwMCQyNjEwMDIjNDEjJDEjJDgjJDgz"", ""target_name"": ""이화병원"", ""target_region_id"": null, ""target_region_name"": null}, {""policy"": ""ambulance_existing"", ""target_id"": ""EMS015"", ""target_name"": ""입장119안전센터"", ""target_region_id"": ""REG028"", ""target_region_name"": ""입장면""}]"
385,42,0.8351233282360333,0.0,5.15269039471835,11.013231528881516,16.165921923599864,5.564540434342401,12.899231511643416,18.463771945985812,11.18,29.62,"[44, 20, 28]","[{""policy"": ""hospital_upgrade"", ""target_id"": ""JDQ4MTYyMiM2MSMkMSMkMiMkOTkkMzgxMzUxIzIxIyQxIyQxIyQ3MiQyNjE0ODEjNDEjJDEjJDgjJDgz"", ""target_name"": ""천안재활병원"", ""target_region_id"": null, ""target_region_name"": null}, {""policy"": ""ambulance_new_base"", ""target_id"": ""REG005"", ""target_name"": ""원성1동"", ""target_region_id"": ""REG005"", ""target_region_name"": ""원성1동""}, {""policy"": ""ambulance_new_base"", ""target_id"": ""REG020"", ""target_name"": ""부성2동"", ""target_region_id"": ""REG020"", ""target_region_name"": ""부성2동""}]"
386,42,0.49827199926899596,0.0306886569409906,5.3432258064516125,11.101640188418845,16.444865994870458,5.838491576775618,12.992820355118223,18.83131193189384,11.18,29.62,"[53, 19, 6]","[{""policy"": ""hospital_upgrade"", ""target_id"": ""JDQ4MTYyMiM2MSMkMSMkMiMkOTkkMzgxMzUxIzIxIyQyIyQ1IyQwMCQyNjEwMDIjNDEjJDEjJDgjJDgz"", ""target_name"": ""이화병원"", ""target_region_id"": null, ""target_region_name"": null}, {""policy"": ""ambulance_new_base"", ""target_id"": ""REG004"", ""target_name"": ""신안동"", ""target_region_id"": ""REG004"", ""target_region_name"": ""신안동""}, {""policy"": ""ambulance_existing"", ""target_id"": ""EMS007"", ""target_name"": ""풍세119안전센터"", ""target_region_id"": ""REG016"", ""target_region_name"": ""풍세면""}]"
387,42,0.8841935812311155,0.0042478320188186,5.239032258064516,11.138559464269987,16.377591722334504,5.438138036909479,12.980811488100068,18.41894952500955,10.85,29.62,"[25, 4, 45]","[{""policy"": ""ambulance_new_base"", ""target_id"": ""REG015"", ""target_name"": ""수신면"", ""target_region_id"": ""REG015"", ""target_region_name"": ""수신면""}, {""policy"": ""ambulance_existing"", ""target_id"": ""EMS005"", ""target_name"": ""성남지역대"", ""target_region_id"": ""REG014"", ""target_region_name"": ""성남면""}, {""policy"": ""hospital_upgrade"", ""target_id"": ""JDQ4MTYyMiM2MSMkMSMkMiMkOTkkMzgxMzUxIzIxIyQxIyQxIyQ3MiQzNjE4MzIjODEjJDEjJDYjJDgz"", ""target_name"": ""삼성스카이병원"", ""target_region_id"": null, ""target_region_name"": null}]"
388,42,0.3695290358788258,0.0001882362364812,5.086248100271297,11.594193548387098,16.680441648658395,5.664975513958283,13.264578960621222,18.9295544745795,11.18,29.62,"[19, 8, 29]","[{""policy"": ""ambulance_new_base"", ""target_id"": ""REG004"", ""target_name"": ""신안동"", ""target_region_id"": ""REG004"", ""target_region_name"": ""신안동""}, {""policy"": ""ambulance_existing"", ""target_id"": ""EMS009"", ""target_name"": ""두정119안전센터"", ""target_region_id"": ""REG024"", ""target_region_name"": ""성정2동""}, {""policy"": ""ambulance_new_base"", ""target_id"": ""REG021"", ""target_name"": ""불당1동"", ""target_region_id"": ""REG021"", ""target_region_name"": ""불당1동""}]"
389,42,0.4759024348249551,0.0002485981068067056,5.599677419354838,10.975591027317092,16.57526844667193,6.034316313600623,12.788925123903075,18.823241437503697,11.18,29.62,"[13, 47, 8]","[{""policy"": ""ambulance_existing"", ""target_id"": ""EMS014"", ""target_name"": ""쌍용119안전센터"", ""target_region_id"": ""REG026"", ""target_region_name"": ""쌍용2동""}, {""policy"": ""hospital_upgrade"", ""target_id"": ""JDQ4MTYyMiM2MSMkMSMkMiMkOTkkMzgxMzUxIzIxIyQxIyQxIyQ4OSQ0NjE0ODEjODEjJDEjJDIjJDgz"", ""target_name"": ""서울우리병원"", ""target_region_id"": null, ""target_region_name"": null}, {""policy"": ""ambulance_existing"", ""target_id"": ""EMS009"", ""target_name"": ""두정119안전센터"", ""target_region_id"": ""REG024"", ""target_region_name"": ""성정2동""}]"
390,42,0.43701572932154165,0.0308768931774718,5.599677419354838,11.033865820568307,16.633543239923146,6.034316313600623,12.858440124477161,18.892756438077775,11.18,29.62,"[8, 49, 6]","[{""policy"": ""ambulance_existing"", ""target_id"": ""EMS009"", ""target_name"": ""두정119안전센터"", ""target_region_id"": ""REG024"", ""target_region_name"": ""성정2동""}, {""policy"": ""hospital_upgrade"", ""target_id"": ""JDQ4MTYyMiM2MSMkMSMkMiMkOTkkMzgxMzUxIzIxIyQxIyQxIyQ5MiQyNjEwMDIjNjEjJDEjJDAjJDgz"", ""target_name"": ""두정이진병원"", ""target_region_id"": null, ""target_region_name"": null}, {""policy"": ""ambulance_existing"", ""target_id"": ""EMS007"", ""target_name"": ""풍세119안전센터"", ""target_region_id"": ""REG016"", ""target_region_name"": ""풍세면""}]"
391,42,0.668692539119996,0.0045892200942615,5.599677419354838,10.727633874054908,16.327311293409746,6.034316313600623,12.600475641595489,18.63479195519611,11.18,29.62,"[47, 3, 32]","[{""policy"": ""hospital_upgrade"", ""target_id"": ""JDQ4MTYyMiM2MSMkMSMkMiMkOTkkMzgxMzUxIzIxIyQxIyQxIyQ4OSQ0NjE0ODEjODEjJDEjJDIjJDgz"", ""target_name"": ""서울우리병원"", ""target_region_id"": null, ""target_region_name"": null}, {""policy"": ""ambulance_existing"", ""target_id"": ""EMS004"", ""target_name"": ""북면지역대"", ""target_region_id"": ""REG013"", ""target_region_name"": ""북면""}, {""policy"": ""hospital_upgrade"", ""target_id"": ""JDQ4MTYyMiM2MSMkMSMkMiMkOTkkMzgxMzUxIzExIyQxIyQ3IyQ4OSQzNjE0ODEjODEjJDEjJDYjJDgz"", ""target_name"": ""새로나병원"", ""target_region_id"": null, ""target_region_name"": null}]"
392,42,0.7415344847612211,0.0,5.15269039471835,11.101640188418845,16.254330583137193,5.564540434342401,12.992820355118223,18.557360789460624,11.18,29.62,"[53, 20, 28]","[{""policy"": ""hospital_upgrade"", ""target_id"": ""JDQ4MTYyMiM2MSMkMSMkMiMkOTkkMzgxMzUxIzIxIyQyIyQ1IyQwMCQyNjEwMDIjNDEjJDEjJDgjJDgz"", ""target_name"": ""이화병원"", ""target_region_id"": null, ""target_region_name"": null}, {""policy"": ""ambulance_new_base"", ""target_id"": ""REG005"", ""target_name"": ""원성1동"", ""target_region_id"": ""REG005"", ""target_region_name"": ""원성1동""}, {""policy"": ""ambulance_new_base"", ""target_id"": ""REG020"", ""target_name"": ""부성2동"", ""target_region_id"": ""REG020"", ""target_region_name"": ""부성2동""}]"
393,42,0.6377904180103331,0.0222105191482742,5.599677419354838,10.790712324077521,16.390389743432358,6.034316313600623,12.648999061759165,18.683315375359786,11.18,29.62,"[43, 52, 7]","[{""policy"": ""hospital_upgrade"", ""target_id"": ""JDQ4MTYyMiM2MSMkMSMkMiMkOTkkMzgxMzUxIzIxIyQxIyQxIyQ2MiQ0NjE0ODEjNDEjJDEjJDQjJDgz"", ""target_name"": ""연세나무병원"", ""target_region_id"": null, ""target_region_name"": null}, {""policy"": ""hospital_upgrade"", ""target_id"": ""JDQ4MTYyMiM2MSMkMSMkMiMkOTkkMzgxMzUxIzIxIyQxIyQxIyQxMyQyNjEyMjIjNzEjJDEjJDgjJDgz"", ""target_name"": ""SG삼성조은병원"", ""target_region_id"": null, ""target_region_name"": null}, {""policy"": ""ambulance_existing"", ""target_id"": ""EMS008"", ""target_name"": ""119구조구급센터119안전센터"", ""target_region_id"": ""REG031"", ""target_region_name"": ""직산읍""}]"
394,42,1.3575808992274183,0.0,4.982580645161289,10.856635269370763,15.839215914532053,5.242313300084474,12.699001074909956,17.941314374994427,10.85,29.62,"[19, 38, 25]","[{""policy"": ""ambulance_new_base"", ""target_id"": ""REG004"", ""target_name"": ""신안동"", ""target_region_id"": ""REG004"", ""target_region_name"": ""신안동""}, {""policy"": ""hospital_upgrade"", ""target_id"": ""JDQ4MTYyMiM2MSMkMSMkMiMkOTkkMzgxMzUxIzIxIyQxIyQ1IyQ3OSQzNjE4MzIjODEjJDEjJDYjJDgz"", ""target_name"": ""앙즈로여성병원"", ""target_region_id"": null, ""target_region_name"": null}, {""policy"": ""ambulance_new_base"", ""target_id"": ""REG015"", ""target_name"": ""수신면"", ""target_region_id"": ""REG015"", ""target_region_name"": ""수신면""}]"
395,42,0.9660093566487653,0.0,5.599677419354838,10.217566686481662,15.817244105836501,6.034316313600623,12.29856960397246,18.33288591757308,11.18,29.62,"[43, 36, 48]","[{""policy"": ""hospital_upgrade"", ""target_id"": ""JDQ4MTYyMiM2MSMkMSMkMiMkOTkkMzgxMzUxIzIxIyQxIyQxIyQ2MiQ0NjE0ODEjNDEjJDEjJDQjJDgz"", ""target_name"": ""연세나무병원"", ""target_region_id"": null, ""target_region_name"": null}, {""policy"": ""hospital_upgrade"", ""target_id"": ""JDQ4MTYyMiM2MSMkMSMkMiMkOTkkMzgxMzUxIzIxIyQxIyQ1IyQ2MiQzNjE4MzIjODEjJDEjJDIjJDgz"", ""target_name"": ""돋움병원"", ""target_region_id"": null, ""target_region_name"": null}, {""policy"": ""hospital_upgrade"", ""target_id"": ""JDQ4MTYyMiM2MSMkMSMkMiMkOTkkMzgxMzUxIzIxIyQxIyQxIyQ5MiQyNjE4MzIjNDEjJDEjJDgjJDgz"", ""target_name"": ""혜성산부인과병원"", ""target_region_id"": null, ""target_region_name"": null}]"
396,42,0.507309234893766,0.0348470509038332,5.422903225806452,11.033865820568307,16.45676904637476,5.967992965754759,12.858440124477161,18.826433090231912,11.18,29.62,"[18, 49, 2]","[{""policy"": ""ambulance_new_base"", ""target_id"": ""REG003"", ""target_name"": ""신방동"", ""target_region_id"": ""REG003"", ""target_region_name"": ""신방동""}, {""policy"": ""hospital_upgrade"", ""target_id"": ""JDQ4MTYyMiM2MSMkMSMkMiMkOTkkMzgxMzUxIzIxIyQxIyQxIyQ5MiQyNjEwMDIjNjEjJDEjJDAjJDgz"", ""target_name"": ""두정이진병원"", ""target_region_id"": null, ""target_region_name"": null}, {""policy"": ""ambulance_existing"", ""target_id"": ""EMS003"", ""target_name"": ""병천119안전센터"", ""target_region_id"": ""REG012"", ""target_region_name"": ""병천면""}]"
397,42,0.5770606627735351,0.0348470509038332,5.599677419354838,10.84614348870792,16.445820908062757,6.034316313600623,12.722365348751524,18.756681662352143,11.18,29.62,"[34, 33, 2]","[{""policy"": ""hospital_upgrade"", ""target_id"": ""JDQ4MTYyMiM2MSMkMSMkMiMkOTkkMzgxMzUxIzExIyQyIyQ3IyQwMCQ0NjE0ODEjNjEjJDEjJDgjJDgz"", ""target_name"": ""천안우리병원"", ""target_region_id"": null, ""target_region_name"": null}, {""policy"": ""hospital_upgrade"", ""target_id"": ""JDQ4MTYyMiM2MSMkMSMkMiMkOTkkMzgxMzUxIzExIyQxIyQ3IyQ5OSQ0NjE0ODEjODEjJDEjJDYjJDgz"", ""target_name"": ""예일병원"", ""target_region_id"": null, ""target_region_name"": null}, {""policy"": ""ambulance_existing"", ""target_id"": ""EMS003"", ""target_name"": ""병천119안전센터"", ""target_region_id"": ""REG012"", ""target_region_name"": ""병천면""}]"
398,42,0.6790727033374736,0.0097741241179697,5.599677419354838,10.736606512672083,16.336283932026923,6.034316313600623,12.59528038140172,18.62959669500234,11.18,29.62,"[11, 43, 41]","[{""policy"": ""ambulance_existing"", ""target_id"": ""EMS012"", ""target_name"": ""성거119안전센터"", ""target_region_id"": ""REG029"", ""target_region_name"": ""성거읍""}, {""policy"": ""hospital_upgrade"", ""target_id"": ""JDQ4MTYyMiM2MSMkMSMkMiMkOTkkMzgxMzUxIzIxIyQxIyQxIyQ2MiQ0NjE0ODEjNDEjJDEjJDQjJDgz"", ""target_name"": ""연세나무병원"", ""target_region_id"": null, ""target_region_name"": null}, {""policy"": ""hospital_upgrade"", ""target_id"": ""JDQ4MTYyMiM2MSMkMSMkMiMkOTkkMzgxMzUxIzIxIyQxIyQ1IyQ4OSQyNjEyMjIjNjEjJDEjJDQjJDgz"", ""target_name"": ""서울프라임병원"", ""target_region_id"": null, ""target_region_name"": null}]"
399,42,0.5399102831297287,0.0343390146912308,5.094516129032257,11.594193548387098,16.688709677419357,5.528745045162128,13.264578960621222,18.793324005783347,11.18,29.62,"[27, 15, 23]","[{""policy"": ""ambulance_new_base"", ""target_id"": ""REG019"", ""target_name"": ""부성1동"", ""target_region_id"": ""REG019"", ""target_region_name"": ""부성1동""}, {""policy"": ""ambulance_existing"", ""target_id"": ""EMS016"", ""target_name"": ""직산119안전센터"", ""target_region_id"": ""REG031"", ""target_region_name"": ""직산읍""}, {""policy"": ""ambulance_new_base"", ""target_id"": ""REG010"", ""target_name"": ""광덕면"", ""target_region_id"": ""REG010"", ""target_region_name"": ""광덕면""}]"
400,42,0.4466501911171579,0.0013755227968207,5.342699713174523,11.101640188418845,16.44433990159337,5.860800250783288,12.992820355118223,18.853620605901508,11.18,29.62,"[29, 53, 0]","[{""policy"": ""ambulance_new_base"", ""target_id"": ""REG021"", ""target_name"": ""불당1동"", ""target_region_id"": ""REG021"", ""target_region_name"": ""불당1동""}, {""policy"": ""hospital_upgrade"", ""target_id"": ""JDQ4MTYyMiM2MSMkMSMkMiMkOTkkMzgxMzUxIzIxIyQyIyQ1IyQwMCQyNjEwMDIjNDEjJDEjJDgjJDgz"", ""target_name"": ""이화병원"", ""target_region_id"": null, ""target_region_name"": null}, {""policy"": ""ambulance_existing"", ""target_id"": ""EMS001"", ""target_name"": ""119구조구급센터119안전센터"", ""target_region_id"": ""REG006"", ""target_region_name"": ""원성2동""}]"
401,42,0.5049549695618024,0.0045892200942615,5.30953667865867,11.138559464269987,16.44809614292866,5.817718036654236,12.980811488100068,18.798529524754304,11.18,29.62,"[45, 21, 3]","[{""policy"": ""hospital_upgrade"", ""target_id"": ""JDQ4MTYyMiM2MSMkMSMkMiMkOTkkMzgxMzUxIzIxIyQxIyQxIyQ3MiQzNjE4MzIjODEjJDEjJDYjJDgz"", ""target_name"": ""삼성스카이병원"", ""target_region_id"": null, ""target_region_name"": null}, {""policy"": ""ambulance_new_base"", ""target_id"": ""REG007"", ""target_name"": ""일봉동"", ""target_region_id"": ""REG007"", ""target_region_name"": ""일봉동""}, {""policy"": ""ambulance_existing"", ""target_id"": ""EMS004"", ""target_name"": ""북면지역대"", ""target_region_id"": ""REG013"", ""target_region_name"": ""북면""}]"
402,42,0.32354702281552605,0.0308768931774718,5.398709677419355,11.594193548387098,16.99290322580645,5.74164618396257,13.264578960621222,19.00622514458379,11.18,29.62,"[6, 23, 8]","[{""policy"": ""ambulance_existing"", ""target_id"": ""EMS007"", ""target_name"": ""풍세119안전센터"", ""target_region_id"": ""REG016"", ""target_region_name"": ""풍세면""}, {""policy"": ""ambulance_new_base"", ""target_id"": ""REG010"", ""target_name"": ""광덕면"", ""target_region_id"": ""REG010"", ""target_region_name"": ""광덕면""}, {""policy"": ""ambulance_existing"", ""target_id"": ""EMS009"", ""target_name"": ""두정119안전센터"", ""target_region_id"": ""REG024"", ""target_region_name"": ""성정2동""}]"
403,42,0.7782890178615413,0.0001882362364812,5.029066101880976,11.594193548387098,16.623259650268075,5.256215531975564,13.264578960621222,18.520794492596785,10.85,29.62,"[25, 20, 8]","[{""policy"": ""ambulance_new_base"", ""target_id"": ""REG015"", ""target_name"": ""수신면"", ""target_region_id"": ""REG015"", ""target_region_name"": ""수신면""}, {""policy"": ""ambulance_new_base"", ""target_id"": ""REG005"", ""target_name"": ""원성1동"", ""target_region_id"": ""REG005"", ""target_region_name"": ""원성1동""}, {""policy"": ""ambulance_existing"", ""target_id"": ""EMS009"", ""target_name"": ""두정119안전센터"", ""target_region_id"": ""REG024"", ""target_region_name"": ""성정2동""}]"
404,42,1.0421725668189623,0.0,5.0754263841150875,10.922183961670516,15.997610345785604,5.519509943360044,12.737212764042843,18.256722707402883,11.18,29.62,"[21, 16, 39]","[{""policy"": ""ambulance_new_base"", ""target_id"": ""REG007"", ""target_name"": ""일봉동"", ""target_region_id"": ""REG007"", ""target_region_name"": ""일봉동""}, {""policy"": ""ambulance_new_base"", ""target_id"": ""REG001"", ""target_name"": ""문성동"", ""target_region_id"": ""REG001"", ""target_region_name"": ""문성동""}, {""policy"": ""hospital_upgrade"", ""target_id"": ""JDQ4MTYyMiM2MSMkMSMkMiMkOTkkMzgxMzUxIzIxIyQxIyQ1IyQ4OSQ0NjEwMDIjNTEjJDEjJDIjJDgz"", ""target_name"": ""천안리턴병원"", ""target_region_id"": null, ""target_region_name"": null}]"
405,42,0.7115845971901573,0.0343390146912308,5.599677419354838,10.801329881249666,16.401007300604505,6.034316313600623,12.587333378122295,18.62164969172292,11.18,29.62,"[35, 15, 34]","[{""policy"": ""hospital_upgrade"", ""target_id"": ""JDQ4MTYyMiM2MSMkMSMkMiMkOTkkMzgxMzUxIzIxIyQxIyQ1IyQ2MiQ0NjE0ODEjNjEjJDEjJDgjJDgz"", ""target_name"": ""천안해울병원"", ""target_region_id"": null, ""target_region_name"": null}, {""policy"": ""ambulance_existing"", ""target_id"": ""EMS016"", ""target_name"": ""직산119안전센터"", ""target_region_id"": ""REG031"", ""target_region_name"": ""직산읍""}, {""policy"": ""hospital_upgrade"", ""target_id"": ""JDQ4MTYyMiM2MSMkMSMkMiMkOTkkMzgxMzUxIzExIyQyIyQ3IyQwMCQ0NjE0ODEjNjEjJDEjJDgjJDgz"", ""target_name"": ""천안우리병원"", ""target_region_id"": null, ""target_region_name"": null}]"
406,42,1.3490319338763328,0.0,5.249677419354838,10.600289915441797,15.849967334796634,5.442251364611085,12.507611975734429,17.949863340345512,11.18,29.62,"[51, 24, 32]","[{""policy"": ""hospital_upgrade"", ""target_id"": ""JDQ4MTYyMiM2MSMkMSMkMiMkOTkkMzgxMzUxIzIxIyQxIyQxIyQwMyQyNjE4MzIjODEjJDEjJDIjJDgz"", ""target_name"": ""서울대정병원"", ""target_region_id"": null, ""target_region_name"": null}, {""policy"": ""ambulance_new_base"", ""target_id"": ""REG011"", ""target_name"": ""동면"", ""target_region_id"": ""REG011"", ""target_region_name"": ""동면""}, {""policy"": ""hospital_upgrade"", ""target_id"": ""JDQ4MTYyMiM2MSMkMSMkMiMkOTkkMzgxMzUxIzExIyQxIyQ3IyQ4OSQzNjE0ODEjODEjJDEjJDYjJDgz"", ""target_name"": ""새로나병원"", ""target_region_id"": null, ""target_region_name"": null}]"
407,42,0.33829282370897656,0.0504394493846662,5.36265655090189,11.594193548387098,16.956850099288985,5.746462939276316,13.264578960621222,19.011041899897535,11.18,29.62,"[28, 9, 4]","[{""policy"": ""ambulance_new_base"", ""target_id"": ""REG020"", ""target_name"": ""부성2동"", ""target_region_id"": ""REG020"", ""target_region_name"": ""부성2동""}, {""policy"": ""ambulance_existing"", ""target_id"": ""EMS010"", ""target_name"": ""불당119안전센터"", ""target_region_id"": ""REG022"", ""target_region_name"": ""불당2동""}, {""policy"": ""ambulance_existing"", ""target_id"": ""EMS005"", ""target_name"": ""성남지역대"", ""target_region_id"": ""REG014"", ""target_region_name"": ""성남면""}]"
408,42,0.8003412018033114,0.0348470509038332,5.265170274394114,10.860143321295778,16.125313595689892,5.8270612018601655,12.706339921462204,18.533401123322367,11.18,29.62,"[30, 43, 2]","[{""policy"": ""ambulance_new_base"", ""target_id"": ""REG025"", ""target_name"": ""쌍용1동"", ""target_region_id"": ""REG025"", ""target_region_name"": ""쌍용1동""}, {""policy"": ""hospital_upgrade"", ""target_id"": ""JDQ4MTYyMiM2MSMkMSMkMiMkOTkkMzgxMzUxIzIxIyQxIyQxIyQ2MiQ0NjE0ODEjNDEjJDEjJDQjJDgz"", ""target_name"": ""연세나무병원"", ""target_region_id"": null, ""target_region_name"": null}, {""policy"": ""ambulance_existing"", ""target_id"": ""EMS003"", ""target_name"": ""병천119안전센터"", ""target_region_id"": ""REG012"", ""target_region_name"": ""병천면""}]"
409,42,0.7053523828490855,0.0343390146912308,5.599677419354838,10.739862216285955,16.339539635640797,6.034316313600623,12.59356559246337,18.62788190606399,11.18,29.62,"[47, 15, 40]","[{""policy"": ""hospital_upgrade"", ""target_id"": ""JDQ4MTYyMiM2MSMkMSMkMiMkOTkkMzgxMzUxIzIxIyQxIyQxIyQ4OSQ0NjE0ODEjODEjJDEjJDIjJDgz"", ""target_name"": ""서울우리병원"", ""target_region_id"": null, ""target_region_name"": null}, {""policy"": ""ambulance_existing"", ""target_id"": ""EMS016"", ""target_name"": ""직산119안전센터"", ""target_region_id"": ""REG031"", ""target_region_name"": ""직산읍""}, {""policy"": ""hospital_upgrade"", ""target_id"": ""JDQ4MTYyMiM2MSMkMSMkMiMkOTkkMzgxMzUxIzIxIyQxIyQ1IyQ4OSQyNjE4MzIjNTEjJDEjJDYjJDgz"", ""target_name"": ""아이본병원"", ""target_region_id"": null, ""target_region_name"": null}]"
410,42,1.4484358258930499,0.0,5.012656550901889,10.848247068703982,15.86090361960587,5.154397990286778,12.696061458042019,17.850459448328795,11.18,29.62,"[51, 24, 28]","[{""policy"": ""hospital_upgrade"", ""target_id"": ""JDQ4MTYyMiM2MSMkMSMkMiMkOTkkMzgxMzUxIzIxIyQxIyQxIyQwMyQyNjE4MzIjODEjJDEjJDIjJDgz"", ""target_name"": ""서울대정병원"", ""target_region_id"": null, ""target_region_name"": null}, {""policy"": ""ambulance_new_base"", ""target_id"": ""REG011"", ""target_name"": ""동면"", ""target_region_id"": ""REG011"", ""target_region_name"": ""동면""}, {""policy"": ""ambulance_new_base"", ""target_id"": ""REG020"", ""target_name"": ""부성2동"", ""target_region_id"": ""REG020"", ""target_region_name"": ""부성2동""}]"
411,42,0.5863943120117008,0.0001882362364812,5.048263934294263,11.594193548387098,16.642457482681362,5.4481102378254045,13.264578960621222,18.712689198446625,11.18,29.62,"[8, 16, 19]","[{""policy"": ""ambulance_existing"", ""target_id"": ""EMS009"", ""target_name"": ""두정119안전센터"", ""target_region_id"": ""REG024"", ""target_region_name"": ""성정2동""}, {""policy"": ""ambulance_new_base"", ""target_id"": ""REG001"", ""target_name"": ""문성동"", ""target_region_id"": ""REG001"", ""target_region_name"": ""문성동""}, {""policy"": ""ambulance_new_base"", ""target_id"": ""REG004"", ""target_name"": ""신안동"", ""target_region_id"": ""REG004"", ""target_region_name"": ""신안동""}]"
412,42,0.8815351151691786,0.0,5.3432258064516125,10.708886647931475,16.052112454383085,5.838491576775618,12.578868582277051,18.417360159052667,11.18,29.62,"[39, 19, 38]","[{""policy"": ""hospital_upgrade"", ""target_id"": ""JDQ4MTYyMiM2MSMkMSMkMiMkOTkkMzgxMzUxIzIxIyQxIyQ1IyQ4OSQ0NjEwMDIjNTEjJDEjJDIjJDgz"", ""target_name"": ""천안리턴병원"", ""target_region_id"": null, ""target_region_name"": null}, {""policy"": ""ambulance_new_base"", ""target_id"": ""REG004"", ""target_name"": ""신안동"", ""target_region_id"": ""REG004"", ""target_region_name"": ""신안동""}, {""policy"": ""hospital_upgrade"", ""target_id"": ""JDQ4MTYyMiM2MSMkMSMkMiMkOTkkMzgxMzUxIzIxIyQxIyQ1IyQ3OSQzNjE4MzIjODEjJDEjJDYjJDgz"", ""target_name"": ""앙즈로여성병원"", ""target_region_id"": null, ""target_region_name"": null}]"
413,42,0.44492616400481794,0.0001882362364812,5.342699713174523,11.102009947137324,16.44470966031185,5.860800250783288,12.993357095670223,18.85415734645351,11.18,29.62,"[46, 29, 8]","[{""policy"": ""hospital_upgrade"", ""target_id"": ""JDQ4MTYyMiM2MSMkMSMkMiMkOTkkMzgxMzUxIzIxIyQxIyQxIyQ3OSQyNjEyMjIjNDEjJDEjJDgjJDgz"", ""target_name"": ""우리척병원"", ""target_region_id"": null, ""target_region_name"": null}, {""policy"": ""ambulance_new_base"", ""target_id"": ""REG021"", ""target_name"": ""불당1동"", ""target_region_id"": ""REG021"", ""target_region_name"": ""불당1동""}, {""policy"": ""ambulance_existing"", ""target_id"": ""EMS009"", ""target_name"": ""두정119안전센터"", ""target_region_id"": ""REG024"", ""target_region_name"": ""성정2동""}]"
414,42,0.8915610980438728,0.0,5.443235834934136,10.512908476465734,15.956144311399873,5.932671322458575,12.474662853719401,18.407334176177972,11.18,29.62,"[38, 48, 26]","[{""policy"": ""hospital_upgrade"", ""target_id"": ""JDQ4MTYyMiM2MSMkMSMkMiMkOTkkMzgxMzUxIzIxIyQxIyQ1IyQ3OSQzNjE4MzIjODEjJDEjJDYjJDgz"", ""target_name"": ""앙즈로여성병원"", ""target_region_id"": null, ""target_region_name"": null}, {""policy"": ""hospital_upgrade"", ""target_id"": ""JDQ4MTYyMiM2MSMkMSMkMiMkOTkkMzgxMzUxIzIxIyQxIyQxIyQ5MiQyNjE4MzIjNDEjJDEjJDgjJDgz"", ""target_name"": ""혜성산부인과병원"", ""target_region_id"": null, ""target_region_name"": null}, {""policy"": ""ambulance_new_base"", ""target_id"": ""REG018"", ""target_name"": ""백석동"", ""target_region_id"": ""REG018"", ""target_region_name"": ""백석동""}]"
415,42,0.5495724268380062,0.0461916173658476,5.30953667865867,11.302330291013508,16.611866969672178,5.817718036654236,12.977796428095454,18.795514464749687,11.18,29.62,"[9, 21, 34]","[{""policy"": ""ambulance_existing"", ""target_id"": ""EMS010"", ""target_name"": ""불당119안전센터"", ""target_region_id"": ""REG022"", ""target_region_name"": ""불당2동""}, {""policy"": ""ambulance_new_base"", ""target_id"": ""REG007"", ""target_name"": ""일봉동"", ""target_region_id"": ""REG007"", ""target_region_name"": ""일봉동""}, {""policy"": ""hospital_upgrade"", ""target_id"": ""JDQ4MTYyMiM2MSMkMSMkMiMkOTkkMzgxMzUxIzExIyQyIyQ3IyQwMCQ0NjE0ODEjNjEjJDEjJDgjJDgz"", ""target_name"": ""천안우리병원"", ""target_region_id"": null, ""target_region_name"": null}]"
416,42,1.1013333555739813,0.0,4.758568936723187,11.594193548387098,16.352762485110283,4.932982958026646,13.264578960621222,18.197561918647864,11.18,29.62,"[24, 23, 21]","[{""policy"": ""ambulance_new_base"", ""target_id"": ""REG011"", ""target_name"": ""동면"", ""target_region_id"": ""REG011"", ""target_region_name"": ""동면""}, {""policy"": ""ambulance_new_base"", ""target_id"": ""REG010"", ""target_name"": ""광덕면"", ""target_region_id"": ""REG010"", ""target_region_name"": ""광덕면""}, {""policy"": ""ambulance_new_base"", ""target_id"": ""REG007"", ""target_name"": ""일봉동"", ""target_region_id"": ""REG007"", ""target_region_name"": ""일봉동""}]"
417,42,0.8126371161351704,0.0042478320188186,5.284148661359985,10.860143321295778,16.144291982655766,5.784166068643291,12.706339921462204,18.490505990105493,11.18,29.62,"[4, 43, 17]","[{""policy"": ""ambulance_existing"", ""target_id"": ""EMS005"", ""target_name"": ""성남지역대"", ""target_region_id"": ""REG014"", ""target_region_name"": ""성남면""}, {""policy"": ""hospital_upgrade"", ""target_id"": ""JDQ4MTYyMiM2MSMkMSMkMiMkOTkkMzgxMzUxIzIxIyQxIyQxIyQ2MiQ0NjE0ODEjNDEjJDEjJDQjJDgz"", ""target_name"": ""연세나무병원"", ""target_region_id"": null, ""target_region_name"": null}, {""policy"": ""ambulance_new_base"", ""target_id"": ""REG002"", ""target_name"": ""봉명동"", ""target_region_id"": ""REG002"", ""target_region_name"": ""봉명동""}]"
418,42,1.1725133538698067,0.0,5.599677419354838,10.17244115381766,15.772118573172499,6.034316313600623,12.092065606751417,18.12638192035204,11.18,29.62,"[38, 35, 34]","[{""policy"": ""hospital_upgrade"", ""target_id"": ""JDQ4MTYyMiM2MSMkMSMkMiMkOTkkMzgxMzUxIzIxIyQxIyQ1IyQ3OSQzNjE4MzIjODEjJDEjJDYjJDgz"", ""target_name"": ""앙즈로여성병원"", ""target_region_id"": null, ""target_region_name"": null}, {""policy"": ""hospital_upgrade"", ""target_id"": ""JDQ4MTYyMiM2MSMkMSMkMiMkOTkkMzgxMzUxIzIxIyQxIyQ1IyQ2MiQ0NjE0ODEjNjEjJDEjJDgjJDgz"", ""target_name"": ""천안해울병원"", ""target_region_id"": null, ""target_region_name"": null}, {""policy"": ""hospital_upgrade"", ""target_id"": ""JDQ4MTYyMiM2MSMkMSMkMiMkOTkkMzgxMzUxIzExIyQyIyQ3IyQwMCQ0NjE0ODEjNjEjJDEjJDgjJDgz"", ""target_name"": ""천안우리병원"", ""target_region_id"": null, ""target_region_name"": null}]"
419,42,0.9119293182900776,0.0,5.284148661359985,10.607869111812725,15.892017773172714,5.784166068643291,12.602799887288478,18.386965955931768,11.18,29.62,"[17, 43, 46]","[{""policy"": ""ambulance_new_base"", ""target_id"": ""REG002"", ""target_name"": ""봉명동"", ""target_region_id"": ""REG002"", ""target_region_name"": ""봉명동""}, {""policy"": ""hospital_upgrade"", ""target_id"": ""JDQ4MTYyMiM2MSMkMSMkMiMkOTkkMzgxMzUxIzIxIyQxIyQxIyQ2MiQ0NjE0ODEjNDEjJDEjJDQjJDgz"", ""target_name"": ""연세나무병원"", ""target_region_id"": null, ""target_region_name"": null}, {""policy"": ""hospital_upgrade"", ""target_id"": ""JDQ4MTYyMiM2MSMkMSMkMiMkOTkkMzgxMzUxIzIxIyQxIyQxIyQ3OSQyNjEyMjIjNDEjJDEjJDgjJDgz"", ""target_name"": ""우리척병원"", ""target_region_id"": null, ""target_region_name"": null}]"
420,42,0.8073230540568979,0.0,5.599677419354838,10.404913355915303,16.004590775270145,6.034316313600623,12.457255906564324,18.491572220164947,11.18,29.62,"[49, 40, 46]","[{""policy"": ""hospital_upgrade"", ""target_id"": ""JDQ4MTYyMiM2MSMkMSMkMiMkOTkkMzgxMzUxIzIxIyQxIyQxIyQ5MiQyNjEwMDIjNjEjJDEjJDAjJDgz"", ""target_name"": ""두정이진병원"", ""target_region_id"": null, ""target_region_name"": null}, {""policy"": ""hospital_upgrade"", ""target_id"": ""JDQ4MTYyMiM2MSMkMSMkMiMkOTkkMzgxMzUxIzIxIyQxIyQ1IyQ4OSQyNjE4MzIjNTEjJDEjJDYjJDgz"", ""target_name"": ""아이본병원"", ""target_region_id"": null, ""target_region_name"": null}, {""policy"": ""hospital_upgrade"", ""target_id"": ""JDQ4MTYyMiM2MSMkMSMkMiMkOTkkMzgxMzUxIzIxIyQxIyQxIyQ3OSQyNjEyMjIjNDEjJDEjJDgjJDgz"", ""target_name"": ""우리척병원"", ""target_region_id"": null, ""target_region_name"": null}]"
421,42,0.6846951038012339,0.0461916173658476,5.599677419354838,10.753793308649993,16.353470728004833,6.034316313600623,12.626075474185841,18.66039178778646,11.18,29.62,"[9, 35, 47]","[{""policy"": ""ambulance_existing"", ""target_id"": ""EMS010"", ""target_name"": ""불당119안전센터"", ""target_region_id"": ""REG022"", ""target_region_name"": ""불당2동""}, {""policy"": ""hospital_upgrade"", ""target_id"": ""JDQ4MTYyMiM2MSMkMSMkMiMkOTkkMzgxMzUxIzIxIyQxIyQ1IyQ2MiQ0NjE0ODEjNjEjJDEjJDgjJDgz"", ""target_name"": ""천안해울병원"", ""target_region_id"": null, ""target_region_name"": null}, {""policy"": ""hospital_upgrade"", ""target_id"": ""JDQ4MTYyMiM2MSMkMSMkMiMkOTkkMzgxMzUxIzIxIyQxIyQxIyQ4OSQ0NjE0ODEjODEjJDEjJDIjJDgz"", ""target_name"": ""서울우리병원"", ""target_region_id"": null, ""target_region_name"": null}]"
422,42,0.5572650549689672,0.0305377667715606,5.599677419354838,10.914895644369402,16.514573063724242,6.034316313600623,12.73785167242382,18.77216798602444,11.18,29.62,"[40, 7, 14]","[{""policy"": ""hospital_upgrade"", ""target_id"": ""JDQ4MTYyMiM2MSMkMSMkMiMkOTkkMzgxMzUxIzIxIyQxIyQ1IyQ4OSQyNjE4MzIjNTEjJDEjJDYjJDgz"", ""target_name"": ""아이본병원"", ""target_region_id"": null, ""target_region_name"": null}, {""policy"": ""ambulance_existing"", ""target_id"": ""EMS008"", ""target_name"": ""119구조구급센터119안전센터"", ""target_region_id"": ""REG031"", ""target_region_name"": ""직산읍""}, {""policy"": ""ambulance_existing"", ""target_id"": ""EMS015"", ""target_name"": ""입장119안전센터"", ""target_region_id"": ""REG028"", ""target_region_name"": ""입장면""}]"
423,42,0.5332814370128617,0.0083272476232864,5.599677419354838,10.895298522653325,16.494975942008164,6.034316313600623,12.739624771231655,18.77394108483227,11.18,29.62,"[14, 35, 49]","[{""policy"": ""ambulance_existing"", ""target_id"": ""EMS015"", ""target_name"": ""입장119안전센터"", ""target_region_id"": ""REG028"", ""target_region_name"": ""입장면""}, {""policy"": ""hospital_upgrade"", ""target_id"": ""JDQ4MTYyMiM2MSMkMSMkMiMkOTkkMzgxMzUxIzIxIyQxIyQ1IyQ2MiQ0NjE0ODEjNjEjJDEjJDgjJDgz"", ""target_name"": ""천안해울병원"", ""target_region_id"": null, ""target_region_name"": null}, {""policy"": ""hospital_upgrade"", ""target_id"": ""JDQ4MTYyMiM2MSMkMSMkMiMkOTkkMzgxMzUxIzIxIyQxIyQxIyQ5MiQyNjEwMDIjNjEjJDEjJDAjJDgz"", ""target_name"": ""두정이진병원"", ""target_region_id"": null, ""target_region_name"": null}]"
424,42,0.6258620600683958,0.0222107429571171,5.342699713174523,11.08868306517315,16.431382778347675,5.860800250783288,12.834443706327281,18.695243957110566,11.18,29.62,"[10, 29, 50]","[{""policy"": ""ambulance_existing"", ""target_id"": ""EMS011"", ""target_name"": ""서부119안전센터"", ""target_region_id"": ""REG023"", ""target_region_name"": ""성정1동""}, {""policy"": ""ambulance_new_base"", ""target_id"": ""REG021"", ""target_name"": ""불당1동"", ""target_region_id"": ""REG021"", ""target_region_name"": ""불당1동""}, {""policy"": ""hospital_upgrade"", ""target_id"": ""JDQ4MTYyMiM2MSMkMSMkMiMkOTkkMzgxMzUxIzIxIyQxIyQxIyQwMyQyNjE0ODEjNTEjJDEjJDYjJDgz"", ""target_name"": ""천안21세기병원"", ""target_region_id"": null, ""target_region_name"": null}]"
425,42,1.0375400200413196,0.0,5.260793486616837,10.550588012662695,15.811381499279536,5.843096022653826,12.418259231526699,18.261355254180526,11.18,29.62,"[39, 31, 50]","[{""policy"": ""hospital_upgrade"", ""target_id"": ""JDQ4MTYyMiM2MSMkMSMkMiMkOTkkMzgxMzUxIzIxIyQxIyQ1IyQ4OSQ0NjEwMDIjNTEjJDEjJDIjJDgz"", ""target_name"": ""천안리턴병원"", ""target_region_id"": null, ""target_region_name"": null}, {""policy"": ""ambulance_new_base"", ""target_id"": ""REG027"", ""target_name"": ""쌍용3동"", ""target_region_id"": ""REG027"", ""target_region_name"": ""쌍용3동""}, {""policy"": ""hospital_upgrade"", ""target_id"": ""JDQ4MTYyMiM2MSMkMSMkMiMkOTkkMzgxMzUxIzIxIyQxIyQxIyQwMyQyNjE0ODEjNTEjJDEjJDYjJDgz"", ""target_name"": ""천안21세기병원"", ""target_region_id"": null, ""target_region_name"": null}]"
426,42,0.6643390234639849,6.036187032550563e-05,5.30471554719749,11.098534409726106,16.403249956923595,5.64393497465041,12.990681637977776,18.634616612628186,11.18,29.62,"[16, 33, 13]","[{""policy"": ""ambulance_new_base"", ""target_id"": ""REG001"", ""target_name"": ""문성동"", ""target_region_id"": ""REG001"", ""target_region_name"": ""문성동""}, {""policy"": ""hospital_upgrade"", ""target_id"": ""JDQ4MTYyMiM2MSMkMSMkMiMkOTkkMzgxMzUxIzExIyQxIyQ3IyQ5OSQ0NjE0ODEjODEjJDEjJDYjJDgz"", ""target_name"": ""예일병원"", ""target_region_id"": null, ""target_region_name"": null}, {""policy"": ""ambulance_existing"", ""target_id"": ""EMS014"", ""target_name"": ""쌍용119안전센터"", ""target_region_id"": ""REG026"", ""target_region_name"": ""쌍용2동""}]"
427,42,0.8898178978605316,0.0,5.36265655090189,10.802380359961548,16.16503691086344,5.746462939276316,12.662614437084999,18.409077376361314,11.18,29.62,"[28, 37, 51]","[{""policy"": ""ambulance_new_base"", ""target_id"": ""REG020"", ""target_name"": ""부성2동"", ""target_region_id"": ""REG020"", ""target_region_name"": ""부성2동""}, {""policy"": ""hospital_upgrade"", ""target_id"": ""JDQ4MTYyMiM2MSMkMSMkMiMkOTkkMzgxMzUxIzIxIyQxIyQ1IyQ3OSQyNjE0ODEjNDEjJDEjJDgjJDgz"", ""target_name"": ""마디손병원"", ""target_region_id"": null, ""target_region_name"": null}, {""policy"": ""hospital_upgrade"", ""target_id"": ""JDQ4MTYyMiM2MSMkMSMkMiMkOTkkMzgxMzUxIzIxIyQxIyQxIyQwMyQyNjE4MzIjODEjJDEjJDIjJDgz"", ""target_name"": ""서울대정병원"", ""target_region_id"": null, ""target_region_name"": null}]"
428,42,0.694764661682791,0.016448237385324,5.36265655090189,11.093193138623256,16.455849689525145,5.746462939276316,12.874115910648063,18.620578849924378,11.18,29.62,"[1, 35, 28]","[{""policy"": ""ambulance_existing"", ""target_id"": ""EMS002"", ""target_name"": ""독립119안전센터"", ""target_region_id"": ""REG017"", ""target_region_name"": ""목천읍""}, {""policy"": ""hospital_upgrade"", ""target_id"": ""JDQ4MTYyMiM2MSMkMSMkMiMkOTkkMzgxMzUxIzIxIyQxIyQ1IyQ2MiQ0NjE0ODEjNjEjJDEjJDgjJDgz"", ""target_name"": ""천안해울병원"", ""target_region_id"": null, ""target_region_name"": null}, {""policy"": ""ambulance_new_base"", ""target_id"": ""REG020"", ""target_name"": ""부성2동"", ""target_region_id"": ""REG020"", ""target_region_name"": ""부성2동""}]"
429,42,0.8788270471125195,0.0,5.599677419354838,10.264462278150631,15.86413969750547,6.034316313600623,12.385751913508702,18.420068227109326,11.18,29.62,"[51, 36, 46]","[{""policy"": ""hospital_upgrade"", ""target_id"": ""JDQ4MTYyMiM2MSMkMSMkMiMkOTkkMzgxMzUxIzIxIyQxIyQxIyQwMyQyNjE4MzIjODEjJDEjJDIjJDgz"", ""target_name"": ""서울대정병원"", ""target_region_id"": null, ""target_region_name"": null}, {""policy"": ""hospital_upgrade"", ""target_id"": ""JDQ4MTYyMiM2MSMkMSMkMiMkOTkkMzgxMzUxIzIxIyQxIyQ1IyQ2MiQzNjE4MzIjODEjJDEjJDIjJDgz"", ""target_name"": ""돋움병원"", ""target_region_id"": null, ""target_region_name"": null}, {""policy"": ""hospital_upgrade"", ""target_id"": ""JDQ4MTYyMiM2MSMkMSMkMiMkOTkkMzgxMzUxIzIxIyQxIyQxIyQ3OSQyNjEyMjIjNDEjJDEjJDgjJDgz"", ""target_name"": ""우리척병원"", ""target_region_id"": null, ""target_region_name"": null}]"
430,42,0.7689970012978389,0.0461916173658476,5.398709677419355,11.08868306517315,16.487392742592505,5.74164618396257,12.834443706327281,18.576089890289854,11.18,29.62,"[23, 9, 50]","[{""policy"": ""ambulance_new_base"", ""target_id"": ""REG010"", ""target_name"": ""광덕면"", ""target_region_id"": ""REG010"", ""target_region_name"": ""광덕면""}, {""policy"": ""ambulance_existing"", ""target_id"": ""EMS010"", ""target_name"": ""불당119안전센터"", ""target_region_id"": ""REG022"", ""target_region_name"": ""불당2동""}, {""policy"": ""hospital_upgrade"", ""target_id"": ""JDQ4MTYyMiM2MSMkMSMkMiMkOTkkMzgxMzUxIzIxIyQxIyQxIyQwMyQyNjE0ODEjNTEjJDEjJDYjJDgz"", ""target_name"": ""천안21세기병원"", ""target_region_id"": null, ""target_region_name"": null}]"
431,42,0.8863443647860265,0.0,5.284148661359985,10.646978430125897,15.931127091485887,5.784166068643291,12.628384840792531,18.41255090943582,11.18,29.62,"[17, 46, 52]","[{""policy"": ""ambulance_new_base"", ""target_id"": ""REG002"", ""target_name"": ""봉명동"", ""target_region_id"": ""REG002"", ""target_region_name"": ""봉명동""}, {""policy"": ""hospital_upgrade"", ""target_id"": ""JDQ4MTYyMiM2MSMkMSMkMiMkOTkkMzgxMzUxIzIxIyQxIyQxIyQ3OSQyNjEyMjIjNDEjJDEjJDgjJDgz"", ""target_name"": ""우리척병원"", ""target_region_id"": null, ""target_region_name"": null}, {""policy"": ""hospital_upgrade"", ""target_id"": ""JDQ4MTYyMiM2MSMkMSMkMiMkOTkkMzgxMzUxIzIxIyQxIyQxIyQxMyQyNjEyMjIjNzEjJDEjJDgjJDgz"", ""target_name"": ""SG삼성조은병원"", ""target_region_id"": null, ""target_region_name"": null}]"
432,42,1.1756309388549688,0.0,5.038064516129031,11.302330291013508,16.340394807142538,5.145467907271427,12.977796428095454,18.123264335366876,10.85,29.62,"[23, 25, 34]","[{""policy"": ""ambulance_new_base"", ""target_id"": ""REG010"", ""target_name"": ""광덕면"", ""target_region_id"": ""REG010"", ""target_region_name"": ""광덕면""}, {""policy"": ""ambulance_new_base"", ""target_id"": ""REG015"", ""target_name"": ""수신면"", ""target_region_id"": ""REG015"", ""target_region_name"": ""수신면""}, {""policy"": ""hospital_upgrade"", ""target_id"": ""JDQ4MTYyMiM2MSMkMSMkMiMkOTkkMzgxMzUxIzExIyQyIyQ3IyQwMCQ0NjE0ODEjNjEjJDEjJDgjJDgz"", ""target_name"": ""천안우리병원"", ""target_region_id"": null, ""target_region_name"": null}]"
433,42,0.30125932861956084,0.0356736742774606,5.30953667865867,11.519141813354748,16.82867849201342,5.817718036654236,13.215591583225512,19.033309619879745,11.18,29.62,"[42, 12, 21]","[{""policy"": ""hospital_upgrade"", ""target_id"": ""JDQ4MTYyMiM2MSMkMSMkMiMkOTkkMzgxMzUxIzIxIyQxIyQ1IyQ5OSQzNjEyMjIjNjEjJDEjJDQjJDgz"", ""target_name"": ""천안다나힐병원"", ""target_region_id"": null, ""target_region_name"": null}, {""policy"": ""ambulance_existing"", ""target_id"": ""EMS013"", ""target_name"": ""성환119안전센터"", ""target_region_id"": ""REG030"", ""target_region_name"": ""성환읍""}, {""policy"": ""ambulance_new_base"", ""target_id"": ""REG007"", ""target_name"": ""일봉동"", ""target_region_id"": ""REG007"", ""target_region_name"": ""일봉동""}]"
434,42,1.0708634536366368,0.0,5.30471554719749,10.544474297822813,15.849189845020302,5.64393497465041,12.584096845934802,18.22803182058521,11.18,29.62,"[48, 16, 45]","[{""policy"": ""hospital_upgrade"", ""target_id"": ""JDQ4MTYyMiM2MSMkMSMkMiMkOTkkMzgxMzUxIzIxIyQxIyQxIyQ5MiQyNjE4MzIjNDEjJDEjJDgjJDgz"", ""target_name"": ""혜성산부인과병원"", ""target_region_id"": null, ""target_region_name"": null}, {""policy"": ""ambulance_new_base"", ""target_id"": ""REG001"", ""target_name"": ""문성동"", ""target_region_id"": ""REG001"", ""target_region_name"": ""문성동""}, {""policy"": ""hospital_upgrade"", ""target_id"": ""JDQ4MTYyMiM2MSMkMSMkMiMkOTkkMzgxMzUxIzIxIyQxIyQxIyQ3MiQzNjE4MzIjODEjJDEjJDYjJDgz"", ""target_name"": ""삼성스카이병원"", ""target_region_id"": null, ""target_region_name"": null}]"
435,42,0.6651399921314806,0.016448237385324,5.599677419354838,10.639099463186751,16.23877688254159,6.034316313600623,12.615887205875067,18.65020351947569,11.18,29.62,"[39, 1, 53]","[{""policy"": ""hospital_upgrade"", ""target_id"": ""JDQ4MTYyMiM2MSMkMSMkMiMkOTkkMzgxMzUxIzIxIyQxIyQ1IyQ4OSQ0NjEwMDIjNTEjJDEjJDIjJDgz"", ""target_name"": ""천안리턴병원"", ""target_region_id"": null, ""target_region_name"": null}, {""policy"": ""ambulance_existing"", ""target_id"": ""EMS002"", ""target_name"": ""독립119안전센터"", ""target_region_id"": ""REG017"", ""target_region_name"": ""목천읍""}, {""policy"": ""hospital_upgrade"", ""target_id"": ""JDQ4MTYyMiM2MSMkMSMkMiMkOTkkMzgxMzUxIzIxIyQyIyQ1IyQwMCQyNjEwMDIjNDEjJDEjJDgjJDgz"", ""target_name"": ""이화병원"", ""target_region_id"": null, ""target_region_name"": null}]"
436,42,1.1730568552787735,0.0495123820092479,5.239032258064516,10.922183961670516,16.161216219735035,5.438138036909479,12.737212764042843,18.17535080095232,10.85,29.62,"[25, 39, 5]","[{""policy"": ""ambulance_new_base"", ""target_id"": ""REG015"", ""target_name"": ""수신면"", ""target_region_id"": ""REG015"", ""target_region_name"": ""수신면""}, {""policy"": ""hospital_upgrade"", ""target_id"": ""JDQ4MTYyMiM2MSMkMSMkMiMkOTkkMzgxMzUxIzIxIyQxIyQ1IyQ4OSQ0NjEwMDIjNTEjJDEjJDIjJDgz"", ""target_name"": ""천안리턴병원"", ""target_region_id"": null, ""target_region_name"": null}, {""policy"": ""ambulance_existing"", ""target_id"": ""EMS006"", ""target_name"": ""청당119안전센터"", ""target_region_id"": ""REG009"", ""target_region_name"": ""청룡동""}]"
437,42,0.57190327710597,0.0356736742774606,5.599677419354838,10.80791314565213,16.407590565006966,6.034316313600623,12.728349357792716,18.762665671393336,11.18,29.62,"[36, 32, 12]","[{""policy"": ""hospital_upgrade"", ""target_id"": ""JDQ4MTYyMiM2MSMkMSMkMiMkOTkkMzgxMzUxIzIxIyQxIyQ1IyQ2MiQzNjE4MzIjODEjJDEjJDIjJDgz"", ""target_name"": ""돋움병원"", ""target_region_id"": null, ""target_region_name"": null}, {""policy"": ""hospital_upgrade"", ""target_id"": ""JDQ4MTYyMiM2MSMkMSMkMiMkOTkkMzgxMzUxIzExIyQxIyQ3IyQ4OSQzNjE0ODEjODEjJDEjJDYjJDgz"", ""target_name"": ""새로나병원"", ""target_region_id"": null, ""target_region_name"": null}, {""policy"": ""ambulance_existing"", ""target_id"": ""EMS013"", ""target_name"": ""성환119안전센터"", ""target_region_id"": ""REG030"", ""target_region_name"": ""성환읍""}]"
438,42,0.4247807155117732,0.03439937656155631,5.30471554719749,11.594193548387098,16.898909095584585,5.64393497465041,13.264578960621222,18.90851393527163,11.18,29.62,"[15, 13, 16]","[{""policy"": ""ambulance_existing"", ""target_id"": ""EMS016"", ""target_name"": ""직산119안전센터"", ""target_region_id"": ""REG031"", ""target_region_name"": ""직산읍""}, {""policy"": ""ambulance_existing"", ""target_id"": ""EMS014"", ""target_name"": ""쌍용119안전센터"", ""target_region_id"": ""REG026"", ""target_region_name"": ""쌍용2동""}, {""policy"": ""ambulance_new_base"", ""target_id"": ""REG001"", ""target_name"": ""문성동"", ""target_region_id"": ""REG001"", ""target_region_name"": ""문성동""}]"
439,42,0.31726063948348604,0.0343390146912308,5.132762485110284,11.594193548387098,16.72695603349738,5.7513946888083725,13.264578960621222,19.01597364942959,11.18,29.62,"[15, 21, 18]","[{""policy"": ""ambulance_existing"", ""target_id"": ""EMS016"", ""target_name"": ""직산119안전센터"", ""target_region_id"": ""REG031"", ""target_region_name"": ""직산읍""}, {""policy"": ""ambulance_new_base"", ""target_id"": ""REG007"", ""target_name"": ""일봉동"", ""target_region_id"": ""REG007"", ""target_region_name"": ""일봉동""}, {""policy"": ""ambulance_new_base"", ""target_id"": ""REG003"", ""target_name"": ""신방동"", ""target_region_id"": ""REG003"", ""target_region_name"": ""신방동""}]"
440,42,0.3545482570379408,0.0343390146912308,5.599677419354838,11.026958212104976,16.626635631459816,6.034316313600623,12.944369718274512,18.978686031875135,11.18,29.62,"[46, 42, 15]","[{""policy"": ""hospital_upgrade"", ""target_id"": ""JDQ4MTYyMiM2MSMkMSMkMiMkOTkkMzgxMzUxIzIxIyQxIyQxIyQ3OSQyNjEyMjIjNDEjJDEjJDgjJDgz"", ""target_name"": ""우리척병원"", ""target_region_id"": null, ""target_region_name"": null}, {""policy"": ""hospital_upgrade"", ""target_id"": ""JDQ4MTYyMiM2MSMkMSMkMiMkOTkkMzgxMzUxIzIxIyQxIyQ1IyQ5OSQzNjEyMjIjNjEjJDEjJDQjJDgz"", ""target_name"": ""천안다나힐병원"", ""target_region_id"": null, ""target_region_name"": null}, {""policy"": ""ambulance_existing"", ""target_id"": ""EMS016"", ""target_name"": ""직산119안전센터"", ""target_region_id"": ""REG031"", ""target_region_name"": ""직산읍""}]"
441,42,0.2320473105256638,0.0362225737006539,5.3432258064516125,11.594193548387098,16.937419354838706,5.838491576775618,13.264578960621222,19.103070537396835,11.18,29.62,"[2, 19, 0]","[{""policy"": ""ambulance_existing"", ""target_id"": ""EMS003"", ""target_name"": ""병천119안전센터"", ""target_region_id"": ""REG012"", ""target_region_name"": ""병천면""}, {""policy"": ""ambulance_new_base"", ""target_id"": ""REG004"", ""target_name"": ""신안동"", ""target_region_id"": ""REG004"", ""target_region_name"": ""신안동""}, {""policy"": ""ambulance_existing"", ""target_id"": ""EMS001"", ""target_name"": ""119구조구급센터119안전센터"", ""target_region_id"": ""REG006"", ""target_region_name"": ""원성2동""}]"
442,42,0.6969730815198327,0.0222105191482742,5.599677419354838,10.634807258790396,16.234484678145233,6.034316313600623,12.589816398249667,18.624132711850287,11.18,29.62,"[7, 45, 41]","[{""policy"": ""ambulance_existing"", ""target_id"": ""EMS008"", ""target_name"": ""119구조구급센터119안전센터"", ""target_region_id"": ""REG031"", ""target_region_name"": ""직산읍""}, {""policy"": ""hospital_upgrade"", ""target_id"": ""JDQ4MTYyMiM2MSMkMSMkMiMkOTkkMzgxMzUxIzIxIyQxIyQxIyQ3MiQzNjE4MzIjODEjJDEjJDYjJDgz"", ""target_name"": ""삼성스카이병원"", ""target_region_id"": null, ""target_region_name"": null}, {""policy"": ""hospital_upgrade"", ""target_id"": ""JDQ4MTYyMiM2MSMkMSMkMiMkOTkkMzgxMzUxIzIxIyQxIyQ1IyQ4OSQyNjEyMjIjNjEjJDEjJDQjJDgz"", ""target_name"": ""서울프라임병원"", ""target_region_id"": null, ""target_region_name"": null}]"
443,42,0.8488570037903216,0.0,5.599677419354838,10.414975051344456,16.014652470699293,6.034316313600623,12.415721956830904,18.450038270431524,11.18,29.62,"[41, 32, 36]","[{""policy"": ""hospital_upgrade"", ""target_id"": ""JDQ4MTYyMiM2MSMkMSMkMiMkOTkkMzgxMzUxIzIxIyQxIyQ1IyQ4OSQyNjEyMjIjNjEjJDEjJDQjJDgz"", ""target_name"": ""서울프라임병원"", ""target_region_id"": null, ""target_region_name"": null}, {""policy"": ""hospital_upgrade"", ""target_id"": ""JDQ4MTYyMiM2MSMkMSMkMiMkOTkkMzgxMzUxIzExIyQxIyQ3IyQ4OSQzNjE0ODEjODEjJDEjJDYjJDgz"", ""target_name"": ""새로나병원"", ""target_region_id"": null, ""target_region_name"": null}, {""policy"": ""hospital_upgrade"", ""target_id"": ""JDQ4MTYyMiM2MSMkMSMkMiMkOTkkMzgxMzUxIzIxIyQxIyQ1IyQ2MiQzNjE4MzIjODEjJDEjJDIjJDgz"", ""target_name"": ""돋움병원"", ""target_region_id"": null, ""target_region_name"": null}]"
444,42,0.7463512400749686,0.0,5.188743521235815,11.101640188418845,16.29038370965466,5.559723679028655,12.992820355118223,18.552544034146877,11.18,29.62,"[23, 53, 20]","[{""policy"": ""ambulance_new_base"", ""target_id"": ""REG010"", ""target_name"": ""광덕면"", ""target_region_id"": ""REG010"", ""target_region_name"": ""광덕면""}, {""policy"": ""hospital_upgrade"", ""target_id"": ""JDQ4MTYyMiM2MSMkMSMkMiMkOTkkMzgxMzUxIzIxIyQyIyQ1IyQwMCQyNjEwMDIjNDEjJDEjJDgjJDgz"", ""target_name"": ""이화병원"", ""target_region_id"": null, ""target_region_name"": null}, {""policy"": ""ambulance_new_base"", ""target_id"": ""REG005"", ""target_name"": ""원성1동"", ""target_region_id"": ""REG005"", ""target_region_name"": ""원성1동""}]"
445,42,0.422775309765875,0.0166364736218052,5.599677419354838,11.033865820568307,16.633543239923146,6.034316313600623,12.858440124477161,18.892756438077775,11.18,29.62,"[1, 49, 8]","[{""policy"": ""ambulance_existing"", ""target_id"": ""EMS002"", ""target_name"": ""독립119안전센터"", ""target_region_id"": ""REG017"", ""target_region_name"": ""목천읍""}, {""policy"": ""hospital_upgrade"", ""target_id"": ""JDQ4MTYyMiM2MSMkMSMkMiMkOTkkMzgxMzUxIzIxIyQxIyQxIyQ5MiQyNjEwMDIjNjEjJDEjJDAjJDgz"", ""target_name"": ""두정이진병원"", ""target_region_id"": null, ""target_region_name"": null}, {""policy"": ""ambulance_existing"", ""target_id"": ""EMS009"", ""target_name"": ""두정119안전센터"", ""target_region_id"": ""REG024"", ""target_region_name"": ""성정2동""}]"
446,42,0.8898066015525252,0.0,5.599677419354838,10.348542310661193,15.948219730016032,6.034316313600623,12.374772359068693,18.40908867266932,11.18,29.62,"[50, 46, 32]","[{""policy"": ""hospital_upgrade"", ""target_id"": ""JDQ4MTYyMiM2MSMkMSMkMiMkOTkkMzgxMzUxIzIxIyQxIyQxIyQwMyQyNjE0ODEjNTEjJDEjJDYjJDgz"", ""target_name"": ""천안21세기병원"", ""target_region_id"": null, ""target_region_name"": null}, {""policy"": ""hospital_upgrade"", ""target_id"": ""JDQ4MTYyMiM2MSMkMSMkMiMkOTkkMzgxMzUxIzIxIyQxIyQxIyQ3OSQyNjEyMjIjNDEjJDEjJDgjJDgz"", ""target_name"": ""우리척병원"", ""target_region_id"": null, ""target_region_name"": null}, {""policy"": ""hospital_upgrade"", ""target_id"": ""JDQ4MTYyMiM2MSMkMSMkMiMkOTkkMzgxMzUxIzExIyQxIyQ3IyQ4OSQzNjE0ODEjODEjJDEjJDYjJDgz"", ""target_name"": ""새로나병원"", ""target_region_id"": null, ""target_region_name"": null}]"
447,42,0.6231739566957917,0.0045892200942615,5.599677419354838,10.840725911910967,16.440403331265802,6.034316313600623,12.645994224019693,18.680310537620315,11.18,29.62,"[50, 3, 32]","[{""policy"": ""hospital_upgrade"", ""target_id"": ""JDQ4MTYyMiM2MSMkMSMkMiMkOTkkMzgxMzUxIzIxIyQxIyQxIyQwMyQyNjE0ODEjNTEjJDEjJDYjJDgz"", ""target_name"": ""천안21세기병원"", ""target_region_id"": null, ""target_region_name"": null}, {""policy"": ""ambulance_existing"", ""target_id"": ""EMS004"", ""target_name"": ""북면지역대"", ""target_region_id"": ""REG013"", ""target_region_name"": ""북면""}, {""policy"": ""hospital_upgrade"", ""target_id"": ""JDQ4MTYyMiM2MSMkMSMkMiMkOTkkMzgxMzUxIzExIyQxIyQ3IyQ4OSQzNjE0ODEjODEjJDEjJDYjJDgz"", ""target_name"": ""새로나병원"", ""target_region_id"": null, ""target_region_name"": null}]"
448,42,0.5356303994070846,0.008387609493611906,5.599677419354838,10.92879511789891,16.528472537253748,6.034316313600623,12.737336170707753,18.771652484308373,11.18,29.62,"[41, 14, 13]","[{""policy"": ""hospital_upgrade"", ""target_id"": ""JDQ4MTYyMiM2MSMkMSMkMiMkOTkkMzgxMzUxIzIxIyQxIyQ1IyQ4OSQyNjEyMjIjNjEjJDEjJDQjJDgz"", ""target_name"": ""서울프라임병원"", ""target_region_id"": null, ""target_region_name"": null}, {""policy"": ""ambulance_existing"", ""target_id"": ""EMS015"", ""target_name"": ""입장119안전센터"", ""target_region_id"": ""REG028"", ""target_region_name"": ""입장면""}, {""policy"": ""ambulance_existing"", ""target_id"": ""EMS014"", ""target_name"": ""쌍용119안전센터"", ""target_region_id"": ""REG026"", ""target_region_name"": ""쌍용2동""}]"
449,42,0.9923021230806682,0.0097741241179697,5.249677419354838,11.093193138623256,16.342870557978095,5.442251364611085,12.874115910648063,18.316367275259147,11.18,29.62,"[24, 35, 11]","[{""policy"": ""ambulance_new_base"", ""target_id"": ""REG011"", ""target_name"": ""동면"", ""target_region_id"": ""REG011"", ""target_region_name"": ""동면""}, {""policy"": ""hospital_upgrade"", ""target_id"": ""JDQ4MTYyMiM2MSMkMSMkMiMkOTkkMzgxMzUxIzIxIyQxIyQ1IyQ2MiQ0NjE0ODEjNjEjJDEjJDgjJDgz"", ""target_name"": ""천안해울병원"", ""target_region_id"": null, ""target_region_name"": null}, {""policy"": ""ambulance_existing"", ""target_id"": ""EMS012"", ""target_name"": ""성거119안전센터"", ""target_region_id"": ""REG029"", ""target_region_name"": ""성거읍""}]"
450,42,0.8116857682653258,0.0461916173658476,5.265170274394114,10.860143321295778,16.125313595689892,5.8270612018601655,12.706339921462204,18.533401123322367,11.18,29.62,"[30, 9, 43]","[{""policy"": ""ambulance_new_base"", ""target_id"": ""REG025"", ""target_name"": ""쌍용1동"", ""target_region_id"": ""REG025"", ""target_region_name"": ""쌍용1동""}, {""policy"": ""ambulance_existing"", ""target_id"": ""EMS010"", ""target_name"": ""불당119안전센터"", ""target_region_id"": ""REG022"", ""target_region_name"": ""불당2동""}, {""policy"": ""hospital_upgrade"", ""target_id"": ""JDQ4MTYyMiM2MSMkMSMkMiMkOTkkMzgxMzUxIzIxIyQxIyQxIyQ2MiQ0NjE0ODEjNDEjJDEjJDQjJDgz"", ""target_name"": ""연세나무병원"", ""target_region_id"": null, ""target_region_name"": null}]"
451,42,0.27522141582971243,6.036187032550563e-05,5.1862581287538205,11.594193548387098,16.780451677140917,5.759155259641241,13.264578960621222,19.023734220262458,11.18,29.62,"[13, 26, 29]","[{""policy"": ""ambulance_existing"", ""target_id"": ""EMS014"", ""target_name"": ""쌍용119안전센터"", ""target_region_id"": ""REG026"", ""target_region_name"": ""쌍용2동""}, {""policy"": ""ambulance_new_base"", ""target_id"": ""REG018"", ""target_name"": ""백석동"", ""target_region_id"": ""REG018"", ""target_region_name"": ""백석동""}, {""policy"": ""ambulance_new_base"", ""target_id"": ""REG021"", ""target_name"": ""불당1동"", ""target_region_id"": ""REG021"", ""target_region_name"": ""불당1동""}]"
452,42,0.7006311625203594,0.0,5.599677419354838,10.562987675059768,16.162665094414606,6.034316313600623,12.563947798100864,18.598264111701486,11.18,29.62,"[53, 42, 35]","[{""policy"": ""hospital_upgrade"", ""target_id"": ""JDQ4MTYyMiM2MSMkMSMkMiMkOTkkMzgxMzUxIzIxIyQyIyQ1IyQwMCQyNjEwMDIjNDEjJDEjJDgjJDgz"", ""target_name"": ""이화병원"", ""target_region_id"": null, ""target_region_name"": null}, {""policy"": ""hospital_upgrade"", ""target_id"": ""JDQ4MTYyMiM2MSMkMSMkMiMkOTkkMzgxMzUxIzIxIyQxIyQ1IyQ5OSQzNjEyMjIjNjEjJDEjJDQjJDgz"", ""target_name"": ""천안다나힐병원"", ""target_region_id"": null, ""target_region_name"": null}, {""policy"": ""hospital_upgrade"", ""target_id"": ""JDQ4MTYyMiM2MSMkMSMkMiMkOTkkMzgxMzUxIzIxIyQxIyQ1IyQ2MiQ0NjE0ODEjNjEjJDEjJDgjJDgz"", ""target_name"": ""천안해울병원"", ""target_region_id"": null, ""target_region_name"": null}]"
453,42,0.6589150973747998,0.016448237385324,5.599677419354838,10.639555020809722,16.23923244016456,6.034316313600623,12.62211210063175,18.65642841423237,11.18,29.62,"[53, 1, 52]","[{""policy"": ""hospital_upgrade"", ""target_id"": ""JDQ4MTYyMiM2MSMkMSMkMiMkOTkkMzgxMzUxIzIxIyQyIyQ1IyQwMCQyNjEwMDIjNDEjJDEjJDgjJDgz"", ""target_name"": ""이화병원"", ""target_region_id"": null, ""target_region_name"": null}, {""policy"": ""ambulance_existing"", ""target_id"": ""EMS002"", ""target_name"": ""독립119안전센터"", ""target_region_id"": ""REG017"", ""target_region_name"": ""목천읍""}, {""policy"": ""hospital_upgrade"", ""target_id"": ""JDQ4MTYyMiM2MSMkMSMkMiMkOTkkMzgxMzUxIzIxIyQxIyQxIyQxMyQyNjEyMjIjNzEjJDEjJDgjJDgz"", ""target_name"": ""SG삼성조은병원"", ""target_region_id"": null, ""target_region_name"": null}]"
454,42,0.6777306936515854,0.0042478320188186,5.599677419354838,10.646491748986543,16.246169168341382,6.034316313600623,12.591096098988457,18.62541241258908,11.18,29.62,"[39, 36, 4]","[{""policy"": ""hospital_upgrade"", ""target_id"": ""JDQ4MTYyMiM2MSMkMSMkMiMkOTkkMzgxMzUxIzIxIyQxIyQ1IyQ4OSQ0NjEwMDIjNTEjJDEjJDIjJDgz"", ""target_name"": ""천안리턴병원"", ""target_region_id"": null, ""target_region_name"": null}, {""policy"": ""hospital_upgrade"", ""target_id"": ""JDQ4MTYyMiM2MSMkMSMkMiMkOTkkMzgxMzUxIzIxIyQxIyQ1IyQ2MiQzNjE4MzIjODEjJDEjJDIjJDgz"", ""target_name"": ""돋움병원"", ""target_region_id"": null, ""target_region_name"": null}, {""policy"": ""ambulance_existing"", ""target_id"": ""EMS005"", ""target_name"": ""성남지역대"", ""target_region_id"": ""REG014"", ""target_region_name"": ""성남면""}]"
455,42,1.0328481989396856,0.0,5.30471554719749,10.639555020809722,15.94427056800721,5.64393497465041,12.62211210063175,18.26604707528216,11.18,29.62,"[53, 16, 52]","[{""policy"": ""hospital_upgrade"", ""target_id"": ""JDQ4MTYyMiM2MSMkMSMkMiMkOTkkMzgxMzUxIzIxIyQyIyQ1IyQwMCQyNjEwMDIjNDEjJDEjJDgjJDgz"", ""target_name"": ""이화병원"", ""target_region_id"": null, ""target_region_name"": null}, {""policy"": ""ambulance_new_base"", ""target_id"": ""REG001"", ""target_name"": ""문성동"", ""target_region_id"": ""REG001"", ""target_region_name"": ""문성동""}, {""policy"": ""hospital_upgrade"", ""target_id"": ""JDQ4MTYyMiM2MSMkMSMkMiMkOTkkMzgxMzUxIzIxIyQxIyQxIyQxMyQyNjEyMjIjNzEjJDEjJDgjJDgz"", ""target_name"": ""SG삼성조은병원"", ""target_region_id"": null, ""target_region_name"": null}]"
456,42,0.5115313098402833,0.0446211750218029,5.232801978072861,11.594193548387098,16.82699552645996,5.567406178782148,13.264578960621222,18.831985139403365,11.18,29.62,"[22, 2, 11]","[{""policy"": ""ambulance_new_base"", ""target_id"": ""REG008"", ""target_name"": ""중앙동"", ""target_region_id"": ""REG008"", ""target_region_name"": ""중앙동""}, {""policy"": ""ambulance_existing"", ""target_id"": ""EMS003"", ""target_name"": ""병천119안전센터"", ""target_region_id"": ""REG012"", ""target_region_name"": ""병천면""}, {""policy"": ""ambulance_existing"", ""target_id"": ""EMS012"", ""target_name"": ""성거119안전센터"", ""target_region_id"": ""REG029"", ""target_region_name"": ""성거읍""}]"
457,42,0.8438397893815797,0.0,5.107374467811598,10.922183961670516,16.02955842948212,5.717842720797427,12.737212764042843,18.455055484840265,11.18,29.62,"[39, 18, 17]","[{""policy"": ""hospital_upgrade"", ""target_id"": ""JDQ4MTYyMiM2MSMkMSMkMiMkOTkkMzgxMzUxIzIxIyQxIyQ1IyQ4OSQ0NjEwMDIjNTEjJDEjJDIjJDgz"", ""target_name"": ""천안리턴병원"", ""target_region_id"": null, ""target_region_name"": null}, {""policy"": ""ambulance_new_base"", ""target_id"": ""REG003"", ""target_name"": ""신방동"", ""target_region_id"": ""REG003"", ""target_region_name"": ""신방동""}, {""policy"": ""ambulance_new_base"", ""target_id"": ""REG002"", ""target_name"": ""봉명동"", ""target_region_id"": ""REG002"", ""target_region_name"": ""봉명동""}]"
458,42,0.9016847022624432,0.0,5.599677419354838,10.29179685793669,15.89147427729153,6.034316313600623,12.362894258358784,18.397210571959402,11.18,29.62,"[48, 43, 44]","[{""policy"": ""hospital_upgrade"", ""target_id"": ""JDQ4MTYyMiM2MSMkMSMkMiMkOTkkMzgxMzUxIzIxIyQxIyQxIyQ5MiQyNjE4MzIjNDEjJDEjJDgjJDgz"", ""target_name"": ""혜성산부인과병원"", ""target_region_id"": null, ""target_region_name"": null}, {""policy"": ""hospital_upgrade"", ""target_id"": ""JDQ4MTYyMiM2MSMkMSMkMiMkOTkkMzgxMzUxIzIxIyQxIyQxIyQ2MiQ0NjE0ODEjNDEjJDEjJDQjJDgz"", ""target_name"": ""연세나무병원"", ""target_region_id"": null, ""target_region_name"": null}, {""policy"": ""hospital_upgrade"", ""target_id"": ""JDQ4MTYyMiM2MSMkMSMkMiMkOTkkMzgxMzUxIzIxIyQxIyQxIyQ3MiQyNjE0ODEjNDEjJDEjJDgjJDgz"", ""target_name"": ""천안재활병원"", ""target_region_id"": null, ""target_region_name"": null}]"
459,42,0.4677464241687117,0.0356736742774606,5.074182505176446,11.594193548387098,16.668376053563545,5.602243563709376,13.264578960621222,18.866822524330594,11.18,29.62,"[20, 17, 12]","[{""policy"": ""ambulance_new_base"", ""target_id"": ""REG005"", ""target_name"": ""원성1동"", ""target_region_id"": ""REG005"", ""target_region_name"": ""원성1동""}, {""policy"": ""ambulance_new_base"", ""target_id"": ""REG002"", ""target_name"": ""봉명동"", ""target_region_id"": ""REG002"", ""target_region_name"": ""봉명동""}, {""policy"": ""ambulance_existing"", ""target_id"": ""EMS013"", ""target_name"": ""성환119안전센터"", ""target_region_id"": ""REG030"", ""target_region_name"": ""성환읍""}]"
460,42,0.6290760172920026,0.0001882362364812,5.443235834934136,10.92879511789891,16.372030952833047,5.932671322458575,12.737336170707753,18.670007493166324,11.18,29.62,"[26, 8, 41]","[{""policy"": ""ambulance_new_base"", ""target_id"": ""REG018"", ""target_name"": ""백석동"", ""target_region_id"": ""REG018"", ""target_region_name"": ""백석동""}, {""policy"": ""ambulance_existing"", ""target_id"": ""EMS009"", ""target_name"": ""두정119안전센터"", ""target_region_id"": ""REG024"", ""target_region_name"": ""성정2동""}, {""policy"": ""hospital_upgrade"", ""target_id"": ""JDQ4MTYyMiM2MSMkMSMkMiMkOTkkMzgxMzUxIzIxIyQxIyQ1IyQ4OSQyNjEyMjIjNjEjJDEjJDQjJDgz"", ""target_name"": ""서울프라임병원"", ""target_region_id"": null, ""target_region_name"": null}]"
461,42,0.22952599275906188,0.022270881018599704,5.265170274394114,11.594193548387098,16.859363822781212,5.8270612018601655,13.264578960621222,19.091640162481383,11.18,29.62,"[13, 7, 30]","[{""policy"": ""ambulance_existing"", ""target_id"": ""EMS014"", ""target_name"": ""쌍용119안전센터"", ""target_region_id"": ""REG026"", ""target_region_name"": ""쌍용2동""}, {""policy"": ""ambulance_existing"", ""target_id"": ""EMS008"", ""target_name"": ""119구조구급센터119안전센터"", ""target_region_id"": ""REG031"", ""target_region_name"": ""직산읍""}, {""policy"": ""ambulance_new_base"", ""target_id"": ""REG025"", ""target_name"": ""쌍용1동"", ""target_region_id"": ""REG025"", ""target_region_name"": ""쌍용1동""}]"
462,42,0.25458631321263564,0.0044360682552998,5.284148661359985,11.594193548387098,16.878342209747085,5.784166068643291,13.264578960621222,19.04874502926451,11.18,29.62,"[8, 17, 4]","[{""policy"": ""ambulance_existing"", ""target_id"": ""EMS009"", ""target_name"": ""두정119안전센터"", ""target_region_id"": ""REG024"", ""target_region_name"": ""성정2동""}, {""policy"": ""ambulance_new_base"", ""target_id"": ""REG002"", ""target_name"": ""봉명동"", ""target_region_id"": ""REG002"", ""target_region_name"": ""봉명동""}, {""policy"": ""ambulance_existing"", ""target_id"": ""EMS005"", ""target_name"": ""성남지역대"", ""target_region_id"": ""REG014"", ""target_region_name"": ""성남면""}]"
463,42,0.2258176065179915,0.0129164677175479,5.295483870967741,11.594193548387098,16.88967741935484,5.8214151748001814,13.264578960621222,19.0859941354214,11.18,29.62,"[3, 27, 14]","[{""policy"": ""ambulance_existing"", ""target_id"": ""EMS004"", ""target_name"": ""북면지역대"", ""target_region_id"": ""REG013"", ""target_region_name"": ""북면""}, {""policy"": ""ambulance_new_base"", ""target_id"": ""REG019"", ""target_name"": ""부성1동"", ""target_region_id"": ""REG019"", ""target_region_name"": ""부성1동""}, {""policy"": ""ambulance_existing"", ""target_id"": ""EMS015"", ""target_name"": ""입장119안전센터"", ""target_region_id"": ""REG028"", ""target_region_name"": ""입장면""}]"
464,42,0.2982934844536936,0.005623354815639301,5.398709677419355,11.594193548387098,16.99290322580645,5.74164618396257,13.264578960621222,19.00622514458379,11.18,29.62,"[0, 4, 23]","[{""policy"": ""ambulance_existing"", ""target_id"": ""EMS001"", ""target_name"": ""119구조구급센터119안전센터"", ""target_region_id"": ""REG006"", ""target_region_name"": ""원성2동""}, {""policy"": ""ambulance_existing"", ""target_id"": ""EMS005"", ""target_name"": ""성남지역대"", ""target_region_id"": ""REG014"", ""target_region_name"": ""성남면""}, {""policy"": ""ambulance_new_base"", ""target_id"": ""REG010"", ""target_name"": ""광덕면"", ""target_region_id"": ""REG010"", ""target_region_name"": ""광덕면""}]"
465,42,0.13228396724043837,0.0659606193945719,5.422903225806452,11.594193548387098,17.017096774193547,5.967992965754759,13.264578960621222,19.23257192637598,11.18,29.62,"[5, 18, 1]","[{""policy"": ""ambulance_existing"", ""target_id"": ""EMS006"", ""target_name"": ""청당119안전센터"", ""target_region_id"": ""REG009"", ""target_region_name"": ""청룡동""}, {""policy"": ""ambulance_new_base"", ""target_id"": ""REG003"", ""target_name"": ""신방동"", ""target_region_id"": ""REG003"", ""target_region_name"": ""신방동""}, {""policy"": ""ambulance_existing"", ""target_id"": ""EMS002"", ""target_name"": ""독립119안전센터"", ""target_region_id"": ""REG017"", ""target_region_name"": ""목천읍""}]"
466,42,0.16150234260742552,0.0461916173658476,5.422903225806452,11.519141813354748,16.942045039161197,5.967992965754759,13.215591583225512,19.183584548980267,11.18,29.62,"[18, 9, 42]","[{""policy"": ""ambulance_new_base"", ""target_id"": ""REG003"", ""target_name"": ""신방동"", ""target_region_id"": ""REG003"", ""target_region_name"": ""신방동""}, {""policy"": ""ambulance_existing"", ""target_id"": ""EMS010"", ""target_name"": ""불당119안전센터"", ""target_region_id"": ""REG022"", ""target_region_name"": ""불당2동""}, {""policy"": ""hospital_upgrade"", ""target_id"": ""JDQ4MTYyMiM2MSMkMSMkMiMkOTkkMzgxMzUxIzIxIyQxIyQ1IyQ5OSQzNjEyMjIjNjEjJDEjJDQjJDgz"", ""target_name"": ""천안다나힐병원"", ""target_region_id"": null, ""target_region_name"": null}]"
467,42,0.2966839402387071,0.0129164677175479,5.599677419354838,11.138559464269987,16.73823688362483,6.034316313600623,12.980811488100068,19.015127801700686,11.18,29.62,"[3, 45, 14]","[{""policy"": ""ambulance_existing"", ""target_id"": ""EMS004"", ""target_name"": ""북면지역대"", ""target_region_id"": ""REG013"", ""target_region_name"": ""북면""}, {""policy"": ""hospital_upgrade"", ""target_id"": ""JDQ4MTYyMiM2MSMkMSMkMiMkOTkkMzgxMzUxIzIxIyQxIyQxIyQ3MiQzNjE4MzIjODEjJDEjJDYjJDgz"", ""target_name"": ""삼성스카이병원"", ""target_region_id"": null, ""target_region_name"": null}, {""policy"": ""ambulance_existing"", ""target_id"": ""EMS015"", ""target_name"": ""입장119안전센터"", ""target_region_id"": ""REG028"", ""target_region_name"": ""입장면""}]"
468,42,1.2452657722916562,0.0,5.012656550901889,11.013231528881516,16.025888079783407,5.154397990286778,12.899231511643416,18.05362950193019,11.18,29.62,"[24, 44, 28]","[{""policy"": ""ambulance_new_base"", ""target_id"": ""REG011"", ""target_name"": ""동면"", ""target_region_id"": ""REG011"", ""target_region_name"": ""동면""}, {""policy"": ""hospital_upgrade"", ""target_id"": ""JDQ4MTYyMiM2MSMkMSMkMiMkOTkkMzgxMzUxIzIxIyQxIyQxIyQ3MiQyNjE0ODEjNDEjJDEjJDgjJDgz"", ""target_name"": ""천안재활병원"", ""target_region_id"": null, ""target_region_name"": null}, {""policy"": ""ambulance_new_base"", ""target_id"": ""REG020"", ""target_name"": ""부성2동"", ""target_region_id"": ""REG020"", ""target_region_name"": ""부성2동""}]"
469,42,0.8223487025697267,0.0,4.7658581157090065,11.594193548387098,16.360051664096105,5.211967611030898,13.264578960621222,18.47654657165212,11.18,29.62,"[22, 20, 29]","[{""policy"": ""ambulance_new_base"", ""target_id"": ""REG008"", ""target_name"": ""중앙동"", ""target_region_id"": ""REG008"", ""target_region_name"": ""중앙동""}, {""policy"": ""ambulance_new_base"", ""target_id"": ""REG005"", ""target_name"": ""원성1동"", ""target_region_id"": ""REG005"", ""target_region_name"": ""원성1동""}, {""policy"": ""ambulance_new_base"", ""target_id"": ""REG021"", ""target_name"": ""불당1동"", ""target_region_id"": ""REG021"", ""target_region_name"": ""불당1동""}]"
470,42,0.7769378950250608,6.036187032550563e-05,5.284148661359985,10.914895644369402,16.19904430572939,5.784166068643291,12.73785167242382,18.52201774106711,11.18,29.62,"[40, 17, 13]","[{""policy"": ""hospital_upgrade"", ""target_id"": ""JDQ4MTYyMiM2MSMkMSMkMiMkOTkkMzgxMzUxIzIxIyQxIyQ1IyQ4OSQyNjE4MzIjNTEjJDEjJDYjJDgz"", ""target_name"": ""아이본병원"", ""target_region_id"": null, ""target_region_name"": null}, {""policy"": ""ambulance_new_base"", ""target_id"": ""REG002"", ""target_name"": ""봉명동"", ""target_region_id"": ""REG002"", ""target_region_name"": ""봉명동""}, {""policy"": ""ambulance_existing"", ""target_id"": ""EMS014"", ""target_name"": ""쌍용119안전센터"", ""target_region_id"": ""REG026"", ""target_region_name"": ""쌍용2동""}]"
471,42,0.973563752668479,0.0,5.36265655090189,10.708886647931475,16.071543198833364,5.746462939276316,12.578868582277051,18.325331521553366,11.18,29.62,"[38, 28, 39]","[{""policy"": ""hospital_upgrade"", ""target_id"": ""JDQ4MTYyMiM2MSMkMSMkMiMkOTkkMzgxMzUxIzIxIyQxIyQ1IyQ3OSQzNjE4MzIjODEjJDEjJDYjJDgz"", ""target_name"": ""앙즈로여성병원"", ""target_region_id"": null, ""target_region_name"": null}, {""policy"": ""ambulance_new_base"", ""target_id"": ""REG020"", ""target_name"": ""부성2동"", ""target_region_id"": ""REG020"", ""target_region_name"": ""부성2동""}, {""policy"": ""hospital_upgrade"", ""target_id"": ""JDQ4MTYyMiM2MSMkMSMkMiMkOTkkMzgxMzUxIzIxIyQxIyQ1IyQ4OSQ0NjEwMDIjNTEjJDEjJDIjJDgz"", ""target_name"": ""천안리턴병원"", ""target_region_id"": null, ""target_region_name"": null}]"
472,42,0.42219713788936486,0.0097741241179697,5.053085065755446,11.594193548387098,16.647278614142543,5.621893299829232,13.264578960621222,18.88647226045045,11.18,29.62,"[11, 19, 21]","[{""policy"": ""ambulance_existing"", ""target_id"": ""EMS012"", ""target_name"": ""성거119안전센터"", ""target_region_id"": ""REG029"", ""target_region_name"": ""성거읍""}, {""policy"": ""ambulance_new_base"", ""target_id"": ""REG004"", ""target_name"": ""신안동"", ""target_region_id"": ""REG004"", ""target_region_name"": ""신안동""}, {""policy"": ""ambulance_new_base"", ""target_id"": ""REG007"", ""target_name"": ""일봉동"", ""target_region_id"": ""REG007"", ""target_region_name"": ""일봉동""}]"
473,42,0.7730548767113525,0.0,5.599677419354838,10.471243217995347,16.07092063735019,6.034316313600623,12.491524083909873,18.525840397510493,11.18,29.62,"[51, 39, 33]","[{""policy"": ""hospital_upgrade"", ""target_id"": ""JDQ4MTYyMiM2MSMkMSMkMiMkOTkkMzgxMzUxIzIxIyQxIyQxIyQwMyQyNjE4MzIjODEjJDEjJDIjJDgz"", ""target_name"": ""서울대정병원"", ""target_region_id"": null, ""target_region_name"": null}, {""policy"": ""hospital_upgrade"", ""target_id"": ""JDQ4MTYyMiM2MSMkMSMkMiMkOTkkMzgxMzUxIzIxIyQxIyQ1IyQ4OSQ0NjEwMDIjNTEjJDEjJDIjJDgz"", ""target_name"": ""천안리턴병원"", ""target_region_id"": null, ""target_region_name"": null}, {""policy"": ""hospital_upgrade"", ""target_id"": ""JDQ4MTYyMiM2MSMkMSMkMiMkOTkkMzgxMzUxIzExIyQxIyQ3IyQ5OSQ0NjE0ODEjODEjJDEjJDYjJDgz"", ""target_name"": ""예일병원"", ""target_region_id"": null, ""target_region_name"": null}]"
474,42,0.30058969434200206,0.0504394493846662,5.284148661359985,11.594193548387098,16.878342209747085,5.784166068643291,13.264578960621222,19.04874502926451,11.18,29.62,"[17, 9, 4]","[{""policy"": ""ambulance_new_base"", ""target_id"": ""REG002"", ""target_name"": ""봉명동"", ""target_region_id"": ""REG002"", ""target_region_name"": ""봉명동""}, {""policy"": ""ambulance_existing"", ""target_id"": ""EMS010"", ""target_name"": ""불당119안전센터"", ""target_region_id"": ""REG022"", ""target_region_name"": ""불당2동""}, {""policy"": ""ambulance_existing"", ""target_id"": ""EMS005"", ""target_name"": ""성남지역대"", ""target_region_id"": ""REG014"", ""target_region_name"": ""성남면""}]"
475,42,0.5976753101571177,0.0394362709980947,5.599677419354838,10.860143321295778,16.459820740650617,6.034316313600623,12.706339921462204,18.740656235062822,11.18,29.62,"[2, 3, 43]","[{""policy"": ""ambulance_existing"", ""target_id"": ""EMS003"", ""target_name"": ""병천119안전센터"", ""target_region_id"": ""REG012"", ""target_region_name"": ""병천면""}, {""policy"": ""ambulance_existing"", ""target_id"": ""EMS004"", ""target_name"": ""북면지역대"", ""target_region_id"": ""REG013"", ""target_region_name"": ""북면""}, {""policy"": ""hospital_upgrade"", ""target_id"": ""JDQ4MTYyMiM2MSMkMSMkMiMkOTkkMzgxMzUxIzIxIyQxIyQxIyQ2MiQ0NjE0ODEjNDEjJDEjJDQjJDgz"", ""target_name"": ""연세나무병원"", ""target_region_id"": null, ""target_region_name"": null}]"
476,42,0.7994095211264567,0.0222105191482742,5.599677419354838,10.507843211080171,16.10752063043501,6.034316313600623,12.487379958643041,18.521696272243663,11.18,29.62,"[51, 45, 7]","[{""policy"": ""hospital_upgrade"", ""target_id"": ""JDQ4MTYyMiM2MSMkMSMkMiMkOTkkMzgxMzUxIzIxIyQxIyQxIyQwMyQyNjE4MzIjODEjJDEjJDIjJDgz"", ""target_name"": ""서울대정병원"", ""target_region_id"": null, ""target_region_name"": null}, {""policy"": ""hospital_upgrade"", ""target_id"": ""JDQ4MTYyMiM2MSMkMSMkMiMkOTkkMzgxMzUxIzIxIyQxIyQxIyQ3MiQzNjE4MzIjODEjJDEjJDYjJDgz"", ""target_name"": ""삼성스카이병원"", ""target_region_id"": null, ""target_region_name"": null}, {""policy"": ""ambulance_existing"", ""target_id"": ""EMS008"", ""target_name"": ""119구조구급센터119안전센터"", ""target_region_id"": ""REG031"", ""target_region_name"": ""직산읍""}]"
477,42,0.7450005831479682,0.0461916173658476,5.398709677419355,11.033865820568307,16.43257549798766,5.74164618396257,12.858440124477161,18.600086308439725,11.18,29.62,"[49, 9, 23]","[{""policy"": ""hospital_upgrade"", ""target_id"": ""JDQ4MTYyMiM2MSMkMSMkMiMkOTkkMzgxMzUxIzIxIyQxIyQxIyQ5MiQyNjEwMDIjNjEjJDEjJDAjJDgz"", ""target_name"": ""두정이진병원"", ""target_region_id"": null, ""target_region_name"": null}, {""policy"": ""ambulance_existing"", ""target_id"": ""EMS010"", ""target_name"": ""불당119안전센터"", ""target_region_id"": ""REG022"", ""target_region_name"": ""불당2동""}, {""policy"": ""ambulance_new_base"", ""target_id"": ""REG010"", ""target_name"": ""광덕면"", ""target_region_id"": ""REG010"", ""target_region_name"": ""광덕면""}]"
478,42,0.9040061876209364,0.0,5.599677419354838,10.40350506215202,16.003182481506858,6.034316313600623,12.360572773000285,18.39488908660091,11.18,29.62,"[45, 50, 52]","[{""policy"": ""hospital_upgrade"", ""target_id"": ""JDQ4MTYyMiM2MSMkMSMkMiMkOTkkMzgxMzUxIzIxIyQxIyQxIyQ3MiQzNjE4MzIjODEjJDEjJDYjJDgz"", ""target_name"": ""삼성스카이병원"", ""target_region_id"": null, ""target_region_name"": null}, {""policy"": ""hospital_upgrade"", ""target_id"": ""JDQ4MTYyMiM2MSMkMSMkMiMkOTkkMzgxMzUxIzIxIyQxIyQxIyQwMyQyNjE0ODEjNTEjJDEjJDYjJDgz"", ""target_name"": ""천안21세기병원"", ""target_region_id"": null, ""target_region_name"": null}, {""policy"": ""hospital_upgrade"", ""target_id"": ""JDQ4MTYyMiM2MSMkMSMkMiMkOTkkMzgxMzUxIzIxIyQxIyQxIyQxMyQyNjEyMjIjNzEjJDEjJDgjJDgz"", ""target_name"": ""SG삼성조은병원"", ""target_region_id"": null, ""target_region_name"": null}]"
479,42,0.588778195238621,0.0222107429571171,5.398709677419355,11.098534409726106,16.49724408714546,5.74164618396257,12.990681637977776,18.73232782194034,11.18,29.62,"[10, 33, 23]","[{""policy"": ""ambulance_existing"", ""target_id"": ""EMS011"", ""target_name"": ""서부119안전센터"", ""target_region_id"": ""REG023"", ""target_region_name"": ""성정1동""}, {""policy"": ""hospital_upgrade"", ""target_id"": ""JDQ4MTYyMiM2MSMkMSMkMiMkOTkkMzgxMzUxIzExIyQxIyQ3IyQ5OSQ0NjE0ODEjODEjJDEjJDYjJDgz"", ""target_name"": ""예일병원"", ""target_region_id"": null, ""target_region_name"": null}, {""policy"": ""ambulance_new_base"", ""target_id"": ""REG010"", ""target_name"": ""광덕면"", ""target_region_id"": ""REG010"", ""target_region_name"": ""광덕면""}]"
480,42,0.7512568015109375,0.0343390146912308,5.599677419354838,10.796819807799562,16.3964972271544,6.034316313600623,12.547661173801513,18.58197748740214,11.18,29.62,"[15, 50, 34]","[{""policy"": ""ambulance_existing"", ""target_id"": ""EMS016"", ""target_name"": ""직산119안전센터"", ""target_region_id"": ""REG031"", ""target_region_name"": ""직산읍""}, {""policy"": ""hospital_upgrade"", ""target_id"": ""JDQ4MTYyMiM2MSMkMSMkMiMkOTkkMzgxMzUxIzIxIyQxIyQxIyQwMyQyNjE0ODEjNTEjJDEjJDYjJDgz"", ""target_name"": ""천안21세기병원"", ""target_region_id"": null, ""target_region_name"": null}, {""policy"": ""hospital_upgrade"", ""target_id"": ""JDQ4MTYyMiM2MSMkMSMkMiMkOTkkMzgxMzUxIzExIyQyIyQ3IyQwMCQ0NjE0ODEjNjEjJDEjJDgjJDgz"", ""target_name"": ""천안우리병원"", ""target_region_id"": null, ""target_region_name"": null}]"
481,42,0.7353579227346824,0.0013755227968207,5.265170274394114,10.914895644369402,16.180065918763518,5.8270612018601655,12.73785167242382,18.564912874283984,11.18,29.62,"[40, 0, 30]","[{""policy"": ""hospital_upgrade"", ""target_id"": ""JDQ4MTYyMiM2MSMkMSMkMiMkOTkkMzgxMzUxIzIxIyQxIyQ1IyQ4OSQyNjE4MzIjNTEjJDEjJDYjJDgz"", ""target_name"": ""아이본병원"", ""target_region_id"": null, ""target_region_name"": null}, {""policy"": ""ambulance_existing"", ""target_id"": ""EMS001"", ""target_name"": ""119구조구급센터119안전센터"", ""target_region_id"": ""REG006"", ""target_region_name"": ""원성2동""}, {""policy"": ""ambulance_new_base"", ""target_id"": ""REG025"", ""target_name"": ""쌍용1동"", ""target_region_id"": ""REG025"", ""target_region_name"": ""쌍용1동""}]"
482,42,0.7892757081266879,0.0,5.3432258064516125,10.813555326452196,16.156781132903806,5.838491576775618,12.671127989319542,18.509619566095157,11.18,29.62,"[38, 43, 19]","[{""policy"": ""hospital_upgrade"", ""target_id"": ""JDQ4MTYyMiM2MSMkMSMkMiMkOTkkMzgxMzUxIzIxIyQxIyQ1IyQ3OSQzNjE4MzIjODEjJDEjJDYjJDgz"", ""target_name"": ""앙즈로여성병원"", ""target_region_id"": null, ""target_region_name"": null}, {""policy"": ""hospital_upgrade"", ""target_id"": ""JDQ4MTYyMiM2MSMkMSMkMiMkOTkkMzgxMzUxIzIxIyQxIyQxIyQ2MiQ0NjE0ODEjNDEjJDEjJDQjJDgz"", ""target_name"": ""연세나무병원"", ""target_region_id"": null, ""target_region_name"": null}, {""policy"": ""ambulance_new_base"", ""target_id"": ""REG004"", ""target_name"": ""신안동"", ""target_region_id"": ""REG004"", ""target_region_name"": ""신안동""}]"
483,42,0.6778834439982173,0.0348470509038332,5.295483870967741,11.08868306517315,16.38416693614089,5.8214151748001814,12.834443706327281,18.65585888112746,11.18,29.62,"[50, 27, 2]","[{""policy"": ""hospital_upgrade"", ""target_id"": ""JDQ4MTYyMiM2MSMkMSMkMiMkOTkkMzgxMzUxIzIxIyQxIyQxIyQwMyQyNjE0ODEjNTEjJDEjJDYjJDgz"", ""target_name"": ""천안21세기병원"", ""target_region_id"": null, ""target_region_name"": null}, {""policy"": ""ambulance_new_base"", ""target_id"": ""REG019"", ""target_name"": ""부성1동"", ""target_region_id"": ""REG019"", ""target_region_name"": ""부성1동""}, {""policy"": ""ambulance_existing"", ""target_id"": ""EMS003"", ""target_name"": ""병천119안전센터"", ""target_region_id"": ""REG012"", ""target_region_name"": ""병천면""}]"
484,42,0.7929550066220209,0.0083272476232864,5.239032258064516,11.346236395124912,16.58526865318943,5.438138036909479,13.076129478313634,18.51426751522311,10.85,29.62,"[32, 14, 25]","[{""policy"": ""hospital_upgrade"", ""target_id"": ""JDQ4MTYyMiM2MSMkMSMkMiMkOTkkMzgxMzUxIzExIyQxIyQ3IyQ4OSQzNjE0ODEjODEjJDEjJDYjJDgz"", ""target_name"": ""새로나병원"", ""target_region_id"": null, ""target_region_name"": null}, {""policy"": ""ambulance_existing"", ""target_id"": ""EMS015"", ""target_name"": ""입장119안전센터"", ""target_region_id"": ""REG028"", ""target_region_name"": ""입장면""}, {""policy"": ""ambulance_new_base"", ""target_id"": ""REG015"", ""target_name"": ""수신면"", ""target_region_id"": ""REG015"", ""target_region_name"": ""수신면""}]"
485,42,0.57630003207698,0.04957274387957341,5.599677419354838,10.914895644369402,16.514573063724242,6.034316313600623,12.73785167242382,18.77216798602444,11.18,29.62,"[40, 13, 5]","[{""policy"": ""hospital_upgrade"", ""target_id"": ""JDQ4MTYyMiM2MSMkMSMkMiMkOTkkMzgxMzUxIzIxIyQxIyQ1IyQ4OSQyNjE4MzIjNTEjJDEjJDYjJDgz"", ""target_name"": ""아이본병원"", ""target_region_id"": null, ""target_region_name"": null}, {""policy"": ""ambulance_existing"", ""target_id"": ""EMS014"", ""target_name"": ""쌍용119안전센터"", ""target_region_id"": ""REG026"", ""target_region_name"": ""쌍용2동""}, {""policy"": ""ambulance_existing"", ""target_id"": ""EMS006"", ""target_name"": ""청당119안전센터"", ""target_region_id"": ""REG009"", ""target_region_name"": ""청룡동""}]"
486,42,0.3556268039877347,0.0001882362364812,5.132733556990983,11.594193548387098,16.72692710537808,5.678877745849372,13.264578960621222,18.94345670647059,11.18,29.62,"[8, 29, 20]","[{""policy"": ""ambulance_existing"", ""target_id"": ""EMS009"", ""target_name"": ""두정119안전센터"", ""target_region_id"": ""REG024"", ""target_region_name"": ""성정2동""}, {""policy"": ""ambulance_new_base"", ""target_id"": ""REG021"", ""target_name"": ""불당1동"", ""target_region_id"": ""REG021"", ""target_region_name"": ""불당1동""}, {""policy"": ""ambulance_new_base"", ""target_id"": ""REG005"", ""target_name"": ""원성1동"", ""target_region_id"": ""REG005"", ""target_region_name"": ""원성1동""}]"
487,42,0.2437780319779154,0.0308768931774718,5.295483870967741,11.594193548387098,16.88967741935484,5.8214151748001814,13.264578960621222,19.0859941354214,11.18,29.62,"[27, 8, 6]","[{""policy"": ""ambulance_new_base"", ""target_id"": ""REG019"", ""target_name"": ""부성1동"", ""target_region_id"": ""REG019"", ""target_region_name"": ""부성1동""}, {""policy"": ""ambulance_existing"", ""target_id"": ""EMS009"", ""target_name"": ""두정119안전센터"", ""target_region_id"": ""REG024"", ""target_region_name"": ""성정2동""}, {""policy"": ""ambulance_existing"", ""target_id"": ""EMS007"", ""target_name"": ""풍세119안전센터"", ""target_region_id"": ""REG016"", ""target_region_name"": ""풍세면""}]"
488,42,0.7346393081137954,0.0,5.342699713174523,10.642672413101543,15.985372126276069,5.860800250783288,12.703455715324765,18.56425596610805,11.18,29.62,"[33, 29, 36]","[{""policy"": ""hospital_upgrade"", ""target_id"": ""JDQ4MTYyMiM2MSMkMSMkMiMkOTkkMzgxMzUxIzExIyQxIyQ3IyQ5OSQ0NjE0ODEjODEjJDEjJDYjJDgz"", ""target_name"": ""예일병원"", ""target_region_id"": null, ""target_region_name"": null}, {""policy"": ""ambulance_new_base"", ""target_id"": ""REG021"", ""target_name"": ""불당1동"", ""target_region_id"": ""REG021"", ""target_region_name"": ""불당1동""}, {""policy"": ""hospital_upgrade"", ""target_id"": ""JDQ4MTYyMiM2MSMkMSMkMiMkOTkkMzgxMzUxIzIxIyQxIyQ1IyQ2MiQzNjE4MzIjODEjJDEjJDIjJDgz"", ""target_name"": ""돋움병원"", ""target_region_id"": null, ""target_region_name"": null}]"
489,42,0.33945747614568617,0.0013755227968207,5.422903225806452,11.101640188418845,16.524543414225295,5.967992965754759,12.992820355118223,18.96081332087298,11.18,29.62,"[53, 0, 18]","[{""policy"": ""hospital_upgrade"", ""target_id"": ""JDQ4MTYyMiM2MSMkMSMkMiMkOTkkMzgxMzUxIzIxIyQyIyQ1IyQwMCQyNjEwMDIjNDEjJDEjJDgjJDgz"", ""target_name"": ""이화병원"", ""target_region_id"": null, ""target_region_name"": null}, {""policy"": ""ambulance_existing"", ""target_id"": ""EMS001"", ""target_name"": ""119구조구급센터119안전센터"", ""target_region_id"": ""REG006"", ""target_region_name"": ""원성2동""}, {""policy"": ""ambulance_new_base"", ""target_id"": ""REG003"", ""target_name"": ""신방동"", ""target_region_id"": ""REG003"", ""target_region_name"": ""신방동""}]"
490,42,0.9064591182221058,0.0,5.599677419354838,10.394232339268981,15.993909758623822,6.034316313600623,12.358119842399116,18.39243615599974,11.18,29.62,"[40, 46, 34]","[{""policy"": ""hospital_upgrade"", ""target_id"": ""JDQ4MTYyMiM2MSMkMSMkMiMkOTkkMzgxMzUxIzIxIyQxIyQ1IyQ4OSQyNjE4MzIjNTEjJDEjJDYjJDgz"", ""target_name"": ""아이본병원"", ""target_region_id"": null, ""target_region_name"": null}, {""policy"": ""hospital_upgrade"", ""target_id"": ""JDQ4MTYyMiM2MSMkMSMkMiMkOTkkMzgxMzUxIzIxIyQxIyQxIyQ3OSQyNjEyMjIjNDEjJDEjJDgjJDgz"", ""target_name"": ""우리척병원"", ""target_region_id"": null, ""target_region_name"": null}, {""policy"": ""hospital_upgrade"", ""target_id"": ""JDQ4MTYyMiM2MSMkMSMkMiMkOTkkMzgxMzUxIzExIyQyIyQ3IyQwMCQ0NjE0ODEjNjEjJDEjJDgjJDgz"", ""target_name"": ""천안우리병원"", ""target_region_id"": null, ""target_region_name"": null}]"
491,42,0.8195625613582044,0.0495123820092479,5.599677419354838,10.60536420753922,16.205041626894058,6.034316313600623,12.494528781272265,18.52884509487289,11.18,29.62,"[43, 5, 47]","[{""policy"": ""hospital_upgrade"", ""target_id"": ""JDQ4MTYyMiM2MSMkMSMkMiMkOTkkMzgxMzUxIzIxIyQxIyQxIyQ2MiQ0NjE0ODEjNDEjJDEjJDQjJDgz"", ""target_name"": ""연세나무병원"", ""target_region_id"": null, ""target_region_name"": null}, {""policy"": ""ambulance_existing"", ""target_id"": ""EMS006"", ""target_name"": ""청당119안전센터"", ""target_region_id"": ""REG009"", ""target_region_name"": ""청룡동""}, {""policy"": ""hospital_upgrade"", ""target_id"": ""JDQ4MTYyMiM2MSMkMSMkMiMkOTkkMzgxMzUxIzIxIyQxIyQxIyQ4OSQ0NjE0ODEjODEjJDEjJDIjJDgz"", ""target_name"": ""서울우리병원"", ""target_region_id"": null, ""target_region_name"": null}]"
492,42,1.3010146252539485,0.0,5.249677419354838,10.676082023976006,15.925759443330845,5.442251364611085,12.555629284356812,17.997880648967897,11.18,29.62,"[50, 24, 44]","[{""policy"": ""hospital_upgrade"", ""target_id"": ""JDQ4MTYyMiM2MSMkMSMkMiMkOTkkMzgxMzUxIzIxIyQxIyQxIyQwMyQyNjE0ODEjNTEjJDEjJDYjJDgz"", ""target_name"": ""천안21세기병원"", ""target_region_id"": null, ""target_region_name"": null}, {""policy"": ""ambulance_new_base"", ""target_id"": ""REG011"", ""target_name"": ""동면"", ""target_region_id"": ""REG011"", ""target_region_name"": ""동면""}, {""policy"": ""hospital_upgrade"", ""target_id"": ""JDQ4MTYyMiM2MSMkMSMkMiMkOTkkMzgxMzUxIzIxIyQxIyQxIyQ3MiQyNjE0ODEjNDEjJDEjJDgjJDgz"", ""target_name"": ""천안재활병원"", ""target_region_id"": null, ""target_region_name"": null}]"
493,42,0.8561026457664468,0.0097741241179697,4.923503500069663,11.594193548387098,16.51769704845676,5.187987791952148,13.264578960621222,18.452566752573368,10.85,29.62,"[25, 17, 11]","[{""policy"": ""ambulance_new_base"", ""target_id"": ""REG015"", ""target_name"": ""수신면"", ""target_region_id"": ""REG015"", ""target_region_name"": ""수신면""}, {""policy"": ""ambulance_new_base"", ""target_id"": ""REG002"", ""target_name"": ""봉명동"", ""target_region_id"": ""REG002"", ""target_region_name"": ""봉명동""}, {""policy"": ""ambulance_existing"", ""target_id"": ""EMS012"", ""target_name"": ""성거119안전센터"", ""target_region_id"": ""REG029"", ""target_region_name"": ""성거읍""}]"
494,42,0.40432987816927113,0.0565497576483479,5.599677419354838,11.055870298914312,16.65554771826915,6.034316313600623,12.916798840100302,18.951115153700922,11.18,29.62,"[15, 36, 10]","[{""policy"": ""ambulance_existing"", ""target_id"": ""EMS016"", ""target_name"": ""직산119안전센터"", ""target_region_id"": ""REG031"", ""target_region_name"": ""직산읍""}, {""policy"": ""hospital_upgrade"", ""target_id"": ""JDQ4MTYyMiM2MSMkMSMkMiMkOTkkMzgxMzUxIzIxIyQxIyQ1IyQ2MiQzNjE4MzIjODEjJDEjJDIjJDgz"", ""target_name"": ""돋움병원"", ""target_region_id"": null, ""target_region_name"": null}, {""policy"": ""ambulance_existing"", ""target_id"": ""EMS011"", ""target_name"": ""서부119안전센터"", ""target_region_id"": ""REG023"", ""target_region_name"": ""성정1동""}]"
495,42,0.7876443817787232,0.0495123820092479,5.232801978072861,11.102009947137324,16.33481192521019,5.567406178782148,12.993357095670223,18.56076327445237,11.18,29.62,"[5, 22, 46]","[{""policy"": ""ambulance_existing"", ""target_id"": ""EMS006"", ""target_name"": ""청당119안전센터"", ""target_region_id"": ""REG009"", ""target_region_name"": ""청룡동""}, {""policy"": ""ambulance_new_base"", ""target_id"": ""REG008"", ""target_name"": ""중앙동"", ""target_region_id"": ""REG008"", ""target_region_name"": ""중앙동""}, {""policy"": ""hospital_upgrade"", ""target_id"": ""JDQ4MTYyMiM2MSMkMSMkMiMkOTkkMzgxMzUxIzIxIyQxIyQxIyQ3OSQyNjEyMjIjNDEjJDEjJDgjJDgz"", ""target_name"": ""우리척병원"", ""target_region_id"": null, ""target_region_name"": null}]"
496,42,0.47569103311267996,0.0461916173658476,5.005343130271574,11.594193548387098,16.59953667865867,5.604816897853794,13.264578960621222,18.869395858475013,11.18,29.62,"[27, 9, 21]","[{""policy"": ""ambulance_new_base"", ""target_id"": ""REG019"", ""target_name"": ""부성1동"", ""target_region_id"": ""REG019"", ""target_region_name"": ""부성1동""}, {""policy"": ""ambulance_existing"", ""target_id"": ""EMS010"", ""target_name"": ""불당119안전센터"", ""target_region_id"": ""REG022"", ""target_region_name"": ""불당2동""}, {""policy"": ""ambulance_new_base"", ""target_id"": ""REG007"", ""target_name"": ""일봉동"", ""target_region_id"": ""REG007"", ""target_region_name"": ""일봉동""}]"
497,42,0.602080361036494,0.0461916173658476,5.599677419354838,10.644824573513601,16.244501992868443,6.034316313600623,12.708690216950579,18.7430065305512,11.18,29.62,"[45, 9, 33]","[{""policy"": ""hospital_upgrade"", ""target_id"": ""JDQ4MTYyMiM2MSMkMSMkMiMkOTkkMzgxMzUxIzIxIyQxIyQxIyQ3MiQzNjE4MzIjODEjJDEjJDYjJDgz"", ""target_name"": ""삼성스카이병원"", ""target_region_id"": null, ""target_region_name"": null}, {""policy"": ""ambulance_existing"", ""target_id"": ""EMS010"", ""target_name"": ""불당119안전센터"", ""target_region_id"": ""REG022"", ""target_region_name"": ""불당2동""}, {""policy"": ""hospital_upgrade"", ""target_id"": ""JDQ4MTYyMiM2MSMkMSMkMiMkOTkkMzgxMzUxIzExIyQxIyQ3IyQ5OSQ0NjE0ODEjODEjJDEjJDYjJDgz"", ""target_name"": ""예일병원"", ""target_region_id"": null, ""target_region_name"": null}]"
498,42,0.13684407302716026,0.07052072518129379,5.422903225806452,11.594193548387098,17.017096774193547,5.967992965754759,13.264578960621222,19.23257192637598,11.18,29.62,"[2, 18, 12]","[{""policy"": ""ambulance_existing"", ""target_id"": ""EMS003"", ""target_name"": ""병천119안전센터"", ""target_region_id"": ""REG012"", ""target_region_name"": ""병천면""}, {""policy"": ""ambulance_new_base"", ""target_id"": ""REG003"", ""target_name"": ""신방동"", ""target_region_id"": ""REG003"", ""target_region_name"": ""신방동""}, {""policy"": ""ambulance_existing"", ""target_id"": ""EMS013"", ""target_name"": ""성환119안전센터"", ""target_region_id"": ""REG030"", ""target_region_name"": ""성환읍""}]"
499,42,0.6886127468745556,0.0083272476232864,5.284148661359985,11.08868306517315,16.37283172653314,5.784166068643291,12.834443706327281,18.618609774970576,11.18,29.62,"[50, 17, 14]","[{""policy"": ""hospital_upgrade"", ""target_id"": ""JDQ4MTYyMiM2MSMkMSMkMiMkOTkkMzgxMzUxIzIxIyQxIyQxIyQwMyQyNjE0ODEjNTEjJDEjJDYjJDgz"", ""target_name"": ""천안21세기병원"", ""target_region_id"": null, ""target_region_name"": null}, {""policy"": ""ambulance_new_base"", ""target_id"": ""REG002"", ""target_name"": ""봉명동"", ""target_region_id"": ""REG002"", ""target_region_name"": ""봉명동""}, {""policy"": ""ambulance_existing"", ""target_id"": ""EMS015"", ""target_name"": ""입장119안전센터"", ""target_region_id"": ""REG028"", ""target_region_name"": ""입장면""}]"
500,42,0.5381072897135969,0.0222107429571171,5.599677419354838,10.93531963982868,16.53499705918352,6.034316313600623,12.748682413864744,18.782998727465365,11.18,29.62,"[47, 42, 10]","[{""policy"": ""hospital_upgrade"", ""target_id"": ""JDQ4MTYyMiM2MSMkMSMkMiMkOTkkMzgxMzUxIzIxIyQxIyQxIyQ4OSQ0NjE0ODEjODEjJDEjJDIjJDgz"", ""target_name"": ""서울우리병원"", ""target_region_id"": null, ""target_region_name"": null}, {""policy"": ""hospital_upgrade"", ""target_id"": ""JDQ4MTYyMiM2MSMkMSMkMiMkOTkkMzgxMzUxIzIxIyQxIyQ1IyQ5OSQzNjEyMjIjNjEjJDEjJDQjJDgz"", ""target_name"": ""천안다나힐병원"", ""target_region_id"": null, ""target_region_name"": null}, {""policy"": ""ambulance_existing"", ""target_id"": ""EMS011"", ""target_name"": ""서부119안전센터"", ""target_region_id"": ""REG023"", ""target_region_name"": ""성정1동""}]"
501,42,0.7392704300239791,0.0495123820092479,5.599677419354838,10.626367224523342,16.226044643878183,6.034316313600623,12.574820912606496,18.609137226207114,11.18,29.62,"[5, 40, 36]","[{""policy"": ""ambulance_existing"", ""target_id"": ""EMS006"", ""target_name"": ""청당119안전센터"", ""target_region_id"": ""REG009"", ""target_region_name"": ""청룡동""}, {""policy"": ""hospital_upgrade"", ""target_id"": ""JDQ4MTYyMiM2MSMkMSMkMiMkOTkkMzgxMzUxIzIxIyQxIyQ1IyQ4OSQyNjE4MzIjNTEjJDEjJDYjJDgz"", ""target_name"": ""아이본병원"", ""target_region_id"": null, ""target_region_name"": null}, {""policy"": ""hospital_upgrade"", ""target_id"": ""JDQ4MTYyMiM2MSMkMSMkMiMkOTkkMzgxMzUxIzIxIyQxIyQ1IyQ2MiQzNjE4MzIjODEjJDEjJDIjJDgz"", ""target_name"": ""돋움병원"", ""target_region_id"": null, ""target_region_name"": null}]"
502,42,0.9154746536422321,0.0495123820092479,5.249677419354838,11.098534409726106,16.348211829080945,5.442251364611085,12.990681637977776,18.43293300258886,11.18,29.62,"[33, 5, 24]","[{""policy"": ""hospital_upgrade"", ""target_id"": ""JDQ4MTYyMiM2MSMkMSMkMiMkOTkkMzgxMzUxIzExIyQxIyQ3IyQ5OSQ0NjE0ODEjODEjJDEjJDYjJDgz"", ""target_name"": ""예일병원"", ""target_region_id"": null, ""target_region_name"": null}, {""policy"": ""ambulance_existing"", ""target_id"": ""EMS006"", ""target_name"": ""청당119안전센터"", ""target_region_id"": ""REG009"", ""target_region_name"": ""청룡동""}, {""policy"": ""ambulance_new_base"", ""target_id"": ""REG011"", ""target_name"": ""동면"", ""target_region_id"": ""REG011"", ""target_region_name"": ""동면""}]"
503,42,0.7994097449352996,0.0222107429571171,5.599677419354838,10.507843211080171,16.10752063043501,6.034316313600623,12.487379958643041,18.521696272243663,11.18,29.62,"[45, 10, 51]","[{""policy"": ""hospital_upgrade"", ""target_id"": ""JDQ4MTYyMiM2MSMkMSMkMiMkOTkkMzgxMzUxIzIxIyQxIyQxIyQ3MiQzNjE4MzIjODEjJDEjJDYjJDgz"", ""target_name"": ""삼성스카이병원"", ""target_region_id"": null, ""target_region_name"": null}, {""policy"": ""ambulance_existing"", ""target_id"": ""EMS011"", ""target_name"": ""서부119안전센터"", ""target_region_id"": ""REG023"", ""target_region_name"": ""성정1동""}, {""policy"": ""hospital_upgrade"", ""target_id"": ""JDQ4MTYyMiM2MSMkMSMkMiMkOTkkMzgxMzUxIzIxIyQxIyQxIyQwMyQyNjE4MzIjODEjJDEjJDIjJDgz"", ""target_name"": ""서울대정병원"", ""target_region_id"": null, ""target_region_name"": null}]"
504,42,0.6740430018894266,0.0,5.36265655090189,11.018218195319077,16.380874746220965,5.746462939276316,12.878389333056102,18.62485227233242,11.18,29.62,"[28, 36, 42]","[{""policy"": ""ambulance_new_base"", ""target_id"": ""REG020"", ""target_name"": ""부성2동"", ""target_region_id"": ""REG020"", ""target_region_name"": ""부성2동""}, {""policy"": ""hospital_upgrade"", ""target_id"": ""JDQ4MTYyMiM2MSMkMSMkMiMkOTkkMzgxMzUxIzIxIyQxIyQ1IyQ2MiQzNjE4MzIjODEjJDEjJDIjJDgz"", ""target_name"": ""돋움병원"", ""target_region_id"": null, ""target_region_name"": null}, {""policy"": ""hospital_upgrade"", ""target_id"": ""JDQ4MTYyMiM2MSMkMSMkMiMkOTkkMzgxMzUxIzIxIyQxIyQ1IyQ5OSQzNjEyMjIjNjEjJDEjJDQjJDgz"", ""target_name"": ""천안다나힐병원"", ""target_region_id"": null, ""target_region_name"": null}]"
505,42,0.3372913046598572,0.0446211750218029,5.398709677419355,11.594193548387098,16.99290322580645,5.74164618396257,13.264578960621222,19.00622514458379,11.18,29.62,"[11, 23, 2]","[{""policy"": ""ambulance_existing"", ""target_id"": ""EMS012"", ""target_name"": ""성거119안전센터"", ""target_region_id"": ""REG029"", ""target_region_name"": ""성거읍""}, {""policy"": ""ambulance_new_base"", ""target_id"": ""REG010"", ""target_name"": ""광덕면"", ""target_region_id"": ""REG010"", ""target_region_name"": ""광덕면""}, {""policy"": ""ambulance_existing"", ""target_id"": ""EMS003"", ""target_name"": ""병천119안전센터"", ""target_region_id"": ""REG012"", ""target_region_name"": ""병천면""}]"
506,42,1.5509637905189564,0.0,4.954715547197489,10.848247068703982,15.80296261590147,5.051870025660873,12.696061458042019,17.74793148370289,11.18,29.62,"[51, 24, 16]","[{""policy"": ""hospital_upgrade"", ""target_id"": ""JDQ4MTYyMiM2MSMkMSMkMiMkOTkkMzgxMzUxIzIxIyQxIyQxIyQwMyQyNjE4MzIjODEjJDEjJDIjJDgz"", ""target_name"": ""서울대정병원"", ""target_region_id"": null, ""target_region_name"": null}, {""policy"": ""ambulance_new_base"", ""target_id"": ""REG011"", ""target_name"": ""동면"", ""target_region_id"": ""REG011"", ""target_region_name"": ""동면""}, {""policy"": ""ambulance_new_base"", ""target_id"": ""REG001"", ""target_name"": ""문성동"", ""target_region_id"": ""REG001"", ""target_region_name"": ""문성동""}]"
507,42,0.5634553522550831,0.0,5.599677419354838,10.833399163401358,16.433076582756197,6.034316313600623,12.70112360836614,18.735439921966762,11.18,29.62,"[49, 42, 47]","[{""policy"": ""hospital_upgrade"", ""target_id"": ""JDQ4MTYyMiM2MSMkMSMkMiMkOTkkMzgxMzUxIzIxIyQxIyQxIyQ5MiQyNjEwMDIjNjEjJDEjJDAjJDgz"", ""target_name"": ""두정이진병원"", ""target_region_id"": null, ""target_region_name"": null}, {""policy"": ""hospital_upgrade"", ""target_id"": ""JDQ4MTYyMiM2MSMkMSMkMiMkOTkkMzgxMzUxIzIxIyQxIyQ1IyQ5OSQzNjEyMjIjNjEjJDEjJDQjJDgz"", ""target_name"": ""천안다나힐병원"", ""target_region_id"": null, ""target_region_name"": null}, {""policy"": ""hospital_upgrade"", ""target_id"": ""JDQ4MTYyMiM2MSMkMSMkMiMkOTkkMzgxMzUxIzIxIyQxIyQxIyQ4OSQ0NjE0ODEjODEjJDEjJDIjJDgz"", ""target_name"": ""서울우리병원"", ""target_region_id"": null, ""target_region_name"": null}]"
508,42,0.781930490393318,0.0,5.1277070769392825,11.08868306517315,16.216390142112434,5.682521077501244,12.834443706327281,18.516964783828527,11.18,29.62,"[26, 50, 17]","[{""policy"": ""ambulance_new_base"", ""target_id"": ""REG018"", ""target_name"": ""백석동"", ""target_region_id"": ""REG018"", ""target_region_name"": ""백석동""}, {""policy"": ""hospital_upgrade"", ""target_id"": ""JDQ4MTYyMiM2MSMkMSMkMiMkOTkkMzgxMzUxIzIxIyQxIyQxIyQwMyQyNjE0ODEjNTEjJDEjJDYjJDgz"", ""target_name"": ""천안21세기병원"", ""target_region_id"": null, ""target_region_name"": null}, {""policy"": ""ambulance_new_base"", ""target_id"": ""REG002"", ""target_name"": ""봉명동"", ""target_region_id"": ""REG002"", ""target_region_name"": ""봉명동""}]"
509,42,0.7114020572495365,0.0343390146912308,5.599677419354838,10.591123688927318,16.190801108282155,6.034316313600623,12.587515918062918,18.62183223166354,11.18,29.62,"[15, 53, 51]","[{""policy"": ""ambulance_existing"", ""target_id"": ""EMS016"", ""target_name"": ""직산119안전센터"", ""target_region_id"": ""REG031"", ""target_region_name"": ""직산읍""}, {""policy"": ""hospital_upgrade"", ""target_id"": ""JDQ4MTYyMiM2MSMkMSMkMiMkOTkkMzgxMzUxIzIxIyQyIyQ1IyQwMCQyNjEwMDIjNDEjJDEjJDgjJDgz"", ""target_name"": ""이화병원"", ""target_region_id"": null, ""target_region_name"": null}, {""policy"": ""hospital_upgrade"", ""target_id"": ""JDQ4MTYyMiM2MSMkMSMkMiMkOTkkMzgxMzUxIzIxIyQxIyQxIyQwMyQyNjE4MzIjODEjJDEjJDIjJDgz"", ""target_name"": ""서울대정병원"", ""target_region_id"": null, ""target_region_name"": null}]"
510,42,0.4221301732764253,0.0,5.050827330433297,11.519141813354748,16.569969143788047,5.661173517719911,13.215591583225512,18.87676510094542,11.18,29.62,"[31, 20, 42]","[{""policy"": ""ambulance_new_base"", ""target_id"": ""REG027"", ""target_name"": ""쌍용3동"", ""target_region_id"": ""REG027"", ""target_region_name"": ""쌍용3동""}, {""policy"": ""ambulance_new_base"", ""target_id"": ""REG005"", ""target_name"": ""원성1동"", ""target_region_id"": ""REG005"", ""target_region_name"": ""원성1동""}, {""policy"": ""hospital_upgrade"", ""target_id"": ""JDQ4MTYyMiM2MSMkMSMkMiMkOTkkMzgxMzUxIzIxIyQxIyQ1IyQ5OSQzNjEyMjIjNjEjJDEjJDQjJDgz"", ""target_name"": ""천안다나힐병원"", ""target_region_id"": null, ""target_region_name"": null}]"
511,42,0.5467069016010753,0.0097741241179697,5.284148661359985,11.302330291013508,16.586478952373493,5.784166068643291,12.977796428095454,18.76196249673874,11.18,29.62,"[11, 17, 34]","[{""policy"": ""ambulance_existing"", ""target_id"": ""EMS012"", ""target_name"": ""성거119안전센터"", ""target_region_id"": ""REG029"", ""target_region_name"": ""성거읍""}, {""policy"": ""ambulance_new_base"", ""target_id"": ""REG002"", ""target_name"": ""봉명동"", ""target_region_id"": ""REG002"", ""target_region_name"": ""봉명동""}, {""policy"": ""hospital_upgrade"", ""target_id"": ""JDQ4MTYyMiM2MSMkMSMkMiMkOTkkMzgxMzUxIzExIyQyIyQ3IyQwMCQ0NjE0ODEjNjEjJDEjJDgjJDgz"", ""target_name"": ""천안우리병원"", ""target_region_id"": null, ""target_region_name"": null}]"
512,42,0.3697216243559579,0.0495123820092479,5.599677419354838,11.026958212104976,16.626635631459816,6.034316313600623,12.944369718274512,18.978686031875135,11.18,29.62,"[46, 42, 5]","[{""policy"": ""hospital_upgrade"", ""target_id"": ""JDQ4MTYyMiM2MSMkMSMkMiMkOTkkMzgxMzUxIzIxIyQxIyQxIyQ3OSQyNjEyMjIjNDEjJDEjJDgjJDgz"", ""target_name"": ""우리척병원"", ""target_region_id"": null, ""target_region_name"": null}, {""policy"": ""hospital_upgrade"", ""target_id"": ""JDQ4MTYyMiM2MSMkMSMkMiMkOTkkMzgxMzUxIzIxIyQxIyQ1IyQ5OSQzNjEyMjIjNjEjJDEjJDQjJDgz"", ""target_name"": ""천안다나힐병원"", ""target_region_id"": null, ""target_region_name"": null}, {""policy"": ""ambulance_existing"", ""target_id"": ""EMS006"", ""target_name"": ""청당119안전센터"", ""target_region_id"": ""REG009"", ""target_region_name"": ""청룡동""}]"
513,42,0.7508599690863811,0.0,5.008718661490889,11.055870298914312,16.064588960405203,5.63123646503516,12.916798840100302,18.548035305135464,11.18,29.62,"[36, 30, 19]","[{""policy"": ""hospital_upgrade"", ""target_id"": ""JDQ4MTYyMiM2MSMkMSMkMiMkOTkkMzgxMzUxIzIxIyQxIyQ1IyQ2MiQzNjE4MzIjODEjJDEjJDIjJDgz"", ""target_name"": ""돋움병원"", ""target_region_id"": null, ""target_region_name"": null}, {""policy"": ""ambulance_new_base"", ""target_id"": ""REG025"", ""target_name"": ""쌍용1동"", ""target_region_id"": ""REG025"", ""target_region_name"": ""쌍용1동""}, {""policy"": ""ambulance_new_base"", ""target_id"": ""REG004"", ""target_name"": ""신안동"", ""target_region_id"": ""REG004"", ""target_region_name"": ""신안동""}]"
514,42,0.8026800447399545,0.0,5.232801978072861,11.227278555981158,16.46008053405402,5.567406178782148,12.928809050699744,18.49621522948189,11.18,29.62,"[22, 34, 42]","[{""policy"": ""ambulance_new_base"", ""target_id"": ""REG008"", ""target_name"": ""중앙동"", ""target_region_id"": ""REG008"", ""target_region_name"": ""중앙동""}, {""policy"": ""hospital_upgrade"", ""target_id"": ""JDQ4MTYyMiM2MSMkMSMkMiMkOTkkMzgxMzUxIzExIyQyIyQ3IyQwMCQ0NjE0ODEjNjEjJDEjJDgjJDgz"", ""target_name"": ""천안우리병원"", ""target_region_id"": null, ""target_region_name"": null}, {""policy"": ""hospital_upgrade"", ""target_id"": ""JDQ4MTYyMiM2MSMkMSMkMiMkOTkkMzgxMzUxIzIxIyQxIyQ1IyQ5OSQzNjEyMjIjNjEjJDEjJDQjJDgz"", ""target_name"": ""천안다나힐병원"", ""target_region_id"": null, ""target_region_name"": null}]"
515,42,0.6854805264093571,0.0,5.599677419354838,10.684271433749467,16.283948853104306,6.034316313600623,12.579098434211867,18.613414747812488,11.18,29.62,"[41, 39, 49]","[{""policy"": ""hospital_upgrade"", ""target_id"": ""JDQ4MTYyMiM2MSMkMSMkMiMkOTkkMzgxMzUxIzIxIyQxIyQ1IyQ4OSQyNjEyMjIjNjEjJDEjJDQjJDgz"", ""target_name"": ""서울프라임병원"", ""target_region_id"": null, ""target_region_name"": null}, {""policy"": ""hospital_upgrade"", ""target_id"": ""JDQ4MTYyMiM2MSMkMSMkMiMkOTkkMzgxMzUxIzIxIyQxIyQ1IyQ4OSQ0NjEwMDIjNTEjJDEjJDIjJDgz"", ""target_name"": ""천안리턴병원"", ""target_region_id"": null, ""target_region_name"": null}, {""policy"": ""hospital_upgrade"", ""target_id"": ""JDQ4MTYyMiM2MSMkMSMkMiMkOTkkMzgxMzUxIzIxIyQxIyQxIyQ5MiQyNjEwMDIjNjEjJDEjJDAjJDgz"", ""target_name"": ""두정이진병원"", ""target_region_id"": null, ""target_region_name"": null}]"
516,42,0.8505424415701569,0.0083272476232864,4.934148661359986,11.594193548387098,16.528342209747084,5.192101119653753,13.264578960621222,18.456680080274975,11.18,29.62,"[17, 14, 24]","[{""policy"": ""ambulance_new_base"", ""target_id"": ""REG002"", ""target_name"": ""봉명동"", ""target_region_id"": ""REG002"", ""target_region_name"": ""봉명동""}, {""policy"": ""ambulance_existing"", ""target_id"": ""EMS015"", ""target_name"": ""입장119안전센터"", ""target_region_id"": ""REG028"", ""target_region_name"": ""입장면""}, {""policy"": ""ambulance_new_base"", ""target_id"": ""REG011"", ""target_name"": ""동면"", ""target_region_id"": ""REG011"", ""target_region_name"": ""동면""}]"
517,42,0.8222287005057753,0.0343390146912308,4.993225806451613,11.594193548387098,16.587419354838712,5.24642662778608,13.264578960621222,18.5110055884073,11.18,29.62,"[15, 19, 24]","[{""policy"": ""ambulance_existing"", ""target_id"": ""EMS016"", ""target_name"": ""직산119안전센터"", ""target_region_id"": ""REG031"", ""target_region_name"": ""직산읍""}, {""policy"": ""ambulance_new_base"", ""target_id"": ""REG004"", ""target_name"": ""신안동"", ""target_region_id"": ""REG004"", ""target_region_name"": ""신안동""}, {""policy"": ""ambulance_new_base"", ""target_id"": ""REG011"", ""target_name"": ""동면"", ""target_region_id"": ""REG011"", ""target_region_name"": ""동면""}]"
518,42,0.7338283561066454,0.0,4.7906761800038105,11.594193548387098,16.38486972839091,5.30048795749398,13.264578960621222,18.5650669181152,11.18,29.62,"[19, 28, 17]","[{""policy"": ""ambulance_new_base"", ""target_id"": ""REG004"", ""target_name"": ""신안동"", ""target_region_id"": ""REG004"", ""target_region_name"": ""신안동""}, {""policy"": ""ambulance_new_base"", ""target_id"": ""REG020"", ""target_name"": ""부성2동"", ""target_region_id"": ""REG020"", ""target_region_name"": ""부성2동""}, {""policy"": ""ambulance_new_base"", ""target_id"": ""REG002"", ""target_name"": ""봉명동"", ""target_region_id"": ""REG002"", ""target_region_name"": ""봉명동""}]"
519,42,0.4743650993524871,0.0045892200942615,5.15269039471835,11.594193548387098,16.746883943105445,5.564540434342401,13.264578960621222,18.82911939496362,11.18,29.62,"[20, 28, 3]","[{""policy"": ""ambulance_new_base"", ""target_id"": ""REG005"", ""target_name"": ""원성1동"", ""target_region_id"": ""REG005"", ""target_region_name"": ""원성1동""}, {""policy"": ""ambulance_new_base"", ""target_id"": ""REG020"", ""target_name"": ""부성2동"", ""target_region_id"": ""REG020"", ""target_region_name"": ""부성2동""}, {""policy"": ""ambulance_existing"", ""target_id"": ""EMS004"", ""target_name"": ""북면지역대"", ""target_region_id"": ""REG013"", ""target_region_name"": ""북면""}]"
520,42,0.6291994239569109,0.0001882362364812,5.443235834934136,10.922183961670516,16.36541979660465,5.932671322458575,12.737212764042843,18.669884086501416,11.18,29.62,"[26, 8, 39]","[{""policy"": ""ambulance_new_base"", ""target_id"": ""REG018"", ""target_name"": ""백석동"", ""target_region_id"": ""REG018"", ""target_region_name"": ""백석동""}, {""policy"": ""ambulance_existing"", ""target_id"": ""EMS009"", ""target_name"": ""두정119안전센터"", ""target_region_id"": ""REG024"", ""target_region_name"": ""성정2동""}, {""policy"": ""hospital_upgrade"", ""target_id"": ""JDQ4MTYyMiM2MSMkMSMkMiMkOTkkMzgxMzUxIzIxIyQxIyQ1IyQ4OSQ0NjEwMDIjNTEjJDEjJDIjJDgz"", ""target_name"": ""천안리턴병원"", ""target_region_id"": null, ""target_region_name"": null}]"
521,42,0.41536428313411583,0.0097741241179697,5.599677419354838,10.972960141393104,16.572637560747943,6.034316313600623,12.858988801605081,18.8933051152057,11.18,29.62,"[44, 42, 11]","[{""policy"": ""hospital_upgrade"", ""target_id"": ""JDQ4MTYyMiM2MSMkMSMkMiMkOTkkMzgxMzUxIzIxIyQxIyQxIyQ3MiQyNjE0ODEjNDEjJDEjJDgjJDgz"", ""target_name"": ""천안재활병원"", ""target_region_id"": null, ""target_region_name"": null}, {""policy"": ""hospital_upgrade"", ""target_id"": ""JDQ4MTYyMiM2MSMkMSMkMiMkOTkkMzgxMzUxIzIxIyQxIyQ1IyQ5OSQzNjEyMjIjNjEjJDEjJDQjJDgz"", ""target_name"": ""천안다나힐병원"", ""target_region_id"": null, ""target_region_name"": null}, {""policy"": ""ambulance_existing"", ""target_id"": ""EMS012"", ""target_name"": ""성거119안전센터"", ""target_region_id"": ""REG029"", ""target_region_name"": ""성거읍""}]"
522,42,0.8152799327730132,6.036187032550563e-05,5.36265655090189,10.922183961670516,16.284840512572405,5.746462939276316,12.737212764042843,18.483675703319157,11.18,29.62,"[39, 13, 28]","[{""policy"": ""hospital_upgrade"", ""target_id"": ""JDQ4MTYyMiM2MSMkMSMkMiMkOTkkMzgxMzUxIzIxIyQxIyQ1IyQ4OSQ0NjEwMDIjNTEjJDEjJDIjJDgz"", ""target_name"": ""천안리턴병원"", ""target_region_id"": null, ""target_region_name"": null}, {""policy"": ""ambulance_existing"", ""target_id"": ""EMS014"", ""target_name"": ""쌍용119안전센터"", ""target_region_id"": ""REG026"", ""target_region_name"": ""쌍용2동""}, {""policy"": ""ambulance_new_base"", ""target_id"": ""REG020"", ""target_name"": ""부성2동"", ""target_region_id"": ""REG020"", ""target_region_name"": ""부성2동""}]"
523,42,0.632468438165807,0.0461916173658476,5.599677419354838,10.837646287199869,16.437323706554707,6.034316313600623,12.678302139821266,18.712618453421886,11.18,29.62,"[9, 50, 49]","[{""policy"": ""ambulance_existing"", ""target_id"": ""EMS010"", ""target_name"": ""불당119안전센터"", ""target_region_id"": ""REG022"", ""target_region_name"": ""불당2동""}, {""policy"": ""hospital_upgrade"", ""target_id"": ""JDQ4MTYyMiM2MSMkMSMkMiMkOTkkMzgxMzUxIzIxIyQxIyQxIyQwMyQyNjE0ODEjNTEjJDEjJDYjJDgz"", ""target_name"": ""천안21세기병원"", ""target_region_id"": null, ""target_region_name"": null}, {""policy"": ""hospital_upgrade"", ""target_id"": ""JDQ4MTYyMiM2MSMkMSMkMiMkOTkkMzgxMzUxIzIxIyQxIyQxIyQ5MiQyNjEwMDIjNjEjJDEjJDAjJDgz"", ""target_name"": ""두정이진병원"", ""target_region_id"": null, ""target_region_name"": null}]"
524,42,0.8475582019832917,0.0348470509038332,5.599677419354838,10.621051385465666,16.220728804820506,6.034316313600623,12.451867809541767,18.486184123142387,11.18,29.62,"[34, 2, 52]","[{""policy"": ""hospital_upgrade"", ""target_id"": ""JDQ4MTYyMiM2MSMkMSMkMiMkOTkkMzgxMzUxIzExIyQyIyQ3IyQwMCQ0NjE0ODEjNjEjJDEjJDgjJDgz"", ""target_name"": ""천안우리병원"", ""target_region_id"": null, ""target_region_name"": null}, {""policy"": ""ambulance_existing"", ""target_id"": ""EMS003"", ""target_name"": ""병천119안전센터"", ""target_region_id"": ""REG012"", ""target_region_name"": ""병천면""}, {""policy"": ""hospital_upgrade"", ""target_id"": ""JDQ4MTYyMiM2MSMkMSMkMiMkOTkkMzgxMzUxIzIxIyQxIyQxIyQxMyQyNjEyMjIjNzEjJDEjJDgjJDgz"", ""target_name"": ""SG삼성조은병원"", ""target_region_id"": null, ""target_region_name"": null}]"
525,42,0.596782335920978,0.0495123820092479,5.389711263171298,11.013231528881516,16.402942792052812,5.852393808666708,12.899231511643416,18.751625320310115,11.18,29.62,"[44, 20, 5]","[{""policy"": ""hospital_upgrade"", ""target_id"": ""JDQ4MTYyMiM2MSMkMSMkMiMkOTkkMzgxMzUxIzIxIyQxIyQxIyQ3MiQyNjE0ODEjNDEjJDEjJDgjJDgz"", ""target_name"": ""천안재활병원"", ""target_region_id"": null, ""target_region_name"": null}, {""policy"": ""ambulance_new_base"", ""target_id"": ""REG005"", ""target_name"": ""원성1동"", ""target_region_id"": ""REG005"", ""target_region_name"": ""원성1동""}, {""policy"": ""ambulance_existing"", ""target_id"": ""EMS006"", ""target_name"": ""청당119안전센터"", ""target_region_id"": ""REG009"", ""target_region_name"": ""청룡동""}]"
526,42,0.7771481371164842,0.0013755227968207,5.265170274394114,10.848247068703982,16.113417343098096,5.8270612018601655,12.696061458042019,18.52312265990218,11.18,29.62,"[0, 30, 51]","[{""policy"": ""ambulance_existing"", ""target_id"": ""EMS001"", ""target_name"": ""119구조구급센터119안전센터"", ""target_region_id"": ""REG006"", ""target_region_name"": ""원성2동""}, {""policy"": ""ambulance_new_base"", ""target_id"": ""REG025"", ""target_name"": ""쌍용1동"", ""target_region_id"": ""REG025"", ""target_region_name"": ""쌍용1동""}, {""policy"": ""hospital_upgrade"", ""target_id"": ""JDQ4MTYyMiM2MSMkMSMkMiMkOTkkMzgxMzUxIzIxIyQxIyQxIyQwMyQyNjE4MzIjODEjJDEjJDIjJDgz"", ""target_name"": ""서울대정병원"", ""target_region_id"": null, ""target_region_name"": null}]"
527,42,0.7557546860922635,0.0,5.599677419354838,10.47134975444438,16.07102717379922,6.034316313600623,12.508824274528964,18.54314058812958,11.18,29.62,"[49, 48, 36]","[{""policy"": ""hospital_upgrade"", ""target_id"": ""JDQ4MTYyMiM2MSMkMSMkMiMkOTkkMzgxMzUxIzIxIyQxIyQxIyQ5MiQyNjEwMDIjNjEjJDEjJDAjJDgz"", ""target_name"": ""두정이진병원"", ""target_region_id"": null, ""target_region_name"": null}, {""policy"": ""hospital_upgrade"", ""target_id"": ""JDQ4MTYyMiM2MSMkMSMkMiMkOTkkMzgxMzUxIzIxIyQxIyQxIyQ5MiQyNjE4MzIjNDEjJDEjJDgjJDgz"", ""target_name"": ""혜성산부인과병원"", ""target_region_id"": null, ""target_region_name"": null}, {""policy"": ""hospital_upgrade"", ""target_id"": ""JDQ4MTYyMiM2MSMkMSMkMiMkOTkkMzgxMzUxIzIxIyQxIyQ1IyQ2MiQzNjE4MzIjODEjJDEjJDIjJDgz"", ""target_name"": ""돋움병원"", ""target_region_id"": null, ""target_region_name"": null}]"
528,42,0.7933257705400593,0.016448237385324,5.284148661359985,10.914895644369402,16.19904430572939,5.784166068643291,12.73785167242382,18.52201774106711,11.18,29.62,"[40, 17, 1]","[{""policy"": ""hospital_upgrade"", ""target_id"": ""JDQ4MTYyMiM2MSMkMSMkMiMkOTkkMzgxMzUxIzIxIyQxIyQ1IyQ4OSQyNjE4MzIjNTEjJDEjJDYjJDgz"", ""target_name"": ""아이본병원"", ""target_region_id"": null, ""target_region_name"": null}, {""policy"": ""ambulance_new_base"", ""target_id"": ""REG002"", ""target_name"": ""봉명동"", ""target_region_id"": ""REG002"", ""target_region_name"": ""봉명동""}, {""policy"": ""ambulance_existing"", ""target_id"": ""EMS002"", ""target_name"": ""독립119안전센터"", ""target_region_id"": ""REG017"", ""target_region_name"": ""목천읍""}]"
529,42,0.15952940837662644,0.0578844172345777,5.443235834934136,11.594193548387098,17.037429383321232,5.932671322458575,13.264578960621222,19.197250283079796,11.18,29.62,"[10, 12, 26]","[{""policy"": ""ambulance_existing"", ""target_id"": ""EMS011"", ""target_name"": ""서부119안전센터"", ""target_region_id"": ""REG023"", ""target_region_name"": ""성정1동""}, {""policy"": ""ambulance_existing"", ""target_id"": ""EMS013"", ""target_name"": ""성환119안전센터"", ""target_region_id"": ""REG030"", ""target_region_name"": ""성환읍""}, {""policy"": ""ambulance_new_base"", ""target_id"": ""REG018"", ""target_name"": ""백석동"", ""target_region_id"": ""REG018"", ""target_region_name"": ""백석동""}]"
530,42,0.25761801193299083,0.0013755227968207,5.265170274394114,11.519141813354748,16.784312087748862,5.8270612018601655,13.215591583225512,19.042652785085675,11.18,29.62,"[30, 0, 42]","[{""policy"": ""ambulance_new_base"", ""target_id"": ""REG025"", ""target_name"": ""쌍용1동"", ""target_region_id"": ""REG025"", ""target_region_name"": ""쌍용1동""}, {""policy"": ""ambulance_existing"", ""target_id"": ""EMS001"", ""target_name"": ""119구조구급센터119안전센터"", ""target_region_id"": ""REG006"", ""target_region_name"": ""원성2동""}, {""policy"": ""hospital_upgrade"", ""target_id"": ""JDQ4MTYyMiM2MSMkMSMkMiMkOTkkMzgxMzUxIzIxIyQxIyQ1IyQ5OSQzNjEyMjIjNjEjJDEjJDQjJDgz"", ""target_name"": ""천안다나힐병원"", ""target_region_id"": null, ""target_region_name"": null}]"
531,42,0.5634060050477991,0.0,5.599677419354838,10.629861628603667,16.229539047958504,6.034316313600623,12.701172955573426,18.735489269174046,11.18,29.62,"[45, 53, 46]","[{""policy"": ""hospital_upgrade"", ""target_id"": ""JDQ4MTYyMiM2MSMkMSMkMiMkOTkkMzgxMzUxIzIxIyQxIyQxIyQ3MiQzNjE4MzIjODEjJDEjJDYjJDgz"", ""target_name"": ""삼성스카이병원"", ""target_region_id"": null, ""target_region_name"": null}, {""policy"": ""hospital_upgrade"", ""target_id"": ""JDQ4MTYyMiM2MSMkMSMkMiMkOTkkMzgxMzUxIzIxIyQyIyQ1IyQwMCQyNjEwMDIjNDEjJDEjJDgjJDgz"", ""target_name"": ""이화병원"", ""target_region_id"": null, ""target_region_name"": null}, {""policy"": ""hospital_upgrade"", ""target_id"": ""JDQ4MTYyMiM2MSMkMSMkMiMkOTkkMzgxMzUxIzIxIyQxIyQxIyQ3OSQyNjEyMjIjNDEjJDEjJDgjJDgz"", ""target_name"": ""우리척병원"", ""target_region_id"": null, ""target_region_name"": null}]"
532,42,0.18643253053488612,0.0129164677175479,5.342699713174523,11.594193548387098,16.93689326156162,5.860800250783288,13.264578960621222,19.125379211404507,11.18,29.62,"[3, 29, 14]","[{""policy"": ""ambulance_existing"", ""target_id"": ""EMS004"", ""target_name"": ""북면지역대"", ""target_region_id"": ""REG013"", ""target_region_name"": ""북면""}, {""policy"": ""ambulance_new_base"", ""target_id"": ""REG021"", ""target_name"": ""불당1동"", ""target_region_id"": ""REG021"", ""target_region_name"": ""불당1동""}, {""policy"": ""ambulance_existing"", ""target_id"": ""EMS015"", ""target_name"": ""입장119안전센터"", ""target_region_id"": ""REG028"", ""target_region_name"": ""입장면""}]"
533,42,0.994341160968427,0.0001882362364812,5.232801978072861,10.92879511789891,16.161597095971768,5.567406178782148,12.737336170707753,18.3047423494899,11.18,29.62,"[8, 22, 41]","[{""policy"": ""ambulance_existing"", ""target_id"": ""EMS009"", ""target_name"": ""두정119안전센터"", ""target_region_id"": ""REG024"", ""target_region_name"": ""성정2동""}, {""policy"": ""ambulance_new_base"", ""target_id"": ""REG008"", ""target_name"": ""중앙동"", ""target_region_id"": ""REG008"", ""target_region_name"": ""중앙동""}, {""policy"": ""hospital_upgrade"", ""target_id"": ""JDQ4MTYyMiM2MSMkMSMkMiMkOTkkMzgxMzUxIzIxIyQxIyQ1IyQ4OSQyNjEyMjIjNjEjJDEjJDQjJDgz"", ""target_name"": ""서울프라임병원"", ""target_region_id"": null, ""target_region_name"": null}]"
534,42,0.7745034316315929,0.0356736742774606,5.295483870967741,10.912914642839256,16.208398513806998,5.8214151748001814,12.738650342067533,18.560065516867713,11.18,29.62,"[52, 12, 27]","[{""policy"": ""hospital_upgrade"", ""target_id"": ""JDQ4MTYyMiM2MSMkMSMkMiMkOTkkMzgxMzUxIzIxIyQxIyQxIyQxMyQyNjEyMjIjNzEjJDEjJDgjJDgz"", ""target_name"": ""SG삼성조은병원"", ""target_region_id"": null, ""target_region_name"": null}, {""policy"": ""ambulance_existing"", ""target_id"": ""EMS013"", ""target_name"": ""성환119안전센터"", ""target_region_id"": ""REG030"", ""target_region_name"": ""성환읍""}, {""policy"": ""ambulance_new_base"", ""target_id"": ""REG019"", ""target_name"": ""부성1동"", ""target_region_id"": ""REG019"", ""target_region_name"": ""부성1동""}]"
535,42,0.7991656607858957,0.0,5.599677419354838,10.345471095677723,15.94514851503256,6.034316313600623,12.465413299835328,18.49972961343595,11.18,29.62,"[53, 45, 41]","[{""policy"": ""hospital_upgrade"", ""target_id"": ""JDQ4MTYyMiM2MSMkMSMkMiMkOTkkMzgxMzUxIzIxIyQyIyQ1IyQwMCQyNjEwMDIjNDEjJDEjJDgjJDgz"", ""target_name"": ""이화병원"", ""target_region_id"": null, ""target_region_name"": null}, {""policy"": ""hospital_upgrade"", ""target_id"": ""JDQ4MTYyMiM2MSMkMSMkMiMkOTkkMzgxMzUxIzIxIyQxIyQxIyQ3MiQzNjE4MzIjODEjJDEjJDYjJDgz"", ""target_name"": ""삼성스카이병원"", ""target_region_id"": null, ""target_region_name"": null}, {""policy"": ""hospital_upgrade"", ""target_id"": ""JDQ4MTYyMiM2MSMkMSMkMiMkOTkkMzgxMzUxIzIxIyQxIyQ1IyQ4OSQyNjEyMjIjNjEjJDEjJDQjJDgz"", ""target_name"": ""서울프라임병원"", ""target_region_id"": null, ""target_region_name"": null}]"
536,42,0.8989883591693761,0.0,5.265170274394114,10.728329015198552,15.993499289592668,5.8270612018601655,12.572845713192303,18.39990691505247,11.18,29.62,"[47, 30, 50]","[{""policy"": ""hospital_upgrade"", ""target_id"": ""JDQ4MTYyMiM2MSMkMSMkMiMkOTkkMzgxMzUxIzIxIyQxIyQxIyQ4OSQ0NjE0ODEjODEjJDEjJDIjJDgz"", ""target_name"": ""서울우리병원"", ""target_region_id"": null, ""target_region_name"": null}, {""policy"": ""ambulance_new_base"", ""target_id"": ""REG025"", ""target_name"": ""쌍용1동"", ""target_region_id"": ""REG025"", ""target_region_name"": ""쌍용1동""}, {""policy"": ""hospital_upgrade"", ""target_id"": ""JDQ4MTYyMiM2MSMkMSMkMiMkOTkkMzgxMzUxIzIxIyQxIyQxIyQwMyQyNjE0ODEjNTEjJDEjJDYjJDgz"", ""target_name"": ""천안21세기병원"", ""target_region_id"": null, ""target_region_name"": null}]"
537,42,0.2967993158966273,0.0802010389502385,5.30953667865867,11.594193548387098,16.90373022704577,5.817718036654236,13.264578960621222,19.082296997275456,11.18,29.62,"[6, 5, 21]","[{""policy"": ""ambulance_existing"", ""target_id"": ""EMS007"", ""target_name"": ""풍세119안전센터"", ""target_region_id"": ""REG016"", ""target_region_name"": ""풍세면""}, {""policy"": ""ambulance_existing"", ""target_id"": ""EMS006"", ""target_name"": ""청당119안전센터"", ""target_region_id"": ""REG009"", ""target_region_name"": ""청룡동""}, {""policy"": ""ambulance_new_base"", ""target_id"": ""REG007"", ""target_name"": ""일봉동"", ""target_region_id"": ""REG007"", ""target_region_name"": ""일봉동""}]"
538,42,0.839107062709064,0.0356736742774606,4.904525113103792,11.594193548387098,16.498718661490887,5.2308829251690225,13.264578960621222,18.49546188579024,10.85,29.62,"[25, 30, 12]","[{""policy"": ""ambulance_new_base"", ""target_id"": ""REG015"", ""target_name"": ""수신면"", ""target_region_id"": ""REG015"", ""target_region_name"": ""수신면""}, {""policy"": ""ambulance_new_base"", ""target_id"": ""REG025"", ""target_name"": ""쌍용1동"", ""target_region_id"": ""REG025"", ""target_region_name"": ""쌍용1동""}, {""policy"": ""ambulance_existing"", ""target_id"": ""EMS013"", ""target_name"": ""성환119안전센터"", ""target_region_id"": ""REG030"", ""target_region_name"": ""성환읍""}]"
539,42,0.9986971732818972,0.0,5.599677419354838,10.26534495124071,15.86502237059555,6.034316313600623,12.265881787339325,18.300198100939948,11.18,29.62,"[37, 49, 32]","[{""policy"": ""hospital_upgrade"", ""target_id"": ""JDQ4MTYyMiM2MSMkMSMkMiMkOTkkMzgxMzUxIzIxIyQxIyQ1IyQ3OSQyNjE0ODEjNDEjJDEjJDgjJDgz"", ""target_name"": ""마디손병원"", ""target_region_id"": null, ""target_region_name"": null}, {""policy"": ""hospital_upgrade"", ""target_id"": ""JDQ4MTYyMiM2MSMkMSMkMiMkOTkkMzgxMzUxIzIxIyQxIyQxIyQ5MiQyNjEwMDIjNjEjJDEjJDAjJDgz"", ""target_name"": ""두정이진병원"", ""target_region_id"": null, ""target_region_name"": null}, {""policy"": ""hospital_upgrade"", ""target_id"": ""JDQ4MTYyMiM2MSMkMSMkMiMkOTkkMzgxMzUxIzExIyQxIyQ3IyQ4OSQzNjE0ODEjODEjJDEjJDYjJDgz"", ""target_name"": ""새로나병원"", ""target_region_id"": null, ""target_region_name"": null}]"
540,42,0.6934235285844736,0.0306886569409906,4.976350365169635,11.594193548387098,16.570543913556733,5.371581441957143,13.264578960621222,18.636160402578362,11.18,29.62,"[6, 22, 19]","[{""policy"": ""ambulance_existing"", ""target_id"": ""EMS007"", ""target_name"": ""풍세119안전센터"", ""target_region_id"": ""REG016"", ""target_region_name"": ""풍세면""}, {""policy"": ""ambulance_new_base"", ""target_id"": ""REG008"", ""target_name"": ""중앙동"", ""target_region_id"": ""REG008"", ""target_region_name"": ""중앙동""}, {""policy"": ""ambulance_new_base"", ""target_id"": ""REG004"", ""target_name"": ""신안동"", ""target_region_id"": ""REG004"", ""target_region_name"": ""신안동""}]"
541,42,0.331951103683329,0.0097741241179697,5.599677419354838,11.100907360674752,16.70058478002959,6.034316313600623,12.942401981055868,18.976718294656486,11.18,29.62,"[42, 45, 11]","[{""policy"": ""hospital_upgrade"", ""target_id"": ""JDQ4MTYyMiM2MSMkMSMkMiMkOTkkMzgxMzUxIzIxIyQxIyQ1IyQ5OSQzNjEyMjIjNjEjJDEjJDQjJDgz"", ""target_name"": ""천안다나힐병원"", ""target_region_id"": null, ""target_region_name"": null}, {""policy"": ""hospital_upgrade"", ""target_id"": ""JDQ4MTYyMiM2MSMkMSMkMiMkOTkkMzgxMzUxIzIxIyQxIyQxIyQ3MiQzNjE4MzIjODEjJDEjJDYjJDgz"", ""target_name"": ""삼성스카이병원"", ""target_region_id"": null, ""target_region_name"": null}, {""policy"": ""ambulance_existing"", ""target_id"": ""EMS012"", ""target_name"": ""성거119안전센터"", ""target_region_id"": ""REG029"", ""target_region_name"": ""성거읍""}]"
542,42,0.9280686891174753,0.0083272476232864,5.30471554719749,10.903044755594616,16.207760302792103,5.64393497465041,12.73521885807725,18.379153832727656,11.18,29.62,"[14, 37, 16]","[{""policy"": ""ambulance_existing"", ""target_id"": ""EMS015"", ""target_name"": ""입장119안전센터"", ""target_region_id"": ""REG028"", ""target_region_name"": ""입장면""}, {""policy"": ""hospital_upgrade"", ""target_id"": ""JDQ4MTYyMiM2MSMkMSMkMiMkOTkkMzgxMzUxIzIxIyQxIyQ1IyQ3OSQyNjE0ODEjNDEjJDEjJDgjJDgz"", ""target_name"": ""마디손병원"", ""target_region_id"": null, ""target_region_name"": null}, {""policy"": ""ambulance_new_base"", ""target_id"": ""REG001"", ""target_name"": ""문성동"", ""target_region_id"": ""REG001"", ""target_region_name"": ""문성동""}]"
543,42,0.451172711773526,0.0210374574795855,5.599677419354838,11.08868306517315,16.688360484527987,6.034316313600623,12.834443706327281,18.868760019927905,11.18,29.62,"[3, 50, 1]","[{""policy"": ""ambulance_existing"", ""target_id"": ""EMS004"", ""target_name"": ""북면지역대"", ""target_region_id"": ""REG013"", ""target_region_name"": ""북면""}, {""policy"": ""hospital_upgrade"", ""target_id"": ""JDQ4MTYyMiM2MSMkMSMkMiMkOTkkMzgxMzUxIzIxIyQxIyQxIyQwMyQyNjE0ODEjNTEjJDEjJDYjJDgz"", ""target_name"": ""천안21세기병원"", ""target_region_id"": null, ""target_region_name"": null}, {""policy"": ""ambulance_existing"", ""target_id"": ""EMS002"", ""target_name"": ""독립119안전센터"", ""target_region_id"": ""REG017"", ""target_region_name"": ""목천읍""}]"
544,42,1.588335186351987,0.0,4.882801978072861,10.903044755594616,15.785846733667476,4.975341229792611,12.73521885807725,17.710560087869858,11.18,29.62,"[37, 24, 22]","[{""policy"": ""hospital_upgrade"", ""target_id"": ""JDQ4MTYyMiM2MSMkMSMkMiMkOTkkMzgxMzUxIzIxIyQxIyQ1IyQ3OSQyNjE0ODEjNDEjJDEjJDgjJDgz"", ""target_name"": ""마디손병원"", ""target_region_id"": null, ""target_region_name"": null}, {""policy"": ""ambulance_new_base"", ""target_id"": ""REG011"", ""target_name"": ""동면"", ""target_region_id"": ""REG011"", ""target_region_name"": ""동면""}, {""policy"": ""ambulance_new_base"", ""target_id"": ""REG008"", ""target_name"": ""중앙동"", ""target_region_id"": ""REG008"", ""target_region_name"": ""중앙동""}]"
545,42,0.6096011892217406,0.0306886569409906,5.599677419354838,10.845235985361072,16.44491340471591,6.034316313600623,12.685666428340475,18.719982741941095,11.18,29.62,"[32, 6, 35]","[{""policy"": ""hospital_upgrade"", ""target_id"": ""JDQ4MTYyMiM2MSMkMSMkMiMkOTkkMzgxMzUxIzExIyQxIyQ3IyQ4OSQzNjE0ODEjODEjJDEjJDYjJDgz"", ""target_name"": ""새로나병원"", ""target_region_id"": null, ""target_region_name"": null}, {""policy"": ""ambulance_existing"", ""target_id"": ""EMS007"", ""target_name"": ""풍세119안전센터"", ""target_region_id"": ""REG016"", ""target_region_name"": ""풍세면""}, {""policy"": ""hospital_upgrade"", ""target_id"": ""JDQ4MTYyMiM2MSMkMSMkMiMkOTkkMzgxMzUxIzIxIyQxIyQ1IyQ2MiQ0NjE0ODEjNjEjJDEjJDgjJDgz"", ""target_name"": ""천안해울병원"", ""target_region_id"": null, ""target_region_name"": null}]"
546,42,0.24550705235969714,0.057057570052107404,5.599677419354838,11.346236395124912,16.94591381447975,6.034316313600623,13.076129478313634,19.110445791914255,11.18,29.62,"[2, 32, 7]","[{""policy"": ""ambulance_existing"", ""target_id"": ""EMS003"", ""target_name"": ""병천119안전센터"", ""target_region_id"": ""REG012"", ""target_region_name"": ""병천면""}, {""policy"": ""hospital_upgrade"", ""target_id"": ""JDQ4MTYyMiM2MSMkMSMkMiMkOTkkMzgxMzUxIzExIyQxIyQ3IyQ4OSQzNjE0ODEjODEjJDEjJDYjJDgz"", ""target_name"": ""새로나병원"", ""target_region_id"": null, ""target_region_name"": null}, {""policy"": ""ambulance_existing"", ""target_id"": ""EMS008"", ""target_name"": ""119구조구급센터119안전센터"", ""target_region_id"": ""REG031"", ""target_region_name"": ""직산읍""}]"
547,42,0.7991779596003994,0.0,5.295483870967741,10.837646287199869,16.133130158167614,5.8214151748001814,12.678302139821266,18.499717314621446,11.18,29.62,"[27, 50, 49]","[{""policy"": ""ambulance_new_base"", ""target_id"": ""REG019"", ""target_name"": ""부성1동"", ""target_region_id"": ""REG019"", ""target_region_name"": ""부성1동""}, {""policy"": ""hospital_upgrade"", ""target_id"": ""JDQ4MTYyMiM2MSMkMSMkMiMkOTkkMzgxMzUxIzIxIyQxIyQxIyQwMyQyNjE0ODEjNTEjJDEjJDYjJDgz"", ""target_name"": ""천안21세기병원"", ""target_region_id"": null, ""target_region_name"": null}, {""policy"": ""hospital_upgrade"", ""target_id"": ""JDQ4MTYyMiM2MSMkMSMkMiMkOTkkMzgxMzUxIzIxIyQxIyQxIyQ5MiQyNjEwMDIjNjEjJDEjJDAjJDgz"", ""target_name"": ""두정이진병원"", ""target_region_id"": null, ""target_region_name"": null}]"
548,42,0.2516763738458535,0.044421262105391296,5.265170274394114,11.594193548387098,16.859363822781212,5.8270612018601655,13.264578960621222,19.091640162481383,11.18,29.62,"[10, 7, 30]","[{""policy"": ""ambulance_existing"", ""target_id"": ""EMS011"", ""target_name"": ""서부119안전센터"", ""target_region_id"": ""REG023"", ""target_region_name"": ""성정1동""}, {""policy"": ""ambulance_existing"", ""target_id"": ""EMS008"", ""target_name"": ""119구조구급센터119안전센터"", ""target_region_id"": ""REG031"", ""target_region_name"": ""직산읍""}, {""policy"": ""ambulance_new_base"", ""target_id"": ""REG025"", ""target_name"": ""쌍용1동"", ""target_region_id"": ""REG025"", ""target_region_name"": ""쌍용1동""}]"
549,42,0.3086051381755391,0.0957039993750955,5.295483870967741,11.594193548387098,16.88967741935484,5.8214151748001814,13.264578960621222,19.0859941354214,11.18,29.62,"[5, 9, 27]","[{""policy"": ""ambulance_existing"", ""target_id"": ""EMS006"", ""target_name"": ""청당119안전센터"", ""target_region_id"": ""REG009"", ""target_region_name"": ""청룡동""}, {""policy"": ""ambulance_existing"", ""target_id"": ""EMS010"", ""target_name"": ""불당119안전센터"", ""target_region_id"": ""REG022"", ""target_region_name"": ""불당2동""}, {""policy"": ""ambulance_new_base"", ""target_id"": ""REG019"", ""target_name"": ""부성1동"", ""target_region_id"": ""REG019"", ""target_region_name"": ""부성1동""}]"
550,42,0.784611440223378,0.0097741241179697,5.30953667865867,10.860143321295778,16.16967999995445,5.817718036654236,12.706339921462204,18.524057958116437,11.18,29.62,"[21, 43, 11]","[{""policy"": ""ambulance_new_base"", ""target_id"": ""REG007"", ""target_name"": ""일봉동"", ""target_region_id"": ""REG007"", ""target_region_name"": ""일봉동""}, {""policy"": ""hospital_upgrade"", ""target_id"": ""JDQ4MTYyMiM2MSMkMSMkMiMkOTkkMzgxMzUxIzIxIyQxIyQxIyQ2MiQ0NjE0ODEjNDEjJDEjJDQjJDgz"", ""target_name"": ""연세나무병원"", ""target_region_id"": null, ""target_region_name"": null}, {""policy"": ""ambulance_existing"", ""target_id"": ""EMS012"", ""target_name"": ""성거119안전센터"", ""target_region_id"": ""REG029"", ""target_region_name"": ""성거읍""}]"
551,42,0.23114179724308134,0.0399215062962792,5.260793486616837,11.594193548387098,16.854987035003933,5.843096022653826,13.264578960621222,19.107674983275043,11.18,29.62,"[12, 31, 4]","[{""policy"": ""ambulance_existing"", ""target_id"": ""EMS013"", ""target_name"": ""성환119안전센터"", ""target_region_id"": ""REG030"", ""target_region_name"": ""성환읍""}, {""policy"": ""ambulance_new_base"", ""target_id"": ""REG027"", ""target_name"": ""쌍용3동"", ""target_region_id"": ""REG027"", ""target_region_name"": ""쌍용3동""}, {""policy"": ""ambulance_existing"", ""target_id"": ""EMS005"", ""target_name"": ""성남지역대"", ""target_region_id"": ""REG014"", ""target_region_name"": ""성남면""}]"
552,42,0.8215295752044511,0.0,5.599677419354838,10.395909189906629,15.995586609261471,6.034316313600623,12.443049385416774,18.477365699017394,11.18,29.62,"[34, 45, 46]","[{""policy"": ""hospital_upgrade"", ""target_id"": ""JDQ4MTYyMiM2MSMkMSMkMiMkOTkkMzgxMzUxIzExIyQyIyQ3IyQwMCQ0NjE0ODEjNjEjJDEjJDgjJDgz"", ""target_name"": ""천안우리병원"", ""target_region_id"": null, ""target_region_name"": null}, {""policy"": ""hospital_upgrade"", ""target_id"": ""JDQ4MTYyMiM2MSMkMSMkMiMkOTkkMzgxMzUxIzIxIyQxIyQxIyQ3MiQzNjE4MzIjODEjJDEjJDYjJDgz"", ""target_name"": ""삼성스카이병원"", ""target_region_id"": null, ""target_region_name"": null}, {""policy"": ""hospital_upgrade"", ""target_id"": ""JDQ4MTYyMiM2MSMkMSMkMiMkOTkkMzgxMzUxIzIxIyQxIyQxIyQ3OSQyNjEyMjIjNDEjJDEjJDgjJDgz"", ""target_name"": ""우리척병원"", ""target_region_id"": null, ""target_region_name"": null}]"
553,42,0.6934235285844736,0.0306886569409906,4.976350365169635,11.594193548387098,16.570543913556733,5.371581441957143,13.264578960621222,18.636160402578362,11.18,29.62,"[22, 19, 6]","[{""policy"": ""ambulance_new_base"", ""target_id"": ""REG008"", ""target_name"": ""중앙동"", ""target_region_id"": ""REG008"", ""target_region_name"": ""중앙동""}, {""policy"": ""ambulance_new_base"", ""target_id"": ""REG004"", ""target_name"": ""신안동"", ""target_region_id"": ""REG004"", ""target_region_name"": ""신안동""}, {""policy"": ""ambulance_existing"", ""target_id"": ""EMS007"", ""target_name"": ""풍세119안전센터"", ""target_region_id"": ""REG016"", ""target_region_name"": ""풍세면""}]"
554,42,0.6804844811284454,0.0,5.039032258064515,11.101640188418845,16.14067244648336,5.625590437975176,12.992820355118223,18.6184107930934,11.18,29.62,"[27, 53, 19]","[{""policy"": ""ambulance_new_base"", ""target_id"": ""REG019"", ""target_name"": ""부성1동"", ""target_region_id"": ""REG019"", ""target_region_name"": ""부성1동""}, {""policy"": ""hospital_upgrade"", ""target_id"": ""JDQ4MTYyMiM2MSMkMSMkMiMkOTkkMzgxMzUxIzIxIyQyIyQ1IyQwMCQyNjEwMDIjNDEjJDEjJDgjJDgz"", ""target_name"": ""이화병원"", ""target_region_id"": null, ""target_region_name"": null}, {""policy"": ""ambulance_new_base"", ""target_id"": ""REG004"", ""target_name"": ""신안동"", ""target_region_id"": ""REG004"", ""target_region_name"": ""신안동""}]"
555,42,0.3438403263867237,0.0570577938609503,5.599677419354838,11.302330291013508,16.90200771036835,6.034316313600623,12.977796428095454,19.012112741696072,11.18,29.62,"[34, 2, 10]","[{""policy"": ""hospital_upgrade"", ""target_id"": ""JDQ4MTYyMiM2MSMkMSMkMiMkOTkkMzgxMzUxIzExIyQyIyQ3IyQwMCQ0NjE0ODEjNjEjJDEjJDgjJDgz"", ""target_name"": ""천안우리병원"", ""target_region_id"": null, ""target_region_name"": null}, {""policy"": ""ambulance_existing"", ""target_id"": ""EMS003"", ""target_name"": ""병천119안전센터"", ""target_region_id"": ""REG012"", ""target_region_name"": ""병천면""}, {""policy"": ""ambulance_existing"", ""target_id"": ""EMS011"", ""target_name"": ""서부119안전센터"", ""target_region_id"": ""REG023"", ""target_region_name"": ""성정1동""}]"
556,42,0.6457308471509011,0.0343390146912308,5.295483870967741,10.998184134035316,16.29366800500306,5.8214151748001814,12.866088266961999,18.687503441762175,11.18,29.62,"[48, 15, 27]","[{""policy"": ""hospital_upgrade"", ""target_id"": ""JDQ4MTYyMiM2MSMkMSMkMiMkOTkkMzgxMzUxIzIxIyQxIyQxIyQ5MiQyNjE4MzIjNDEjJDEjJDgjJDgz"", ""target_name"": ""혜성산부인과병원"", ""target_region_id"": null, ""target_region_name"": null}, {""policy"": ""ambulance_existing"", ""target_id"": ""EMS016"", ""target_name"": ""직산119안전센터"", ""target_region_id"": ""REG031"", ""target_region_name"": ""직산읍""}, {""policy"": ""ambulance_new_base"", ""target_id"": ""REG019"", ""target_name"": ""부성1동"", ""target_region_id"": ""REG019"", ""target_region_name"": ""부성1동""}]"
557,42,1.056938325676665,0.0,5.30471554719749,10.709750720080834,16.014466267278323,5.64393497465041,12.59802197389477,18.24195694854518,11.18,29.62,"[16, 49, 41]","[{""policy"": ""ambulance_new_base"", ""target_id"": ""REG001"", ""target_name"": ""문성동"", ""target_region_id"": ""REG001"", ""target_region_name"": ""문성동""}, {""policy"": ""hospital_upgrade"", ""target_id"": ""JDQ4MTYyMiM2MSMkMSMkMiMkOTkkMzgxMzUxIzIxIyQxIyQxIyQ5MiQyNjEwMDIjNjEjJDEjJDAjJDgz"", ""target_name"": ""두정이진병원"", ""target_region_id"": null, ""target_region_name"": null}, {""policy"": ""hospital_upgrade"", ""target_id"": ""JDQ4MTYyMiM2MSMkMSMkMiMkOTkkMzgxMzUxIzIxIyQxIyQ1IyQ4OSQyNjEyMjIjNjEjJDEjJDQjJDgz"", ""target_name"": ""서울프라임병원"", ""target_region_id"": null, ""target_region_name"": null}]"
558,42,0.0436051246585385,0.0436051246585385,5.599677419354838,11.594193548387098,17.193870967741937,6.034316313600623,13.264578960621222,19.298895274221845,11.18,29.62,"[3, 14, 6]","[{""policy"": ""ambulance_existing"", ""target_id"": ""EMS004"", ""target_name"": ""북면지역대"", ""target_region_id"": ""REG013"", ""target_region_name"": ""북면""}, {""policy"": ""ambulance_existing"", ""target_id"": ""EMS015"", ""target_name"": ""입장119안전센터"", ""target_region_id"": ""REG028"", ""target_region_name"": ""입장면""}, {""policy"": ""ambulance_existing"", ""target_id"": ""EMS007"", ""target_name"": ""풍세119안전센터"", ""target_region_id"": ""REG016"", ""target_region_name"": ""풍세면""}]"
559,42,0.7901043431383054,0.0001882362364812,5.599677419354838,10.512908476465734,16.112585895820576,6.034316313600623,12.474662853719401,18.50897916732002,11.18,29.62,"[38, 48, 8]","[{""policy"": ""hospital_upgrade"", ""target_id"": ""JDQ4MTYyMiM2MSMkMSMkMiMkOTkkMzgxMzUxIzIxIyQxIyQ1IyQ3OSQzNjE4MzIjODEjJDEjJDYjJDgz"", ""target_name"": ""앙즈로여성병원"", ""target_region_id"": null, ""target_region_name"": null}, {""policy"": ""hospital_upgrade"", ""target_id"": ""JDQ4MTYyMiM2MSMkMSMkMiMkOTkkMzgxMzUxIzIxIyQxIyQxIyQ5MiQyNjE4MzIjNDEjJDEjJDgjJDgz"", ""target_name"": ""혜성산부인과병원"", ""target_region_id"": null, ""target_region_name"": null}, {""policy"": ""ambulance_existing"", ""target_id"": ""EMS009"", ""target_name"": ""두정119안전센터"", ""target_region_id"": ""REG024"", ""target_region_name"": ""성정2동""}]"
560,42,0.8463987201620249,0.0,5.265170274394114,10.632720385778095,15.897890660172212,5.8270612018601655,12.625435352199656,18.45249655405982,11.18,29.62,"[46, 47, 30]","[{""policy"": ""hospital_upgrade"", ""target_id"": ""JDQ4MTYyMiM2MSMkMSMkMiMkOTkkMzgxMzUxIzIxIyQxIyQxIyQ3OSQyNjEyMjIjNDEjJDEjJDgjJDgz"", ""target_name"": ""우리척병원"", ""target_region_id"": null, ""target_region_name"": null}, {""policy"": ""hospital_upgrade"", ""target_id"": ""JDQ4MTYyMiM2MSMkMSMkMiMkOTkkMzgxMzUxIzIxIyQxIyQxIyQ4OSQ0NjE0ODEjODEjJDEjJDIjJDgz"", ""target_name"": ""서울우리병원"", ""target_region_id"": null, ""target_region_name"": null}, {""policy"": ""ambulance_new_base"", ""target_id"": ""REG025"", ""target_name"": ""쌍용1동"", ""target_region_id"": ""REG025"", ""target_region_name"": ""쌍용1동""}]"
561,42,0.9443160179658641,0.0,5.398709677419355,10.639458954786235,16.03816863220559,5.74164618396257,12.612933072293414,18.35457925625598,11.18,29.62,"[23, 53, 41]","[{""policy"": ""ambulance_new_base"", ""target_id"": ""REG010"", ""target_name"": ""광덕면"", ""target_region_id"": ""REG010"", ""target_region_name"": ""광덕면""}, {""policy"": ""hospital_upgrade"", ""target_id"": ""JDQ4MTYyMiM2MSMkMSMkMiMkOTkkMzgxMzUxIzIxIyQyIyQ1IyQwMCQyNjEwMDIjNDEjJDEjJDgjJDgz"", ""target_name"": ""이화병원"", ""target_region_id"": null, ""target_region_name"": null}, {""policy"": ""hospital_upgrade"", ""target_id"": ""JDQ4MTYyMiM2MSMkMSMkMiMkOTkkMzgxMzUxIzIxIyQxIyQ1IyQ4OSQyNjEyMjIjNjEjJDEjJDQjJDgz"", ""target_name"": ""서울프라임병원"", ""target_region_id"": null, ""target_region_name"": null}]"
562,42,0.8548556079353846,0.0343390146912308,5.30471554719749,11.08868306517315,16.39339861237064,5.64393497465041,12.834443706327281,18.47837868097769,11.18,29.62,"[15, 50, 16]","[{""policy"": ""ambulance_existing"", ""target_id"": ""EMS016"", ""target_name"": ""직산119안전센터"", ""target_region_id"": ""REG031"", ""target_region_name"": ""직산읍""}, {""policy"": ""hospital_upgrade"", ""target_id"": ""JDQ4MTYyMiM2MSMkMSMkMiMkOTkkMzgxMzUxIzIxIyQxIyQxIyQwMyQyNjE0ODEjNTEjJDEjJDYjJDgz"", ""target_name"": ""천안21세기병원"", ""target_region_id"": null, ""target_region_name"": null}, {""policy"": ""ambulance_new_base"", ""target_id"": ""REG001"", ""target_name"": ""문성동"", ""target_region_id"": ""REG001"", ""target_region_name"": ""문성동""}]"
563,42,0.15819474879039663,0.0565497576483479,5.443235834934136,11.594193548387098,17.037429383321232,5.932671322458575,13.264578960621222,19.197250283079796,11.18,29.62,"[15, 26, 10]","[{""policy"": ""ambulance_existing"", ""target_id"": ""EMS016"", ""target_name"": ""직산119안전센터"", ""target_region_id"": ""REG031"", ""target_region_name"": ""직산읍""}, {""policy"": ""ambulance_new_base"", ""target_id"": ""REG018"", ""target_name"": ""백석동"", ""target_region_id"": ""REG018"", ""target_region_name"": ""백석동""}, {""policy"": ""ambulance_existing"", ""target_id"": ""EMS011"", ""target_name"": ""서부119안전센터"", ""target_region_id"": ""REG023"", ""target_region_name"": ""성정1동""}]"
564,42,0.6659327469429774,0.0042478320188186,5.599677419354838,10.601009537373484,16.200686956728322,6.034316313600623,12.602894045697067,18.637210359297686,11.18,29.62,"[46, 35, 4]","[{""policy"": ""hospital_upgrade"", ""target_id"": ""JDQ4MTYyMiM2MSMkMSMkMiMkOTkkMzgxMzUxIzIxIyQxIyQxIyQ3OSQyNjEyMjIjNDEjJDEjJDgjJDgz"", ""target_name"": ""우리척병원"", ""target_region_id"": null, ""target_region_name"": null}, {""policy"": ""hospital_upgrade"", ""target_id"": ""JDQ4MTYyMiM2MSMkMSMkMiMkOTkkMzgxMzUxIzIxIyQxIyQ1IyQ2MiQ0NjE0ODEjNjEjJDEjJDgjJDgz"", ""target_name"": ""천안해울병원"", ""target_region_id"": null, ""target_region_name"": null}, {""policy"": ""ambulance_existing"", ""target_id"": ""EMS005"", ""target_name"": ""성남지역대"", ""target_region_id"": ""REG014"", ""target_region_name"": ""성남면""}]"
565,42,0.8767810704243169,0.0306886569409906,5.36265655090189,10.860143321295778,16.222799872197665,5.746462939276316,12.706339921462204,18.45280286073852,11.18,29.62,"[28, 43, 6]","[{""policy"": ""ambulance_new_base"", ""target_id"": ""REG020"", ""target_name"": ""부성2동"", ""target_region_id"": ""REG020"", ""target_region_name"": ""부성2동""}, {""policy"": ""hospital_upgrade"", ""target_id"": ""JDQ4MTYyMiM2MSMkMSMkMiMkOTkkMzgxMzUxIzIxIyQxIyQxIyQ2MiQ0NjE0ODEjNDEjJDEjJDQjJDgz"", ""target_name"": ""연세나무병원"", ""target_region_id"": null, ""target_region_name"": null}, {""policy"": ""ambulance_existing"", ""target_id"": ""EMS007"", ""target_name"": ""풍세119안전센터"", ""target_region_id"": ""REG016"", ""target_region_name"": ""풍세면""}]"
566,42,1.1212271019559346,0.0,5.3432258064516125,10.451960673164365,15.79518647961598,5.838491576775618,12.339176595490292,18.17766817226591,11.18,29.62,"[50, 43, 19]","[{""policy"": ""hospital_upgrade"", ""target_id"": ""JDQ4MTYyMiM2MSMkMSMkMiMkOTkkMzgxMzUxIzIxIyQxIyQxIyQwMyQyNjE0ODEjNTEjJDEjJDYjJDgz"", ""target_name"": ""천안21세기병원"", ""target_region_id"": null, ""target_region_name"": null}, {""policy"": ""hospital_upgrade"", ""target_id"": ""JDQ4MTYyMiM2MSMkMSMkMiMkOTkkMzgxMzUxIzIxIyQxIyQxIyQ2MiQ0NjE0ODEjNDEjJDEjJDQjJDgz"", ""target_name"": ""연세나무병원"", ""target_region_id"": null, ""target_region_name"": null}, {""policy"": ""ambulance_new_base"", ""target_id"": ""REG004"", ""target_name"": ""신안동"", ""target_region_id"": ""REG004"", ""target_region_name"": ""신안동""}]"
567,42,0.9062778857066931,0.0,5.30471554719749,10.93531963982868,16.240035187026173,5.64393497465041,12.748682413864744,18.392617388515152,11.18,29.62,"[16, 47, 42]","[{""policy"": ""ambulance_new_base"", ""target_id"": ""REG001"", ""target_name"": ""문성동"", ""target_region_id"": ""REG001"", ""target_region_name"": ""문성동""}, {""policy"": ""hospital_upgrade"", ""target_id"": ""JDQ4MTYyMiM2MSMkMSMkMiMkOTkkMzgxMzUxIzIxIyQxIyQxIyQ4OSQ0NjE0ODEjODEjJDEjJDIjJDgz"", ""target_name"": ""서울우리병원"", ""target_region_id"": null, ""target_region_name"": null}, {""policy"": ""hospital_upgrade"", ""target_id"": ""JDQ4MTYyMiM2MSMkMSMkMiMkOTkkMzgxMzUxIzIxIyQxIyQ1IyQ5OSQzNjEyMjIjNjEjJDEjJDQjJDgz"", ""target_name"": ""천안다나힐병원"", ""target_region_id"": null, ""target_region_name"": null}]"
568,42,1.0778058617979056,0.0,5.36265655090189,10.510417862250454,15.873074413152347,5.746462939276316,12.474626473147627,18.22108941242394,11.18,29.62,"[48, 51, 28]","[{""policy"": ""hospital_upgrade"", ""target_id"": ""JDQ4MTYyMiM2MSMkMSMkMiMkOTkkMzgxMzUxIzIxIyQxIyQxIyQ5MiQyNjE4MzIjNDEjJDEjJDgjJDgz"", ""target_name"": ""혜성산부인과병원"", ""target_region_id"": null, ""target_region_name"": null}, {""policy"": ""hospital_upgrade"", ""target_id"": ""JDQ4MTYyMiM2MSMkMSMkMiMkOTkkMzgxMzUxIzIxIyQxIyQxIyQwMyQyNjE4MzIjODEjJDEjJDIjJDgz"", ""target_name"": ""서울대정병원"", ""target_region_id"": null, ""target_region_name"": null}, {""policy"": ""ambulance_new_base"", ""target_id"": ""REG020"", ""target_name"": ""부성2동"", ""target_region_id"": ""REG020"", ""target_region_name"": ""부성2동""}]"
569,42,1.1637047741454722,0.0,5.232801978072861,10.692376164127447,15.92517814220031,5.567406178782148,12.567784321294225,18.135190500076373,11.18,29.62,"[41, 22, 37]","[{""policy"": ""hospital_upgrade"", ""target_id"": ""JDQ4MTYyMiM2MSMkMSMkMiMkOTkkMzgxMzUxIzIxIyQxIyQ1IyQ4OSQyNjEyMjIjNjEjJDEjJDQjJDgz"", ""target_name"": ""서울프라임병원"", ""target_region_id"": null, ""target_region_name"": null}, {""policy"": ""ambulance_new_base"", ""target_id"": ""REG008"", ""target_name"": ""중앙동"", ""target_region_id"": ""REG008"", ""target_region_name"": ""중앙동""}, {""policy"": ""hospital_upgrade"", ""target_id"": ""JDQ4MTYyMiM2MSMkMSMkMiMkOTkkMzgxMzUxIzIxIyQxIyQ1IyQ3OSQyNjE0ODEjNDEjJDEjJDgjJDgz"", ""target_name"": ""마디손병원"", ""target_region_id"": null, ""target_region_name"": null}]"
570,42,0.7583601070931252,0.0,5.188743521235815,11.138559464269987,16.327302985505803,5.559723679028655,12.980811488100068,18.54053516712872,11.18,29.62,"[45, 20, 23]","[{""policy"": ""hospital_upgrade"", ""target_id"": ""JDQ4MTYyMiM2MSMkMSMkMiMkOTkkMzgxMzUxIzIxIyQxIyQxIyQ3MiQzNjE4MzIjODEjJDEjJDYjJDgz"", ""target_name"": ""삼성스카이병원"", ""target_region_id"": null, ""target_region_name"": null}, {""policy"": ""ambulance_new_base"", ""target_id"": ""REG005"", ""target_name"": ""원성1동"", ""target_region_id"": ""REG005"", ""target_region_name"": ""원성1동""}, {""policy"": ""ambulance_new_base"", ""target_id"": ""REG010"", ""target_name"": ""광덕면"", ""target_region_id"": ""REG010"", ""target_region_name"": ""광덕면""}]"
571,42,0.23482190483202653,0.0528993998981077,5.389711263171298,11.594193548387098,16.983904811558396,5.852393808666708,13.264578960621222,19.116972769287926,11.18,29.62,"[6, 20, 10]","[{""policy"": ""ambulance_existing"", ""target_id"": ""EMS007"", ""target_name"": ""풍세119안전센터"", ""target_region_id"": ""REG016"", ""target_region_name"": ""풍세면""}, {""policy"": ""ambulance_new_base"", ""target_id"": ""REG005"", ""target_name"": ""원성1동"", ""target_region_id"": ""REG005"", ""target_region_name"": ""원성1동""}, {""policy"": ""ambulance_existing"", ""target_id"": ""EMS011"", ""target_name"": ""서부119안전센터"", ""target_region_id"": ""REG023"", ""target_region_name"": ""성정1동""}]"
572,42,0.2604903211549887,0.0042478320188186,5.265170274394114,11.519141813354748,16.784312087748862,5.8270612018601655,13.215591583225512,19.042652785085675,11.18,29.62,"[30, 4, 42]","[{""policy"": ""ambulance_new_base"", ""target_id"": ""REG025"", ""target_name"": ""쌍용1동"", ""target_region_id"": ""REG025"", ""target_region_name"": ""쌍용1동""}, {""policy"": ""ambulance_existing"", ""target_id"": ""EMS005"", ""target_name"": ""성남지역대"", ""target_region_id"": ""REG014"", ""target_region_name"": ""성남면""}, {""policy"": ""hospital_upgrade"", ""target_id"": ""JDQ4MTYyMiM2MSMkMSMkMiMkOTkkMzgxMzUxIzIxIyQxIyQ1IyQ5OSQzNjEyMjIjNjEjJDEjJDQjJDgz"", ""target_name"": ""천안다나힐병원"", ""target_region_id"": null, ""target_region_name"": null}]"
573,42,0.4786665392178936,0.0222107429571171,5.599677419354838,10.926963779020644,16.526641198375483,6.034316313600623,12.80812316436045,18.84243947796107,11.18,29.62,"[45, 10, 49]","[{""policy"": ""hospital_upgrade"", ""target_id"": ""JDQ4MTYyMiM2MSMkMSMkMiMkOTkkMzgxMzUxIzIxIyQxIyQxIyQ3MiQzNjE4MzIjODEjJDEjJDYjJDgz"", ""target_name"": ""삼성스카이병원"", ""target_region_id"": null, ""target_region_name"": null}, {""policy"": ""ambulance_existing"", ""target_id"": ""EMS011"", ""target_name"": ""서부119안전센터"", ""target_region_id"": ""REG023"", ""target_region_name"": ""성정1동""}, {""policy"": ""hospital_upgrade"", ""target_id"": ""JDQ4MTYyMiM2MSMkMSMkMiMkOTkkMzgxMzUxIzIxIyQxIyQxIyQ5MiQyNjEwMDIjNjEjJDEjJDAjJDgz"", ""target_name"": ""두정이진병원"", ""target_region_id"": null, ""target_region_name"": null}]"
574,42,0.407017812572022,0.0166364736218052,5.30471554719749,11.594193548387098,16.898909095584585,5.64393497465041,13.264578960621222,18.90851393527163,11.18,29.62,"[16, 1, 8]","[{""policy"": ""ambulance_new_base"", ""target_id"": ""REG001"", ""target_name"": ""문성동"", ""target_region_id"": ""REG001"", ""target_region_name"": ""문성동""}, {""policy"": ""ambulance_existing"", ""target_id"": ""EMS002"", ""target_name"": ""독립119안전센터"", ""target_region_id"": ""REG017"", ""target_region_name"": ""목천읍""}, {""policy"": ""ambulance_existing"", ""target_id"": ""EMS009"", ""target_name"": ""두정119안전센터"", ""target_region_id"": ""REG024"", ""target_region_name"": ""성정2동""}]"
575,42,0.75485331800977,0.0083272476232864,5.599677419354838,10.549452146020696,16.149129565375535,6.034316313600623,12.518052890234742,18.55236920383536,11.18,29.62,"[51, 44, 14]","[{""policy"": ""hospital_upgrade"", ""target_id"": ""JDQ4MTYyMiM2MSMkMSMkMiMkOTkkMzgxMzUxIzIxIyQxIyQxIyQwMyQyNjE4MzIjODEjJDEjJDIjJDgz"", ""target_name"": ""서울대정병원"", ""target_region_id"": null, ""target_region_name"": null}, {""policy"": ""hospital_upgrade"", ""target_id"": ""JDQ4MTYyMiM2MSMkMSMkMiMkOTkkMzgxMzUxIzIxIyQxIyQxIyQ3MiQyNjE0ODEjNDEjJDEjJDgjJDgz"", ""target_name"": ""천안재활병원"", ""target_region_id"": null, ""target_region_name"": null}, {""policy"": ""ambulance_existing"", ""target_id"": ""EMS015"", ""target_name"": ""입장119안전센터"", ""target_region_id"": ""REG028"", ""target_region_name"": ""입장면""}]"
576,42,0.5534306725255931,0.0,5.443235834934136,11.035540903169801,16.478776738103935,5.932671322458575,12.812793279237676,18.745464601696252,11.18,29.62,"[26, 35, 50]","[{""policy"": ""ambulance_new_base"", ""target_id"": ""REG018"", ""target_name"": ""백석동"", ""target_region_id"": ""REG018"", ""target_region_name"": ""백석동""}, {""policy"": ""hospital_upgrade"", ""target_id"": ""JDQ4MTYyMiM2MSMkMSMkMiMkOTkkMzgxMzUxIzIxIyQxIyQ1IyQ2MiQ0NjE0ODEjNjEjJDEjJDgjJDgz"", ""target_name"": ""천안해울병원"", ""target_region_id"": null, ""target_region_name"": null}, {""policy"": ""hospital_upgrade"", ""target_id"": ""JDQ4MTYyMiM2MSMkMSMkMiMkOTkkMzgxMzUxIzIxIyQxIyQxIyQwMyQyNjE0ODEjNTEjJDEjJDYjJDgz"", ""target_name"": ""천안21세기병원"", ""target_region_id"": null, ""target_region_name"": null}]"
577,42,0.277775836921756,0.07052072518129379,5.265170274394114,11.594193548387098,16.859363822781212,5.8270612018601655,13.264578960621222,19.091640162481383,11.18,29.62,"[12, 30, 2]","[{""policy"": ""ambulance_existing"", ""target_id"": ""EMS013"", ""target_name"": ""성환119안전센터"", ""target_region_id"": ""REG030"", ""target_region_name"": ""성환읍""}, {""policy"": ""ambulance_new_base"", ""target_id"": ""REG025"", ""target_name"": ""쌍용1동"", ""target_region_id"": ""REG025"", ""target_region_name"": ""쌍용1동""}, {""policy"": ""ambulance_existing"", ""target_id"": ""EMS003"", ""target_name"": ""병천119안전센터"", ""target_region_id"": ""REG012"", ""target_region_name"": ""병천면""}]"
578,42,0.4329385753866056,0.0267997392425357,5.599677419354838,11.033865820568307,16.633543239923146,6.034316313600623,12.858440124477161,18.892756438077775,11.18,29.62,"[49, 3, 7]","[{""policy"": ""hospital_upgrade"", ""target_id"": ""JDQ4MTYyMiM2MSMkMSMkMiMkOTkkMzgxMzUxIzIxIyQxIyQxIyQ5MiQyNjEwMDIjNjEjJDEjJDAjJDgz"", ""target_name"": ""두정이진병원"", ""target_region_id"": null, ""target_region_name"": null}, {""policy"": ""ambulance_existing"", ""target_id"": ""EMS004"", ""target_name"": ""북면지역대"", ""target_region_id"": ""REG013"", ""target_region_name"": ""북면""}, {""policy"": ""ambulance_existing"", ""target_id"": ""EMS008"", ""target_name"": ""119구조구급센터119안전센터"", ""target_region_id"": ""REG031"", ""target_region_name"": ""직산읍""}]"
579,42,0.42529036771374273,0.0222105191482742,5.008718661490889,11.594193548387098,16.60291220987799,5.63123646503516,13.264578960621222,18.895815425656377,11.18,29.62,"[30, 7, 19]","[{""policy"": ""ambulance_new_base"", ""target_id"": ""REG025"", ""target_name"": ""쌍용1동"", ""target_region_id"": ""REG025"", ""target_region_name"": ""쌍용1동""}, {""policy"": ""ambulance_existing"", ""target_id"": ""EMS008"", ""target_name"": ""119구조구급센터119안전센터"", ""target_region_id"": ""REG031"", ""target_region_name"": ""직산읍""}, {""policy"": ""ambulance_new_base"", ""target_id"": ""REG004"", ""target_name"": ""신안동"", ""target_region_id"": ""REG004"", ""target_region_name"": ""신안동""}]"
580,42,0.7551147506701419,0.0,5.295483870967741,10.84614348870792,16.141627359675663,5.8214151748001814,12.722365348751524,18.543780523551703,11.18,29.62,"[34, 27, 33]","[{""policy"": ""hospital_upgrade"", ""target_id"": ""JDQ4MTYyMiM2MSMkMSMkMiMkOTkkMzgxMzUxIzExIyQyIyQ3IyQwMCQ0NjE0ODEjNjEjJDEjJDgjJDgz"", ""target_name"": ""천안우리병원"", ""target_region_id"": null, ""target_region_name"": null}, {""policy"": ""ambulance_new_base"", ""target_id"": ""REG019"", ""target_name"": ""부성1동"", ""target_region_id"": ""REG019"", ""target_region_name"": ""부성1동""}, {""policy"": ""hospital_upgrade"", ""target_id"": ""JDQ4MTYyMiM2MSMkMSMkMiMkOTkkMzgxMzUxIzExIyQxIyQ3IyQ5OSQ0NjE0ODEjODEjJDEjJDYjJDgz"", ""target_name"": ""예일병원"", ""target_region_id"": null, ""target_region_name"": null}]"
581,42,0.4218542334887587,0.0,5.443235834934136,11.026958212104976,16.47019404703911,5.932671322458575,12.944369718274512,18.877041040733086,11.18,29.62,"[26, 46, 42]","[{""policy"": ""ambulance_new_base"", ""target_id"": ""REG018"", ""target_name"": ""백석동"", ""target_region_id"": ""REG018"", ""target_region_name"": ""백석동""}, {""policy"": ""hospital_upgrade"", ""target_id"": ""JDQ4MTYyMiM2MSMkMSMkMiMkOTkkMzgxMzUxIzIxIyQxIyQxIyQ3OSQyNjEyMjIjNDEjJDEjJDgjJDgz"", ""target_name"": ""우리척병원"", ""target_region_id"": null, ""target_region_name"": null}, {""policy"": ""hospital_upgrade"", ""target_id"": ""JDQ4MTYyMiM2MSMkMSMkMiMkOTkkMzgxMzUxIzIxIyQxIyQ1IyQ5OSQzNjEyMjIjNjEjJDEjJDQjJDgz"", ""target_name"": ""천안다나힐병원"", ""target_region_id"": null, ""target_region_name"": null}]"
582,42,0.841077249838758,0.0,5.599677419354838,10.304515052781413,15.90419247213625,6.034316313600623,12.423501710782467,18.457818024383087,11.18,29.62,"[33, 51, 44]","[{""policy"": ""hospital_upgrade"", ""target_id"": ""JDQ4MTYyMiM2MSMkMSMkMiMkOTkkMzgxMzUxIzExIyQxIyQ3IyQ5OSQ0NjE0ODEjODEjJDEjJDYjJDgz"", ""target_name"": ""예일병원"", ""target_region_id"": null, ""target_region_name"": null}, {""policy"": ""hospital_upgrade"", ""target_id"": ""JDQ4MTYyMiM2MSMkMSMkMiMkOTkkMzgxMzUxIzIxIyQxIyQxIyQwMyQyNjE4MzIjODEjJDEjJDIjJDgz"", ""target_name"": ""서울대정병원"", ""target_region_id"": null, ""target_region_name"": null}, {""policy"": ""hospital_upgrade"", ""target_id"": ""JDQ4MTYyMiM2MSMkMSMkMiMkOTkkMzgxMzUxIzIxIyQxIyQxIyQ3MiQyNjE0ODEjNDEjJDEjJDgjJDgz"", ""target_name"": ""천안재활병원"", ""target_region_id"": null, ""target_region_name"": null}]"
583,42,0.6499384907192113,0.0537602140280665,5.239032258064516,11.594193548387098,16.833225806451615,5.438138036909479,13.264578960621222,18.7027169975307,10.85,29.62,"[4, 25, 5]","[{""policy"": ""ambulance_existing"", ""target_id"": ""EMS005"", ""target_name"": ""성남지역대"", ""target_region_id"": ""REG014"", ""target_region_name"": ""성남면""}, {""policy"": ""ambulance_new_base"", ""target_id"": ""REG015"", ""target_name"": ""수신면"", ""target_region_id"": ""REG015"", ""target_region_name"": ""수신면""}, {""policy"": ""ambulance_existing"", ""target_id"": ""EMS006"", ""target_name"": ""청당119안전센터"", ""target_region_id"": ""REG009"", ""target_region_name"": ""청룡동""}]"
584,42,1.2238771197052678,0.0,5.232801978072861,10.600289915441797,15.833091893514657,5.567406178782148,12.507611975734429,18.075018154516577,11.18,29.62,"[32, 22, 51]","[{""policy"": ""hospital_upgrade"", ""target_id"": ""JDQ4MTYyMiM2MSMkMSMkMiMkOTkkMzgxMzUxIzExIyQxIyQ3IyQ4OSQzNjE0ODEjODEjJDEjJDYjJDgz"", ""target_name"": ""새로나병원"", ""target_region_id"": null, ""target_region_name"": null}, {""policy"": ""ambulance_new_base"", ""target_id"": ""REG008"", ""target_name"": ""중앙동"", ""target_region_id"": ""REG008"", ""target_region_name"": ""중앙동""}, {""policy"": ""hospital_upgrade"", ""target_id"": ""JDQ4MTYyMiM2MSMkMSMkMiMkOTkkMzgxMzUxIzIxIyQxIyQxIyQwMyQyNjE4MzIjODEjJDEjJDIjJDgz"", ""target_name"": ""서울대정병원"", ""target_region_id"": null, ""target_region_name"": null}]"
585,42,0.9477972840886069,0.0306886569409906,5.30471554719749,10.914895644369402,16.219611191566894,5.64393497465041,12.73785167242382,18.38178664707423,11.18,29.62,"[6, 16, 40]","[{""policy"": ""ambulance_existing"", ""target_id"": ""EMS007"", ""target_name"": ""풍세119안전센터"", ""target_region_id"": ""REG016"", ""target_region_name"": ""풍세면""}, {""policy"": ""ambulance_new_base"", ""target_id"": ""REG001"", ""target_name"": ""문성동"", ""target_region_id"": ""REG001"", ""target_region_name"": ""문성동""}, {""policy"": ""hospital_upgrade"", ""target_id"": ""JDQ4MTYyMiM2MSMkMSMkMiMkOTkkMzgxMzUxIzIxIyQxIyQ1IyQ4OSQyNjE4MzIjNTEjJDEjJDYjJDgz"", ""target_name"": ""아이본병원"", ""target_region_id"": null, ""target_region_name"": null}]"
586,42,0.4847913446307696,0.0461916173658476,5.284148661359985,11.346236395124912,16.6303850564849,5.784166068643291,13.076129478313634,18.860295546956923,11.18,29.62,"[17, 32, 9]","[{""policy"": ""ambulance_new_base"", ""target_id"": ""REG002"", ""target_name"": ""봉명동"", ""target_region_id"": ""REG002"", ""target_region_name"": ""봉명동""}, {""policy"": ""hospital_upgrade"", ""target_id"": ""JDQ4MTYyMiM2MSMkMSMkMiMkOTkkMzgxMzUxIzExIyQxIyQ3IyQ4OSQzNjE0ODEjODEjJDEjJDYjJDgz"", ""target_name"": ""새로나병원"", ""target_region_id"": null, ""target_region_name"": null}, {""policy"": ""ambulance_existing"", ""target_id"": ""EMS010"", ""target_name"": ""불당119안전센터"", ""target_region_id"": ""REG022"", ""target_region_name"": ""불당2동""}]"
587,42,0.43684290357548905,0.0463798536023288,5.599677419354838,11.093193138623256,16.692870557978093,6.034316313600623,12.874115910648063,18.908432224248685,11.18,29.62,"[9, 8, 35]","[{""policy"": ""ambulance_existing"", ""target_id"": ""EMS010"", ""target_name"": ""불당119안전센터"", ""target_region_id"": ""REG022"", ""target_region_name"": ""불당2동""}, {""policy"": ""ambulance_existing"", ""target_id"": ""EMS009"", ""target_name"": ""두정119안전센터"", ""target_region_id"": ""REG024"", ""target_region_name"": ""성정2동""}, {""policy"": ""hospital_upgrade"", ""target_id"": ""JDQ4MTYyMiM2MSMkMSMkMiMkOTkkMzgxMzUxIzIxIyQxIyQ1IyQ2MiQ0NjE0ODEjNjEjJDEjJDgjJDgz"", ""target_name"": ""천안해울병원"", ""target_region_id"": null, ""target_region_name"": null}]"
588,42,0.6707501556491365,0.0097741241179697,5.599677419354838,10.733809640779084,16.333487060133923,6.034316313600623,12.603602929090055,18.63791924269068,11.18,29.62,"[40, 11, 38]","[{""policy"": ""hospital_upgrade"", ""target_id"": ""JDQ4MTYyMiM2MSMkMSMkMiMkOTkkMzgxMzUxIzIxIyQxIyQ1IyQ4OSQyNjE4MzIjNTEjJDEjJDYjJDgz"", ""target_name"": ""아이본병원"", ""target_region_id"": null, ""target_region_name"": null}, {""policy"": ""ambulance_existing"", ""target_id"": ""EMS012"", ""target_name"": ""성거119안전센터"", ""target_region_id"": ""REG029"", ""target_region_name"": ""성거읍""}, {""policy"": ""hospital_upgrade"", ""target_id"": ""JDQ4MTYyMiM2MSMkMSMkMiMkOTkkMzgxMzUxIzIxIyQxIyQ1IyQ3OSQzNjE4MzIjODEjJDEjJDYjJDgz"", ""target_name"": ""앙즈로여성병원"", ""target_region_id"": null, ""target_region_name"": null}]"
589,42,0.8361088361399815,0.0,5.599677419354838,10.473331766309373,16.073009185664212,6.034316313600623,12.428470124481244,18.462786438081864,11.18,29.62,"[41, 49, 37]","[{""policy"": ""hospital_upgrade"", ""target_id"": ""JDQ4MTYyMiM2MSMkMSMkMiMkOTkkMzgxMzUxIzIxIyQxIyQ1IyQ4OSQyNjEyMjIjNjEjJDEjJDQjJDgz"", ""target_name"": ""서울프라임병원"", ""target_region_id"": null, ""target_region_name"": null}, {""policy"": ""hospital_upgrade"", ""target_id"": ""JDQ4MTYyMiM2MSMkMSMkMiMkOTkkMzgxMzUxIzIxIyQxIyQxIyQ5MiQyNjEwMDIjNjEjJDEjJDAjJDgz"", ""target_name"": ""두정이진병원"", ""target_region_id"": null, ""target_region_name"": null}, {""policy"": ""hospital_upgrade"", ""target_id"": ""JDQ4MTYyMiM2MSMkMSMkMiMkOTkkMzgxMzUxIzIxIyQxIyQ1IyQ3OSQyNjE0ODEjNDEjJDEjJDgjJDgz"", ""target_name"": ""마디손병원"", ""target_region_id"": null, ""target_region_name"": null}]"
590,42,0.3423776640980988,0.0495123820092479,5.104351902196133,11.594193548387098,16.698545450583232,5.7414510315117795,13.264578960621222,19.006029992132994,11.18,29.62,"[5, 26, 31]","[{""policy"": ""ambulance_existing"", ""target_id"": ""EMS006"", ""target_name"": ""청당119안전센터"", ""target_region_id"": ""REG009"", ""target_region_name"": ""청룡동""}, {""policy"": ""ambulance_new_base"", ""target_id"": ""REG018"", ""target_name"": ""백석동"", ""target_region_id"": ""REG018"", ""target_region_name"": ""백석동""}, {""policy"": ""ambulance_new_base"", ""target_id"": ""REG027"", ""target_name"": ""쌍용3동"", ""target_region_id"": ""REG027"", ""target_region_name"": ""쌍용3동""}]"
591,42,0.5482284828213132,0.016448237385324,5.443235834934136,11.08868306517315,16.531918900107282,5.932671322458575,12.834443706327281,18.767115028785856,11.18,29.62,"[50, 1, 26]","[{""policy"": ""hospital_upgrade"", ""target_id"": ""JDQ4MTYyMiM2MSMkMSMkMiMkOTkkMzgxMzUxIzIxIyQxIyQxIyQwMyQyNjE0ODEjNTEjJDEjJDYjJDgz"", ""target_name"": ""천안21세기병원"", ""target_region_id"": null, ""target_region_name"": null}, {""policy"": ""ambulance_existing"", ""target_id"": ""EMS002"", ""target_name"": ""독립119안전센터"", ""target_region_id"": ""REG017"", ""target_region_name"": ""목천읍""}, {""policy"": ""ambulance_new_base"", ""target_id"": ""REG018"", ""target_name"": ""백석동"", ""target_region_id"": ""REG018"", ""target_region_name"": ""백석동""}]"
592,42,0.7196748757305015,0.0495123820092479,5.443235834934136,10.848247068703982,16.291482903638116,5.932671322458575,12.696061458042019,18.62873278050059,11.18,29.62,"[26, 51, 5]","[{""policy"": ""ambulance_new_base"", ""target_id"": ""REG018"", ""target_name"": ""백석동"", ""target_region_id"": ""REG018"", ""target_region_name"": ""백석동""}, {""policy"": ""hospital_upgrade"", ""target_id"": ""JDQ4MTYyMiM2MSMkMSMkMiMkOTkkMzgxMzUxIzIxIyQxIyQxIyQwMyQyNjE4MzIjODEjJDEjJDIjJDgz"", ""target_name"": ""서울대정병원"", ""target_region_id"": null, ""target_region_name"": null}, {""policy"": ""ambulance_existing"", ""target_id"": ""EMS006"", ""target_name"": ""청당119안전센터"", ""target_region_id"": ""REG009"", ""target_region_name"": ""청룡동""}]"
593,42,1.147309033859063,0.0,5.232801978072861,10.727566526300954,15.96036850437382,5.567406178782148,12.584180061580634,18.151586240362782,11.18,29.62,"[52, 22, 47]","[{""policy"": ""hospital_upgrade"", ""target_id"": ""JDQ4MTYyMiM2MSMkMSMkMiMkOTkkMzgxMzUxIzIxIyQxIyQxIyQxMyQyNjEyMjIjNzEjJDEjJDgjJDgz"", ""target_name"": ""SG삼성조은병원"", ""target_region_id"": null, ""target_region_name"": null}, {""policy"": ""ambulance_new_base"", ""target_id"": ""REG008"", ""target_name"": ""중앙동"", ""target_region_id"": ""REG008"", ""target_region_name"": ""중앙동""}, {""policy"": ""hospital_upgrade"", ""target_id"": ""JDQ4MTYyMiM2MSMkMSMkMiMkOTkkMzgxMzUxIzIxIyQxIyQxIyQ4OSQ0NjE0ODEjODEjJDEjJDIjJDgz"", ""target_name"": ""서울우리병원"", ""target_region_id"": null, ""target_region_name"": null}]"
594,42,0.5146873915209182,0.0356736742774606,5.265170274394114,11.101640188418845,16.366810462812957,5.8270612018601655,12.992820355118223,18.819881556978387,11.18,29.62,"[30, 12, 53]","[{""policy"": ""ambulance_new_base"", ""target_id"": ""REG025"", ""target_name"": ""쌍용1동"", ""target_region_id"": ""REG025"", ""target_region_name"": ""쌍용1동""}, {""policy"": ""ambulance_existing"", ""target_id"": ""EMS013"", ""target_name"": ""성환119안전센터"", ""target_region_id"": ""REG030"", ""target_region_name"": ""성환읍""}, {""policy"": ""hospital_upgrade"", ""target_id"": ""JDQ4MTYyMiM2MSMkMSMkMiMkOTkkMzgxMzUxIzIxIyQyIyQ1IyQwMCQyNjEwMDIjNDEjJDEjJDgjJDgz"", ""target_name"": ""이화병원"", ""target_region_id"": null, ""target_region_name"": null}]"
595,42,0.41451682415822155,0.0348470509038332,5.260793486616837,11.346236395124912,16.60702988174175,5.843096022653826,13.076129478313634,18.919225500967457,11.18,29.62,"[2, 31, 32]","[{""policy"": ""ambulance_existing"", ""target_id"": ""EMS003"", ""target_name"": ""병천119안전센터"", ""target_region_id"": ""REG012"", ""target_region_name"": ""병천면""}, {""policy"": ""ambulance_new_base"", ""target_id"": ""REG027"", ""target_name"": ""쌍용3동"", ""target_region_id"": ""REG027"", ""target_region_name"": ""쌍용3동""}, {""policy"": ""hospital_upgrade"", ""target_id"": ""JDQ4MTYyMiM2MSMkMSMkMiMkOTkkMzgxMzUxIzExIyQxIyQ3IyQ4OSQzNjE0ODEjODEjJDEjJDYjJDgz"", ""target_name"": ""새로나병원"", ""target_region_id"": null, ""target_region_name"": null}]"
596,42,1.0922006337908101,0.0,5.093235834934136,10.998184134035316,16.091419968969454,5.340606373469038,12.866088266961999,18.206694640431035,11.18,29.62,"[26, 48, 24]","[{""policy"": ""ambulance_new_base"", ""target_id"": ""REG018"", ""target_name"": ""백석동"", ""target_region_id"": ""REG018"", ""target_region_name"": ""백석동""}, {""policy"": ""hospital_upgrade"", ""target_id"": ""JDQ4MTYyMiM2MSMkMSMkMiMkOTkkMzgxMzUxIzIxIyQxIyQxIyQ5MiQyNjE4MzIjNDEjJDEjJDgjJDgz"", ""target_name"": ""혜성산부인과병원"", ""target_region_id"": null, ""target_region_name"": null}, {""policy"": ""ambulance_new_base"", ""target_id"": ""REG011"", ""target_name"": ""동면"", ""target_region_id"": ""REG011"", ""target_region_name"": ""동면""}]"
597,42,0.6162808700012169,0.0045892200942615,5.599677419354838,10.786842463445131,16.38651988279997,6.034316313600623,12.652887310714268,18.68720362431489,11.18,29.62,"[37, 3, 43]","[{""policy"": ""hospital_upgrade"", ""target_id"": ""JDQ4MTYyMiM2MSMkMSMkMiMkOTkkMzgxMzUxIzIxIyQxIyQ1IyQ3OSQyNjE0ODEjNDEjJDEjJDgjJDgz"", ""target_name"": ""마디손병원"", ""target_region_id"": null, ""target_region_name"": null}, {""policy"": ""ambulance_existing"", ""target_id"": ""EMS004"", ""target_name"": ""북면지역대"", ""target_region_id"": ""REG013"", ""target_region_name"": ""북면""}, {""policy"": ""hospital_upgrade"", ""target_id"": ""JDQ4MTYyMiM2MSMkMSMkMiMkOTkkMzgxMzUxIzIxIyQxIyQxIyQ2MiQ0NjE0ODEjNDEjJDEjJDQjJDgz"", ""target_name"": ""연세나무병원"", ""target_region_id"": null, ""target_region_name"": null}]"
598,42,0.6781030685293459,0.0,5.599677419354838,10.58757259451664,16.187250013871477,6.034316313600623,12.586475892091878,18.6207922056925,11.18,29.62,"[39, 33, 42]","[{""policy"": ""hospital_upgrade"", ""target_id"": ""JDQ4MTYyMiM2MSMkMSMkMiMkOTkkMzgxMzUxIzIxIyQxIyQ1IyQ4OSQ0NjEwMDIjNTEjJDEjJDIjJDgz"", ""target_name"": ""천안리턴병원"", ""target_region_id"": null, ""target_region_name"": null}, {""policy"": ""hospital_upgrade"", ""target_id"": ""JDQ4MTYyMiM2MSMkMSMkMiMkOTkkMzgxMzUxIzExIyQxIyQ3IyQ5OSQ0NjE0ODEjODEjJDEjJDYjJDgz"", ""target_name"": ""예일병원"", ""target_region_id"": null, ""target_region_name"": null}, {""policy"": ""hospital_upgrade"", ""target_id"": ""JDQ4MTYyMiM2MSMkMSMkMiMkOTkkMzgxMzUxIzIxIyQxIyQ1IyQ5OSQzNjEyMjIjNjEjJDEjJDQjJDgz"", ""target_name"": ""천안다나힐병원"", ""target_region_id"": null, ""target_region_name"": null}]"
599,42,0.588778195238621,0.0222107429571171,5.398709677419355,11.098534409726106,16.49724408714546,5.74164618396257,12.990681637977776,18.73232782194034,11.18,29.62,"[23, 33, 10]","[{""policy"": ""ambulance_new_base"", ""target_id"": ""REG010"", ""target_name"": ""광덕면"", ""target_region_id"": ""REG010"", ""target_region_name"": ""광덕면""}, {""policy"": ""hospital_upgrade"", ""target_id"": ""JDQ4MTYyMiM2MSMkMSMkMiMkOTkkMzgxMzUxIzExIyQxIyQ3IyQ5OSQ0NjE0ODEjODEjJDEjJDYjJDgz"", ""target_name"": ""예일병원"", ""target_region_id"": null, ""target_region_name"": null}, {""policy"": ""ambulance_existing"", ""target_id"": ""EMS011"", ""target_name"": ""서부119안전센터"", ""target_region_id"": ""REG023"", ""target_region_name"": ""성정1동""}]"
600,42,0.289111844844687,0.0343390146912308,5.422903225806452,11.346236395124912,16.769139620931362,5.967992965754759,13.076129478313634,19.04412244406839,11.18,29.62,"[32, 18, 15]","[{""policy"": ""hospital_upgrade"", ""target_id"": ""JDQ4MTYyMiM2MSMkMSMkMiMkOTkkMzgxMzUxIzExIyQxIyQ3IyQ4OSQzNjE0ODEjODEjJDEjJDYjJDgz"", ""target_name"": ""새로나병원"", ""target_region_id"": null, ""target_region_name"": null}, {""policy"": ""ambulance_new_base"", ""target_id"": ""REG003"", ""target_name"": ""신방동"", ""target_region_id"": ""REG003"", ""target_region_name"": ""신방동""}, {""policy"": ""ambulance_existing"", ""target_id"": ""EMS016"", ""target_name"": ""직산119안전센터"", ""target_region_id"": ""REG031"", ""target_region_name"": ""직산읍""}]"
601,42,0.8706877858933346,0.0,5.599677419354838,10.49827554619748,16.09795296555232,6.034316313600623,12.393891174727887,18.42820748832851,11.18,29.62,"[40, 35, 50]","[{""policy"": ""hospital_upgrade"", ""target_id"": ""JDQ4MTYyMiM2MSMkMSMkMiMkOTkkMzgxMzUxIzIxIyQxIyQ1IyQ4OSQyNjE4MzIjNTEjJDEjJDYjJDgz"", ""target_name"": ""아이본병원"", ""target_region_id"": null, ""target_region_name"": null}, {""policy"": ""hospital_upgrade"", ""target_id"": ""JDQ4MTYyMiM2MSMkMSMkMiMkOTkkMzgxMzUxIzIxIyQxIyQ1IyQ2MiQ0NjE0ODEjNjEjJDEjJDgjJDgz"", ""target_name"": ""천안해울병원"", ""target_region_id"": null, ""target_region_name"": null}, {""policy"": ""hospital_upgrade"", ""target_id"": ""JDQ4MTYyMiM2MSMkMSMkMiMkOTkkMzgxMzUxIzIxIyQxIyQxIyQwMyQyNjE0ODEjNTEjJDEjJDYjJDgz"", ""target_name"": ""천안21세기병원"", ""target_region_id"": null, ""target_region_name"": null}]"
602,42,0.8509821065912213,0.0,4.642427382149121,11.594193548387098,16.236620930536215,5.1833342070094055,13.264578960621222,18.447913167630624,11.18,29.62,"[19, 22, 31]","[{""policy"": ""ambulance_new_base"", ""target_id"": ""REG004"", ""target_name"": ""신안동"", ""target_region_id"": ""REG004"", ""target_region_name"": ""신안동""}, {""policy"": ""ambulance_new_base"", ""target_id"": ""REG008"", ""target_name"": ""중앙동"", ""target_region_id"": ""REG008"", ""target_region_name"": ""중앙동""}, {""policy"": ""ambulance_new_base"", ""target_id"": ""REG027"", ""target_name"": ""쌍용3동"", ""target_region_id"": ""REG027"", ""target_region_name"": ""쌍용3동""}]"
603,42,0.3323167788708883,0.0348470509038332,5.1867842220309095,11.594193548387098,16.780977770418005,5.73684658563357,13.264578960621222,19.00142554625479,11.18,29.62,"[26, 19, 2]","[{""policy"": ""ambulance_new_base"", ""target_id"": ""REG018"", ""target_name"": ""백석동"", ""target_region_id"": ""REG018"", ""target_region_name"": ""백석동""}, {""policy"": ""ambulance_new_base"", ""target_id"": ""REG004"", ""target_name"": ""신안동"", ""target_region_id"": ""REG004"", ""target_region_name"": ""신안동""}, {""policy"": ""ambulance_existing"", ""target_id"": ""EMS003"", ""target_name"": ""병천119안전센터"", ""target_region_id"": ""REG012"", ""target_region_name"": ""병천면""}]"
604,42,0.5902976280803307,0.0097741241179697,5.161688808966406,11.594193548387098,16.755882357353503,5.453792809638262,13.264578960621222,18.718371770259484,11.18,29.62,"[23, 11, 28]","[{""policy"": ""ambulance_new_base"", ""target_id"": ""REG010"", ""target_name"": ""광덕면"", ""target_region_id"": ""REG010"", ""target_region_name"": ""광덕면""}, {""policy"": ""ambulance_existing"", ""target_id"": ""EMS012"", ""target_name"": ""성거119안전센터"", ""target_region_id"": ""REG029"", ""target_region_name"": ""성거읍""}, {""policy"": ""ambulance_new_base"", ""target_id"": ""REG020"", ""target_name"": ""부성2동"", ""target_region_id"": ""REG020"", ""target_region_name"": ""부성2동""}]"
605,42,0.27893450972077233,0.0306886569409906,5.212937069622912,11.594193548387098,16.807130618010007,5.786070460820843,13.264578960621222,19.050649421442063,11.18,29.62,"[6, 20, 18]","[{""policy"": ""ambulance_existing"", ""target_id"": ""EMS007"", ""target_name"": ""풍세119안전센터"", ""target_region_id"": ""REG016"", ""target_region_name"": ""풍세면""}, {""policy"": ""ambulance_new_base"", ""target_id"": ""REG005"", ""target_name"": ""원성1동"", ""target_region_id"": ""REG005"", ""target_region_name"": ""원성1동""}, {""policy"": ""ambulance_new_base"", ""target_id"": ""REG003"", ""target_name"": ""신방동"", ""target_region_id"": ""REG003"", ""target_region_name"": ""신방동""}]"
606,42,0.7458654274459833,0.0306886569409906,5.599677419354838,10.666938491107217,16.266615910462058,6.034316313600623,12.549402190116233,18.583718503716852,11.18,29.62,"[40, 6, 32]","[{""policy"": ""hospital_upgrade"", ""target_id"": ""JDQ4MTYyMiM2MSMkMSMkMiMkOTkkMzgxMzUxIzIxIyQxIyQ1IyQ4OSQyNjE4MzIjNTEjJDEjJDYjJDgz"", ""target_name"": ""아이본병원"", ""target_region_id"": null, ""target_region_name"": null}, {""policy"": ""ambulance_existing"", ""target_id"": ""EMS007"", ""target_name"": ""풍세119안전센터"", ""target_region_id"": ""REG016"", ""target_region_name"": ""풍세면""}, {""policy"": ""hospital_upgrade"", ""target_id"": ""JDQ4MTYyMiM2MSMkMSMkMiMkOTkkMzgxMzUxIzExIyQxIyQ3IyQ4OSQzNjE0ODEjODEjJDEjJDYjJDgz"", ""target_name"": ""새로나병원"", ""target_region_id"": null, ""target_region_name"": null}]"
607,42,0.7811602450750122,0.0083272476232864,5.265170274394114,10.856635269370763,16.12180554376488,5.8270612018601655,12.699001074909956,18.52606227677012,11.18,29.62,"[14, 30, 38]","[{""policy"": ""ambulance_existing"", ""target_id"": ""EMS015"", ""target_name"": ""입장119안전센터"", ""target_region_id"": ""REG028"", ""target_region_name"": ""입장면""}, {""policy"": ""ambulance_new_base"", ""target_id"": ""REG025"", ""target_name"": ""쌍용1동"", ""target_region_id"": ""REG025"", ""target_region_name"": ""쌍용1동""}, {""policy"": ""hospital_upgrade"", ""target_id"": ""JDQ4MTYyMiM2MSMkMSMkMiMkOTkkMzgxMzUxIzIxIyQxIyQ1IyQ3OSQzNjE4MzIjODEjJDEjJDYjJDgz"", ""target_name"": ""앙즈로여성병원"", ""target_region_id"": null, ""target_region_name"": null}]"
608,42,0.44473657942475114,0.0001882362364812,5.599677419354838,10.996213716973072,16.595891136327914,6.034316313600623,12.820030617432959,18.854346931033575,11.18,29.62,"[42, 8, 49]","[{""policy"": ""hospital_upgrade"", ""target_id"": ""JDQ4MTYyMiM2MSMkMSMkMiMkOTkkMzgxMzUxIzIxIyQxIyQ1IyQ5OSQzNjEyMjIjNjEjJDEjJDQjJDgz"", ""target_name"": ""천안다나힐병원"", ""target_region_id"": null, ""target_region_name"": null}, {""policy"": ""ambulance_existing"", ""target_id"": ""EMS009"", ""target_name"": ""두정119안전센터"", ""target_region_id"": ""REG024"", ""target_region_name"": ""성정2동""}, {""policy"": ""hospital_upgrade"", ""target_id"": ""JDQ4MTYyMiM2MSMkMSMkMiMkOTkkMzgxMzUxIzIxIyQxIyQxIyQ5MiQyNjEwMDIjNjEjJDEjJDAjJDgz"", ""target_name"": ""두정이진병원"", ""target_region_id"": null, ""target_region_name"": null}]"
609,42,0.4664117645824819,0.0343390146912308,5.074182505176446,11.594193548387098,16.668376053563545,5.602243563709376,13.264578960621222,18.866822524330594,11.18,29.62,"[17, 20, 15]","[{""policy"": ""ambulance_new_base"", ""target_id"": ""REG002"", ""target_name"": ""봉명동"", ""target_region_id"": ""REG002"", ""target_region_name"": ""봉명동""}, {""policy"": ""ambulance_new_base"", ""target_id"": ""REG005"", ""target_name"": ""원성1동"", ""target_region_id"": ""REG005"", ""target_region_name"": ""원성1동""}, {""policy"": ""ambulance_existing"", ""target_id"": ""EMS016"", ""target_name"": ""직산119안전센터"", ""target_region_id"": ""REG031"", ""target_region_name"": ""직산읍""}]"
610,42,0.8520302838202554,0.0,5.599677419354838,10.396030658719988,15.995708078074825,6.034316313600623,12.412548676800972,18.44686499040159,11.18,29.62,"[41, 38, 45]","[{""policy"": ""hospital_upgrade"", ""target_id"": ""JDQ4MTYyMiM2MSMkMSMkMiMkOTkkMzgxMzUxIzIxIyQxIyQ1IyQ4OSQyNjEyMjIjNjEjJDEjJDQjJDgz"", ""target_name"": ""서울프라임병원"", ""target_region_id"": null, ""target_region_name"": null}, {""policy"": ""hospital_upgrade"", ""target_id"": ""JDQ4MTYyMiM2MSMkMSMkMiMkOTkkMzgxMzUxIzIxIyQxIyQ1IyQ3OSQzNjE4MzIjODEjJDEjJDYjJDgz"", ""target_name"": ""앙즈로여성병원"", ""target_region_id"": null, ""target_region_name"": null}, {""policy"": ""hospital_upgrade"", ""target_id"": ""JDQ4MTYyMiM2MSMkMSMkMiMkOTkkMzgxMzUxIzIxIyQxIyQxIyQ3MiQzNjE4MzIjODEjJDEjJDYjJDgz"", ""target_name"": ""삼성스카이병원"", ""target_region_id"": null, ""target_region_name"": null}]"
611,42,0.671955716754356,0.0461916173658476,5.599677419354838,10.780397635622666,16.380075054977503,6.034316313600623,12.638814861232715,18.673131174833337,11.18,29.62,"[43, 40, 9]","[{""policy"": ""hospital_upgrade"", ""target_id"": ""JDQ4MTYyMiM2MSMkMSMkMiMkOTkkMzgxMzUxIzIxIyQxIyQxIyQ2MiQ0NjE0ODEjNDEjJDEjJDQjJDgz"", ""target_name"": ""연세나무병원"", ""target_region_id"": null, ""target_region_name"": null}, {""policy"": ""hospital_upgrade"", ""target_id"": ""JDQ4MTYyMiM2MSMkMSMkMiMkOTkkMzgxMzUxIzIxIyQxIyQ1IyQ4OSQyNjE4MzIjNTEjJDEjJDYjJDgz"", ""target_name"": ""아이본병원"", ""target_region_id"": null, ""target_region_name"": null}, {""policy"": ""ambulance_existing"", ""target_id"": ""EMS010"", ""target_name"": ""불당119안전센터"", ""target_region_id"": ""REG022"", ""target_region_name"": ""불당2동""}]"
612,42,0.6632628455335274,0.0222105191482742,5.249677419354838,11.519141813354748,16.768819232709586,5.442251364611085,13.215591583225512,18.657842947836592,11.18,29.62,"[7, 24, 42]","[{""policy"": ""ambulance_existing"", ""target_id"": ""EMS008"", ""target_name"": ""119구조구급센터119안전센터"", ""target_region_id"": ""REG031"", ""target_region_name"": ""직산읍""}, {""policy"": ""ambulance_new_base"", ""target_id"": ""REG011"", ""target_name"": ""동면"", ""target_region_id"": ""REG011"", ""target_region_name"": ""동면""}, {""policy"": ""hospital_upgrade"", ""target_id"": ""JDQ4MTYyMiM2MSMkMSMkMiMkOTkkMzgxMzUxIzIxIyQxIyQ1IyQ5OSQzNjEyMjIjNjEjJDEjJDQjJDgz"", ""target_name"": ""천안다나힐병원"", ""target_region_id"": null, ""target_region_name"": null}]"
613,42,0.6079775181615927,0.0356736742774606,5.094749391013949,11.594193548387098,16.688942939401045,5.462012469716495,13.264578960621222,18.726591430337713,11.18,29.62,"[20, 16, 12]","[{""policy"": ""ambulance_new_base"", ""target_id"": ""REG005"", ""target_name"": ""원성1동"", ""target_region_id"": ""REG005"", ""target_region_name"": ""원성1동""}, {""policy"": ""ambulance_new_base"", ""target_id"": ""REG001"", ""target_name"": ""문성동"", ""target_region_id"": ""REG001"", ""target_region_name"": ""문성동""}, {""policy"": ""ambulance_existing"", ""target_id"": ""EMS013"", ""target_name"": ""성환119안전센터"", ""target_region_id"": ""REG030"", ""target_region_name"": ""성환읍""}]"
614,42,0.8813043456259884,0.0,5.36265655090189,10.813555326452196,16.17621187735408,5.746462939276316,12.671127989319542,18.417590928595857,11.18,29.62,"[43, 38, 28]","[{""policy"": ""hospital_upgrade"", ""target_id"": ""JDQ4MTYyMiM2MSMkMSMkMiMkOTkkMzgxMzUxIzIxIyQxIyQxIyQ2MiQ0NjE0ODEjNDEjJDEjJDQjJDgz"", ""target_name"": ""연세나무병원"", ""target_region_id"": null, ""target_region_name"": null}, {""policy"": ""hospital_upgrade"", ""target_id"": ""JDQ4MTYyMiM2MSMkMSMkMiMkOTkkMzgxMzUxIzIxIyQxIyQ1IyQ3OSQzNjE4MzIjODEjJDEjJDYjJDgz"", ""target_name"": ""앙즈로여성병원"", ""target_region_id"": null, ""target_region_name"": null}, {""policy"": ""ambulance_new_base"", ""target_id"": ""REG020"", ""target_name"": ""부성2동"", ""target_region_id"": ""REG020"", ""target_region_name"": ""부성2동""}]"
615,42,0.8484502279149906,0.0356736742774606,4.948891517368348,11.594193548387098,16.543085065755445,5.221539759963093,13.264578960621222,18.486118720584315,10.85,29.62,"[21, 25, 12]","[{""policy"": ""ambulance_new_base"", ""target_id"": ""REG007"", ""target_name"": ""일봉동"", ""target_region_id"": ""REG007"", ""target_region_name"": ""일봉동""}, {""policy"": ""ambulance_new_base"", ""target_id"": ""REG015"", ""target_name"": ""수신면"", ""target_region_id"": ""REG015"", ""target_region_name"": ""수신면""}, {""policy"": ""ambulance_existing"", ""target_id"": ""EMS013"", ""target_name"": ""성환119안전센터"", ""target_region_id"": ""REG030"", ""target_region_name"": ""성환읍""}]"
616,42,0.7980649204837894,0.0495123820092479,5.599677419354838,10.550164890170867,16.149842309525706,6.034316313600623,12.516026422146684,18.550342735747304,11.18,29.62,"[5, 44, 38]","[{""policy"": ""ambulance_existing"", ""target_id"": ""EMS006"", ""target_name"": ""청당119안전센터"", ""target_region_id"": ""REG009"", ""target_region_name"": ""청룡동""}, {""policy"": ""hospital_upgrade"", ""target_id"": ""JDQ4MTYyMiM2MSMkMSMkMiMkOTkkMzgxMzUxIzIxIyQxIyQxIyQ3MiQyNjE0ODEjNDEjJDEjJDgjJDgz"", ""target_name"": ""천안재활병원"", ""target_region_id"": null, ""target_region_name"": null}, {""policy"": ""hospital_upgrade"", ""target_id"": ""JDQ4MTYyMiM2MSMkMSMkMiMkOTkkMzgxMzUxIzIxIyQxIyQ1IyQ3OSQzNjE4MzIjODEjJDEjJDYjJDgz"", ""target_name"": ""앙즈로여성병원"", ""target_region_id"": null, ""target_region_name"": null}]"
617,42,1.0334764216007826,0.0083272476232864,5.232801978072861,10.860143321295778,16.09294529936864,5.567406178782148,12.706339921462204,18.27374610024435,11.18,29.62,"[43, 14, 22]","[{""policy"": ""hospital_upgrade"", ""target_id"": ""JDQ4MTYyMiM2MSMkMSMkMiMkOTkkMzgxMzUxIzIxIyQxIyQxIyQ2MiQ0NjE0ODEjNDEjJDEjJDQjJDgz"", ""target_name"": ""연세나무병원"", ""target_region_id"": null, ""target_region_name"": null}, {""policy"": ""ambulance_existing"", ""target_id"": ""EMS015"", ""target_name"": ""입장119안전센터"", ""target_region_id"": ""REG028"", ""target_region_name"": ""입장면""}, {""policy"": ""ambulance_new_base"", ""target_id"": ""REG008"", ""target_name"": ""중앙동"", ""target_region_id"": ""REG008"", ""target_region_name"": ""중앙동""}]"
618,42,0.3842735707147131,0.0461916173658476,5.422903225806452,11.101640188418845,16.524543414225295,5.967992965754759,12.992820355118223,18.96081332087298,11.18,29.62,"[9, 53, 18]","[{""policy"": ""ambulance_existing"", ""target_id"": ""EMS010"", ""target_name"": ""불당119안전센터"", ""target_region_id"": ""REG022"", ""target_region_name"": ""불당2동""}, {""policy"": ""hospital_upgrade"", ""target_id"": ""JDQ4MTYyMiM2MSMkMSMkMiMkOTkkMzgxMzUxIzIxIyQyIyQ1IyQwMCQyNjEwMDIjNDEjJDEjJDgjJDgz"", ""target_name"": ""이화병원"", ""target_region_id"": null, ""target_region_name"": null}, {""policy"": ""ambulance_new_base"", ""target_id"": ""REG003"", ""target_name"": ""신방동"", ""target_region_id"": ""REG003"", ""target_region_name"": ""신방동""}]"
619,42,0.9976506356025148,0.0,5.074182505176446,10.856635269370763,15.93081777454721,5.602243563709376,12.699001074909956,18.30124463861933,11.18,29.62,"[38, 20, 17]","[{""policy"": ""hospital_upgrade"", ""target_id"": ""JDQ4MTYyMiM2MSMkMSMkMiMkOTkkMzgxMzUxIzIxIyQxIyQ1IyQ3OSQzNjE4MzIjODEjJDEjJDYjJDgz"", ""target_name"": ""앙즈로여성병원"", ""target_region_id"": null, ""target_region_name"": null}, {""policy"": ""ambulance_new_base"", ""target_id"": ""REG005"", ""target_name"": ""원성1동"", ""target_region_id"": ""REG005"", ""target_region_name"": ""원성1동""}, {""policy"": ""ambulance_new_base"", ""target_id"": ""REG002"", ""target_name"": ""봉명동"", ""target_region_id"": ""REG002"", ""target_region_name"": ""봉명동""}]"
620,42,0.9639391528944419,0.0461916173658476,5.30471554719749,10.922183961670516,16.226899508868005,5.64393497465041,12.737212764042843,18.38114773869325,11.18,29.62,"[9, 16, 39]","[{""policy"": ""ambulance_existing"", ""target_id"": ""EMS010"", ""target_name"": ""불당119안전센터"", ""target_region_id"": ""REG022"", ""target_region_name"": ""불당2동""}, {""policy"": ""ambulance_new_base"", ""target_id"": ""REG001"", ""target_name"": ""문성동"", ""target_region_id"": ""REG001"", ""target_region_name"": ""문성동""}, {""policy"": ""hospital_upgrade"", ""target_id"": ""JDQ4MTYyMiM2MSMkMSMkMiMkOTkkMzgxMzUxIzIxIyQxIyQ1IyQ4OSQ0NjEwMDIjNTEjJDEjJDIjJDgz"", ""target_name"": ""천안리턴병원"", ""target_region_id"": null, ""target_region_name"": null}]"
621,42,0.2278889165628212,0.032064179737811296,5.3432258064516125,11.594193548387098,16.937419354838706,5.838491576775618,13.264578960621222,19.103070537396835,11.18,29.62,"[19, 0, 6]","[{""policy"": ""ambulance_new_base"", ""target_id"": ""REG004"", ""target_name"": ""신안동"", ""target_region_id"": ""REG004"", ""target_region_name"": ""신안동""}, {""policy"": ""ambulance_existing"", ""target_id"": ""EMS001"", ""target_name"": ""119구조구급센터119안전센터"", ""target_region_id"": ""REG006"", ""target_region_name"": ""원성2동""}, {""policy"": ""ambulance_existing"", ""target_id"": ""EMS007"", ""target_name"": ""풍세119안전센터"", ""target_region_id"": ""REG016"", ""target_region_name"": ""풍세면""}]"
622,42,0.5139312240373928,0.0343390146912308,5.3432258064516125,11.138559464269987,16.481785270721602,5.838491576775618,12.980811488100068,18.819303064875683,11.18,29.62,"[45, 15, 19]","[{""policy"": ""hospital_upgrade"", ""target_id"": ""JDQ4MTYyMiM2MSMkMSMkMiMkOTkkMzgxMzUxIzIxIyQxIyQxIyQ3MiQzNjE4MzIjODEjJDEjJDYjJDgz"", ""target_name"": ""삼성스카이병원"", ""target_region_id"": null, ""target_region_name"": null}, {""policy"": ""ambulance_existing"", ""target_id"": ""EMS016"", ""target_name"": ""직산119안전센터"", ""target_region_id"": ""REG031"", ""target_region_name"": ""직산읍""}, {""policy"": ""ambulance_new_base"", ""target_id"": ""REG004"", ""target_name"": ""신안동"", ""target_region_id"": ""REG004"", ""target_region_name"": ""신안동""}]"
623,42,0.8191698826159749,0.0045892200942615,5.36265655090189,10.914895644369402,16.277552195271294,5.746462939276316,12.73785167242382,18.484314611700132,11.18,29.62,"[40, 28, 3]","[{""policy"": ""hospital_upgrade"", ""target_id"": ""JDQ4MTYyMiM2MSMkMSMkMiMkOTkkMzgxMzUxIzIxIyQxIyQ1IyQ4OSQyNjE4MzIjNTEjJDEjJDYjJDgz"", ""target_name"": ""아이본병원"", ""target_region_id"": null, ""target_region_name"": null}, {""policy"": ""ambulance_new_base"", ""target_id"": ""REG020"", ""target_name"": ""부성2동"", ""target_region_id"": ""REG020"", ""target_region_name"": ""부성2동""}, {""policy"": ""ambulance_existing"", ""target_id"": ""EMS004"", ""target_name"": ""북면지역대"", ""target_region_id"": ""REG013"", ""target_region_name"": ""북면""}]"
624,42,1.138391888560843,0.0,5.239032258064516,10.84614348870792,16.085175746772435,5.438138036909479,12.722365348751524,18.160503385661002,10.85,29.62,"[34, 33, 25]","[{""policy"": ""hospital_upgrade"", ""target_id"": ""JDQ4MTYyMiM2MSMkMSMkMiMkOTkkMzgxMzUxIzExIyQyIyQ3IyQwMCQ0NjE0ODEjNjEjJDEjJDgjJDgz"", ""target_name"": ""천안우리병원"", ""target_region_id"": null, ""target_region_name"": null}, {""policy"": ""hospital_upgrade"", ""target_id"": ""JDQ4MTYyMiM2MSMkMSMkMiMkOTkkMzgxMzUxIzExIyQxIyQ3IyQ5OSQ0NjE0ODEjODEjJDEjJDYjJDgz"", ""target_name"": ""예일병원"", ""target_region_id"": null, ""target_region_name"": null}, {""policy"": ""ambulance_new_base"", ""target_id"": ""REG015"", ""target_name"": ""수신면"", ""target_region_id"": ""REG015"", ""target_region_name"": ""수신면""}]"
625,42,1.3105563775524196,0.0,5.239032258064516,10.664957489577072,15.90398974764159,5.438138036909479,12.550200859759947,17.988338896669426,10.85,29.62,"[25, 32, 52]","[{""policy"": ""ambulance_new_base"", ""target_id"": ""REG015"", ""target_name"": ""수신면"", ""target_region_id"": ""REG015"", ""target_region_name"": ""수신면""}, {""policy"": ""hospital_upgrade"", ""target_id"": ""JDQ4MTYyMiM2MSMkMSMkMiMkOTkkMzgxMzUxIzExIyQxIyQ3IyQ4OSQzNjE0ODEjODEjJDEjJDYjJDgz"", ""target_name"": ""새로나병원"", ""target_region_id"": null, ""target_region_name"": null}, {""policy"": ""hospital_upgrade"", ""target_id"": ""JDQ4MTYyMiM2MSMkMSMkMiMkOTkkMzgxMzUxIzIxIyQxIyQxIyQxMyQyNjEyMjIjNzEjJDEjJDgjJDgz"", ""target_name"": ""SG삼성조은병원"", ""target_region_id"": null, ""target_region_name"": null}]"
626,42,0.7362510002080178,0.0,5.599677419354838,10.470670229868626,16.070347649223464,6.034316313600623,12.52832796041321,18.562644274013827,11.18,29.62,"[46, 49, 44]","[{""policy"": ""hospital_upgrade"", ""target_id"": ""JDQ4MTYyMiM2MSMkMSMkMiMkOTkkMzgxMzUxIzIxIyQxIyQxIyQ3OSQyNjEyMjIjNDEjJDEjJDgjJDgz"", ""target_name"": ""우리척병원"", ""target_region_id"": null, ""target_region_name"": null}, {""policy"": ""hospital_upgrade"", ""target_id"": ""JDQ4MTYyMiM2MSMkMSMkMiMkOTkkMzgxMzUxIzIxIyQxIyQxIyQ5MiQyNjEwMDIjNjEjJDEjJDAjJDgz"", ""target_name"": ""두정이진병원"", ""target_region_id"": null, ""target_region_name"": null}, {""policy"": ""hospital_upgrade"", ""target_id"": ""JDQ4MTYyMiM2MSMkMSMkMiMkOTkkMzgxMzUxIzIxIyQxIyQxIyQ3MiQyNjE0ODEjNDEjJDEjJDgjJDgz"", ""target_name"": ""천안재활병원"", ""target_region_id"": null, ""target_region_name"": null}]"
627,42,1.1856310867488702,0.0,5.072903225806451,10.92879511789891,16.00169834370536,5.37592801676522,12.737336170707753,18.113264187472975,11.18,29.62,"[41, 24, 18]","[{""policy"": ""hospital_upgrade"", ""target_id"": ""JDQ4MTYyMiM2MSMkMSMkMiMkOTkkMzgxMzUxIzIxIyQxIyQ1IyQ4OSQyNjEyMjIjNjEjJDEjJDQjJDgz"", ""target_name"": ""서울프라임병원"", ""target_region_id"": null, ""target_region_name"": null}, {""policy"": ""ambulance_new_base"", ""target_id"": ""REG011"", ""target_name"": ""동면"", ""target_region_id"": ""REG011"", ""target_region_name"": ""동면""}, {""policy"": ""ambulance_new_base"", ""target_id"": ""REG003"", ""target_name"": ""신방동"", ""target_region_id"": ""REG003"", ""target_region_name"": ""신방동""}]"
628,42,0.8048089112284241,0.0013755227968207,4.904525113103792,11.594193548387098,16.498718661490887,5.2308829251690225,13.264578960621222,18.49546188579024,10.85,29.62,"[25, 0, 30]","[{""policy"": ""ambulance_new_base"", ""target_id"": ""REG015"", ""target_name"": ""수신면"", ""target_region_id"": ""REG015"", ""target_region_name"": ""수신면""}, {""policy"": ""ambulance_existing"", ""target_id"": ""EMS001"", ""target_name"": ""119구조구급센터119안전센터"", ""target_region_id"": ""REG006"", ""target_region_name"": ""원성2동""}, {""policy"": ""ambulance_new_base"", ""target_id"": ""REG025"", ""target_name"": ""쌍용1동"", ""target_region_id"": ""REG025"", ""target_region_name"": ""쌍용1동""}]"
629,42,1.4048415026270682,0.0,4.598891517368349,11.594193548387098,16.193085065755447,4.629474810973556,13.264578960621222,17.894053771594777,10.12,29.62,"[25, 24, 21]","[{""policy"": ""ambulance_new_base"", ""target_id"": ""REG015"", ""target_name"": ""수신면"", ""target_region_id"": ""REG015"", ""target_region_name"": ""수신면""}, {""policy"": ""ambulance_new_base"", ""target_id"": ""REG011"", ""target_name"": ""동면"", ""target_region_id"": ""REG011"", ""target_region_name"": ""동면""}, {""policy"": ""ambulance_new_base"", ""target_id"": ""REG007"", ""target_name"": ""일봉동"", ""target_region_id"": ""REG007"", ""target_region_name"": ""일봉동""}]"
630,42,0.8584033793712287,0.0,5.36265655090189,10.8466962068964,16.20935275779829,5.746462939276316,12.694028955574302,18.440491894850616,11.18,29.62,"[34, 28, 45]","[{""policy"": ""hospital_upgrade"", ""target_id"": ""JDQ4MTYyMiM2MSMkMSMkMiMkOTkkMzgxMzUxIzExIyQyIyQ3IyQwMCQ0NjE0ODEjNjEjJDEjJDgjJDgz"", ""target_name"": ""천안우리병원"", ""target_region_id"": null, ""target_region_name"": null}, {""policy"": ""ambulance_new_base"", ""target_id"": ""REG020"", ""target_name"": ""부성2동"", ""target_region_id"": ""REG020"", ""target_region_name"": ""부성2동""}, {""policy"": ""hospital_upgrade"", ""target_id"": ""JDQ4MTYyMiM2MSMkMSMkMiMkOTkkMzgxMzUxIzIxIyQxIyQxIyQ3MiQzNjE4MzIjODEjJDEjJDYjJDgz"", ""target_name"": ""삼성스카이병원"", ""target_region_id"": null, ""target_region_name"": null}]"
631,42,0.5613449696190624,0.0319848670750868,5.599677419354838,10.903044755594616,16.502722174949454,6.034316313600623,12.73521885807725,18.76953517167787,11.18,29.62,"[11, 37, 10]","[{""policy"": ""ambulance_existing"", ""target_id"": ""EMS012"", ""target_name"": ""성거119안전센터"", ""target_region_id"": ""REG029"", ""target_region_name"": ""성거읍""}, {""policy"": ""hospital_upgrade"", ""target_id"": ""JDQ4MTYyMiM2MSMkMSMkMiMkOTkkMzgxMzUxIzIxIyQxIyQ1IyQ3OSQyNjE0ODEjNDEjJDEjJDgjJDgz"", ""target_name"": ""마디손병원"", ""target_region_id"": null, ""target_region_name"": null}, {""policy"": ""ambulance_existing"", ""target_id"": ""EMS011"", ""target_name"": ""서부119안전센터"", ""target_region_id"": ""REG023"", ""target_region_name"": ""성정1동""}]"
632,42,0.8154473738525247,0.0,5.599677419354838,10.345611551146852,15.945288970501691,6.034316313600623,12.449131586768699,18.48344790036932,11.18,29.62,"[44, 40, 53]","[{""policy"": ""hospital_upgrade"", ""target_id"": ""JDQ4MTYyMiM2MSMkMSMkMiMkOTkkMzgxMzUxIzIxIyQxIyQxIyQ3MiQyNjE0ODEjNDEjJDEjJDgjJDgz"", ""target_name"": ""천안재활병원"", ""target_region_id"": null, ""target_region_name"": null}, {""policy"": ""hospital_upgrade"", ""target_id"": ""JDQ4MTYyMiM2MSMkMSMkMiMkOTkkMzgxMzUxIzIxIyQxIyQ1IyQ4OSQyNjE4MzIjNTEjJDEjJDYjJDgz"", ""target_name"": ""아이본병원"", ""target_region_id"": null, ""target_region_name"": null}, {""policy"": ""hospital_upgrade"", ""target_id"": ""JDQ4MTYyMiM2MSMkMSMkMiMkOTkkMzgxMzUxIzIxIyQyIyQ1IyQwMCQyNjEwMDIjNDEjJDEjJDgjJDgz"", ""target_name"": ""이화병원"", ""target_region_id"": null, ""target_region_name"": null}]"
633,42,0.5065307298956202,0.0308768931774718,5.599677419354838,10.975591027317092,16.57526844667193,6.034316313600623,12.788925123903075,18.823241437503697,11.18,29.62,"[47, 8, 6]","[{""policy"": ""hospital_upgrade"", ""target_id"": ""JDQ4MTYyMiM2MSMkMSMkMiMkOTkkMzgxMzUxIzIxIyQxIyQxIyQ4OSQ0NjE0ODEjODEjJDEjJDIjJDgz"", ""target_name"": ""서울우리병원"", ""target_region_id"": null, ""target_region_name"": null}, {""policy"": ""ambulance_existing"", ""target_id"": ""EMS009"", ""target_name"": ""두정119안전센터"", ""target_region_id"": ""REG024"", ""target_region_name"": ""성정2동""}, {""policy"": ""ambulance_existing"", ""target_id"": ""EMS007"", ""target_name"": ""풍세119안전센터"", ""target_region_id"": ""REG016"", ""target_region_name"": ""풍세면""}]"
634,42,0.7176159491355826,0.0083272476232864,5.389711263171298,10.922183961670516,16.311895224841816,5.852393808666708,12.737212764042843,18.58960657270955,11.18,29.62,"[20, 39, 14]","[{""policy"": ""ambulance_new_base"", ""target_id"": ""REG005"", ""target_name"": ""원성1동"", ""target_region_id"": ""REG005"", ""target_region_name"": ""원성1동""}, {""policy"": ""hospital_upgrade"", ""target_id"": ""JDQ4MTYyMiM2MSMkMSMkMiMkOTkkMzgxMzUxIzIxIyQxIyQ1IyQ4OSQ0NjEwMDIjNTEjJDEjJDIjJDgz"", ""target_name"": ""천안리턴병원"", ""target_region_id"": null, ""target_region_name"": null}, {""policy"": ""ambulance_existing"", ""target_id"": ""EMS015"", ""target_name"": ""입장119안전센터"", ""target_region_id"": ""REG028"", ""target_region_name"": ""입장면""}]"
635,42,0.8872584480897068,0.0,5.398709677419355,10.785908667306122,16.18461834472548,5.74164618396257,12.669990642169571,18.41163682613214,11.18,29.62,"[32, 23, 49]","[{""policy"": ""hospital_upgrade"", ""target_id"": ""JDQ4MTYyMiM2MSMkMSMkMiMkOTkkMzgxMzUxIzExIyQxIyQ3IyQ4OSQzNjE0ODEjODEjJDEjJDYjJDgz"", ""target_name"": ""새로나병원"", ""target_region_id"": null, ""target_region_name"": null}, {""policy"": ""ambulance_new_base"", ""target_id"": ""REG010"", ""target_name"": ""광덕면"", ""target_region_id"": ""REG010"", ""target_region_name"": ""광덕면""}, {""policy"": ""hospital_upgrade"", ""target_id"": ""JDQ4MTYyMiM2MSMkMSMkMiMkOTkkMzgxMzUxIzIxIyQxIyQxIyQ5MiQyNjEwMDIjNjEjJDEjJDAjJDgz"", ""target_name"": ""두정이진병원"", ""target_region_id"": null, ""target_region_name"": null}]"
636,42,0.8666841955821099,0.0,5.067694678744541,11.346236395124912,16.413931073869453,5.356081600326103,13.076129478313634,18.432211078639735,11.18,29.62,"[32, 16, 28]","[{""policy"": ""hospital_upgrade"", ""target_id"": ""JDQ4MTYyMiM2MSMkMSMkMiMkOTkkMzgxMzUxIzExIyQxIyQ3IyQ4OSQzNjE0ODEjODEjJDEjJDYjJDgz"", ""target_name"": ""새로나병원"", ""target_region_id"": null, ""target_region_name"": null}, {""policy"": ""ambulance_new_base"", ""target_id"": ""REG001"", ""target_name"": ""문성동"", ""target_region_id"": ""REG001"", ""target_region_name"": ""문성동""}, {""policy"": ""ambulance_new_base"", ""target_id"": ""REG020"", ""target_name"": ""부성2동"", ""target_region_id"": ""REG020"", ""target_region_name"": ""부성2동""}]"
637,42,0.5587121552724934,0.0319848670750868,5.599677419354838,10.914895644369402,16.514573063724242,6.034316313600623,12.73785167242382,18.77216798602444,11.18,29.62,"[40, 10, 11]","[{""policy"": ""hospital_upgrade"", ""target_id"": ""JDQ4MTYyMiM2MSMkMSMkMiMkOTkkMzgxMzUxIzIxIyQxIyQ1IyQ4OSQyNjE4MzIjNTEjJDEjJDYjJDgz"", ""target_name"": ""아이본병원"", ""target_region_id"": null, ""target_region_name"": null}, {""policy"": ""ambulance_existing"", ""target_id"": ""EMS011"", ""target_name"": ""서부119안전센터"", ""target_region_id"": ""REG023"", ""target_region_name"": ""성정1동""}, {""policy"": ""ambulance_existing"", ""target_id"": ""EMS012"", ""target_name"": ""성거119안전센터"", ""target_region_id"": ""REG029"", ""target_region_name"": ""성거읍""}]"
638,42,0.9125057902048361,0.0,5.30953667865867,10.673185739997537,15.982722418656211,5.817718036654236,12.568671447362778,18.38638948401701,11.18,29.62,"[21, 40, 49]","[{""policy"": ""ambulance_new_base"", ""target_id"": ""REG007"", ""target_name"": ""일봉동"", ""target_region_id"": ""REG007"", ""target_region_name"": ""일봉동""}, {""policy"": ""hospital_upgrade"", ""target_id"": ""JDQ4MTYyMiM2MSMkMSMkMiMkOTkkMzgxMzUxIzIxIyQxIyQ1IyQ4OSQyNjE4MzIjNTEjJDEjJDYjJDgz"", ""target_name"": ""아이본병원"", ""target_region_id"": null, ""target_region_name"": null}, {""policy"": ""hospital_upgrade"", ""target_id"": ""JDQ4MTYyMiM2MSMkMSMkMiMkOTkkMzgxMzUxIzIxIyQxIyQxIyQ5MiQyNjEwMDIjNjEjJDEjJDAjJDgz"", ""target_name"": ""두정이진병원"", ""target_region_id"": null, ""target_region_name"": null}]"
639,42,0.5603600509528345,0.0013755227968207,5.599677419354838,10.64577819179428,16.24545561114912,6.034316313600623,12.705594432465213,18.73991074606583,11.18,29.62,"[53, 36, 0]","[{""policy"": ""hospital_upgrade"", ""target_id"": ""JDQ4MTYyMiM2MSMkMSMkMiMkOTkkMzgxMzUxIzIxIyQyIyQ1IyQwMCQyNjEwMDIjNDEjJDEjJDgjJDgz"", ""target_name"": ""이화병원"", ""target_region_id"": null, ""target_region_name"": null}, {""policy"": ""hospital_upgrade"", ""target_id"": ""JDQ4MTYyMiM2MSMkMSMkMiMkOTkkMzgxMzUxIzIxIyQxIyQ1IyQ2MiQzNjE4MzIjODEjJDEjJDIjJDgz"", ""target_name"": ""돋움병원"", ""target_region_id"": null, ""target_region_name"": null}, {""policy"": ""ambulance_existing"", ""target_id"": ""EMS001"", ""target_name"": ""119구조구급센터119안전센터"", ""target_region_id"": ""REG006"", ""target_region_name"": ""원성2동""}]"
640,42,0.6142047806428403,0.0559657414838173,5.599677419354838,10.860143321295778,16.459820740650617,6.034316313600623,12.706339921462204,18.740656235062822,11.18,29.62,"[11, 9, 43]","[{""policy"": ""ambulance_existing"", ""target_id"": ""EMS012"", ""target_name"": ""성거119안전센터"", ""target_region_id"": ""REG029"", ""target_region_name"": ""성거읍""}, {""policy"": ""ambulance_existing"", ""target_id"": ""EMS010"", ""target_name"": ""불당119안전센터"", ""target_region_id"": ""REG022"", ""target_region_name"": ""불당2동""}, {""policy"": ""hospital_upgrade"", ""target_id"": ""JDQ4MTYyMiM2MSMkMSMkMiMkOTkkMzgxMzUxIzIxIyQxIyQxIyQ2MiQ0NjE0ODEjNDEjJDEjJDQjJDgz"", ""target_name"": ""연세나무병원"", ""target_region_id"": null, ""target_region_name"": null}]"
641,42,0.8749479073339472,0.0,5.599677419354838,10.407885679401968,16.007563098756812,6.034316313600623,12.389631053287278,18.423947366887898,11.18,29.62,"[48, 41, 47]","[{""policy"": ""hospital_upgrade"", ""target_id"": ""JDQ4MTYyMiM2MSMkMSMkMiMkOTkkMzgxMzUxIzIxIyQxIyQxIyQ5MiQyNjE4MzIjNDEjJDEjJDgjJDgz"", ""target_name"": ""혜성산부인과병원"", ""target_region_id"": null, ""target_region_name"": null}, {""policy"": ""hospital_upgrade"", ""target_id"": ""JDQ4MTYyMiM2MSMkMSMkMiMkOTkkMzgxMzUxIzIxIyQxIyQ1IyQ4OSQyNjEyMjIjNjEjJDEjJDQjJDgz"", ""target_name"": ""서울프라임병원"", ""target_region_id"": null, ""target_region_name"": null}, {""policy"": ""hospital_upgrade"", ""target_id"": ""JDQ4MTYyMiM2MSMkMSMkMiMkOTkkMzgxMzUxIzIxIyQxIyQxIyQ4OSQ0NjE0ODEjODEjJDEjJDIjJDgz"", ""target_name"": ""서울우리병원"", ""target_region_id"": null, ""target_region_name"": null}]"
642,42,0.9051148931311701,0.0,5.599677419354838,10.426510189891303,16.026187609246143,6.034316313600623,12.359464067490054,18.393780381090675,11.18,29.62,"[43, 35, 52]","[{""policy"": ""hospital_upgrade"", ""target_id"": ""JDQ4MTYyMiM2MSMkMSMkMiMkOTkkMzgxMzUxIzIxIyQxIyQxIyQ2MiQ0NjE0ODEjNDEjJDEjJDQjJDgz"", ""target_name"": ""연세나무병원"", ""target_region_id"": null, ""target_region_name"": null}, {""policy"": ""hospital_upgrade"", ""target_id"": ""JDQ4MTYyMiM2MSMkMSMkMiMkOTkkMzgxMzUxIzIxIyQxIyQ1IyQ2MiQ0NjE0ODEjNjEjJDEjJDgjJDgz"", ""target_name"": ""천안해울병원"", ""target_region_id"": null, ""target_region_name"": null}, {""policy"": ""hospital_upgrade"", ""target_id"": ""JDQ4MTYyMiM2MSMkMSMkMiMkOTkkMzgxMzUxIzIxIyQxIyQxIyQxMyQyNjEyMjIjNzEjJDEjJDgjJDgz"", ""target_name"": ""SG삼성조은병원"", ""target_region_id"": null, ""target_region_name"": null}]"
643,42,0.4807894316132192,0.0083272476232864,5.422903225806452,11.033865820568307,16.45676904637476,5.967992965754759,12.858440124477161,18.826433090231912,11.18,29.62,"[49, 14, 18]","[{""policy"": ""hospital_upgrade"", ""target_id"": ""JDQ4MTYyMiM2MSMkMSMkMiMkOTkkMzgxMzUxIzIxIyQxIyQxIyQ5MiQyNjEwMDIjNjEjJDEjJDAjJDgz"", ""target_name"": ""두정이진병원"", ""target_region_id"": null, ""target_region_name"": null}, {""policy"": ""ambulance_existing"", ""target_id"": ""EMS015"", ""target_name"": ""입장119안전센터"", ""target_region_id"": ""REG028"", ""target_region_name"": ""입장면""}, {""policy"": ""ambulance_new_base"", ""target_id"": ""REG003"", ""target_name"": ""신방동"", ""target_region_id"": ""REG003"", ""target_region_name"": ""신방동""}]"
644,42,0.2941060143052005,0.0014358846671462056,5.398709677419355,11.594193548387098,16.99290322580645,5.74164618396257,13.264578960621222,19.00622514458379,11.18,29.62,"[0, 13, 23]","[{""policy"": ""ambulance_existing"", ""target_id"": ""EMS001"", ""target_name"": ""119구조구급센터119안전센터"", ""target_region_id"": ""REG006"", ""target_region_name"": ""원성2동""}, {""policy"": ""ambulance_existing"", ""target_id"": ""EMS014"", ""target_name"": ""쌍용119안전센터"", ""target_region_id"": ""REG026"", ""target_region_name"": ""쌍용2동""}, {""policy"": ""ambulance_new_base"", ""target_id"": ""REG010"", ""target_name"": ""광덕면"", ""target_region_id"": ""REG010"", ""target_region_name"": ""광덕면""}]"
645,42,0.6604678833530573,6.036187032550563e-05,5.599677419354838,10.662932204606639,16.262609623961477,6.034316313600623,12.60417143913849,18.638487752739113,11.18,29.62,"[36, 13, 41]","[{""policy"": ""hospital_upgrade"", ""target_id"": ""JDQ4MTYyMiM2MSMkMSMkMiMkOTkkMzgxMzUxIzIxIyQxIyQ1IyQ2MiQzNjE4MzIjODEjJDEjJDIjJDgz"", ""target_name"": ""돋움병원"", ""target_region_id"": null, ""target_region_name"": null}, {""policy"": ""ambulance_existing"", ""target_id"": ""EMS014"", ""target_name"": ""쌍용119안전센터"", ""target_region_id"": ""REG026"", ""target_region_name"": ""쌍용2동""}, {""policy"": ""hospital_upgrade"", ""target_id"": ""JDQ4MTYyMiM2MSMkMSMkMiMkOTkkMzgxMzUxIzIxIyQxIyQ1IyQ4OSQyNjEyMjIjNjEjJDEjJDQjJDgz"", ""target_name"": ""서울프라임병원"", ""target_region_id"": null, ""target_region_name"": null}]"
646,42,0.9159049048717769,0.0,5.0552041182105745,10.914895644369402,15.970099762579979,5.645138696926251,12.73785167242382,18.38299036935007,11.18,29.62,"[40, 30, 20]","[{""policy"": ""hospital_upgrade"", ""target_id"": ""JDQ4MTYyMiM2MSMkMSMkMiMkOTkkMzgxMzUxIzIxIyQxIyQ1IyQ4OSQyNjE4MzIjNTEjJDEjJDYjJDgz"", ""target_name"": ""아이본병원"", ""target_region_id"": null, ""target_region_name"": null}, {""policy"": ""ambulance_new_base"", ""target_id"": ""REG025"", ""target_name"": ""쌍용1동"", ""target_region_id"": ""REG025"", ""target_region_name"": ""쌍용1동""}, {""policy"": ""ambulance_new_base"", ""target_id"": ""REG005"", ""target_name"": ""원성1동"", ""target_region_id"": ""REG005"", ""target_region_name"": ""원성1동""}]"
647,42,0.7623396217871437,0.0097741241179697,5.599677419354838,10.547864409488213,16.147541828843053,6.034316313600623,12.51201346295205,18.54632977655267,11.18,29.62,"[36, 11, 43]","[{""policy"": ""hospital_upgrade"", ""target_id"": ""JDQ4MTYyMiM2MSMkMSMkMiMkOTkkMzgxMzUxIzIxIyQxIyQ1IyQ2MiQzNjE4MzIjODEjJDEjJDIjJDgz"", ""target_name"": ""돋움병원"", ""target_region_id"": null, ""target_region_name"": null}, {""policy"": ""ambulance_existing"", ""target_id"": ""EMS012"", ""target_name"": ""성거119안전센터"", ""target_region_id"": ""REG029"", ""target_region_name"": ""성거읍""}, {""policy"": ""hospital_upgrade"", ""target_id"": ""JDQ4MTYyMiM2MSMkMSMkMiMkOTkkMzgxMzUxIzIxIyQxIyQxIyQ2MiQ0NjE0ODEjNDEjJDEjJDQjJDgz"", ""target_name"": ""연세나무병원"", ""target_region_id"": null, ""target_region_name"": null}]"
648,42,0.6410994051453436,0.0,5.086248100271297,11.101640188418845,16.187888288690143,5.664975513958283,12.992820355118223,18.6577958690765,11.18,29.62,"[19, 29, 53]","[{""policy"": ""ambulance_new_base"", ""target_id"": ""REG004"", ""target_name"": ""신안동"", ""target_region_id"": ""REG004"", ""target_region_name"": ""신안동""}, {""policy"": ""ambulance_new_base"", ""target_id"": ""REG021"", ""target_name"": ""불당1동"", ""target_region_id"": ""REG021"", ""target_region_name"": ""불당1동""}, {""policy"": ""hospital_upgrade"", ""target_id"": ""JDQ4MTYyMiM2MSMkMSMkMiMkOTkkMzgxMzUxIzIxIyQyIyQ1IyQwMCQyNjEwMDIjNDEjJDEjJDgjJDgz"", ""target_name"": ""이화병원"", ""target_region_id"": null, ""target_region_name"": null}]"
649,42,0.43047556073431353,0.0319848670750868,5.599677419354838,10.998184134035316,16.59786155339016,6.034316313600623,12.866088266961999,18.90040458056262,11.18,29.62,"[10, 48, 11]","[{""policy"": ""ambulance_existing"", ""target_id"": ""EMS011"", ""target_name"": ""서부119안전센터"", ""target_region_id"": ""REG023"", ""target_region_name"": ""성정1동""}, {""policy"": ""hospital_upgrade"", ""target_id"": ""JDQ4MTYyMiM2MSMkMSMkMiMkOTkkMzgxMzUxIzIxIyQxIyQxIyQ5MiQyNjE4MzIjNDEjJDEjJDgjJDgz"", ""target_name"": ""혜성산부인과병원"", ""target_region_id"": null, ""target_region_name"": null}, {""policy"": ""ambulance_existing"", ""target_id"": ""EMS012"", ""target_name"": ""성거119안전센터"", ""target_region_id"": ""REG029"", ""target_region_name"": ""성거읍""}]"
650,42,0.5799624976119331,0.0042478320188186,5.599677419354838,10.839843909337052,16.439521328691892,6.034316313600623,12.688864295028113,18.72318060862873,11.18,29.62,"[40, 4, 42]","[{""policy"": ""hospital_upgrade"", ""target_id"": ""JDQ4MTYyMiM2MSMkMSMkMiMkOTkkMzgxMzUxIzIxIyQxIyQ1IyQ4OSQyNjE4MzIjNTEjJDEjJDYjJDgz"", ""target_name"": ""아이본병원"", ""target_region_id"": null, ""target_region_name"": null}, {""policy"": ""ambulance_existing"", ""target_id"": ""EMS005"", ""target_name"": ""성남지역대"", ""target_region_id"": ""REG014"", ""target_region_name"": ""성남면""}, {""policy"": ""hospital_upgrade"", ""target_id"": ""JDQ4MTYyMiM2MSMkMSMkMiMkOTkkMzgxMzUxIzIxIyQxIyQ1IyQ5OSQzNjEyMjIjNjEjJDEjJDQjJDgz"", ""target_name"": ""천안다나힐병원"", ""target_region_id"": null, ""target_region_name"": null}]"
651,42,0.7777046777721943,0.0001882362364812,5.284148661359985,10.922183961670516,16.206332623030505,5.784166068643291,12.737212764042843,18.521378832686132,11.18,29.62,"[8, 17, 39]","[{""policy"": ""ambulance_existing"", ""target_id"": ""EMS009"", ""target_name"": ""두정119안전센터"", ""target_region_id"": ""REG024"", ""target_region_name"": ""성정2동""}, {""policy"": ""ambulance_new_base"", ""target_id"": ""REG002"", ""target_name"": ""봉명동"", ""target_region_id"": ""REG002"", ""target_region_name"": ""봉명동""}, {""policy"": ""hospital_upgrade"", ""target_id"": ""JDQ4MTYyMiM2MSMkMSMkMiMkOTkkMzgxMzUxIzIxIyQxIyQ1IyQ4OSQ0NjEwMDIjNTEjJDEjJDIjJDgz"", ""target_name"": ""천안리턴병원"", ""target_region_id"": null, ""target_region_name"": null}]"
652,42,0.5943309788766569,0.0684023603229647,5.599677419354838,10.912914642839256,16.512592062194095,6.034316313600623,12.738650342067533,18.772966655668153,11.18,29.62,"[10, 9, 52]","[{""policy"": ""ambulance_existing"", ""target_id"": ""EMS011"", ""target_name"": ""서부119안전센터"", ""target_region_id"": ""REG023"", ""target_region_name"": ""성정1동""}, {""policy"": ""ambulance_existing"", ""target_id"": ""EMS010"", ""target_name"": ""불당119안전센터"", ""target_region_id"": ""REG022"", ""target_region_name"": ""불당2동""}, {""policy"": ""hospital_upgrade"", ""target_id"": ""JDQ4MTYyMiM2MSMkMSMkMiMkOTkkMzgxMzUxIzIxIyQxIyQxIyQxMyQyNjEyMjIjNzEjJDEjJDgjJDgz"", ""target_name"": ""SG삼성조은병원"", ""target_region_id"": null, ""target_region_name"": null}]"
653,42,1.589815699707021,0.0,4.872156816782539,10.914895644369402,15.787052461151942,4.971227902091005,12.73785167242382,17.709079574514824,10.85,29.62,"[22, 25, 40]","[{""policy"": ""ambulance_new_base"", ""target_id"": ""REG008"", ""target_name"": ""중앙동"", ""target_region_id"": ""REG008"", ""target_region_name"": ""중앙동""}, {""policy"": ""ambulance_new_base"", ""target_id"": ""REG015"", ""target_name"": ""수신면"", ""target_region_id"": ""REG015"", ""target_region_name"": ""수신면""}, {""policy"": ""hospital_upgrade"", ""target_id"": ""JDQ4MTYyMiM2MSMkMSMkMiMkOTkkMzgxMzUxIzIxIyQxIyQ1IyQ4OSQyNjE4MzIjNTEjJDEjJDYjJDgz"", ""target_name"": ""아이본병원"", ""target_region_id"": null, ""target_region_name"": null}]"
654,42,0.7725456857612798,0.0,5.599677419354838,10.466307200991139,16.06598462034598,6.034316313600623,12.492033274859944,18.526349588460565,11.18,29.62,"[37, 39, 33]","[{""policy"": ""hospital_upgrade"", ""target_id"": ""JDQ4MTYyMiM2MSMkMSMkMiMkOTkkMzgxMzUxIzIxIyQxIyQ1IyQ3OSQyNjE0ODEjNDEjJDEjJDgjJDgz"", ""target_name"": ""마디손병원"", ""target_region_id"": null, ""target_region_name"": null}, {""policy"": ""hospital_upgrade"", ""target_id"": ""JDQ4MTYyMiM2MSMkMSMkMiMkOTkkMzgxMzUxIzIxIyQxIyQ1IyQ4OSQ0NjEwMDIjNTEjJDEjJDIjJDgz"", ""target_name"": ""천안리턴병원"", ""target_region_id"": null, ""target_region_name"": null}, {""policy"": ""hospital_upgrade"", ""target_id"": ""JDQ4MTYyMiM2MSMkMSMkMiMkOTkkMzgxMzUxIzExIyQxIyQ3IyQ5OSQ0NjE0ODEjODEjJDEjJDYjJDgz"", ""target_name"": ""예일병원"", ""target_region_id"": null, ""target_region_name"": null}]"
655,42,0.6072495631560266,0.0001882362364812,5.30953667865867,11.093193138623256,16.402729817281926,5.817718036654236,12.874115910648063,18.6918339473023,11.18,29.62,"[35, 8, 21]","[{""policy"": ""hospital_upgrade"", ""target_id"": ""JDQ4MTYyMiM2MSMkMSMkMiMkOTkkMzgxMzUxIzIxIyQxIyQ1IyQ2MiQ0NjE0ODEjNjEjJDEjJDgjJDgz"", ""target_name"": ""천안해울병원"", ""target_region_id"": null, ""target_region_name"": null}, {""policy"": ""ambulance_existing"", ""target_id"": ""EMS009"", ""target_name"": ""두정119안전센터"", ""target_region_id"": ""REG024"", ""target_region_name"": ""성정2동""}, {""policy"": ""ambulance_new_base"", ""target_id"": ""REG007"", ""target_name"": ""일봉동"", ""target_region_id"": ""REG007"", ""target_region_name"": ""일봉동""}]"
656,42,0.4031402756238137,0.004649581964587006,5.599677419354838,10.998184134035316,16.59786155339016,6.034316313600623,12.866088266961999,18.90040458056262,11.18,29.62,"[48, 3, 13]","[{""policy"": ""hospital_upgrade"", ""target_id"": ""JDQ4MTYyMiM2MSMkMSMkMiMkOTkkMzgxMzUxIzIxIyQxIyQxIyQ5MiQyNjE4MzIjNDEjJDEjJDgjJDgz"", ""target_name"": ""혜성산부인과병원"", ""target_region_id"": null, ""target_region_name"": null}, {""policy"": ""ambulance_existing"", ""target_id"": ""EMS004"", ""target_name"": ""북면지역대"", ""target_region_id"": ""REG013"", ""target_region_name"": ""북면""}, {""policy"": ""ambulance_existing"", ""target_id"": ""EMS014"", ""target_name"": ""쌍용119안전센터"", ""target_region_id"": ""REG026"", ""target_region_name"": ""쌍용2동""}]"
657,42,0.5650949979119622,0.0042478320188186,5.599677419354838,10.877676961536793,16.477354380891633,6.034316313600623,12.703731794728082,18.7380481083287,11.18,29.62,"[39, 52, 4]","[{""policy"": ""hospital_upgrade"", ""target_id"": ""JDQ4MTYyMiM2MSMkMSMkMiMkOTkkMzgxMzUxIzIxIyQxIyQ1IyQ4OSQ0NjEwMDIjNTEjJDEjJDIjJDgz"", ""target_name"": ""천안리턴병원"", ""target_region_id"": null, ""target_region_name"": null}, {""policy"": ""hospital_upgrade"", ""target_id"": ""JDQ4MTYyMiM2MSMkMSMkMiMkOTkkMzgxMzUxIzIxIyQxIyQxIyQxMyQyNjEyMjIjNzEjJDEjJDgjJDgz"", ""target_name"": ""SG삼성조은병원"", ""target_region_id"": null, ""target_region_name"": null}, {""policy"": ""ambulance_existing"", ""target_id"": ""EMS005"", ""target_name"": ""성남지역대"", ""target_region_id"": ""REG014"", ""target_region_name"": ""성남면""}]"
658,42,0.6449643488876494,0.0528993998981077,5.249677419354838,11.594193548387098,16.843870967741935,5.442251364611085,13.264578960621222,18.706830325232303,11.18,29.62,"[6, 10, 24]","[{""policy"": ""ambulance_existing"", ""target_id"": ""EMS007"", ""target_name"": ""풍세119안전센터"", ""target_region_id"": ""REG016"", ""target_region_name"": ""풍세면""}, {""policy"": ""ambulance_existing"", ""target_id"": ""EMS011"", ""target_name"": ""서부119안전센터"", ""target_region_id"": ""REG023"", ""target_region_name"": ""성정1동""}, {""policy"": ""ambulance_new_base"", ""target_id"": ""REG011"", ""target_name"": ""동면"", ""target_region_id"": ""REG011"", ""target_region_name"": ""동면""}]"
659,42,0.8096611282009176,0.0356736742774606,5.0397112631712995,11.594193548387098,16.633904811558395,5.26032885967717,13.264578960621222,18.524907820298388,11.18,29.62,"[24, 12, 20]","[{""policy"": ""ambulance_new_base"", ""target_id"": ""REG011"", ""target_name"": ""동면"", ""target_region_id"": ""REG011"", ""target_region_name"": ""동면""}, {""policy"": ""ambulance_existing"", ""target_id"": ""EMS013"", ""target_name"": ""성환119안전센터"", ""target_region_id"": ""REG030"", ""target_region_name"": ""성환읍""}, {""policy"": ""ambulance_new_base"", ""target_id"": ""REG005"", ""target_name"": ""원성1동"", ""target_region_id"": ""REG005"", ""target_region_name"": ""원성1동""}]"
660,42,0.6763311108444213,0.0097741241179697,5.599677419354838,10.709750720080834,16.30942813943567,6.034316313600623,12.59802197389477,18.632338287495394,11.18,29.62,"[41, 49, 11]","[{""policy"": ""hospital_upgrade"", ""target_id"": ""JDQ4MTYyMiM2MSMkMSMkMiMkOTkkMzgxMzUxIzIxIyQxIyQ1IyQ4OSQyNjEyMjIjNjEjJDEjJDQjJDgz"", ""target_name"": ""서울프라임병원"", ""target_region_id"": null, ""target_region_name"": null}, {""policy"": ""hospital_upgrade"", ""target_id"": ""JDQ4MTYyMiM2MSMkMSMkMiMkOTkkMzgxMzUxIzIxIyQxIyQxIyQ5MiQyNjEwMDIjNjEjJDEjJDAjJDgz"", ""target_name"": ""두정이진병원"", ""target_region_id"": null, ""target_region_name"": null}, {""policy"": ""ambulance_existing"", ""target_id"": ""EMS012"", ""target_name"": ""성거119안전센터"", ""target_region_id"": ""REG029"", ""target_region_name"": ""성거읍""}]"
661,42,0.47067405257432215,0.0083272476232864,5.599677419354838,10.850577256463923,16.450254675818762,6.034316313600623,12.80223215567019,18.83654846927081,11.18,29.62,"[14, 32, 33]","[{""policy"": ""ambulance_existing"", ""target_id"": ""EMS015"", ""target_name"": ""입장119안전센터"", ""target_region_id"": ""REG028"", ""target_region_name"": ""입장면""}, {""policy"": ""hospital_upgrade"", ""target_id"": ""JDQ4MTYyMiM2MSMkMSMkMiMkOTkkMzgxMzUxIzExIyQxIyQ3IyQ4OSQzNjE0ODEjODEjJDEjJDYjJDgz"", ""target_name"": ""새로나병원"", ""target_region_id"": null, ""target_region_name"": null}, {""policy"": ""hospital_upgrade"", ""target_id"": ""JDQ4MTYyMiM2MSMkMSMkMiMkOTkkMzgxMzUxIzExIyQxIyQ3IyQ5OSQ0NjE0ODEjODEjJDEjJDYjJDgz"", ""target_name"": ""예일병원"", ""target_region_id"": null, ""target_region_name"": null}]"
662,42,0.030598128641886106,0.030598128641886106,5.599677419354838,11.594193548387098,17.193870967741937,6.034316313600623,13.264578960621222,19.298895274221845,11.18,29.62,"[7, 14, 13]","[{""policy"": ""ambulance_existing"", ""target_id"": ""EMS008"", ""target_name"": ""119구조구급센터119안전센터"", ""target_region_id"": ""REG031"", ""target_region_name"": ""직산읍""}, {""policy"": ""ambulance_existing"", ""target_id"": ""EMS015"", ""target_name"": ""입장119안전센터"", ""target_region_id"": ""REG028"", ""target_region_name"": ""입장면""}, {""policy"": ""ambulance_existing"", ""target_id"": ""EMS014"", ""target_name"": ""쌍용119안전센터"", ""target_region_id"": ""REG026"", ""target_region_name"": ""쌍용2동""}]"
663,42,0.7483785223823709,0.0,5.153095094237968,11.08868306517315,16.241778159411115,5.716073045512189,12.834443706327281,18.550516751839474,11.18,29.62,"[21, 50, 26]","[{""policy"": ""ambulance_new_base"", ""target_id"": ""REG007"", ""target_name"": ""일봉동"", ""target_region_id"": ""REG007"", ""target_region_name"": ""일봉동""}, {""policy"": ""hospital_upgrade"", ""target_id"": ""JDQ4MTYyMiM2MSMkMSMkMiMkOTkkMzgxMzUxIzIxIyQxIyQxIyQwMyQyNjE0ODEjNTEjJDEjJDYjJDgz"", ""target_name"": ""천안21세기병원"", ""target_region_id"": null, ""target_region_name"": null}, {""policy"": ""ambulance_new_base"", ""target_id"": ""REG018"", ""target_name"": ""백석동"", ""target_region_id"": ""REG018"", ""target_region_name"": ""백석동""}]"
664,42,0.7494312923580857,0.0,5.30953667865867,10.671915281509014,15.981451960167684,5.817718036654236,12.731745945209527,18.54946398186376,11.18,29.62,"[33, 21, 44]","[{""policy"": ""hospital_upgrade"", ""target_id"": ""JDQ4MTYyMiM2MSMkMSMkMiMkOTkkMzgxMzUxIzExIyQxIyQ3IyQ5OSQ0NjE0ODEjODEjJDEjJDYjJDgz"", ""target_name"": ""예일병원"", ""target_region_id"": null, ""target_region_name"": null}, {""policy"": ""ambulance_new_base"", ""target_id"": ""REG007"", ""target_name"": ""일봉동"", ""target_region_id"": ""REG007"", ""target_region_name"": ""일봉동""}, {""policy"": ""hospital_upgrade"", ""target_id"": ""JDQ4MTYyMiM2MSMkMSMkMiMkOTkkMzgxMzUxIzIxIyQxIyQxIyQ3MiQyNjE0ODEjNDEjJDEjJDgjJDgz"", ""target_name"": ""천안재활병원"", ""target_region_id"": null, ""target_region_name"": null}]"
665,42,0.05342344565101126,0.0044360682552998,5.599677419354838,11.519141813354748,17.118819232709587,6.034316313600623,13.215591583225512,19.249907896826134,11.18,29.62,"[42, 4, 8]","[{""policy"": ""hospital_upgrade"", ""target_id"": ""JDQ4MTYyMiM2MSMkMSMkMiMkOTkkMzgxMzUxIzIxIyQxIyQ1IyQ5OSQzNjEyMjIjNjEjJDEjJDQjJDgz"", ""target_name"": ""천안다나힐병원"", ""target_region_id"": null, ""target_region_name"": null}, {""policy"": ""ambulance_existing"", ""target_id"": ""EMS005"", ""target_name"": ""성남지역대"", ""target_region_id"": ""REG014"", ""target_region_name"": ""성남면""}, {""policy"": ""ambulance_existing"", ""target_id"": ""EMS009"", ""target_name"": ""두정119안전센터"", ""target_region_id"": ""REG024"", ""target_region_name"": ""성정2동""}]"
666,42,0.5366896485518575,0.009962360354450901,5.599677419354838,10.914895644369402,16.514573063724242,6.034316313600623,12.73785167242382,18.77216798602444,11.18,29.62,"[40, 11, 8]","[{""policy"": ""hospital_upgrade"", ""target_id"": ""JDQ4MTYyMiM2MSMkMSMkMiMkOTkkMzgxMzUxIzIxIyQxIyQ1IyQ4OSQyNjE4MzIjNTEjJDEjJDYjJDgz"", ""target_name"": ""아이본병원"", ""target_region_id"": null, ""target_region_name"": null}, {""policy"": ""ambulance_existing"", ""target_id"": ""EMS012"", ""target_name"": ""성거119안전센터"", ""target_region_id"": ""REG029"", ""target_region_name"": ""성거읍""}, {""policy"": ""ambulance_existing"", ""target_id"": ""EMS009"", ""target_name"": ""두정119안전센터"", ""target_region_id"": ""REG024"", ""target_region_name"": ""성정2동""}]"
667,42,0.4750481253382797,6.036187032550563e-05,5.260793486616837,11.138559464269987,16.399352950886826,5.843096022653826,12.980811488100068,18.82390751075389,11.18,29.62,"[45, 31, 13]","[{""policy"": ""hospital_upgrade"", ""target_id"": ""JDQ4MTYyMiM2MSMkMSMkMiMkOTkkMzgxMzUxIzIxIyQxIyQxIyQ3MiQzNjE4MzIjODEjJDEjJDYjJDgz"", ""target_name"": ""삼성스카이병원"", ""target_region_id"": null, ""target_region_name"": null}, {""policy"": ""ambulance_new_base"", ""target_id"": ""REG027"", ""target_name"": ""쌍용3동"", ""target_region_id"": ""REG027"", ""target_region_name"": ""쌍용3동""}, {""policy"": ""ambulance_existing"", ""target_id"": ""EMS014"", ""target_name"": ""쌍용119안전센터"", ""target_region_id"": ""REG026"", ""target_region_name"": ""쌍용2동""}]"
668,42,0.2575223138222465,0.0446211750218029,5.295483870967741,11.594193548387098,16.88967741935484,5.8214151748001814,13.264578960621222,19.0859941354214,11.18,29.62,"[11, 27, 2]","[{""policy"": ""ambulance_existing"", ""target_id"": ""EMS012"", ""target_name"": ""성거119안전센터"", ""target_region_id"": ""REG029"", ""target_region_name"": ""성거읍""}, {""policy"": ""ambulance_new_base"", ""target_id"": ""REG019"", ""target_name"": ""부성1동"", ""target_region_id"": ""REG019"", ""target_region_name"": ""부성1동""}, {""policy"": ""ambulance_existing"", ""target_id"": ""EMS003"", ""target_name"": ""병천119안전센터"", ""target_region_id"": ""REG012"", ""target_region_name"": ""병천면""}]"
669,42,0.727747095283768,0.0495123820092479,5.067694678744541,11.594193548387098,16.661888227131637,5.356081600326103,13.264578960621222,18.620660560947325,11.18,29.62,"[28, 5, 16]","[{""policy"": ""ambulance_new_base"", ""target_id"": ""REG020"", ""target_name"": ""부성2동"", ""target_region_id"": ""REG020"", ""target_region_name"": ""부성2동""}, {""policy"": ""ambulance_existing"", ""target_id"": ""EMS006"", ""target_name"": ""청당119안전센터"", ""target_region_id"": ""REG009"", ""target_region_name"": ""청룡동""}, {""policy"": ""ambulance_new_base"", ""target_id"": ""REG001"", ""target_name"": ""문성동"", ""target_region_id"": ""REG001"", ""target_region_name"": ""문성동""}]"
670,42,0.74927514446617,0.0306886569409906,5.260793486616837,10.922183961670516,16.182977448287353,5.843096022653826,12.737212764042843,18.580308786696666,11.18,29.62,"[6, 31, 39]","[{""policy"": ""ambulance_existing"", ""target_id"": ""EMS007"", ""target_name"": ""풍세119안전센터"", ""target_region_id"": ""REG016"", ""target_region_name"": ""풍세면""}, {""policy"": ""ambulance_new_base"", ""target_id"": ""REG027"", ""target_name"": ""쌍용3동"", ""target_region_id"": ""REG027"", ""target_region_name"": ""쌍용3동""}, {""policy"": ""hospital_upgrade"", ""target_id"": ""JDQ4MTYyMiM2MSMkMSMkMiMkOTkkMzgxMzUxIzIxIyQxIyQ1IyQ4OSQ0NjEwMDIjNTEjJDEjJDIjJDgz"", ""target_name"": ""천안리턴병원"", ""target_region_id"": null, ""target_region_name"": null}]"
671,42,0.45583945438979895,0.0497006182457291,5.599677419354838,11.033865820568307,16.633543239923146,6.034316313600623,12.858440124477161,18.892756438077775,11.18,29.62,"[8, 49, 5]","[{""policy"": ""ambulance_existing"", ""target_id"": ""EMS009"", ""target_name"": ""두정119안전센터"", ""target_region_id"": ""REG024"", ""target_region_name"": ""성정2동""}, {""policy"": ""hospital_upgrade"", ""target_id"": ""JDQ4MTYyMiM2MSMkMSMkMiMkOTkkMzgxMzUxIzIxIyQxIyQxIyQ5MiQyNjEwMDIjNjEjJDEjJDAjJDgz"", ""target_name"": ""두정이진병원"", ""target_region_id"": null, ""target_region_name"": null}, {""policy"": ""ambulance_existing"", ""target_id"": ""EMS006"", ""target_name"": ""청당119안전센터"", ""target_region_id"": ""REG009"", ""target_region_name"": ""청룡동""}]"
672,42,0.9471531916308831,0.0045892200942615,5.232801978072861,10.975591027317092,16.208393005389954,5.567406178782148,12.788925123903075,18.356331302685224,11.18,29.62,"[47, 3, 22]","[{""policy"": ""hospital_upgrade"", ""target_id"": ""JDQ4MTYyMiM2MSMkMSMkMiMkOTkkMzgxMzUxIzIxIyQxIyQxIyQ4OSQ0NjE0ODEjODEjJDEjJDIjJDgz"", ""target_name"": ""서울우리병원"", ""target_region_id"": null, ""target_region_name"": null}, {""policy"": ""ambulance_existing"", ""target_id"": ""EMS004"", ""target_name"": ""북면지역대"", ""target_region_id"": ""REG013"", ""target_region_name"": ""북면""}, {""policy"": ""ambulance_new_base"", ""target_id"": ""REG008"", ""target_name"": ""중앙동"", ""target_region_id"": ""REG008"", ""target_region_name"": ""중앙동""}]"
673,42,0.7133507481629113,0.0348470509038332,5.599677419354838,10.716180311234632,16.31585773058947,6.034316313600623,12.586075263362146,18.620391576962767,11.18,29.62,"[39, 51, 2]","[{""policy"": ""hospital_upgrade"", ""target_id"": ""JDQ4MTYyMiM2MSMkMSMkMiMkOTkkMzgxMzUxIzIxIyQxIyQ1IyQ4OSQ0NjEwMDIjNTEjJDEjJDIjJDgz"", ""target_name"": ""천안리턴병원"", ""target_region_id"": null, ""target_region_name"": null}, {""policy"": ""hospital_upgrade"", ""target_id"": ""JDQ4MTYyMiM2MSMkMSMkMiMkOTkkMzgxMzUxIzIxIyQxIyQxIyQwMyQyNjE4MzIjODEjJDEjJDIjJDgz"", ""target_name"": ""서울대정병원"", ""target_region_id"": null, ""target_region_name"": null}, {""policy"": ""ambulance_existing"", ""target_id"": ""EMS003"", ""target_name"": ""병천119안전센터"", ""target_region_id"": ""REG012"", ""target_region_name"": ""병천면""}]"
674,42,0.7883663827100877,0.0343390146912308,5.599677419354838,10.608678116108578,16.208355535463415,6.034316313600623,12.510551592602367,18.544867906202988,11.18,29.62,"[15, 38, 32]","[{""policy"": ""ambulance_existing"", ""target_id"": ""EMS016"", ""target_name"": ""직산119안전센터"", ""target_region_id"": ""REG031"", ""target_region_name"": ""직산읍""}, {""policy"": ""hospital_upgrade"", ""target_id"": ""JDQ4MTYyMiM2MSMkMSMkMiMkOTkkMzgxMzUxIzIxIyQxIyQ1IyQ3OSQzNjE4MzIjODEjJDEjJDYjJDgz"", ""target_name"": ""앙즈로여성병원"", ""target_region_id"": null, ""target_region_name"": null}, {""policy"": ""hospital_upgrade"", ""target_id"": ""JDQ4MTYyMiM2MSMkMSMkMiMkOTkkMzgxMzUxIzExIyQxIyQ3IyQ4OSQzNjE0ODEjODEjJDEjJDYjJDgz"", ""target_name"": ""새로나병원"", ""target_region_id"": null, ""target_region_name"": null}]"
675,42,0.9945725158068788,0.0356736742774606,5.30471554719749,10.848247068703982,16.15296261590147,5.64393497465041,12.696061458042019,18.339996432692427,11.18,29.62,"[51, 16, 12]","[{""policy"": ""hospital_upgrade"", ""target_id"": ""JDQ4MTYyMiM2MSMkMSMkMiMkOTkkMzgxMzUxIzIxIyQxIyQxIyQwMyQyNjE4MzIjODEjJDEjJDIjJDgz"", ""target_name"": ""서울대정병원"", ""target_region_id"": null, ""target_region_name"": null}, {""policy"": ""ambulance_new_base"", ""target_id"": ""REG001"", ""target_name"": ""문성동"", ""target_region_id"": ""REG001"", ""target_region_name"": ""문성동""}, {""policy"": ""ambulance_existing"", ""target_id"": ""EMS013"", ""target_name"": ""성환119안전센터"", ""target_region_id"": ""REG030"", ""target_region_name"": ""성환읍""}]"
676,42,0.8187939006425324,0.0,5.104351902196133,10.912914642839256,16.01726654503539,5.7414510315117795,12.738650342067533,18.480101373579313,11.18,29.62,"[52, 26, 31]","[{""policy"": ""hospital_upgrade"", ""target_id"": ""JDQ4MTYyMiM2MSMkMSMkMiMkOTkkMzgxMzUxIzIxIyQxIyQxIyQxMyQyNjEyMjIjNzEjJDEjJDgjJDgz"", ""target_name"": ""SG삼성조은병원"", ""target_region_id"": null, ""target_region_name"": null}, {""policy"": ""ambulance_new_base"", ""target_id"": ""REG018"", ""target_name"": ""백석동"", ""target_region_id"": ""REG018"", ""target_region_name"": ""백석동""}, {""policy"": ""ambulance_new_base"", ""target_id"": ""REG027"", ""target_name"": ""쌍용3동"", ""target_region_id"": ""REG027"", ""target_region_name"": ""쌍용3동""}]"
677,42,0.6973038302770718,0.0,5.599677419354838,10.697312181131657,16.296989600486498,6.034316313600623,12.567275130344152,18.601591443944773,11.18,29.62,"[43, 41, 51]","[{""policy"": ""hospital_upgrade"", ""target_id"": ""JDQ4MTYyMiM2MSMkMSMkMiMkOTkkMzgxMzUxIzIxIyQxIyQxIyQ2MiQ0NjE0ODEjNDEjJDEjJDQjJDgz"", ""target_name"": ""연세나무병원"", ""target_region_id"": null, ""target_region_name"": null}, {""policy"": ""hospital_upgrade"", ""target_id"": ""JDQ4MTYyMiM2MSMkMSMkMiMkOTkkMzgxMzUxIzIxIyQxIyQ1IyQ4OSQyNjEyMjIjNjEjJDEjJDQjJDgz"", ""target_name"": ""서울프라임병원"", ""target_region_id"": null, ""target_region_name"": null}, {""policy"": ""hospital_upgrade"", ""target_id"": ""JDQ4MTYyMiM2MSMkMSMkMiMkOTkkMzgxMzUxIzIxIyQxIyQxIyQwMyQyNjE4MzIjODEjJDEjJDIjJDgz"", ""target_name"": ""서울대정병원"", ""target_region_id"": null, ""target_region_name"": null}]"
678,42,0.5818400038738352,0.0356736742774606,5.599677419354838,10.903315831567543,16.50299325092238,6.034316313600623,12.718412631024849,18.75272894462547,11.18,29.62,"[39, 41, 12]","[{""policy"": ""hospital_upgrade"", ""target_id"": ""JDQ4MTYyMiM2MSMkMSMkMiMkOTkkMzgxMzUxIzIxIyQxIyQ1IyQ4OSQ0NjEwMDIjNTEjJDEjJDIjJDgz"", ""target_name"": ""천안리턴병원"", ""target_region_id"": null, ""target_region_name"": null}, {""policy"": ""hospital_upgrade"", ""target_id"": ""JDQ4MTYyMiM2MSMkMSMkMiMkOTkkMzgxMzUxIzIxIyQxIyQ1IyQ4OSQyNjEyMjIjNjEjJDEjJDQjJDgz"", ""target_name"": ""서울프라임병원"", ""target_region_id"": null, ""target_region_name"": null}, {""policy"": ""ambulance_existing"", ""target_id"": ""EMS013"", ""target_name"": ""성환119안전센터"", ""target_region_id"": ""REG030"", ""target_region_name"": ""성환읍""}]"
679,42,0.7712005398297886,6.036187032550563e-05,5.295483870967741,10.860143321295778,16.15562719226352,5.8214151748001814,12.706339921462204,18.527755096262382,11.18,29.62,"[27, 43, 13]","[{""policy"": ""ambulance_new_base"", ""target_id"": ""REG019"", ""target_name"": ""부성1동"", ""target_region_id"": ""REG019"", ""target_region_name"": ""부성1동""}, {""policy"": ""hospital_upgrade"", ""target_id"": ""JDQ4MTYyMiM2MSMkMSMkMiMkOTkkMzgxMzUxIzIxIyQxIyQxIyQ2MiQ0NjE0ODEjNDEjJDEjJDQjJDgz"", ""target_name"": ""연세나무병원"", ""target_region_id"": null, ""target_region_name"": null}, {""policy"": ""ambulance_existing"", ""target_id"": ""EMS014"", ""target_name"": ""쌍용119안전센터"", ""target_region_id"": ""REG026"", ""target_region_name"": ""쌍용2동""}]"
680,42,1.28936877926661,0.0,5.249677419354838,10.697312181131657,15.946989600486498,5.442251364611085,12.567275130344152,18.009526494955235,11.18,29.62,"[51, 24, 41]","[{""policy"": ""hospital_upgrade"", ""target_id"": ""JDQ4MTYyMiM2MSMkMSMkMiMkOTkkMzgxMzUxIzIxIyQxIyQxIyQwMyQyNjE4MzIjODEjJDEjJDIjJDgz"", ""target_name"": ""서울대정병원"", ""target_region_id"": null, ""target_region_name"": null}, {""policy"": ""ambulance_new_base"", ""target_id"": ""REG011"", ""target_name"": ""동면"", ""target_region_id"": ""REG011"", ""target_region_name"": ""동면""}, {""policy"": ""hospital_upgrade"", ""target_id"": ""JDQ4MTYyMiM2MSMkMSMkMiMkOTkkMzgxMzUxIzIxIyQxIyQ1IyQ4OSQyNjEyMjIjNjEjJDEjJDQjJDgz"", ""target_name"": ""서울프라임병원"", ""target_region_id"": null, ""target_region_name"": null}]"
681,42,0.4476663072914194,0.0001882362364812,5.599677419354838,10.923132399002967,16.522809818357807,6.034316313600623,12.81710088956629,18.851417203166907,11.18,29.62,"[48, 42, 8]","[{""policy"": ""hospital_upgrade"", ""target_id"": ""JDQ4MTYyMiM2MSMkMSMkMiMkOTkkMzgxMzUxIzIxIyQxIyQxIyQ5MiQyNjE4MzIjNDEjJDEjJDgjJDgz"", ""target_name"": ""혜성산부인과병원"", ""target_region_id"": null, ""target_region_name"": null}, {""policy"": ""hospital_upgrade"", ""target_id"": ""JDQ4MTYyMiM2MSMkMSMkMiMkOTkkMzgxMzUxIzIxIyQxIyQ1IyQ5OSQzNjEyMjIjNjEjJDEjJDQjJDgz"", ""target_name"": ""천안다나힐병원"", ""target_region_id"": null, ""target_region_name"": null}, {""policy"": ""ambulance_existing"", ""target_id"": ""EMS009"", ""target_name"": ""두정119안전센터"", ""target_region_id"": ""REG024"", ""target_region_name"": ""성정2동""}]"
682,42,0.8790344989253214,0.0,5.422903225806452,10.621051385465666,16.04395461127212,5.967992965754759,12.451867809541767,18.419860775296524,11.18,29.62,"[34, 18, 52]","[{""policy"": ""hospital_upgrade"", ""target_id"": ""JDQ4MTYyMiM2MSMkMSMkMiMkOTkkMzgxMzUxIzExIyQyIyQ3IyQwMCQ0NjE0ODEjNjEjJDEjJDgjJDgz"", ""target_name"": ""천안우리병원"", ""target_region_id"": null, ""target_region_name"": null}, {""policy"": ""ambulance_new_base"", ""target_id"": ""REG003"", ""target_name"": ""신방동"", ""target_region_id"": ""REG003"", ""target_region_name"": ""신방동""}, {""policy"": ""hospital_upgrade"", ""target_id"": ""JDQ4MTYyMiM2MSMkMSMkMiMkOTkkMzgxMzUxIzIxIyQxIyQxIyQxMyQyNjEyMjIjNzEjJDEjJDgjJDgz"", ""target_name"": ""SG삼성조은병원"", ""target_region_id"": null, ""target_region_name"": null}]"
683,42,0.5402919627659235,0.014363344212231201,5.599677419354838,10.912914642839256,16.512592062194095,6.034316313600623,12.738650342067533,18.772966655668153,11.18,29.62,"[11, 52, 3]","[{""policy"": ""ambulance_existing"", ""target_id"": ""EMS012"", ""target_name"": ""성거119안전센터"", ""target_region_id"": ""REG029"", ""target_region_name"": ""성거읍""}, {""policy"": ""hospital_upgrade"", ""target_id"": ""JDQ4MTYyMiM2MSMkMSMkMiMkOTkkMzgxMzUxIzIxIyQxIyQxIyQxMyQyNjEyMjIjNzEjJDEjJDgjJDgz"", ""target_name"": ""SG삼성조은병원"", ""target_region_id"": null, ""target_region_name"": null}, {""policy"": ""ambulance_existing"", ""target_id"": ""EMS004"", ""target_name"": ""북면지역대"", ""target_region_id"": ""REG013"", ""target_region_name"": ""북면""}]"
684,42,0.8807015959721234,0.0,5.30953667865867,10.727633874054908,16.03717055271358,5.817718036654236,12.600475641595489,18.41819367824972,11.18,29.62,"[32, 47, 21]","[{""policy"": ""hospital_upgrade"", ""target_id"": ""JDQ4MTYyMiM2MSMkMSMkMiMkOTkkMzgxMzUxIzExIyQxIyQ3IyQ4OSQzNjE0ODEjODEjJDEjJDYjJDgz"", ""target_name"": ""새로나병원"", ""target_region_id"": null, ""target_region_name"": null}, {""policy"": ""hospital_upgrade"", ""target_id"": ""JDQ4MTYyMiM2MSMkMSMkMiMkOTkkMzgxMzUxIzIxIyQxIyQxIyQ4OSQ0NjE0ODEjODEjJDEjJDIjJDgz"", ""target_name"": ""서울우리병원"", ""target_region_id"": null, ""target_region_name"": null}, {""policy"": ""ambulance_new_base"", ""target_id"": ""REG007"", ""target_name"": ""일봉동"", ""target_region_id"": ""REG007"", ""target_region_name"": ""일봉동""}]"
685,42,0.817337263363104,0.0,5.443235834934136,10.680837964636725,16.124073799570862,5.932671322458575,12.548886688400165,18.48155801085874,11.18,29.62,"[26, 32, 41]","[{""policy"": ""ambulance_new_base"", ""target_id"": ""REG018"", ""target_name"": ""백석동"", ""target_region_id"": ""REG018"", ""target_region_name"": ""백석동""}, {""policy"": ""hospital_upgrade"", ""target_id"": ""JDQ4MTYyMiM2MSMkMSMkMiMkOTkkMzgxMzUxIzExIyQxIyQ3IyQ4OSQzNjE0ODEjODEjJDEjJDYjJDgz"", ""target_name"": ""새로나병원"", ""target_region_id"": null, ""target_region_name"": null}, {""policy"": ""hospital_upgrade"", ""target_id"": ""JDQ4MTYyMiM2MSMkMSMkMiMkOTkkMzgxMzUxIzIxIyQxIyQ1IyQ4OSQyNjEyMjIjNjEjJDEjJDQjJDgz"", ""target_name"": ""서울프라임병원"", ""target_region_id"": null, ""target_region_name"": null}]"
686,42,1.2879115241200587,0.0,5.239032258064516,10.728329015198552,15.967361273263068,5.438138036909479,12.572845713192303,18.010983750101786,10.85,29.62,"[25, 50, 47]","[{""policy"": ""ambulance_new_base"", ""target_id"": ""REG015"", ""target_name"": ""수신면"", ""target_region_id"": ""REG015"", ""target_region_name"": ""수신면""}, {""policy"": ""hospital_upgrade"", ""target_id"": ""JDQ4MTYyMiM2MSMkMSMkMiMkOTkkMzgxMzUxIzIxIyQxIyQxIyQwMyQyNjE0ODEjNTEjJDEjJDYjJDgz"", ""target_name"": ""천안21세기병원"", ""target_region_id"": null, ""target_region_name"": null}, {""policy"": ""hospital_upgrade"", ""target_id"": ""JDQ4MTYyMiM2MSMkMSMkMiMkOTkkMzgxMzUxIzIxIyQxIyQxIyQ4OSQ0NjE0ODEjODEjJDEjJDIjJDgz"", ""target_name"": ""서울우리병원"", ""target_region_id"": null, ""target_region_name"": null}]"
687,42,0.5721750865928369,0.0454477983954303,5.599677419354838,10.914895644369402,16.514573063724242,6.034316313600623,12.73785167242382,18.77216798602444,11.18,29.62,"[11, 12, 40]","[{""policy"": ""ambulance_existing"", ""target_id"": ""EMS012"", ""target_name"": ""성거119안전센터"", ""target_region_id"": ""REG029"", ""target_region_name"": ""성거읍""}, {""policy"": ""ambulance_existing"", ""target_id"": ""EMS013"", ""target_name"": ""성환119안전센터"", ""target_region_id"": ""REG030"", ""target_region_name"": ""성환읍""}, {""policy"": ""hospital_upgrade"", ""target_id"": ""JDQ4MTYyMiM2MSMkMSMkMiMkOTkkMzgxMzUxIzIxIyQxIyQ1IyQ4OSQyNjE4MzIjNTEjJDEjJDYjJDgz"", ""target_name"": ""아이본병원"", ""target_region_id"": null, ""target_region_name"": null}]"
688,42,0.6160223556111897,0.0343390146912308,5.260793486616837,11.093193138623256,16.353986625240093,5.843096022653826,12.874115910648063,18.717211933301886,11.18,29.62,"[31, 15, 35]","[{""policy"": ""ambulance_new_base"", ""target_id"": ""REG027"", ""target_name"": ""쌍용3동"", ""target_region_id"": ""REG027"", ""target_region_name"": ""쌍용3동""}, {""policy"": ""ambulance_existing"", ""target_id"": ""EMS016"", ""target_name"": ""직산119안전센터"", ""target_region_id"": ""REG031"", ""target_region_name"": ""직산읍""}, {""policy"": ""hospital_upgrade"", ""target_id"": ""JDQ4MTYyMiM2MSMkMSMkMiMkOTkkMzgxMzUxIzIxIyQxIyQ1IyQ2MiQ0NjE0ODEjNjEjJDEjJDgjJDgz"", ""target_name"": ""천안해울병원"", ""target_region_id"": null, ""target_region_name"": null}]"
689,42,1.0146520225189284,0.016448237385324,5.249677419354838,11.033865820568307,16.283543239923144,5.442251364611085,12.858440124477161,18.30069148908824,11.18,29.62,"[24, 1, 49]","[{""policy"": ""ambulance_new_base"", ""target_id"": ""REG011"", ""target_name"": ""동면"", ""target_region_id"": ""REG011"", ""target_region_name"": ""동면""}, {""policy"": ""ambulance_existing"", ""target_id"": ""EMS002"", ""target_name"": ""독립119안전센터"", ""target_region_id"": ""REG017"", ""target_region_name"": ""목천읍""}, {""policy"": ""hospital_upgrade"", ""target_id"": ""JDQ4MTYyMiM2MSMkMSMkMiMkOTkkMzgxMzUxIzIxIyQxIyQxIyQ5MiQyNjEwMDIjNjEjJDEjJDAjJDgz"", ""target_name"": ""두정이진병원"", ""target_region_id"": null, ""target_region_name"": null}]"
690,42,1.0960283260610808,0.0,4.990653222921993,10.903044755594616,15.893697978516608,5.467648090083515,12.73521885807725,18.202866948160764,11.18,29.62,"[30, 37, 16]","[{""policy"": ""ambulance_new_base"", ""target_id"": ""REG025"", ""target_name"": ""쌍용1동"", ""target_region_id"": ""REG025"", ""target_region_name"": ""쌍용1동""}, {""policy"": ""hospital_upgrade"", ""target_id"": ""JDQ4MTYyMiM2MSMkMSMkMiMkOTkkMzgxMzUxIzIxIyQxIyQ1IyQ3OSQyNjE0ODEjNDEjJDEjJDgjJDgz"", ""target_name"": ""마디손병원"", ""target_region_id"": null, ""target_region_name"": null}, {""policy"": ""ambulance_new_base"", ""target_id"": ""REG001"", ""target_name"": ""문성동"", ""target_region_id"": ""REG001"", ""target_region_name"": ""문성동""}]"
691,42,0.8986706053963704,0.0348470509038332,5.249677419354838,11.101640188418845,16.35131760777368,5.442251364611085,12.992820355118223,18.435071719729308,11.18,29.62,"[24, 53, 2]","[{""policy"": ""ambulance_new_base"", ""target_id"": ""REG011"", ""target_name"": ""동면"", ""target_region_id"": ""REG011"", ""target_region_name"": ""동면""}, {""policy"": ""hospital_upgrade"", ""target_id"": ""JDQ4MTYyMiM2MSMkMSMkMiMkOTkkMzgxMzUxIzIxIyQyIyQ1IyQwMCQyNjEwMDIjNDEjJDEjJDgjJDgz"", ""target_name"": ""이화병원"", ""target_region_id"": null, ""target_region_name"": null}, {""policy"": ""ambulance_existing"", ""target_id"": ""EMS003"", ""target_name"": ""병천119안전센터"", ""target_region_id"": ""REG012"", ""target_region_name"": ""병천면""}]"
692,42,0.7276262568482693,0.016448237385324,5.599677419354838,10.602634543139269,16.202311962494107,6.034316313600623,12.553400941158278,18.5877172547589,11.18,29.62,"[39, 44, 1]","[{""policy"": ""hospital_upgrade"", ""target_id"": ""JDQ4MTYyMiM2MSMkMSMkMiMkOTkkMzgxMzUxIzIxIyQxIyQ1IyQ4OSQ0NjEwMDIjNTEjJDEjJDIjJDgz"", ""target_name"": ""천안리턴병원"", ""target_region_id"": null, ""target_region_name"": null}, {""policy"": ""hospital_upgrade"", ""target_id"": ""JDQ4MTYyMiM2MSMkMSMkMiMkOTkkMzgxMzUxIzIxIyQxIyQxIyQ3MiQyNjE0ODEjNDEjJDEjJDgjJDgz"", ""target_name"": ""천안재활병원"", ""target_region_id"": null, ""target_region_name"": null}, {""policy"": ""ambulance_existing"", ""target_id"": ""EMS002"", ""target_name"": ""독립119안전센터"", ""target_region_id"": ""REG017"", ""target_region_name"": ""목천읍""}]"
693,42,0.9179553961913243,0.0,5.30953667865867,10.596499463923378,15.90603614258205,5.817718036654236,12.563221841376283,18.38093987803052,11.18,29.62,"[50, 46, 21]","[{""policy"": ""hospital_upgrade"", ""target_id"": ""JDQ4MTYyMiM2MSMkMSMkMiMkOTkkMzgxMzUxIzIxIyQxIyQxIyQwMyQyNjE0ODEjNTEjJDEjJDYjJDgz"", ""target_name"": ""천안21세기병원"", ""target_region_id"": null, ""target_region_name"": null}, {""policy"": ""hospital_upgrade"", ""target_id"": ""JDQ4MTYyMiM2MSMkMSMkMiMkOTkkMzgxMzUxIzIxIyQxIyQxIyQ3OSQyNjEyMjIjNDEjJDEjJDgjJDgz"", ""target_name"": ""우리척병원"", ""target_region_id"": null, ""target_region_name"": null}, {""policy"": ""ambulance_new_base"", ""target_id"": ""REG007"", ""target_name"": ""일봉동"", ""target_region_id"": ""REG007"", ""target_region_name"": ""일봉동""}]"
694,42,0.8534916219058996,6.036187032550563e-05,5.36265655090189,10.856635269370763,16.21929182027265,5.746462939276316,12.699001074909956,18.44546401418627,11.18,29.62,"[38, 13, 28]","[{""policy"": ""hospital_upgrade"", ""target_id"": ""JDQ4MTYyMiM2MSMkMSMkMiMkOTkkMzgxMzUxIzIxIyQxIyQ1IyQ3OSQzNjE4MzIjODEjJDEjJDYjJDgz"", ""target_name"": ""앙즈로여성병원"", ""target_region_id"": null, ""target_region_name"": null}, {""policy"": ""ambulance_existing"", ""target_id"": ""EMS014"", ""target_name"": ""쌍용119안전센터"", ""target_region_id"": ""REG026"", ""target_region_name"": ""쌍용2동""}, {""policy"": ""ambulance_new_base"", ""target_id"": ""REG020"", ""target_name"": ""부성2동"", ""target_region_id"": ""REG020"", ""target_region_name"": ""부성2동""}]"
695,42,0.6584658788641263,0.0097741241179697,5.599677419354838,10.639099463186751,16.23877688254159,6.034316313600623,12.615887205875067,18.65020351947569,11.18,29.62,"[39, 11, 53]","[{""policy"": ""hospital_upgrade"", ""target_id"": ""JDQ4MTYyMiM2MSMkMSMkMiMkOTkkMzgxMzUxIzIxIyQxIyQ1IyQ4OSQ0NjEwMDIjNTEjJDEjJDIjJDgz"", ""target_name"": ""천안리턴병원"", ""target_region_id"": null, ""target_region_name"": null}, {""policy"": ""ambulance_existing"", ""target_id"": ""EMS012"", ""target_name"": ""성거119안전센터"", ""target_region_id"": ""REG029"", ""target_region_name"": ""성거읍""}, {""policy"": ""hospital_upgrade"", ""target_id"": ""JDQ4MTYyMiM2MSMkMSMkMiMkOTkkMzgxMzUxIzIxIyQyIyQ1IyQwMCQyNjEwMDIjNDEjJDEjJDgjJDgz"", ""target_name"": ""이화병원"", ""target_region_id"": null, ""target_region_name"": null}]"
696,42,0.4711435612596147,0.0097741241179697,5.105678844721575,11.594193548387098,16.69987239310867,5.572946876458981,13.264578960621222,18.8375258370802,11.18,29.62,"[11, 28, 29]","[{""policy"": ""ambulance_existing"", ""target_id"": ""EMS012"", ""target_name"": ""성거119안전센터"", ""target_region_id"": ""REG029"", ""target_region_name"": ""성거읍""}, {""policy"": ""ambulance_new_base"", ""target_id"": ""REG020"", ""target_name"": ""부성2동"", ""target_region_id"": ""REG020"", ""target_region_name"": ""부성2동""}, {""policy"": ""ambulance_new_base"", ""target_id"": ""REG021"", ""target_name"": ""불당1동"", ""target_region_id"": ""REG021"", ""target_region_name"": ""불당1동""}]"
697,42,0.5762905291795061,6.036187032550563e-05,5.599677419354838,10.853743382866561,16.453420802221398,6.034316313600623,12.688348793312045,18.722665106912665,11.18,29.62,"[13, 42, 41]","[{""policy"": ""ambulance_existing"", ""target_id"": ""EMS014"", ""target_name"": ""쌍용119안전센터"", ""target_region_id"": ""REG026"", ""target_region_name"": ""쌍용2동""}, {""policy"": ""hospital_upgrade"", ""target_id"": ""JDQ4MTYyMiM2MSMkMSMkMiMkOTkkMzgxMzUxIzIxIyQxIyQ1IyQ5OSQzNjEyMjIjNjEjJDEjJDQjJDgz"", ""target_name"": ""천안다나힐병원"", ""target_region_id"": null, ""target_region_name"": null}, {""policy"": ""hospital_upgrade"", ""target_id"": ""JDQ4MTYyMiM2MSMkMSMkMiMkOTkkMzgxMzUxIzIxIyQxIyQ1IyQ4OSQyNjEyMjIjNjEjJDEjJDQjJDgz"", ""target_name"": ""서울프라임병원"", ""target_region_id"": null, ""target_region_name"": null}]"
698,42,0.6512890878103953,0.016448237385324,5.422903225806452,10.848247068703982,16.27115029451043,5.967992965754759,12.696061458042019,18.664054423796774,11.18,29.62,"[1, 51, 18]","[{""policy"": ""ambulance_existing"", ""target_id"": ""EMS002"", ""target_name"": ""독립119안전센터"", ""target_region_id"": ""REG017"", ""target_region_name"": ""목천읍""}, {""policy"": ""hospital_upgrade"", ""target_id"": ""JDQ4MTYyMiM2MSMkMSMkMiMkOTkkMzgxMzUxIzIxIyQxIyQxIyQwMyQyNjE4MzIjODEjJDEjJDIjJDgz"", ""target_name"": ""서울대정병원"", ""target_region_id"": null, ""target_region_name"": null}, {""policy"": ""ambulance_new_base"", ""target_id"": ""REG003"", ""target_name"": ""신방동"", ""target_region_id"": ""REG003"", ""target_region_name"": ""신방동""}]"
699,42,0.5053322095866092,0.0495123820092479,5.389711263171298,11.098534409726106,16.48824567289741,5.852393808666708,12.990681637977776,18.843075446644484,11.18,29.62,"[5, 33, 20]","[{""policy"": ""ambulance_existing"", ""target_id"": ""EMS006"", ""target_name"": ""청당119안전센터"", ""target_region_id"": ""REG009"", ""target_region_name"": ""청룡동""}, {""policy"": ""hospital_upgrade"", ""target_id"": ""JDQ4MTYyMiM2MSMkMSMkMiMkOTkkMzgxMzUxIzExIyQxIyQ3IyQ5OSQ0NjE0ODEjODEjJDEjJDYjJDgz"", ""target_name"": ""예일병원"", ""target_region_id"": null, ""target_region_name"": null}, {""policy"": ""ambulance_new_base"", ""target_id"": ""REG005"", ""target_name"": ""원성1동"", ""target_region_id"": ""REG005"", ""target_region_name"": ""원성1동""}]"
700,42,0.8585917975008363,0.0495123820092479,4.934838709677419,11.594193548387098,16.529032258064515,5.225236898109038,13.264578960621222,18.489815858730257,10.85,29.62,"[5, 25, 27]","[{""policy"": ""ambulance_existing"", ""target_id"": ""EMS006"", ""target_name"": ""청당119안전센터"", ""target_region_id"": ""REG009"", ""target_region_name"": ""청룡동""}, {""policy"": ""ambulance_new_base"", ""target_id"": ""REG015"", ""target_name"": ""수신면"", ""target_region_id"": ""REG015"", ""target_region_name"": ""수신면""}, {""policy"": ""ambulance_new_base"", ""target_id"": ""REG019"", ""target_name"": ""부성1동"", ""target_region_id"": ""REG019"", ""target_region_name"": ""부성1동""}]"
701,42,0.6688678816879209,0.0045892200942615,5.30471554719749,11.098534409726106,16.403249956923595,5.64393497465041,12.990681637977776,18.634616612628186,11.18,29.62,"[33, 16, 3]","[{""policy"": ""hospital_upgrade"", ""target_id"": ""JDQ4MTYyMiM2MSMkMSMkMiMkOTkkMzgxMzUxIzExIyQxIyQ3IyQ5OSQ0NjE0ODEjODEjJDEjJDYjJDgz"", ""target_name"": ""예일병원"", ""target_region_id"": null, ""target_region_name"": null}, {""policy"": ""ambulance_new_base"", ""target_id"": ""REG001"", ""target_name"": ""문성동"", ""target_region_id"": ""REG001"", ""target_region_name"": ""문성동""}, {""policy"": ""ambulance_existing"", ""target_id"": ""EMS004"", ""target_name"": ""북면지역대"", ""target_region_id"": ""REG013"", ""target_region_name"": ""북면""}]"
702,42,0.8397876411400205,0.0,5.599677419354838,10.309074189129442,15.908751608484282,6.034316313600623,12.424791319481201,18.459107633081825,11.18,29.62,"[44, 43, 46]","[{""policy"": ""hospital_upgrade"", ""target_id"": ""JDQ4MTYyMiM2MSMkMSMkMiMkOTkkMzgxMzUxIzIxIyQxIyQxIyQ3MiQyNjE0ODEjNDEjJDEjJDgjJDgz"", ""target_name"": ""천안재활병원"", ""target_region_id"": null, ""target_region_name"": null}, {""policy"": ""hospital_upgrade"", ""target_id"": ""JDQ4MTYyMiM2MSMkMSMkMiMkOTkkMzgxMzUxIzIxIyQxIyQxIyQ2MiQ0NjE0ODEjNDEjJDEjJDQjJDgz"", ""target_name"": ""연세나무병원"", ""target_region_id"": null, ""target_region_name"": null}, {""policy"": ""hospital_upgrade"", ""target_id"": ""JDQ4MTYyMiM2MSMkMSMkMiMkOTkkMzgxMzUxIzIxIyQxIyQxIyQ3OSQyNjEyMjIjNDEjJDEjJDgjJDgz"", ""target_name"": ""우리척병원"", ""target_region_id"": null, ""target_region_name"": null}]"
703,42,0.6680790229753897,0.0306886569409906,5.265170274394114,11.08868306517315,16.353853339567266,5.8270612018601655,12.834443706327281,18.661504908187446,11.18,29.62,"[30, 6, 50]","[{""policy"": ""ambulance_new_base"", ""target_id"": ""REG025"", ""target_name"": ""쌍용1동"", ""target_region_id"": ""REG025"", ""target_region_name"": ""쌍용1동""}, {""policy"": ""ambulance_existing"", ""target_id"": ""EMS007"", ""target_name"": ""풍세119안전센터"", ""target_region_id"": ""REG016"", ""target_region_name"": ""풍세면""}, {""policy"": ""hospital_upgrade"", ""target_id"": ""JDQ4MTYyMiM2MSMkMSMkMiMkOTkkMzgxMzUxIzIxIyQxIyQxIyQwMyQyNjE0ODEjNTEjJDEjJDYjJDgz"", ""target_name"": ""천안21세기병원"", ""target_region_id"": null, ""target_region_name"": null}]"
704,42,0.8288141841896448,0.0001882362364812,5.599677419354838,10.49267365082137,16.092351070176207,6.034316313600623,12.43595301266806,18.47026932626868,11.18,29.62,"[50, 8, 48]","[{""policy"": ""hospital_upgrade"", ""target_id"": ""JDQ4MTYyMiM2MSMkMSMkMiMkOTkkMzgxMzUxIzIxIyQxIyQxIyQwMyQyNjE0ODEjNTEjJDEjJDYjJDgz"", ""target_name"": ""천안21세기병원"", ""target_region_id"": null, ""target_region_name"": null}, {""policy"": ""ambulance_existing"", ""target_id"": ""EMS009"", ""target_name"": ""두정119안전센터"", ""target_region_id"": ""REG024"", ""target_region_name"": ""성정2동""}, {""policy"": ""hospital_upgrade"", ""target_id"": ""JDQ4MTYyMiM2MSMkMSMkMiMkOTkkMzgxMzUxIzIxIyQxIyQxIyQ5MiQyNjE4MzIjNDEjJDEjJDgjJDgz"", ""target_name"": ""혜성산부인과병원"", ""target_region_id"": null, ""target_region_name"": null}]"
705,42,0.6557404039734749,0.0,5.284148661359985,10.972960141393104,16.25710880275309,5.784166068643291,12.858988801605081,18.64315487024837,11.18,29.62,"[17, 44, 42]","[{""policy"": ""ambulance_new_base"", ""target_id"": ""REG002"", ""target_name"": ""봉명동"", ""target_region_id"": ""REG002"", ""target_region_name"": ""봉명동""}, {""policy"": ""hospital_upgrade"", ""target_id"": ""JDQ4MTYyMiM2MSMkMSMkMiMkOTkkMzgxMzUxIzIxIyQxIyQxIyQ3MiQyNjE0ODEjNDEjJDEjJDgjJDgz"", ""target_name"": ""천안재활병원"", ""target_region_id"": null, ""target_region_name"": null}, {""policy"": ""hospital_upgrade"", ""target_id"": ""JDQ4MTYyMiM2MSMkMSMkMiMkOTkkMzgxMzUxIzIxIyQxIyQ1IyQ5OSQzNjEyMjIjNjEjJDEjJDQjJDgz"", ""target_name"": ""천안다나힐병원"", ""target_region_id"": null, ""target_region_name"": null}]"
706,42,0.0362324752850625,0.0362324752850625,5.599677419354838,11.594193548387098,17.193870967741937,6.034316313600623,13.264578960621222,19.298895274221845,11.18,29.62,"[7, 4, 11]","[{""policy"": ""ambulance_existing"", ""target_id"": ""EMS008"", ""target_name"": ""119구조구급센터119안전센터"", ""target_region_id"": ""REG031"", ""target_region_name"": ""직산읍""}, {""policy"": ""ambulance_existing"", ""target_id"": ""EMS005"", ""target_name"": ""성남지역대"", ""target_region_id"": ""REG014"", ""target_region_name"": ""성남면""}, {""policy"": ""ambulance_existing"", ""target_id"": ""EMS012"", ""target_name"": ""성거119안전센터"", ""target_region_id"": ""REG029"", ""target_region_name"": ""성거읍""}]"
707,42,0.47217256242226685,0.0045892200942615,5.3432258064516125,11.101640188418845,16.444865994870458,5.838491576775618,12.992820355118223,18.83131193189384,11.18,29.62,"[3, 19, 53]","[{""policy"": ""ambulance_existing"", ""target_id"": ""EMS004"", ""target_name"": ""북면지역대"", ""target_region_id"": ""REG013"", ""target_region_name"": ""북면""}, {""policy"": ""ambulance_new_base"", ""target_id"": ""REG004"", ""target_name"": ""신안동"", ""target_region_id"": ""REG004"", ""target_region_name"": ""신안동""}, {""policy"": ""hospital_upgrade"", ""target_id"": ""JDQ4MTYyMiM2MSMkMSMkMiMkOTkkMzgxMzUxIzIxIyQyIyQ1IyQwMCQyNjEwMDIjNDEjJDEjJDgjJDgz"", ""target_name"": ""이화병원"", ""target_region_id"": null, ""target_region_name"": null}]"
708,42,0.0432479766278597,0.0432479766278597,5.599677419354838,11.594193548387098,17.193870967741937,6.034316313600623,13.264578960621222,19.298895274221845,11.18,29.62,"[3, 7, 1]","[{""policy"": ""ambulance_existing"", ""target_id"": ""EMS004"", ""target_name"": ""북면지역대"", ""target_region_id"": ""REG013"", ""target_region_name"": ""북면""}, {""policy"": ""ambulance_existing"", ""target_id"": ""EMS008"", ""target_name"": ""119구조구급센터119안전센터"", ""target_region_id"": ""REG031"", ""target_region_name"": ""직산읍""}, {""policy"": ""ambulance_existing"", ""target_id"": ""EMS002"", ""target_name"": ""독립119안전센터"", ""target_region_id"": ""REG017"", ""target_region_name"": ""목천읍""}]"
709,42,0.7770808294705445,0.0042478320188186,5.265170274394114,10.856635269370763,16.12180554376488,5.8270612018601655,12.699001074909956,18.52606227677012,11.18,29.62,"[30, 38, 4]","[{""policy"": ""ambulance_new_base"", ""target_id"": ""REG025"", ""target_name"": ""쌍용1동"", ""target_region_id"": ""REG025"", ""target_region_name"": ""쌍용1동""}, {""policy"": ""hospital_upgrade"", ""target_id"": ""JDQ4MTYyMiM2MSMkMSMkMiMkOTkkMzgxMzUxIzIxIyQxIyQ1IyQ3OSQzNjE4MzIjODEjJDEjJDYjJDgz"", ""target_name"": ""앙즈로여성병원"", ""target_region_id"": null, ""target_region_name"": null}, {""policy"": ""ambulance_existing"", ""target_id"": ""EMS005"", ""target_name"": ""성남지역대"", ""target_region_id"": ""REG014"", ""target_region_name"": ""성남면""}]"
710,42,0.8807015959721234,0.0,5.30953667865867,10.727633874054908,16.03717055271358,5.817718036654236,12.600475641595489,18.41819367824972,11.18,29.62,"[47, 21, 32]","[{""policy"": ""hospital_upgrade"", ""target_id"": ""JDQ4MTYyMiM2MSMkMSMkMiMkOTkkMzgxMzUxIzIxIyQxIyQxIyQ4OSQ0NjE0ODEjODEjJDEjJDIjJDgz"", ""target_name"": ""서울우리병원"", ""target_region_id"": null, ""target_region_name"": null}, {""policy"": ""ambulance_new_base"", ""target_id"": ""REG007"", ""target_name"": ""일봉동"", ""target_region_id"": ""REG007"", ""target_region_name"": ""일봉동""}, {""policy"": ""hospital_upgrade"", ""target_id"": ""JDQ4MTYyMiM2MSMkMSMkMiMkOTkkMzgxMzUxIzExIyQxIyQ3IyQ4OSQzNjE0ODEjODEjJDEjJDYjJDgz"", ""target_name"": ""새로나병원"", ""target_region_id"": null, ""target_region_name"": null}]"
711,42,1.1099465279128538,0.0,4.928608429685765,11.08868306517315,16.017291494858913,5.3545050399817065,12.834443706327281,18.18894874630899,11.18,29.62,"[27, 22, 50]","[{""policy"": ""ambulance_new_base"", ""target_id"": ""REG019"", ""target_name"": ""부성1동"", ""target_region_id"": ""REG019"", ""target_region_name"": ""부성1동""}, {""policy"": ""ambulance_new_base"", ""target_id"": ""REG008"", ""target_name"": ""중앙동"", ""target_region_id"": ""REG008"", ""target_region_name"": ""중앙동""}, {""policy"": ""hospital_upgrade"", ""target_id"": ""JDQ4MTYyMiM2MSMkMSMkMiMkOTkkMzgxMzUxIzIxIyQxIyQxIyQwMyQyNjE0ODEjNTEjJDEjJDYjJDgz"", ""target_name"": ""천안21세기병원"", ""target_region_id"": null, ""target_region_name"": null}]"
712,42,0.8883535800278928,0.0,5.2219354838709675,10.903044755594616,16.124980239465582,5.675322836116706,12.73521885807725,18.410541694193952,11.18,29.62,"[37, 18, 23]","[{""policy"": ""hospital_upgrade"", ""target_id"": ""JDQ4MTYyMiM2MSMkMSMkMiMkOTkkMzgxMzUxIzIxIyQxIyQ1IyQ3OSQyNjE0ODEjNDEjJDEjJDgjJDgz"", ""target_name"": ""마디손병원"", ""target_region_id"": null, ""target_region_name"": null}, {""policy"": ""ambulance_new_base"", ""target_id"": ""REG003"", ""target_name"": ""신방동"", ""target_region_id"": ""REG003"", ""target_region_name"": ""신방동""}, {""policy"": ""ambulance_new_base"", ""target_id"": ""REG010"", ""target_name"": ""광덕면"", ""target_region_id"": ""REG010"", ""target_region_name"": ""광덕면""}]"
713,42,0.47168759114922304,0.0047774563307427,5.232801978072861,11.594193548387098,16.82699552645996,5.567406178782148,13.264578960621222,18.831985139403365,11.18,29.62,"[3, 8, 22]","[{""policy"": ""ambulance_existing"", ""target_id"": ""EMS004"", ""target_name"": ""북면지역대"", ""target_region_id"": ""REG013"", ""target_region_name"": ""북면""}, {""policy"": ""ambulance_existing"", ""target_id"": ""EMS009"", ""target_name"": ""두정119안전센터"", ""target_region_id"": ""REG024"", ""target_region_name"": ""성정2동""}, {""policy"": ""ambulance_new_base"", ""target_id"": ""REG008"", ""target_name"": ""중앙동"", ""target_region_id"": ""REG008"", ""target_region_name"": ""중앙동""}]"
714,42,0.467158732925287,0.0002485981068067056,5.232801978072861,11.594193548387098,16.82699552645996,5.567406178782148,13.264578960621222,18.831985139403365,11.18,29.62,"[22, 13, 8]","[{""policy"": ""ambulance_new_base"", ""target_id"": ""REG008"", ""target_name"": ""중앙동"", ""target_region_id"": ""REG008"", ""target_region_name"": ""중앙동""}, {""policy"": ""ambulance_existing"", ""target_id"": ""EMS014"", ""target_name"": ""쌍용119안전센터"", ""target_region_id"": ""REG026"", ""target_region_name"": ""쌍용2동""}, {""policy"": ""ambulance_existing"", ""target_id"": ""EMS009"", ""target_name"": ""두정119안전센터"", ""target_region_id"": ""REG024"", ""target_region_name"": ""성정2동""}]"
715,42,0.8677572214439913,0.0,5.599677419354838,10.398928481911312,15.998605901266153,6.034316313600623,12.396821739177234,18.431138052777854,11.18,29.62,"[37, 44, 41]","[{""policy"": ""hospital_upgrade"", ""target_id"": ""JDQ4MTYyMiM2MSMkMSMkMiMkOTkkMzgxMzUxIzIxIyQxIyQ1IyQ3OSQyNjE0ODEjNDEjJDEjJDgjJDgz"", ""target_name"": ""마디손병원"", ""target_region_id"": null, ""target_region_name"": null}, {""policy"": ""hospital_upgrade"", ""target_id"": ""JDQ4MTYyMiM2MSMkMSMkMiMkOTkkMzgxMzUxIzIxIyQxIyQxIyQ3MiQyNjE0ODEjNDEjJDEjJDgjJDgz"", ""target_name"": ""천안재활병원"", ""target_region_id"": null, ""target_region_name"": null}, {""policy"": ""hospital_upgrade"", ""target_id"": ""JDQ4MTYyMiM2MSMkMSMkMiMkOTkkMzgxMzUxIzIxIyQxIyQ1IyQ4OSQyNjEyMjIjNjEjJDEjJDQjJDgz"", ""target_name"": ""서울프라임병원"", ""target_region_id"": null, ""target_region_name"": null}]"
716,42,0.9300012041504111,0.0,5.599677419354838,10.348618616355294,15.948296035710136,6.034316313600623,12.334577756470814,18.368894070071434,11.18,29.62,"[34, 35, 46]","[{""policy"": ""hospital_upgrade"", ""target_id"": ""JDQ4MTYyMiM2MSMkMSMkMiMkOTkkMzgxMzUxIzExIyQyIyQ3IyQwMCQ0NjE0ODEjNjEjJDEjJDgjJDgz"", ""target_name"": ""천안우리병원"", ""target_region_id"": null, ""target_region_name"": null}, {""policy"": ""hospital_upgrade"", ""target_id"": ""JDQ4MTYyMiM2MSMkMSMkMiMkOTkkMzgxMzUxIzIxIyQxIyQ1IyQ2MiQ0NjE0ODEjNjEjJDEjJDgjJDgz"", ""target_name"": ""천안해울병원"", ""target_region_id"": null, ""target_region_name"": null}, {""policy"": ""hospital_upgrade"", ""target_id"": ""JDQ4MTYyMiM2MSMkMSMkMiMkOTkkMzgxMzUxIzIxIyQxIyQxIyQ3OSQyNjEyMjIjNDEjJDEjJDgjJDgz"", ""target_name"": ""우리척병원"", ""target_region_id"": null, ""target_region_name"": null}]"
717,42,0.713887213021524,0.0097741241179697,5.599677419354838,10.598242278707101,16.19791969806194,6.034316313600623,12.560465871717671,18.59478218531829,11.18,29.62,"[11, 40, 45]","[{""policy"": ""ambulance_existing"", ""target_id"": ""EMS012"", ""target_name"": ""성거119안전센터"", ""target_region_id"": ""REG029"", ""target_region_name"": ""성거읍""}, {""policy"": ""hospital_upgrade"", ""target_id"": ""JDQ4MTYyMiM2MSMkMSMkMiMkOTkkMzgxMzUxIzIxIyQxIyQ1IyQ4OSQyNjE4MzIjNTEjJDEjJDYjJDgz"", ""target_name"": ""아이본병원"", ""target_region_id"": null, ""target_region_name"": null}, {""policy"": ""hospital_upgrade"", ""target_id"": ""JDQ4MTYyMiM2MSMkMSMkMiMkOTkkMzgxMzUxIzIxIyQxIyQxIyQ3MiQzNjE4MzIjODEjJDEjJDYjJDgz"", ""target_name"": ""삼성스카이병원"", ""target_region_id"": null, ""target_region_name"": null}]"
718,42,0.831804356299996,0.0097741241179697,5.398709677419355,10.903044755594616,16.30175443301397,5.74164618396257,12.73521885807725,18.47686504203982,11.18,29.62,"[11, 37, 23]","[{""policy"": ""ambulance_existing"", ""target_id"": ""EMS012"", ""target_name"": ""성거119안전센터"", ""target_region_id"": ""REG029"", ""target_region_name"": ""성거읍""}, {""policy"": ""hospital_upgrade"", ""target_id"": ""JDQ4MTYyMiM2MSMkMSMkMiMkOTkkMzgxMzUxIzIxIyQxIyQ1IyQ3OSQyNjE0ODEjNDEjJDEjJDgjJDgz"", ""target_name"": ""마디손병원"", ""target_region_id"": null, ""target_region_name"": null}, {""policy"": ""ambulance_new_base"", ""target_id"": ""REG010"", ""target_name"": ""광덕면"", ""target_region_id"": ""REG010"", ""target_region_name"": ""광덕면""}]"
719,42,0.35561000220348127,0.0838513967004787,5.599677419354838,11.101640188418845,16.701317607773685,6.034316313600623,12.992820355118223,19.027136668718843,11.18,29.62,"[53, 5, 15]","[{""policy"": ""hospital_upgrade"", ""target_id"": ""JDQ4MTYyMiM2MSMkMSMkMiMkOTkkMzgxMzUxIzIxIyQyIyQ1IyQwMCQyNjEwMDIjNDEjJDEjJDgjJDgz"", ""target_name"": ""이화병원"", ""target_region_id"": null, ""target_region_name"": null}, {""policy"": ""ambulance_existing"", ""target_id"": ""EMS006"", ""target_name"": ""청당119안전센터"", ""target_region_id"": ""REG009"", ""target_region_name"": ""청룡동""}, {""policy"": ""ambulance_existing"", ""target_id"": ""EMS016"", ""target_name"": ""직산119안전센터"", ""target_region_id"": ""REG031"", ""target_region_name"": ""직산읍""}]"
720,42,0.42866835036343454,0.0343390146912308,5.0867655976923185,11.594193548387098,16.680959146079417,5.639986977928423,13.264578960621222,18.90456593854964,11.18,29.62,"[29, 17, 15]","[{""policy"": ""ambulance_new_base"", ""target_id"": ""REG021"", ""target_name"": ""불당1동"", ""target_region_id"": ""REG021"", ""target_region_name"": ""불당1동""}, {""policy"": ""ambulance_new_base"", ""target_id"": ""REG002"", ""target_name"": ""봉명동"", ""target_region_id"": ""REG002"", ""target_region_name"": ""봉명동""}, {""policy"": ""ambulance_existing"", ""target_id"": ""EMS016"", ""target_name"": ""직산119안전센터"", ""target_region_id"": ""REG031"", ""target_region_name"": ""직산읍""}]"
721,42,0.4813078481821252,0.0001882362364812,5.398709677419355,11.346236395124912,16.744946072544266,5.74164618396257,13.076129478313634,18.8177756622762,11.18,29.62,"[23, 8, 32]","[{""policy"": ""ambulance_new_base"", ""target_id"": ""REG010"", ""target_name"": ""광덕면"", ""target_region_id"": ""REG010"", ""target_region_name"": ""광덕면""}, {""policy"": ""ambulance_existing"", ""target_id"": ""EMS009"", ""target_name"": ""두정119안전센터"", ""target_region_id"": ""REG024"", ""target_region_name"": ""성정2동""}, {""policy"": ""hospital_upgrade"", ""target_id"": ""JDQ4MTYyMiM2MSMkMSMkMiMkOTkkMzgxMzUxIzExIyQxIyQ3IyQ4OSQzNjE0ODEjODEjJDEjJDYjJDgz"", ""target_name"": ""새로나병원"", ""target_region_id"": null, ""target_region_name"": null}]"
722,42,0.8017208666495821,0.0222105191482742,5.284148661359985,10.903044755594616,16.187193416954603,5.784166068643291,12.73521885807725,18.519384926720537,11.18,29.62,"[7, 37, 17]","[{""policy"": ""ambulance_existing"", ""target_id"": ""EMS008"", ""target_name"": ""119구조구급센터119안전센터"", ""target_region_id"": ""REG031"", ""target_region_name"": ""직산읍""}, {""policy"": ""hospital_upgrade"", ""target_id"": ""JDQ4MTYyMiM2MSMkMSMkMiMkOTkkMzgxMzUxIzIxIyQxIyQ1IyQ3OSQyNjE0ODEjNDEjJDEjJDgjJDgz"", ""target_name"": ""마디손병원"", ""target_region_id"": null, ""target_region_name"": null}, {""policy"": ""ambulance_new_base"", ""target_id"": ""REG002"", ""target_name"": ""봉명동"", ""target_region_id"": ""REG002"", ""target_region_name"": ""봉명동""}]"
723,42,0.7097456656458441,0.0,5.342699713174523,10.80791314565213,16.15061285882665,5.860800250783288,12.728349357792716,18.589149608576,11.18,29.62,"[32, 36, 29]","[{""policy"": ""hospital_upgrade"", ""target_id"": ""JDQ4MTYyMiM2MSMkMSMkMiMkOTkkMzgxMzUxIzExIyQxIyQ3IyQ4OSQzNjE0ODEjODEjJDEjJDYjJDgz"", ""target_name"": ""새로나병원"", ""target_region_id"": null, ""target_region_name"": null}, {""policy"": ""hospital_upgrade"", ""target_id"": ""JDQ4MTYyMiM2MSMkMSMkMiMkOTkkMzgxMzUxIzIxIyQxIyQ1IyQ2MiQzNjE4MzIjODEjJDEjJDIjJDgz"", ""target_name"": ""돋움병원"", ""target_region_id"": null, ""target_region_name"": null}, {""policy"": ""ambulance_new_base"", ""target_id"": ""REG021"", ""target_name"": ""불당1동"", ""target_region_id"": ""REG021"", ""target_region_name"": ""불당1동""}]"
724,42,0.7944273153603643,0.0348470509038332,5.031834236137377,11.594193548387098,16.626027784524474,5.274736049144095,13.264578960621222,18.539315009765314,11.18,29.62,"[22, 23, 2]","[{""policy"": ""ambulance_new_base"", ""target_id"": ""REG008"", ""target_name"": ""중앙동"", ""target_region_id"": ""REG008"", ""target_region_name"": ""중앙동""}, {""policy"": ""ambulance_new_base"", ""target_id"": ""REG010"", ""target_name"": ""광덕면"", ""target_region_id"": ""REG010"", ""target_region_name"": ""광덕면""}, {""policy"": ""ambulance_existing"", ""target_id"": ""EMS003"", ""target_name"": ""병천119안전센터"", ""target_region_id"": ""REG012"", ""target_region_name"": ""병천면""}]"
725,42,0.8284418716545069,0.0097741241179697,5.284148661359985,10.848247068703982,16.13239573006397,5.784166068643291,12.696061458042019,18.480227526685308,11.18,29.62,"[51, 17, 11]","[{""policy"": ""hospital_upgrade"", ""target_id"": ""JDQ4MTYyMiM2MSMkMSMkMiMkOTkkMzgxMzUxIzIxIyQxIyQxIyQwMyQyNjE4MzIjODEjJDEjJDIjJDgz"", ""target_name"": ""서울대정병원"", ""target_region_id"": null, ""target_region_name"": null}, {""policy"": ""ambulance_new_base"", ""target_id"": ""REG002"", ""target_name"": ""봉명동"", ""target_region_id"": ""REG002"", ""target_region_name"": ""봉명동""}, {""policy"": ""ambulance_existing"", ""target_id"": ""EMS012"", ""target_name"": ""성거119안전센터"", ""target_region_id"": ""REG029"", ""target_region_name"": ""성거읍""}]"
726,42,0.6966497058086274,0.0356736742774606,5.599677419354838,10.733809640779084,16.333487060133923,6.034316313600623,12.603602929090055,18.63791924269068,11.18,29.62,"[38, 40, 12]","[{""policy"": ""hospital_upgrade"", ""target_id"": ""JDQ4MTYyMiM2MSMkMSMkMiMkOTkkMzgxMzUxIzIxIyQxIyQ1IyQ3OSQzNjE4MzIjODEjJDEjJDYjJDgz"", ""target_name"": ""앙즈로여성병원"", ""target_region_id"": null, ""target_region_name"": null}, {""policy"": ""hospital_upgrade"", ""target_id"": ""JDQ4MTYyMiM2MSMkMSMkMiMkOTkkMzgxMzUxIzIxIyQxIyQ1IyQ4OSQyNjE4MzIjNTEjJDEjJDYjJDgz"", ""target_name"": ""아이본병원"", ""target_region_id"": null, ""target_region_name"": null}, {""policy"": ""ambulance_existing"", ""target_id"": ""EMS013"", ""target_name"": ""성환119안전센터"", ""target_region_id"": ""REG030"", ""target_region_name"": ""성환읍""}]"
727,42,0.9147653742176818,0.0348470509038332,5.012656550901889,11.594193548387098,16.606850099288987,5.154397990286778,13.264578960621222,18.418976950907997,11.18,29.62,"[24, 28, 2]","[{""policy"": ""ambulance_new_base"", ""target_id"": ""REG011"", ""target_name"": ""동면"", ""target_region_id"": ""REG011"", ""target_region_name"": ""동면""}, {""policy"": ""ambulance_new_base"", ""target_id"": ""REG020"", ""target_name"": ""부성2동"", ""target_region_id"": ""REG020"", ""target_region_name"": ""부성2동""}, {""policy"": ""ambulance_existing"", ""target_id"": ""EMS003"", ""target_name"": ""병천119안전센터"", ""target_region_id"": ""REG012"", ""target_region_name"": ""병천면""}]"
728,42,0.9807264086345313,0.0,4.8568500992889865,11.594193548387098,16.451043647676084,5.053589904966095,13.264578960621222,18.318168865587314,11.18,29.62,"[26, 28, 24]","[{""policy"": ""ambulance_new_base"", ""target_id"": ""REG018"", ""target_name"": ""백석동"", ""target_region_id"": ""REG018"", ""target_region_name"": ""백석동""}, {""policy"": ""ambulance_new_base"", ""target_id"": ""REG020"", ""target_name"": ""부성2동"", ""target_region_id"": ""REG020"", ""target_region_name"": ""부성2동""}, {""policy"": ""ambulance_new_base"", ""target_id"": ""REG011"", ""target_name"": ""동면"", ""target_region_id"": ""REG011"", ""target_region_name"": ""동면""}]"
729,42,0.9903856756302005,0.0,5.599677419354838,10.317082571134458,15.916759990489298,6.034316313600623,12.27419328499102,18.308509598591645,11.18,29.62,"[37, 50, 49]","[{""policy"": ""hospital_upgrade"", ""target_id"": ""JDQ4MTYyMiM2MSMkMSMkMiMkOTkkMzgxMzUxIzIxIyQxIyQ1IyQ3OSQyNjE0ODEjNDEjJDEjJDgjJDgz"", ""target_name"": ""마디손병원"", ""target_region_id"": null, ""target_region_name"": null}, {""policy"": ""hospital_upgrade"", ""target_id"": ""JDQ4MTYyMiM2MSMkMSMkMiMkOTkkMzgxMzUxIzIxIyQxIyQxIyQwMyQyNjE0ODEjNTEjJDEjJDYjJDgz"", ""target_name"": ""천안21세기병원"", ""target_region_id"": null, ""target_region_name"": null}, {""policy"": ""hospital_upgrade"", ""target_id"": ""JDQ4MTYyMiM2MSMkMSMkMiMkOTkkMzgxMzUxIzIxIyQxIyQxIyQ5MiQyNjEwMDIjNjEjJDEjJDAjJDgz"", ""target_name"": ""두정이진병원"", ""target_region_id"": null, ""target_region_name"": null}]"
730,42,0.6406172468152036,0.0,5.295483870967741,11.13008127274018,16.42556514370792,5.8214151748001814,12.836862852606464,18.65827802740664,11.18,29.62,"[27, 34, 32]","[{""policy"": ""ambulance_new_base"", ""target_id"": ""REG019"", ""target_name"": ""부성1동"", ""target_region_id"": ""REG019"", ""target_region_name"": ""부성1동""}, {""policy"": ""hospital_upgrade"", ""target_id"": ""JDQ4MTYyMiM2MSMkMSMkMiMkOTkkMzgxMzUxIzExIyQyIyQ3IyQwMCQ0NjE0ODEjNjEjJDEjJDgjJDgz"", ""target_name"": ""천안우리병원"", ""target_region_id"": null, ""target_region_name"": null}, {""policy"": ""hospital_upgrade"", ""target_id"": ""JDQ4MTYyMiM2MSMkMSMkMiMkOTkkMzgxMzUxIzExIyQxIyQ3IyQ4OSQzNjE0ODEjODEjJDEjJDYjJDgz"", ""target_name"": ""새로나병원"", ""target_region_id"": null, ""target_region_name"": null}]"
731,42,0.5021880118537324,0.0352778770352521,5.232801978072861,11.594193548387098,16.82699552645996,5.567406178782148,13.264578960621222,18.831985139403365,11.18,29.62,"[6, 22, 3]","[{""policy"": ""ambulance_existing"", ""target_id"": ""EMS007"", ""target_name"": ""풍세119안전센터"", ""target_region_id"": ""REG016"", ""target_region_name"": ""풍세면""}, {""policy"": ""ambulance_new_base"", ""target_id"": ""REG008"", ""target_name"": ""중앙동"", ""target_region_id"": ""REG008"", ""target_region_name"": ""중앙동""}, {""policy"": ""ambulance_existing"", ""target_id"": ""EMS004"", ""target_name"": ""북면지역대"", ""target_region_id"": ""REG013"", ""target_region_name"": ""북면""}]"
732,42,1.2152182516356511,0.0,4.934838709677419,11.033865820568307,15.968704530245725,5.225236898109038,12.858440124477161,18.083677022586194,10.85,29.62,"[49, 25, 27]","[{""policy"": ""hospital_upgrade"", ""target_id"": ""JDQ4MTYyMiM2MSMkMSMkMiMkOTkkMzgxMzUxIzIxIyQxIyQxIyQ5MiQyNjEwMDIjNjEjJDEjJDAjJDgz"", ""target_name"": ""두정이진병원"", ""target_region_id"": null, ""target_region_name"": null}, {""policy"": ""ambulance_new_base"", ""target_id"": ""REG015"", ""target_name"": ""수신면"", ""target_region_id"": ""REG015"", ""target_region_name"": ""수신면""}, {""policy"": ""ambulance_new_base"", ""target_id"": ""REG019"", ""target_name"": ""부성1동"", ""target_region_id"": ""REG019"", ""target_region_name"": ""부성1동""}]"
733,42,1.4058469418675337,0.0,5.012656550901889,10.912914642839256,15.925571193741147,5.154397990286778,12.738650342067533,17.89304833235431,11.18,29.62,"[28, 24, 52]","[{""policy"": ""ambulance_new_base"", ""target_id"": ""REG020"", ""target_name"": ""부성2동"", ""target_region_id"": ""REG020"", ""target_region_name"": ""부성2동""}, {""policy"": ""ambulance_new_base"", ""target_id"": ""REG011"", ""target_name"": ""동면"", ""target_region_id"": ""REG011"", ""target_region_name"": ""동면""}, {""policy"": ""hospital_upgrade"", ""target_id"": ""JDQ4MTYyMiM2MSMkMSMkMiMkOTkkMzgxMzUxIzIxIyQxIyQxIyQxMyQyNjEyMjIjNzEjJDEjJDgjJDgz"", ""target_name"": ""SG삼성조은병원"", ""target_region_id"": null, ""target_region_name"": null}]"
734,42,0.5300820379507005,0.0461916173658476,5.059825744681352,11.594193548387098,16.65401929306845,5.550425893015774,13.264578960621222,18.815004853636992,11.18,29.62,"[9, 23, 31]","[{""policy"": ""ambulance_existing"", ""target_id"": ""EMS010"", ""target_name"": ""불당119안전센터"", ""target_region_id"": ""REG022"", ""target_region_name"": ""불당2동""}, {""policy"": ""ambulance_new_base"", ""target_id"": ""REG010"", ""target_name"": ""광덕면"", ""target_region_id"": ""REG010"", ""target_region_name"": ""광덕면""}, {""policy"": ""ambulance_new_base"", ""target_id"": ""REG027"", ""target_name"": ""쌍용3동"", ""target_region_id"": ""REG027"", ""target_region_name"": ""쌍용3동""}]"
735,42,0.26294319210432426,0.0717229011575221,5.260793486616837,11.594193548387098,16.854987035003933,5.843096022653826,13.264578960621222,19.107674983275043,11.18,29.62,"[31, 5, 7]","[{""policy"": ""ambulance_new_base"", ""target_id"": ""REG027"", ""target_name"": ""쌍용3동"", ""target_region_id"": ""REG027"", ""target_region_name"": ""쌍용3동""}, {""policy"": ""ambulance_existing"", ""target_id"": ""EMS006"", ""target_name"": ""청당119안전센터"", ""target_region_id"": ""REG009"", ""target_region_name"": ""청룡동""}, {""policy"": ""ambulance_existing"", ""target_id"": ""EMS008"", ""target_name"": ""119구조구급센터119안전센터"", ""target_region_id"": ""REG031"", ""target_region_name"": ""직산읍""}]"
736,42,1.1899776615569486,0.0,4.976350365169635,10.92879511789891,15.905145483068544,5.371581441957143,12.737336170707753,18.108917612664897,11.18,29.62,"[22, 41, 19]","[{""policy"": ""ambulance_new_base"", ""target_id"": ""REG008"", ""target_name"": ""중앙동"", ""target_region_id"": ""REG008"", ""target_region_name"": ""중앙동""}, {""policy"": ""hospital_upgrade"", ""target_id"": ""JDQ4MTYyMiM2MSMkMSMkMiMkOTkkMzgxMzUxIzIxIyQxIyQ1IyQ4OSQyNjEyMjIjNjEjJDEjJDQjJDgz"", ""target_name"": ""서울프라임병원"", ""target_region_id"": null, ""target_region_name"": null}, {""policy"": ""ambulance_new_base"", ""target_id"": ""REG004"", ""target_name"": ""신안동"", ""target_region_id"": ""REG004"", ""target_region_name"": ""신안동""}]"
737,42,0.37400248202421693,0.026222361503293698,5.599677419354838,11.055870298914312,16.65554771826915,6.034316313600623,12.916798840100302,18.951115153700922,11.18,29.62,"[36, 11, 1]","[{""policy"": ""hospital_upgrade"", ""target_id"": ""JDQ4MTYyMiM2MSMkMSMkMiMkOTkkMzgxMzUxIzIxIyQxIyQ1IyQ2MiQzNjE4MzIjODEjJDEjJDIjJDgz"", ""target_name"": ""돋움병원"", ""target_region_id"": null, ""target_region_name"": null}, {""policy"": ""ambulance_existing"", ""target_id"": ""EMS012"", ""target_name"": ""성거119안전센터"", ""target_region_id"": ""REG029"", ""target_region_name"": ""성거읍""}, {""policy"": ""ambulance_existing"", ""target_id"": ""EMS002"", ""target_name"": ""독립119안전센터"", ""target_region_id"": ""REG017"", ""target_region_name"": ""목천읍""}]"
738,42,0.4798358725396696,0.0497006182457291,5.599677419354838,11.08868306517315,16.688360484527987,6.034316313600623,12.834443706327281,18.868760019927905,11.18,29.62,"[5, 8, 50]","[{""policy"": ""ambulance_existing"", ""target_id"": ""EMS006"", ""target_name"": ""청당119안전센터"", ""target_region_id"": ""REG009"", ""target_region_name"": ""청룡동""}, {""policy"": ""ambulance_existing"", ""target_id"": ""EMS009"", ""target_name"": ""두정119안전센터"", ""target_region_id"": ""REG024"", ""target_region_name"": ""성정2동""}, {""policy"": ""hospital_upgrade"", ""target_id"": ""JDQ4MTYyMiM2MSMkMSMkMiMkOTkkMzgxMzUxIzIxIyQxIyQxIyQwMyQyNjE0ODEjNTEjJDEjJDYjJDgz"", ""target_name"": ""천안21세기병원"", ""target_region_id"": null, ""target_region_name"": null}]"
739,42,0.4780305705344784,0.0222107429571171,5.389711263171298,11.098534409726106,16.48824567289741,5.852393808666708,12.990681637977776,18.843075446644484,11.18,29.62,"[33, 10, 20]","[{""policy"": ""hospital_upgrade"", ""target_id"": ""JDQ4MTYyMiM2MSMkMSMkMiMkOTkkMzgxMzUxIzExIyQxIyQ3IyQ5OSQ0NjE0ODEjODEjJDEjJDYjJDgz"", ""target_name"": ""예일병원"", ""target_region_id"": null, ""target_region_name"": null}, {""policy"": ""ambulance_existing"", ""target_id"": ""EMS011"", ""target_name"": ""서부119안전센터"", ""target_region_id"": ""REG023"", ""target_region_name"": ""성정1동""}, {""policy"": ""ambulance_new_base"", ""target_id"": ""REG005"", ""target_name"": ""원성1동"", ""target_region_id"": ""REG005"", ""target_region_name"": ""원성1동""}]"
740,42,0.8812839421719119,0.0,5.1193767534560175,11.098534409726106,16.217911163182126,5.426929694072157,12.990681637977776,18.417611332049933,11.18,29.62,"[22, 16, 33]","[{""policy"": ""ambulance_new_base"", ""target_id"": ""REG008"", ""target_name"": ""중앙동"", ""target_region_id"": ""REG008"", ""target_region_name"": ""중앙동""}, {""policy"": ""ambulance_new_base"", ""target_id"": ""REG001"", ""target_name"": ""문성동"", ""target_region_id"": ""REG001"", ""target_region_name"": ""문성동""}, {""policy"": ""hospital_upgrade"", ""target_id"": ""JDQ4MTYyMiM2MSMkMSMkMiMkOTkkMzgxMzUxIzExIyQxIyQ3IyQ5OSQ0NjE0ODEjODEjJDEjJDYjJDgz"", ""target_name"": ""예일병원"", ""target_region_id"": null, ""target_region_name"": null}]"
741,42,0.0579445552960603,0.0579445552960603,5.599677419354838,11.594193548387098,17.193870967741937,6.034316313600623,13.264578960621222,19.298895274221845,11.18,29.62,"[7, 12, 13]","[{""policy"": ""ambulance_existing"", ""target_id"": ""EMS008"", ""target_name"": ""119구조구급센터119안전센터"", ""target_region_id"": ""REG031"", ""target_region_name"": ""직산읍""}, {""policy"": ""ambulance_existing"", ""target_id"": ""EMS013"", ""target_name"": ""성환119안전센터"", ""target_region_id"": ""REG030"", ""target_region_name"": ""성환읍""}, {""policy"": ""ambulance_existing"", ""target_id"": ""EMS014"", ""target_name"": ""쌍용119안전센터"", ""target_region_id"": ""REG026"", ""target_region_name"": ""쌍용2동""}]"
742,42,0.628560515575933,0.0001882362364812,5.443235834934136,10.914895644369402,16.358131479303538,5.932671322458575,12.73785167242382,18.670522994882393,11.18,29.62,"[26, 40, 8]","[{""policy"": ""ambulance_new_base"", ""target_id"": ""REG018"", ""target_name"": ""백석동"", ""target_region_id"": ""REG018"", ""target_region_name"": ""백석동""}, {""policy"": ""hospital_upgrade"", ""target_id"": ""JDQ4MTYyMiM2MSMkMSMkMiMkOTkkMzgxMzUxIzIxIyQxIyQ1IyQ4OSQyNjE4MzIjNTEjJDEjJDYjJDgz"", ""target_name"": ""아이본병원"", ""target_region_id"": null, ""target_region_name"": null}, {""policy"": ""ambulance_existing"", ""target_id"": ""EMS009"", ""target_name"": ""두정119안전센터"", ""target_region_id"": ""REG024"", ""target_region_name"": ""성정2동""}]"
743,42,0.6819032467079218,0.0,5.422903225806452,10.790712324077521,16.213615549883972,5.967992965754759,12.648999061759165,18.616992027513923,11.18,29.62,"[43, 52, 18]","[{""policy"": ""hospital_upgrade"", ""target_id"": ""JDQ4MTYyMiM2MSMkMSMkMiMkOTkkMzgxMzUxIzIxIyQxIyQxIyQ2MiQ0NjE0ODEjNDEjJDEjJDQjJDgz"", ""target_name"": ""연세나무병원"", ""target_region_id"": null, ""target_region_name"": null}, {""policy"": ""hospital_upgrade"", ""target_id"": ""JDQ4MTYyMiM2MSMkMSMkMiMkOTkkMzgxMzUxIzIxIyQxIyQxIyQxMyQyNjEyMjIjNzEjJDEjJDgjJDgz"", ""target_name"": ""SG삼성조은병원"", ""target_region_id"": null, ""target_region_name"": null}, {""policy"": ""ambulance_new_base"", ""target_id"": ""REG003"", ""target_name"": ""신방동"", ""target_region_id"": ""REG003"", ""target_region_name"": ""신방동""}]"
744,42,0.07471095733947837,0.008387609493611906,5.422903225806452,11.594193548387098,17.017096774193547,5.967992965754759,13.264578960621222,19.23257192637598,11.18,29.62,"[18, 14, 13]","[{""policy"": ""ambulance_new_base"", ""target_id"": ""REG003"", ""target_name"": ""신방동"", ""target_region_id"": ""REG003"", ""target_region_name"": ""신방동""}, {""policy"": ""ambulance_existing"", ""target_id"": ""EMS015"", ""target_name"": ""입장119안전센터"", ""target_region_id"": ""REG028"", ""target_region_name"": ""입장면""}, {""policy"": ""ambulance_existing"", ""target_id"": ""EMS014"", ""target_name"": ""쌍용119안전센터"", ""target_region_id"": ""REG026"", ""target_region_name"": ""쌍용2동""}]"
745,42,0.8320946172845751,0.0,5.265170274394114,10.662724717333234,15.92789499172735,5.8270612018601655,12.639739455077105,18.46680065693727,11.18,29.62,"[30, 33, 40]","[{""policy"": ""ambulance_new_base"", ""target_id"": ""REG025"", ""target_name"": ""쌍용1동"", ""target_region_id"": ""REG025"", ""target_region_name"": ""쌍용1동""}, {""policy"": ""hospital_upgrade"", ""target_id"": ""JDQ4MTYyMiM2MSMkMSMkMiMkOTkkMzgxMzUxIzExIyQxIyQ3IyQ5OSQ0NjE0ODEjODEjJDEjJDYjJDgz"", ""target_name"": ""예일병원"", ""target_region_id"": null, ""target_region_name"": null}, {""policy"": ""hospital_upgrade"", ""target_id"": ""JDQ4MTYyMiM2MSMkMSMkMiMkOTkkMzgxMzUxIzIxIyQxIyQ1IyQ4OSQyNjE4MzIjNTEjJDEjJDYjJDgz"", ""target_name"": ""아이본병원"", ""target_region_id"": null, ""target_region_name"": null}]"
746,42,0.9058832589127596,0.0495123820092479,5.36265655090189,10.848247068703982,16.21090361960587,5.746462939276316,12.696061458042019,18.442524397318333,11.18,29.62,"[51, 28, 5]","[{""policy"": ""hospital_upgrade"", ""target_id"": ""JDQ4MTYyMiM2MSMkMSMkMiMkOTkkMzgxMzUxIzIxIyQxIyQxIyQwMyQyNjE4MzIjODEjJDEjJDIjJDgz"", ""target_name"": ""서울대정병원"", ""target_region_id"": null, ""target_region_name"": null}, {""policy"": ""ambulance_new_base"", ""target_id"": ""REG020"", ""target_name"": ""부성2동"", ""target_region_id"": ""REG020"", ""target_region_name"": ""부성2동""}, {""policy"": ""ambulance_existing"", ""target_id"": ""EMS006"", ""target_name"": ""청당119안전센터"", ""target_region_id"": ""REG009"", ""target_region_name"": ""청룡동""}]"
747,42,0.9861415973092953,0.0,5.30953667865867,10.513952631041532,15.823489309700205,5.817718036654236,12.495035640258315,18.31275367691255,11.18,29.62,"[45, 37, 21]","[{""policy"": ""hospital_upgrade"", ""target_id"": ""JDQ4MTYyMiM2MSMkMSMkMiMkOTkkMzgxMzUxIzIxIyQxIyQxIyQ3MiQzNjE4MzIjODEjJDEjJDYjJDgz"", ""target_name"": ""삼성스카이병원"", ""target_region_id"": null, ""target_region_name"": null}, {""policy"": ""hospital_upgrade"", ""target_id"": ""JDQ4MTYyMiM2MSMkMSMkMiMkOTkkMzgxMzUxIzIxIyQxIyQ1IyQ3OSQyNjE0ODEjNDEjJDEjJDgjJDgz"", ""target_name"": ""마디손병원"", ""target_region_id"": null, ""target_region_name"": null}, {""policy"": ""ambulance_new_base"", ""target_id"": ""REG007"", ""target_name"": ""일봉동"", ""target_region_id"": ""REG007"", ""target_region_name"": ""일봉동""}]"
748,42,0.49198662221534273,0.0222107429571171,5.15269039471835,11.594193548387098,16.746883943105445,5.564540434342401,13.264578960621222,18.82911939496362,11.18,29.62,"[10, 20, 28]","[{""policy"": ""ambulance_existing"", ""target_id"": ""EMS011"", ""target_name"": ""서부119안전센터"", ""target_region_id"": ""REG023"", ""target_region_name"": ""성정1동""}, {""policy"": ""ambulance_new_base"", ""target_id"": ""REG005"", ""target_name"": ""원성1동"", ""target_region_id"": ""REG005"", ""target_region_name"": ""원성1동""}, {""policy"": ""ambulance_new_base"", ""target_id"": ""REG020"", ""target_name"": ""부성2동"", ""target_region_id"": ""REG020"", ""target_region_name"": ""부성2동""}]"
749,42,0.8302907173621235,0.0097741241179697,5.30471554719749,11.08868306517315,16.39339861237064,5.64393497465041,12.834443706327281,18.47837868097769,11.18,29.62,"[50, 11, 16]","[{""policy"": ""hospital_upgrade"", ""target_id"": ""JDQ4MTYyMiM2MSMkMSMkMiMkOTkkMzgxMzUxIzIxIyQxIyQxIyQwMyQyNjE0ODEjNTEjJDEjJDYjJDgz"", ""target_name"": ""천안21세기병원"", ""target_region_id"": null, ""target_region_name"": null}, {""policy"": ""ambulance_existing"", ""target_id"": ""EMS012"", ""target_name"": ""성거119안전센터"", ""target_region_id"": ""REG029"", ""target_region_name"": ""성거읍""}, {""policy"": ""ambulance_new_base"", ""target_id"": ""REG001"", ""target_name"": ""문성동"", ""target_region_id"": ""REG001"", ""target_region_name"": ""문성동""}]"
750,42,0.96973317219636,0.0,5.398709677419355,10.591123688927318,15.989833366346673,5.74164618396257,12.587515918062918,18.329162102025485,11.18,29.62,"[51, 23, 53]","[{""policy"": ""hospital_upgrade"", ""target_id"": ""JDQ4MTYyMiM2MSMkMSMkMiMkOTkkMzgxMzUxIzIxIyQxIyQxIyQwMyQyNjE4MzIjODEjJDEjJDIjJDgz"", ""target_name"": ""서울대정병원"", ""target_region_id"": null, ""target_region_name"": null}, {""policy"": ""ambulance_new_base"", ""target_id"": ""REG010"", ""target_name"": ""광덕면"", ""target_region_id"": ""REG010"", ""target_region_name"": ""광덕면""}, {""policy"": ""hospital_upgrade"", ""target_id"": ""JDQ4MTYyMiM2MSMkMSMkMiMkOTkkMzgxMzUxIzIxIyQyIyQ1IyQwMCQyNjEwMDIjNDEjJDEjJDgjJDgz"", ""target_name"": ""이화병원"", ""target_region_id"": null, ""target_region_name"": null}]"
751,42,0.8247599917153714,0.0,5.265170274394114,10.77319533367163,16.038365608065746,5.8270612018601655,12.64707408064631,18.474135282506474,11.18,29.62,"[42, 51, 30]","[{""policy"": ""hospital_upgrade"", ""target_id"": ""JDQ4MTYyMiM2MSMkMSMkMiMkOTkkMzgxMzUxIzIxIyQxIyQ1IyQ5OSQzNjEyMjIjNjEjJDEjJDQjJDgz"", ""target_name"": ""천안다나힐병원"", ""target_region_id"": null, ""target_region_name"": null}, {""policy"": ""hospital_upgrade"", ""target_id"": ""JDQ4MTYyMiM2MSMkMSMkMiMkOTkkMzgxMzUxIzIxIyQxIyQxIyQwMyQyNjE4MzIjODEjJDEjJDIjJDgz"", ""target_name"": ""서울대정병원"", ""target_region_id"": null, ""target_region_name"": null}, {""policy"": ""ambulance_new_base"", ""target_id"": ""REG025"", ""target_name"": ""쌍용1동"", ""target_region_id"": ""REG025"", ""target_region_name"": ""쌍용1동""}]"
752,42,0.8377947244109976,0.0,5.047737841017175,11.098534409726106,16.146272250743284,5.470418911833075,12.990681637977776,18.461100549810848,11.18,29.62,"[29, 33, 16]","[{""policy"": ""ambulance_new_base"", ""target_id"": ""REG021"", ""target_name"": ""불당1동"", ""target_region_id"": ""REG021"", ""target_region_name"": ""불당1동""}, {""policy"": ""hospital_upgrade"", ""target_id"": ""JDQ4MTYyMiM2MSMkMSMkMiMkOTkkMzgxMzUxIzExIyQxIyQ3IyQ5OSQ0NjE0ODEjODEjJDEjJDYjJDgz"", ""target_name"": ""예일병원"", ""target_region_id"": null, ""target_region_name"": null}, {""policy"": ""ambulance_new_base"", ""target_id"": ""REG001"", ""target_name"": ""문성동"", ""target_region_id"": ""REG001"", ""target_region_name"": ""문성동""}]"
753,42,0.33905689945469847,0.0461916173658476,5.104351902196133,11.594193548387098,16.698545450583232,5.7414510315117795,13.264578960621222,19.006029992132994,11.18,29.62,"[31, 9, 26]","[{""policy"": ""ambulance_new_base"", ""target_id"": ""REG027"", ""target_name"": ""쌍용3동"", ""target_region_id"": ""REG027"", ""target_region_name"": ""쌍용3동""}, {""policy"": ""ambulance_existing"", ""target_id"": ""EMS010"", ""target_name"": ""불당119안전센터"", ""target_region_id"": ""REG022"", ""target_region_name"": ""불당2동""}, {""policy"": ""ambulance_new_base"", ""target_id"": ""REG018"", ""target_name"": ""백석동"", ""target_region_id"": ""REG018"", ""target_region_name"": ""백석동""}]"
754,42,1.0259634314293358,0.0,5.30953667865867,10.555927781650936,15.865464460309608,5.817718036654236,12.455213806138277,18.27293184279251,11.18,29.62,"[35, 21, 40]","[{""policy"": ""hospital_upgrade"", ""target_id"": ""JDQ4MTYyMiM2MSMkMSMkMiMkOTkkMzgxMzUxIzIxIyQxIyQ1IyQ2MiQ0NjE0ODEjNjEjJDEjJDgjJDgz"", ""target_name"": ""천안해울병원"", ""target_region_id"": null, ""target_region_name"": null}, {""policy"": ""ambulance_new_base"", ""target_id"": ""REG007"", ""target_name"": ""일봉동"", ""target_region_id"": ""REG007"", ""target_region_name"": ""일봉동""}, {""policy"": ""hospital_upgrade"", ""target_id"": ""JDQ4MTYyMiM2MSMkMSMkMiMkOTkkMzgxMzUxIzIxIyQxIyQ1IyQ4OSQyNjE4MzIjNTEjJDEjJDYjJDgz"", ""target_name"": ""아이본병원"", ""target_region_id"": null, ""target_region_name"": null}]"
755,42,0.9080906811589848,0.0,4.752171237456947,11.594193548387098,16.346364785844045,5.126225632441638,13.264578960621222,18.39080459306286,11.18,29.62,"[17, 28, 22]","[{""policy"": ""ambulance_new_base"", ""target_id"": ""REG002"", ""target_name"": ""봉명동"", ""target_region_id"": ""REG002"", ""target_region_name"": ""봉명동""}, {""policy"": ""ambulance_new_base"", ""target_id"": ""REG020"", ""target_name"": ""부성2동"", ""target_region_id"": ""REG020"", ""target_region_name"": ""부성2동""}, {""policy"": ""ambulance_new_base"", ""target_id"": ""REG008"", ""target_name"": ""중앙동"", ""target_region_id"": ""REG008"", ""target_region_name"": ""중앙동""}]"
756,42,0.6178124642113136,0.0461916173658476,5.36265655090189,11.138559464269987,16.501216015171877,5.746462939276316,12.980811488100068,18.72727442737638,11.18,29.62,"[28, 9, 45]","[{""policy"": ""ambulance_new_base"", ""target_id"": ""REG020"", ""target_name"": ""부성2동"", ""target_region_id"": ""REG020"", ""target_region_name"": ""부성2동""}, {""policy"": ""ambulance_existing"", ""target_id"": ""EMS010"", ""target_name"": ""불당119안전센터"", ""target_region_id"": ""REG022"", ""target_region_name"": ""불당2동""}, {""policy"": ""hospital_upgrade"", ""target_id"": ""JDQ4MTYyMiM2MSMkMSMkMiMkOTkkMzgxMzUxIzIxIyQxIyQxIyQ3MiQzNjE4MzIjODEjJDEjJDYjJDgz"", ""target_name"": ""삼성스카이병원"", ""target_region_id"": null, ""target_region_name"": null}]"
757,42,0.1200331071905417,0.1200331071905417,5.599677419354838,11.594193548387098,17.193870967741937,6.034316313600623,13.264578960621222,19.298895274221845,11.18,29.62,"[2, 12, 5]","[{""policy"": ""ambulance_existing"", ""target_id"": ""EMS003"", ""target_name"": ""병천119안전센터"", ""target_region_id"": ""REG012"", ""target_region_name"": ""병천면""}, {""policy"": ""ambulance_existing"", ""target_id"": ""EMS013"", ""target_name"": ""성환119안전센터"", ""target_region_id"": ""REG030"", ""target_region_name"": ""성환읍""}, {""policy"": ""ambulance_existing"", ""target_id"": ""EMS006"", ""target_name"": ""청당119안전센터"", ""target_region_id"": ""REG009"", ""target_region_name"": ""청룡동""}]"
758,42,0.35049322907548197,0.06263985475117159,5.36265655090189,11.594193548387098,16.956850099288985,5.746462939276316,13.264578960621222,19.011041899897535,11.18,29.62,"[9, 28, 1]","[{""policy"": ""ambulance_existing"", ""target_id"": ""EMS010"", ""target_name"": ""불당119안전센터"", ""target_region_id"": ""REG022"", ""target_region_name"": ""불당2동""}, {""policy"": ""ambulance_new_base"", ""target_id"": ""REG020"", ""target_name"": ""부성2동"", ""target_region_id"": ""REG020"", ""target_region_name"": ""부성2동""}, {""policy"": ""ambulance_existing"", ""target_id"": ""EMS002"", ""target_name"": ""독립119안전센터"", ""target_region_id"": ""REG017"", ""target_region_name"": ""목천읍""}]"
759,42,0.09576436124542101,0.09576436124542101,5.599677419354838,11.594193548387098,17.193870967741937,6.034316313600623,13.264578960621222,19.298895274221845,11.18,29.62,"[5, 13, 9]","[{""policy"": ""ambulance_existing"", ""target_id"": ""EMS006"", ""target_name"": ""청당119안전센터"", ""target_region_id"": ""REG009"", ""target_region_name"": ""청룡동""}, {""policy"": ""ambulance_existing"", ""target_id"": ""EMS014"", ""target_name"": ""쌍용119안전센터"", ""target_region_id"": ""REG026"", ""target_region_name"": ""쌍용2동""}, {""policy"": ""ambulance_existing"", ""target_id"": ""EMS010"", ""target_name"": ""불당119안전센터"", ""target_region_id"": ""REG022"", ""target_region_name"": ""불당2동""}]"
760,42,0.3606965882384711,0.0129164677175479,5.599677419354838,11.055870298914312,16.65554771826915,6.034316313600623,12.916798840100302,18.951115153700922,11.18,29.62,"[36, 3, 14]","[{""policy"": ""hospital_upgrade"", ""target_id"": ""JDQ4MTYyMiM2MSMkMSMkMiMkOTkkMzgxMzUxIzIxIyQxIyQ1IyQ2MiQzNjE4MzIjODEjJDEjJDIjJDgz"", ""target_name"": ""돋움병원"", ""target_region_id"": null, ""target_region_name"": null}, {""policy"": ""ambulance_existing"", ""target_id"": ""EMS004"", ""target_name"": ""북면지역대"", ""target_region_id"": ""REG013"", ""target_region_name"": ""북면""}, {""policy"": ""ambulance_existing"", ""target_id"": ""EMS015"", ""target_name"": ""입장119안전센터"", ""target_region_id"": ""REG028"", ""target_region_name"": ""입장면""}]"
761,42,0.9902975035192831,0.0,5.265170274394114,10.515471668057154,15.780641942451272,5.8270612018601655,12.4815365688424,18.308597770702562,11.18,29.62,"[30, 43, 48]","[{""policy"": ""ambulance_new_base"", ""target_id"": ""REG025"", ""target_name"": ""쌍용1동"", ""target_region_id"": ""REG025"", ""target_region_name"": ""쌍용1동""}, {""policy"": ""hospital_upgrade"", ""target_id"": ""JDQ4MTYyMiM2MSMkMSMkMiMkOTkkMzgxMzUxIzIxIyQxIyQxIyQ2MiQ0NjE0ODEjNDEjJDEjJDQjJDgz"", ""target_name"": ""연세나무병원"", ""target_region_id"": null, ""target_region_name"": null}, {""policy"": ""hospital_upgrade"", ""target_id"": ""JDQ4MTYyMiM2MSMkMSMkMiMkOTkkMzgxMzUxIzIxIyQxIyQxIyQ5MiQyNjE4MzIjNDEjJDEjJDgjJDgz"", ""target_name"": ""혜성산부인과병원"", ""target_region_id"": null, ""target_region_name"": null}]"
762,42,0.41504806722354387,0.0497006182457291,5.599677419354838,11.013231528881516,16.612908948236356,6.034316313600623,12.899231511643416,18.93354782524403,11.18,29.62,"[44, 8, 5]","[{""policy"": ""hospital_upgrade"", ""target_id"": ""JDQ4MTYyMiM2MSMkMSMkMiMkOTkkMzgxMzUxIzIxIyQxIyQxIyQ3MiQyNjE0ODEjNDEjJDEjJDgjJDgz"", ""target_name"": ""천안재활병원"", ""target_region_id"": null, ""target_region_name"": null}, {""policy"": ""ambulance_existing"", ""target_id"": ""EMS009"", ""target_name"": ""두정119안전센터"", ""target_region_id"": ""REG024"", ""target_region_name"": ""성정2동""}, {""policy"": ""ambulance_existing"", ""target_id"": ""EMS006"", ""target_name"": ""청당119안전센터"", ""target_region_id"": ""REG009"", ""target_region_name"": ""청룡동""}]"
763,42,0.6502243742769471,0.0097741241179697,5.398709677419355,11.055870298914312,16.45457997633367,5.74164618396257,12.916798840100302,18.658445024062868,11.18,29.62,"[36, 11, 23]","[{""policy"": ""hospital_upgrade"", ""target_id"": ""JDQ4MTYyMiM2MSMkMSMkMiMkOTkkMzgxMzUxIzIxIyQxIyQ1IyQ2MiQzNjE4MzIjODEjJDEjJDIjJDgz"", ""target_name"": ""돋움병원"", ""target_region_id"": null, ""target_region_name"": null}, {""policy"": ""ambulance_existing"", ""target_id"": ""EMS012"", ""target_name"": ""성거119안전센터"", ""target_region_id"": ""REG029"", ""target_region_name"": ""성거읍""}, {""policy"": ""ambulance_new_base"", ""target_id"": ""REG010"", ""target_name"": ""광덕면"", ""target_region_id"": ""REG010"", ""target_region_name"": ""광덕면""}]"
764,42,0.8554983888913353,0.0045892200942615,5.398709677419355,10.860143321295778,16.25885299871513,5.74164618396257,12.706339921462204,18.44798610542477,11.18,29.62,"[3, 43, 23]","[{""policy"": ""ambulance_existing"", ""target_id"": ""EMS004"", ""target_name"": ""북면지역대"", ""target_region_id"": ""REG013"", ""target_region_name"": ""북면""}, {""policy"": ""hospital_upgrade"", ""target_id"": ""JDQ4MTYyMiM2MSMkMSMkMiMkOTkkMzgxMzUxIzIxIyQxIyQxIyQ2MiQ0NjE0ODEjNDEjJDEjJDQjJDgz"", ""target_name"": ""연세나무병원"", ""target_region_id"": null, ""target_region_name"": null}, {""policy"": ""ambulance_new_base"", ""target_id"": ""REG010"", ""target_name"": ""광덕면"", ""target_region_id"": ""REG010"", ""target_region_name"": ""광덕면""}]"
765,42,0.20558024255514953,0.032064179737811296,5.342699713174523,11.594193548387098,16.93689326156162,5.860800250783288,13.264578960621222,19.125379211404507,11.18,29.62,"[29, 0, 6]","[{""policy"": ""ambulance_new_base"", ""target_id"": ""REG021"", ""target_name"": ""불당1동"", ""target_region_id"": ""REG021"", ""target_region_name"": ""불당1동""}, {""policy"": ""ambulance_existing"", ""target_id"": ""EMS001"", ""target_name"": ""119구조구급센터119안전센터"", ""target_region_id"": ""REG006"", ""target_region_name"": ""원성2동""}, {""policy"": ""ambulance_existing"", ""target_id"": ""EMS007"", ""target_name"": ""풍세119안전센터"", ""target_region_id"": ""REG016"", ""target_region_name"": ""풍세면""}]"
766,42,0.8699831723903451,0.0,5.0867655976923185,10.975591027317092,16.062356625009414,5.639986977928423,12.788925123903075,18.4289121018315,11.18,29.62,"[17, 47, 29]","[{""policy"": ""ambulance_new_base"", ""target_id"": ""REG002"", ""target_name"": ""봉명동"", ""target_region_id"": ""REG002"", ""target_region_name"": ""봉명동""}, {""policy"": ""hospital_upgrade"", ""target_id"": ""JDQ4MTYyMiM2MSMkMSMkMiMkOTkkMzgxMzUxIzIxIyQxIyQxIyQ4OSQ0NjE0ODEjODEjJDEjJDIjJDgz"", ""target_name"": ""서울우리병원"", ""target_region_id"": null, ""target_region_name"": null}, {""policy"": ""ambulance_new_base"", ""target_id"": ""REG021"", ""target_name"": ""불당1동"", ""target_region_id"": ""REG021"", ""target_region_name"": ""불당1동""}]"
767,42,0.6839898162898589,0.0222107429571171,5.599677419354838,10.607869111812725,16.207546531167566,6.034316313600623,12.602799887288478,18.637116200889103,11.18,29.62,"[43, 46, 10]","[{""policy"": ""hospital_upgrade"", ""target_id"": ""JDQ4MTYyMiM2MSMkMSMkMiMkOTkkMzgxMzUxIzIxIyQxIyQxIyQ2MiQ0NjE0ODEjNDEjJDEjJDQjJDgz"", ""target_name"": ""연세나무병원"", ""target_region_id"": null, ""target_region_name"": null}, {""policy"": ""hospital_upgrade"", ""target_id"": ""JDQ4MTYyMiM2MSMkMSMkMiMkOTkkMzgxMzUxIzIxIyQxIyQxIyQ3OSQyNjEyMjIjNDEjJDEjJDgjJDgz"", ""target_name"": ""우리척병원"", ""target_region_id"": null, ""target_region_name"": null}, {""policy"": ""ambulance_existing"", ""target_id"": ""EMS011"", ""target_name"": ""서부119안전센터"", ""target_region_id"": ""REG023"", ""target_region_name"": ""성정1동""}]"
768,42,0.7400203278086789,0.0222107429571171,5.599677419354838,10.655087602332431,16.25476502168727,6.034316313600623,12.54676937576966,18.581085689370283,11.18,29.62,"[37, 10, 32]","[{""policy"": ""hospital_upgrade"", ""target_id"": ""JDQ4MTYyMiM2MSMkMSMkMiMkOTkkMzgxMzUxIzIxIyQxIyQ1IyQ3OSQyNjE0ODEjNDEjJDEjJDgjJDgz"", ""target_name"": ""마디손병원"", ""target_region_id"": null, ""target_region_name"": null}, {""policy"": ""ambulance_existing"", ""target_id"": ""EMS011"", ""target_name"": ""서부119안전센터"", ""target_region_id"": ""REG023"", ""target_region_name"": ""성정1동""}, {""policy"": ""hospital_upgrade"", ""target_id"": ""JDQ4MTYyMiM2MSMkMSMkMiMkOTkkMzgxMzUxIzExIyQxIyQ3IyQ4OSQzNjE0ODEjODEjJDEjJDYjJDgz"", ""target_name"": ""새로나병원"", ""target_region_id"": null, ""target_region_name"": null}]"
769,42,0.5926675754036594,0.0,5.108728689973412,11.138559464269987,16.247288154243403,5.725416210718118,12.980811488100068,18.706227698818186,11.18,29.62,"[30, 26, 45]","[{""policy"": ""ambulance_new_base"", ""target_id"": ""REG025"", ""target_name"": ""쌍용1동"", ""target_region_id"": ""REG025"", ""target_region_name"": ""쌍용1동""}, {""policy"": ""ambulance_new_base"", ""target_id"": ""REG018"", ""target_name"": ""백석동"", ""target_region_id"": ""REG018"", ""target_region_name"": ""백석동""}, {""policy"": ""hospital_upgrade"", ""target_id"": ""JDQ4MTYyMiM2MSMkMSMkMiMkOTkkMzgxMzUxIzIxIyQxIyQxIyQ3MiQzNjE4MzIjODEjJDEjJDYjJDgz"", ""target_name"": ""삼성스카이병원"", ""target_region_id"": null, ""target_region_name"": null}]"
770,42,1.3146169740119475,0.0,4.993225806451613,10.914895644369402,15.908121450821016,5.24642662778608,12.73785167242382,17.984278300209898,11.18,29.62,"[40, 24, 19]","[{""policy"": ""hospital_upgrade"", ""target_id"": ""JDQ4MTYyMiM2MSMkMSMkMiMkOTkkMzgxMzUxIzIxIyQxIyQ1IyQ4OSQyNjE4MzIjNTEjJDEjJDYjJDgz"", ""target_name"": ""아이본병원"", ""target_region_id"": null, ""target_region_name"": null}, {""policy"": ""ambulance_new_base"", ""target_id"": ""REG011"", ""target_name"": ""동면"", ""target_region_id"": ""REG011"", ""target_region_name"": ""동면""}, {""policy"": ""ambulance_new_base"", ""target_id"": ""REG004"", ""target_name"": ""신안동"", ""target_region_id"": ""REG004"", ""target_region_name"": ""신안동""}]"
771,42,0.6499373186243483,0.0843594329130811,5.599677419354838,10.856635269370763,16.4563126887256,6.034316313600623,12.699001074909956,18.733317388510578,11.18,29.62,"[5, 38, 2]","[{""policy"": ""ambulance_existing"", ""target_id"": ""EMS006"", ""target_name"": ""청당119안전센터"", ""target_region_id"": ""REG009"", ""target_region_name"": ""청룡동""}, {""policy"": ""hospital_upgrade"", ""target_id"": ""JDQ4MTYyMiM2MSMkMSMkMiMkOTkkMzgxMzUxIzIxIyQxIyQ1IyQ3OSQzNjE4MzIjODEjJDEjJDYjJDgz"", ""target_name"": ""앙즈로여성병원"", ""target_region_id"": null, ""target_region_name"": null}, {""policy"": ""ambulance_existing"", ""target_id"": ""EMS003"", ""target_name"": ""병천119안전센터"", ""target_region_id"": ""REG012"", ""target_region_name"": ""병천면""}]"
772,42,0.5449803801427503,0.0013755227968207,5.3432258064516125,11.055870298914312,16.399096105365924,5.838491576775618,12.916798840100302,18.755290416875916,11.18,29.62,"[19, 0, 36]","[{""policy"": ""ambulance_new_base"", ""target_id"": ""REG004"", ""target_name"": ""신안동"", ""target_region_id"": ""REG004"", ""target_region_name"": ""신안동""}, {""policy"": ""ambulance_existing"", ""target_id"": ""EMS001"", ""target_name"": ""119구조구급센터119안전센터"", ""target_region_id"": ""REG006"", ""target_region_name"": ""원성2동""}, {""policy"": ""hospital_upgrade"", ""target_id"": ""JDQ4MTYyMiM2MSMkMSMkMiMkOTkkMzgxMzUxIzIxIyQxIyQ1IyQ2MiQzNjE4MzIjODEjJDEjJDIjJDgz"", ""target_name"": ""돋움병원"", ""target_region_id"": null, ""target_region_name"": null}]"
773,42,0.5746962687204056,6.036187032550563e-05,5.36265655090189,11.302330291013508,16.664986841915397,5.746462939276316,12.977796428095454,18.724259367371765,11.18,29.62,"[28, 13, 34]","[{""policy"": ""ambulance_new_base"", ""target_id"": ""REG020"", ""target_name"": ""부성2동"", ""target_region_id"": ""REG020"", ""target_region_name"": ""부성2동""}, {""policy"": ""ambulance_existing"", ""target_id"": ""EMS014"", ""target_name"": ""쌍용119안전센터"", ""target_region_id"": ""REG026"", ""target_region_name"": ""쌍용2동""}, {""policy"": ""hospital_upgrade"", ""target_id"": ""JDQ4MTYyMiM2MSMkMSMkMiMkOTkkMzgxMzUxIzExIyQyIyQ3IyQwMCQ0NjE0ODEjNjEjJDEjJDgjJDgz"", ""target_name"": ""천안우리병원"", ""target_region_id"": null, ""target_region_name"": null}]"
774,42,0.8386652381889483,0.0,5.295483870967741,10.780397635622666,16.07588150659041,5.8214151748001814,12.638814861232715,18.460230036032897,11.18,29.62,"[43, 27, 40]","[{""policy"": ""hospital_upgrade"", ""target_id"": ""JDQ4MTYyMiM2MSMkMSMkMiMkOTkkMzgxMzUxIzIxIyQxIyQxIyQ2MiQ0NjE0ODEjNDEjJDEjJDQjJDgz"", ""target_name"": ""연세나무병원"", ""target_region_id"": null, ""target_region_name"": null}, {""policy"": ""ambulance_new_base"", ""target_id"": ""REG019"", ""target_name"": ""부성1동"", ""target_region_id"": ""REG019"", ""target_region_name"": ""부성1동""}, {""policy"": ""hospital_upgrade"", ""target_id"": ""JDQ4MTYyMiM2MSMkMSMkMiMkOTkkMzgxMzUxIzIxIyQxIyQ1IyQ4OSQyNjE4MzIjNTEjJDEjJDYjJDgz"", ""target_name"": ""아이본병원"", ""target_region_id"": null, ""target_region_name"": null}]"
775,42,0.3555812978640832,0.0843594329130811,5.599677419354838,11.102009947137324,16.701687366492166,6.034316313600623,12.993357095670223,19.027673409270843,11.18,29.62,"[2, 46, 5]","[{""policy"": ""ambulance_existing"", ""target_id"": ""EMS003"", ""target_name"": ""병천119안전센터"", ""target_region_id"": ""REG012"", ""target_region_name"": ""병천면""}, {""policy"": ""hospital_upgrade"", ""target_id"": ""JDQ4MTYyMiM2MSMkMSMkMiMkOTkkMzgxMzUxIzIxIyQxIyQxIyQ3OSQyNjEyMjIjNDEjJDEjJDgjJDgz"", ""target_name"": ""우리척병원"", ""target_region_id"": null, ""target_region_name"": null}, {""policy"": ""ambulance_existing"", ""target_id"": ""EMS006"", ""target_name"": ""청당119안전센터"", ""target_region_id"": ""REG009"", ""target_region_name"": ""청룡동""}]"
776,42,0.5390607733380472,6.036187032550563e-05,5.260793486616837,11.055870298914312,16.31666378553115,5.843096022653826,12.916798840100302,18.759894862754123,11.18,29.62,"[36, 13, 31]","[{""policy"": ""hospital_upgrade"", ""target_id"": ""JDQ4MTYyMiM2MSMkMSMkMiMkOTkkMzgxMzUxIzIxIyQxIyQ1IyQ2MiQzNjE4MzIjODEjJDEjJDIjJDgz"", ""target_name"": ""돋움병원"", ""target_region_id"": null, ""target_region_name"": null}, {""policy"": ""ambulance_existing"", ""target_id"": ""EMS014"", ""target_name"": ""쌍용119안전센터"", ""target_region_id"": ""REG026"", ""target_region_name"": ""쌍용2동""}, {""policy"": ""ambulance_new_base"", ""target_id"": ""REG027"", ""target_name"": ""쌍용3동"", ""target_region_id"": ""REG027"", ""target_region_name"": ""쌍용3동""}]"
777,42,0.5663418640425796,0.0097741241179697,5.260793486616837,11.013231528881516,16.27402501549835,5.843096022653826,12.899231511643416,18.742327534297235,11.18,29.62,"[31, 44, 11]","[{""policy"": ""ambulance_new_base"", ""target_id"": ""REG027"", ""target_name"": ""쌍용3동"", ""target_region_id"": ""REG027"", ""target_region_name"": ""쌍용3동""}, {""policy"": ""hospital_upgrade"", ""target_id"": ""JDQ4MTYyMiM2MSMkMSMkMiMkOTkkMzgxMzUxIzIxIyQxIyQxIyQ3MiQyNjE0ODEjNDEjJDEjJDgjJDgz"", ""target_name"": ""천안재활병원"", ""target_region_id"": null, ""target_region_name"": null}, {""policy"": ""ambulance_existing"", ""target_id"": ""EMS012"", ""target_name"": ""성거119안전센터"", ""target_region_id"": ""REG029"", ""target_region_name"": ""성거읍""}]"
778,42,0.267037726331055,0.0504394493846662,5.30953667865867,11.594193548387098,16.90373022704577,5.817718036654236,13.264578960621222,19.082296997275456,11.18,29.62,"[9, 4, 21]","[{""policy"": ""ambulance_existing"", ""target_id"": ""EMS010"", ""target_name"": ""불당119안전센터"", ""target_region_id"": ""REG022"", ""target_region_name"": ""불당2동""}, {""policy"": ""ambulance_existing"", ""target_id"": ""EMS005"", ""target_name"": ""성남지역대"", ""target_region_id"": ""REG014"", ""target_region_name"": ""성남면""}, {""policy"": ""ambulance_new_base"", ""target_id"": ""REG007"", ""target_name"": ""일봉동"", ""target_region_id"": ""REG007"", ""target_region_name"": ""일봉동""}]"
779,42,0.8723250285994517,0.0,5.1417319712390395,11.033865820568307,16.17559779180735,5.568130121145235,12.858440124477161,18.426570245622393,11.18,29.62,"[23, 49, 29]","[{""policy"": ""ambulance_new_base"", ""target_id"": ""REG010"", ""target_name"": ""광덕면"", ""target_region_id"": ""REG010"", ""target_region_name"": ""광덕면""}, {""policy"": ""hospital_upgrade"", ""target_id"": ""JDQ4MTYyMiM2MSMkMSMkMiMkOTkkMzgxMzUxIzIxIyQxIyQxIyQ5MiQyNjEwMDIjNjEjJDEjJDAjJDgz"", ""target_name"": ""두정이진병원"", ""target_region_id"": null, ""target_region_name"": null}, {""policy"": ""ambulance_new_base"", ""target_id"": ""REG021"", ""target_name"": ""불당1동"", ""target_region_id"": ""REG021"", ""target_region_name"": ""불당1동""}]"
780,42,0.6877195907803542,0.0013755227968207,5.36265655090189,10.998184134035316,16.36084068493721,5.746462939276316,12.866088266961999,18.61255120623831,11.18,29.62,"[0, 28, 48]","[{""policy"": ""ambulance_existing"", ""target_id"": ""EMS001"", ""target_name"": ""119구조구급센터119안전센터"", ""target_region_id"": ""REG006"", ""target_region_name"": ""원성2동""}, {""policy"": ""ambulance_new_base"", ""target_id"": ""REG020"", ""target_name"": ""부성2동"", ""target_region_id"": ""REG020"", ""target_region_name"": ""부성2동""}, {""policy"": ""hospital_upgrade"", ""target_id"": ""JDQ4MTYyMiM2MSMkMSMkMiMkOTkkMzgxMzUxIzIxIyQxIyQxIyQ5MiQyNjE4MzIjNDEjJDEjJDgjJDgz"", ""target_name"": ""혜성산부인과병원"", ""target_region_id"": null, ""target_region_name"": null}]"
781,42,0.7446813842364293,0.0,5.139042286547038,11.08868306517315,16.22772535172019,5.719770183658134,12.834443706327281,18.554213889985416,11.18,29.62,"[27, 50, 26]","[{""policy"": ""ambulance_new_base"", ""target_id"": ""REG019"", ""target_name"": ""부성1동"", ""target_region_id"": ""REG019"", ""target_region_name"": ""부성1동""}, {""policy"": ""hospital_upgrade"", ""target_id"": ""JDQ4MTYyMiM2MSMkMSMkMiMkOTkkMzgxMzUxIzIxIyQxIyQxIyQwMyQyNjE0ODEjNTEjJDEjJDYjJDgz"", ""target_name"": ""천안21세기병원"", ""target_region_id"": null, ""target_region_name"": null}, {""policy"": ""ambulance_new_base"", ""target_id"": ""REG018"", ""target_name"": ""백석동"", ""target_region_id"": ""REG018"", ""target_region_name"": ""백석동""}]"
782,42,0.6779945063090054,0.0,5.599677419354838,10.711244294230422,16.310921713585262,6.034316313600623,12.58658445431222,18.62090076791284,11.18,29.62,"[52, 37, 39]","[{""policy"": ""hospital_upgrade"", ""target_id"": ""JDQ4MTYyMiM2MSMkMSMkMiMkOTkkMzgxMzUxIzIxIyQxIyQxIyQxMyQyNjEyMjIjNzEjJDEjJDgjJDgz"", ""target_name"": ""SG삼성조은병원"", ""target_region_id"": null, ""target_region_name"": null}, {""policy"": ""hospital_upgrade"", ""target_id"": ""JDQ4MTYyMiM2MSMkMSMkMiMkOTkkMzgxMzUxIzIxIyQxIyQ1IyQ3OSQyNjE0ODEjNDEjJDEjJDgjJDgz"", ""target_name"": ""마디손병원"", ""target_region_id"": null, ""target_region_name"": null}, {""policy"": ""hospital_upgrade"", ""target_id"": ""JDQ4MTYyMiM2MSMkMSMkMiMkOTkkMzgxMzUxIzIxIyQxIyQ1IyQ4OSQ0NjEwMDIjNTEjJDEjJDIjJDgz"", ""target_name"": ""천안리턴병원"", ""target_region_id"": null, ""target_region_name"": null}]"
783,42,0.6264019198137861,0.0578844172345777,5.599677419354838,10.848247068703982,16.447924488058817,6.034316313600623,12.696061458042019,18.730377771642637,11.18,29.62,"[12, 10, 51]","[{""policy"": ""ambulance_existing"", ""target_id"": ""EMS013"", ""target_name"": ""성환119안전센터"", ""target_region_id"": ""REG030"", ""target_region_name"": ""성환읍""}, {""policy"": ""ambulance_existing"", ""target_id"": ""EMS011"", ""target_name"": ""서부119안전센터"", ""target_region_id"": ""REG023"", ""target_region_name"": ""성정1동""}, {""policy"": ""hospital_upgrade"", ""target_id"": ""JDQ4MTYyMiM2MSMkMSMkMiMkOTkkMzgxMzUxIzIxIyQxIyQxIyQwMyQyNjE4MzIjODEjJDEjJDIjJDgz"", ""target_name"": ""서울대정병원"", ""target_region_id"": null, ""target_region_name"": null}]"
784,42,0.2926045246342393,0.0088370521130801,5.599677419354838,11.138559464269987,16.73823688362483,6.034316313600623,12.980811488100068,19.015127801700686,11.18,29.62,"[45, 3, 4]","[{""policy"": ""hospital_upgrade"", ""target_id"": ""JDQ4MTYyMiM2MSMkMSMkMiMkOTkkMzgxMzUxIzIxIyQxIyQxIyQ3MiQzNjE4MzIjODEjJDEjJDYjJDgz"", ""target_name"": ""삼성스카이병원"", ""target_region_id"": null, ""target_region_name"": null}, {""policy"": ""ambulance_existing"", ""target_id"": ""EMS004"", ""target_name"": ""북면지역대"", ""target_region_id"": ""REG013"", ""target_region_name"": ""북면""}, {""policy"": ""ambulance_existing"", ""target_id"": ""EMS005"", ""target_name"": ""성남지역대"", ""target_region_id"": ""REG014"", ""target_region_name"": ""성남면""}]"
785,42,1.1831184526579577,0.0,5.239032258064516,10.750226980773132,15.989259238837649,5.438138036909479,12.67763878465441,18.115776821563887,10.85,29.62,"[48, 25, 32]","[{""policy"": ""hospital_upgrade"", ""target_id"": ""JDQ4MTYyMiM2MSMkMSMkMiMkOTkkMzgxMzUxIzIxIyQxIyQxIyQ5MiQyNjE4MzIjNDEjJDEjJDgjJDgz"", ""target_name"": ""혜성산부인과병원"", ""target_region_id"": null, ""target_region_name"": null}, {""policy"": ""ambulance_new_base"", ""target_id"": ""REG015"", ""target_name"": ""수신면"", ""target_region_id"": ""REG015"", ""target_region_name"": ""수신면""}, {""policy"": ""hospital_upgrade"", ""target_id"": ""JDQ4MTYyMiM2MSMkMSMkMiMkOTkkMzgxMzUxIzExIyQxIyQ3IyQ4OSQzNjE0ODEjODEjJDEjJDYjJDgz"", ""target_name"": ""새로나병원"", ""target_region_id"": null, ""target_region_name"": null}]"
786,42,0.2753492901958682,0.0001882362364812,5.1862581287538205,11.594193548387098,16.780451677140917,5.759155259641241,13.264578960621222,19.023734220262458,11.18,29.62,"[29, 8, 26]","[{""policy"": ""ambulance_new_base"", ""target_id"": ""REG021"", ""target_name"": ""불당1동"", ""target_region_id"": ""REG021"", ""target_region_name"": ""불당1동""}, {""policy"": ""ambulance_existing"", ""target_id"": ""EMS009"", ""target_name"": ""두정119안전센터"", ""target_region_id"": ""REG024"", ""target_region_name"": ""성정2동""}, {""policy"": ""ambulance_new_base"", ""target_id"": ""REG018"", ""target_name"": ""백석동"", ""target_region_id"": ""REG018"", ""target_region_name"": ""백석동""}]"
787,42,0.7793670420829859,0.0045892200942615,5.599677419354838,10.511800470629472,16.111477889984315,6.034316313600623,12.4898011386325,18.52411745223312,11.18,29.62,"[3, 36, 37]","[{""policy"": ""ambulance_existing"", ""target_id"": ""EMS004"", ""target_name"": ""북면지역대"", ""target_region_id"": ""REG013"", ""target_region_name"": ""북면""}, {""policy"": ""hospital_upgrade"", ""target_id"": ""JDQ4MTYyMiM2MSMkMSMkMiMkOTkkMzgxMzUxIzIxIyQxIyQ1IyQ2MiQzNjE4MzIjODEjJDEjJDIjJDgz"", ""target_name"": ""돋움병원"", ""target_region_id"": null, ""target_region_name"": null}, {""policy"": ""hospital_upgrade"", ""target_id"": ""JDQ4MTYyMiM2MSMkMSMkMiMkOTkkMzgxMzUxIzIxIyQxIyQ1IyQ3OSQyNjE0ODEjNDEjJDEjJDgjJDgz"", ""target_name"": ""마디손병원"", ""target_region_id"": null, ""target_region_name"": null}]"
788,42,1.174426864469396,0.0,4.934838709677419,11.013231528881516,15.948070238558934,5.225236898109038,12.899231511643416,18.12446840975245,10.85,29.62,"[44, 27, 25]","[{""policy"": ""hospital_upgrade"", ""target_id"": ""JDQ4MTYyMiM2MSMkMSMkMiMkOTkkMzgxMzUxIzIxIyQxIyQxIyQ3MiQyNjE0ODEjNDEjJDEjJDgjJDgz"", ""target_name"": ""천안재활병원"", ""target_region_id"": null, ""target_region_name"": null}, {""policy"": ""ambulance_new_base"", ""target_id"": ""REG019"", ""target_name"": ""부성1동"", ""target_region_id"": ""REG019"", ""target_region_name"": ""부성1동""}, {""policy"": ""ambulance_new_base"", ""target_id"": ""REG015"", ""target_name"": ""수신면"", ""target_region_id"": ""REG015"", ""target_region_name"": ""수신면""}]"
789,42,1.1083699675684606,0.0,5.067694678744541,11.08868306517315,16.15637774391769,5.356081600326103,12.834443706327281,18.190525306653385,11.18,29.62,"[16, 28, 50]","[{""policy"": ""ambulance_new_base"", ""target_id"": ""REG001"", ""target_name"": ""문성동"", ""target_region_id"": ""REG001"", ""target_region_name"": ""문성동""}, {""policy"": ""ambulance_new_base"", ""target_id"": ""REG020"", ""target_name"": ""부성2동"", ""target_region_id"": ""REG020"", ""target_region_name"": ""부성2동""}, {""policy"": ""hospital_upgrade"", ""target_id"": ""JDQ4MTYyMiM2MSMkMSMkMiMkOTkkMzgxMzUxIzIxIyQxIyQxIyQwMyQyNjE0ODEjNTEjJDEjJDYjJDgz"", ""target_name"": ""천안21세기병원"", ""target_region_id"": null, ""target_region_name"": null}]"
790,42,0.7778508599215975,0.016448237385324,5.3432258064516125,10.856635269370763,16.199861075822373,5.838491576775618,12.699001074909956,18.53749265168557,11.18,29.62,"[1, 38, 19]","[{""policy"": ""ambulance_existing"", ""target_id"": ""EMS002"", ""target_name"": ""독립119안전센터"", ""target_region_id"": ""REG017"", ""target_region_name"": ""목천읍""}, {""policy"": ""hospital_upgrade"", ""target_id"": ""JDQ4MTYyMiM2MSMkMSMkMiMkOTkkMzgxMzUxIzIxIyQxIyQ1IyQ3OSQzNjE4MzIjODEjJDEjJDYjJDgz"", ""target_name"": ""앙즈로여성병원"", ""target_region_id"": null, ""target_region_name"": null}, {""policy"": ""ambulance_new_base"", ""target_id"": ""REG004"", ""target_name"": ""신안동"", ""target_region_id"": ""REG004"", ""target_region_name"": ""신안동""}]"
791,42,0.732965057521357,0.0097741241179697,5.3432258064516125,10.922183961670516,16.26540976812213,5.838491576775618,12.737212764042843,18.575704340818458,11.18,29.62,"[19, 39, 11]","[{""policy"": ""ambulance_new_base"", ""target_id"": ""REG004"", ""target_name"": ""신안동"", ""target_region_id"": ""REG004"", ""target_region_name"": ""신안동""}, {""policy"": ""hospital_upgrade"", ""target_id"": ""JDQ4MTYyMiM2MSMkMSMkMiMkOTkkMzgxMzUxIzIxIyQxIyQ1IyQ4OSQ0NjEwMDIjNTEjJDEjJDIjJDgz"", ""target_name"": ""천안리턴병원"", ""target_region_id"": null, ""target_region_name"": null}, {""policy"": ""ambulance_existing"", ""target_id"": ""EMS012"", ""target_name"": ""성거119안전센터"", ""target_region_id"": ""REG029"", ""target_region_name"": ""성거읍""}]"
792,42,0.8925334656769266,0.0,5.295483870967741,10.693310264460738,15.988794135428478,5.8214151748001814,12.584946633744737,18.40636180854492,11.18,29.62,"[27, 39, 49]","[{""policy"": ""ambulance_new_base"", ""target_id"": ""REG019"", ""target_name"": ""부성1동"", ""target_region_id"": ""REG019"", ""target_region_name"": ""부성1동""}, {""policy"": ""hospital_upgrade"", ""target_id"": ""JDQ4MTYyMiM2MSMkMSMkMiMkOTkkMzgxMzUxIzIxIyQxIyQ1IyQ4OSQ0NjEwMDIjNTEjJDEjJDIjJDgz"", ""target_name"": ""천안리턴병원"", ""target_region_id"": null, ""target_region_name"": null}, {""policy"": ""hospital_upgrade"", ""target_id"": ""JDQ4MTYyMiM2MSMkMSMkMiMkOTkkMzgxMzUxIzIxIyQxIyQxIyQ5MiQyNjEwMDIjNjEjJDEjJDAjJDgz"", ""target_name"": ""두정이진병원"", ""target_region_id"": null, ""target_region_name"": null}]"
793,42,0.5468164207563184,0.0,5.599677419354838,10.829052651174143,16.42873007052898,6.034316313600623,12.71776253986491,18.752078853465527,11.18,29.62,"[35, 49, 45]","[{""policy"": ""hospital_upgrade"", ""target_id"": ""JDQ4MTYyMiM2MSMkMSMkMiMkOTkkMzgxMzUxIzIxIyQxIyQ1IyQ2MiQ0NjE0ODEjNjEjJDEjJDgjJDgz"", ""target_name"": ""천안해울병원"", ""target_region_id"": null, ""target_region_name"": null}, {""policy"": ""hospital_upgrade"", ""target_id"": ""JDQ4MTYyMiM2MSMkMSMkMiMkOTkkMzgxMzUxIzIxIyQxIyQxIyQ5MiQyNjEwMDIjNjEjJDEjJDAjJDgz"", ""target_name"": ""두정이진병원"", ""target_region_id"": null, ""target_region_name"": null}, {""policy"": ""hospital_upgrade"", ""target_id"": ""JDQ4MTYyMiM2MSMkMSMkMiMkOTkkMzgxMzUxIzIxIyQxIyQxIyQ3MiQzNjE4MzIjODEjJDEjJDYjJDgz"", ""target_name"": ""삼성스카이병원"", ""target_region_id"": null, ""target_region_name"": null}]"
794,42,0.714192514914924,6.036187032550563e-05,5.599677419354838,10.602994034738755,16.202671454093593,6.034316313600623,12.550446807576627,18.584763121177247,11.18,29.62,"[44, 13, 41]","[{""policy"": ""hospital_upgrade"", ""target_id"": ""JDQ4MTYyMiM2MSMkMSMkMiMkOTkkMzgxMzUxIzIxIyQxIyQxIyQ3MiQyNjE0ODEjNDEjJDEjJDgjJDgz"", ""target_name"": ""천안재활병원"", ""target_region_id"": null, ""target_region_name"": null}, {""policy"": ""ambulance_existing"", ""target_id"": ""EMS014"", ""target_name"": ""쌍용119안전센터"", ""target_region_id"": ""REG026"", ""target_region_name"": ""쌍용2동""}, {""policy"": ""hospital_upgrade"", ""target_id"": ""JDQ4MTYyMiM2MSMkMSMkMiMkOTkkMzgxMzUxIzIxIyQxIyQ1IyQ4OSQyNjEyMjIjNjEjJDEjJDQjJDgz"", ""target_name"": ""서울프라임병원"", ""target_region_id"": null, ""target_region_name"": null}]"
795,42,1.028892442074595,0.0306886569409906,5.249677419354838,11.033865820568307,16.283543239923144,5.442251364611085,12.858440124477161,18.30069148908824,11.18,29.62,"[49, 6, 24]","[{""policy"": ""hospital_upgrade"", ""target_id"": ""JDQ4MTYyMiM2MSMkMSMkMiMkOTkkMzgxMzUxIzIxIyQxIyQxIyQ5MiQyNjEwMDIjNjEjJDEjJDAjJDgz"", ""target_name"": ""두정이진병원"", ""target_region_id"": null, ""target_region_name"": null}, {""policy"": ""ambulance_existing"", ""target_id"": ""EMS007"", ""target_name"": ""풍세119안전센터"", ""target_region_id"": ""REG016"", ""target_region_name"": ""풍세면""}, {""policy"": ""ambulance_new_base"", ""target_id"": ""REG011"", ""target_name"": ""동면"", ""target_region_id"": ""REG011"", ""target_region_name"": ""동면""}]"
796,42,0.8273008173822625,0.0,5.599677419354838,10.39338727077609,15.993064690130929,6.034316313600623,12.437278143238961,18.471594456839583,11.18,29.62,"[53, 36, 34]","[{""policy"": ""hospital_upgrade"", ""target_id"": ""JDQ4MTYyMiM2MSMkMSMkMiMkOTkkMzgxMzUxIzIxIyQyIyQ1IyQwMCQyNjEwMDIjNDEjJDEjJDgjJDgz"", ""target_name"": ""이화병원"", ""target_region_id"": null, ""target_region_name"": null}, {""policy"": ""hospital_upgrade"", ""target_id"": ""JDQ4MTYyMiM2MSMkMSMkMiMkOTkkMzgxMzUxIzIxIyQxIyQ1IyQ2MiQzNjE4MzIjODEjJDEjJDIjJDgz"", ""target_name"": ""돋움병원"", ""target_region_id"": null, ""target_region_name"": null}, {""policy"": ""hospital_upgrade"", ""target_id"": ""JDQ4MTYyMiM2MSMkMSMkMiMkOTkkMzgxMzUxIzExIyQyIyQ3IyQwMCQ0NjE0ODEjNjEjJDEjJDgjJDgz"", ""target_name"": ""천안우리병원"", ""target_region_id"": null, ""target_region_name"": null}]"
797,42,0.6446980821777961,0.0042478320188186,5.398709677419355,11.055870298914312,16.45457997633367,5.74164618396257,12.916798840100302,18.658445024062868,11.18,29.62,"[23, 4, 36]","[{""policy"": ""ambulance_new_base"", ""target_id"": ""REG010"", ""target_name"": ""광덕면"", ""target_region_id"": ""REG010"", ""target_region_name"": ""광덕면""}, {""policy"": ""ambulance_existing"", ""target_id"": ""EMS005"", ""target_name"": ""성남지역대"", ""target_region_id"": ""REG014"", ""target_region_name"": ""성남면""}, {""policy"": ""hospital_upgrade"", ""target_id"": ""JDQ4MTYyMiM2MSMkMSMkMiMkOTkkMzgxMzUxIzIxIyQxIyQ1IyQ2MiQzNjE4MzIjODEjJDEjJDIjJDgz"", ""target_name"": ""돋움병원"", ""target_region_id"": null, ""target_region_name"": null}]"
798,42,0.55127078705974,0.0045892200942615,5.056144725317038,11.594193548387098,16.65033827370414,5.487634746635148,13.264578960621222,18.752213707256367,11.18,29.62,"[3, 17, 16]","[{""policy"": ""ambulance_existing"", ""target_id"": ""EMS004"", ""target_name"": ""북면지역대"", ""target_region_id"": ""REG013"", ""target_region_name"": ""북면""}, {""policy"": ""ambulance_new_base"", ""target_id"": ""REG002"", ""target_name"": ""봉명동"", ""target_region_id"": ""REG002"", ""target_region_name"": ""봉명동""}, {""policy"": ""ambulance_new_base"", ""target_id"": ""REG001"", ""target_name"": ""문성동"", ""target_region_id"": ""REG001"", ""target_region_name"": ""문성동""}]"
799,42,0.5830576850414178,0.0222105191482742,5.599677419354838,10.877676961536793,16.477354380891633,6.034316313600623,12.703731794728082,18.7380481083287,11.18,29.62,"[7, 52, 39]","[{""policy"": ""ambulance_existing"", ""target_id"": ""EMS008"", ""target_name"": ""119구조구급센터119안전센터"", ""target_region_id"": ""REG031"", ""target_region_name"": ""직산읍""}, {""policy"": ""hospital_upgrade"", ""target_id"": ""JDQ4MTYyMiM2MSMkMSMkMiMkOTkkMzgxMzUxIzIxIyQxIyQxIyQxMyQyNjEyMjIjNzEjJDEjJDgjJDgz"", ""target_name"": ""SG삼성조은병원"", ""target_region_id"": null, ""target_region_name"": null}, {""policy"": ""hospital_upgrade"", ""target_id"": ""JDQ4MTYyMiM2MSMkMSMkMiMkOTkkMzgxMzUxIzIxIyQxIyQ1IyQ4OSQ0NjEwMDIjNTEjJDEjJDIjJDgz"", ""target_name"": ""천안리턴병원"", ""target_region_id"": null, ""target_region_name"": null}]"
800,42,0.5503659548638119,0.016448237385324,5.284148661359985,11.138559464269987,16.422708125629974,5.784166068643291,12.980811488100068,18.764977556743357,11.18,29.62,"[17, 1, 45]","[{""policy"": ""ambulance_new_base"", ""target_id"": ""REG002"", ""target_name"": ""봉명동"", ""target_region_id"": ""REG002"", ""target_region_name"": ""봉명동""}, {""policy"": ""ambulance_existing"", ""target_id"": ""EMS002"", ""target_name"": ""독립119안전센터"", ""target_region_id"": ""REG017"", ""target_region_name"": ""목천읍""}, {""policy"": ""hospital_upgrade"", ""target_id"": ""JDQ4MTYyMiM2MSMkMSMkMiMkOTkkMzgxMzUxIzIxIyQxIyQxIyQ3MiQzNjE4MzIjODEjJDEjJDYjJDgz"", ""target_name"": ""삼성스카이병원"", ""target_region_id"": null, ""target_region_name"": null}]"
801,42,0.7721770253133485,0.016448237385324,5.30471554719749,11.013231528881516,16.317947076079005,5.64393497465041,12.899231511643416,18.54316648629382,11.18,29.62,"[16, 1, 44]","[{""policy"": ""ambulance_new_base"", ""target_id"": ""REG001"", ""target_name"": ""문성동"", ""target_region_id"": ""REG001"", ""target_region_name"": ""문성동""}, {""policy"": ""ambulance_existing"", ""target_id"": ""EMS002"", ""target_name"": ""독립119안전센터"", ""target_region_id"": ""REG017"", ""target_region_name"": ""목천읍""}, {""policy"": ""hospital_upgrade"", ""target_id"": ""JDQ4MTYyMiM2MSMkMSMkMiMkOTkkMzgxMzUxIzIxIyQxIyQxIyQ3MiQyNjE0ODEjNDEjJDEjJDgjJDgz"", ""target_name"": ""천안재활병원"", ""target_region_id"": null, ""target_region_name"": null}]"
802,42,0.5250145512599007,6.036187032550563e-05,5.599677419354838,10.895298522653325,16.494975942008164,6.034316313600623,12.739624771231655,18.77394108483227,11.18,29.62,"[13, 35, 49]","[{""policy"": ""ambulance_existing"", ""target_id"": ""EMS014"", ""target_name"": ""쌍용119안전센터"", ""target_region_id"": ""REG026"", ""target_region_name"": ""쌍용2동""}, {""policy"": ""hospital_upgrade"", ""target_id"": ""JDQ4MTYyMiM2MSMkMSMkMiMkOTkkMzgxMzUxIzIxIyQxIyQ1IyQ2MiQ0NjE0ODEjNjEjJDEjJDgjJDgz"", ""target_name"": ""천안해울병원"", ""target_region_id"": null, ""target_region_name"": null}, {""policy"": ""hospital_upgrade"", ""target_id"": ""JDQ4MTYyMiM2MSMkMSMkMiMkOTkkMzgxMzUxIzIxIyQxIyQxIyQ5MiQyNjEwMDIjNjEjJDEjJDAjJDgz"", ""target_name"": ""두정이진병원"", ""target_region_id"": null, ""target_region_name"": null}]"
803,42,0.6992234845635608,0.0,5.422903225806452,10.650770546111563,16.073673771918013,5.967992965754759,12.631678823903524,18.599671789658284,11.18,29.62,"[37, 18, 46]","[{""policy"": ""hospital_upgrade"", ""target_id"": ""JDQ4MTYyMiM2MSMkMSMkMiMkOTkkMzgxMzUxIzIxIyQxIyQ1IyQ3OSQyNjE0ODEjNDEjJDEjJDgjJDgz"", ""target_name"": ""마디손병원"", ""target_region_id"": null, ""target_region_name"": null}, {""policy"": ""ambulance_new_base"", ""target_id"": ""REG003"", ""target_name"": ""신방동"", ""target_region_id"": ""REG003"", ""target_region_name"": ""신방동""}, {""policy"": ""hospital_upgrade"", ""target_id"": ""JDQ4MTYyMiM2MSMkMSMkMiMkOTkkMzgxMzUxIzIxIyQxIyQxIyQ3OSQyNjEyMjIjNDEjJDEjJDgjJDgz"", ""target_name"": ""우리척병원"", ""target_region_id"": null, ""target_region_name"": null}]"
804,42,0.030726003008041798,0.030726003008041798,5.599677419354838,11.594193548387098,17.193870967741937,6.034316313600623,13.264578960621222,19.298895274221845,11.18,29.62,"[8, 14, 7]","[{""policy"": ""ambulance_existing"", ""target_id"": ""EMS009"", ""target_name"": ""두정119안전센터"", ""target_region_id"": ""REG024"", ""target_region_name"": ""성정2동""}, {""policy"": ""ambulance_existing"", ""target_id"": ""EMS015"", ""target_name"": ""입장119안전센터"", ""target_region_id"": ""REG028"", ""target_region_name"": ""입장면""}, {""policy"": ""ambulance_existing"", ""target_id"": ""EMS008"", ""target_name"": ""119구조구급센터119안전센터"", ""target_region_id"": ""REG031"", ""target_region_name"": ""직산읍""}]"
805,42,0.23905177066216202,0.06553570784482379,5.342699713174523,11.594193548387098,16.93689326156162,5.860800250783288,13.264578960621222,19.125379211404507,11.18,29.62,"[2, 29, 6]","[{""policy"": ""ambulance_existing"", ""target_id"": ""EMS003"", ""target_name"": ""병천119안전센터"", ""target_region_id"": ""REG012"", ""target_region_name"": ""병천면""}, {""policy"": ""ambulance_new_base"", ""target_id"": ""REG021"", ""target_name"": ""불당1동"", ""target_region_id"": ""REG021"", ""target_region_name"": ""불당1동""}, {""policy"": ""ambulance_existing"", ""target_id"": ""EMS007"", ""target_name"": ""풍세119안전센터"", ""target_region_id"": ""REG016"", ""target_region_name"": ""풍세면""}]"
806,42,0.3246547729042982,0.0319846432662439,5.398709677419355,11.594193548387098,16.99290322580645,5.74164618396257,13.264578960621222,19.00622514458379,11.18,29.62,"[11, 7, 23]","[{""policy"": ""ambulance_existing"", ""target_id"": ""EMS012"", ""target_name"": ""성거119안전센터"", ""target_region_id"": ""REG029"", ""target_region_name"": ""성거읍""}, {""policy"": ""ambulance_existing"", ""target_id"": ""EMS008"", ""target_name"": ""119구조구급센터119안전센터"", ""target_region_id"": ""REG031"", ""target_region_name"": ""직산읍""}, {""policy"": ""ambulance_new_base"", ""target_id"": ""REG010"", ""target_name"": ""광덕면"", ""target_region_id"": ""REG010"", ""target_region_name"": ""광덕면""}]"
807,42,0.48136517243971755,0.0083272476232864,5.098064516129032,11.594193548387098,16.692258064516132,5.561278388784196,13.264578960621222,18.825857349405414,11.18,29.62,"[27, 14, 28]","[{""policy"": ""ambulance_new_base"", ""target_id"": ""REG019"", ""target_name"": ""부성1동"", ""target_region_id"": ""REG019"", ""target_region_name"": ""부성1동""}, {""policy"": ""ambulance_existing"", ""target_id"": ""EMS015"", ""target_name"": ""입장119안전센터"", ""target_region_id"": ""REG028"", ""target_region_name"": ""입장면""}, {""policy"": ""ambulance_new_base"", ""target_id"": ""REG020"", ""target_name"": ""부성2동"", ""target_region_id"": ""REG020"", ""target_region_name"": ""부성2동""}]"
808,42,0.5775714826817847,0.016448237385324,5.599677419354838,10.642672413101543,16.242349832456384,6.034316313600623,12.703455715324765,18.737772028925384,11.18,29.62,"[36, 33, 1]","[{""policy"": ""hospital_upgrade"", ""target_id"": ""JDQ4MTYyMiM2MSMkMSMkMiMkOTkkMzgxMzUxIzIxIyQxIyQ1IyQ2MiQzNjE4MzIjODEjJDEjJDIjJDgz"", ""target_name"": ""돋움병원"", ""target_region_id"": null, ""target_region_name"": null}, {""policy"": ""hospital_upgrade"", ""target_id"": ""JDQ4MTYyMiM2MSMkMSMkMiMkOTkkMzgxMzUxIzExIyQxIyQ3IyQ5OSQ0NjE0ODEjODEjJDEjJDYjJDgz"", ""target_name"": ""예일병원"", ""target_region_id"": null, ""target_region_name"": null}, {""policy"": ""ambulance_existing"", ""target_id"": ""EMS002"", ""target_name"": ""독립119안전센터"", ""target_region_id"": ""REG017"", ""target_region_name"": ""목천읍""}]"
809,42,1.0641755673965712,0.0,5.284148661359985,10.63693186052532,15.921080521885306,5.784166068643291,12.450553638181985,18.234719706825274,11.18,29.62,"[34, 41, 17]","[{""policy"": ""hospital_upgrade"", ""target_id"": ""JDQ4MTYyMiM2MSMkMSMkMiMkOTkkMzgxMzUxIzExIyQyIyQ3IyQwMCQ0NjE0ODEjNjEjJDEjJDgjJDgz"", ""target_name"": ""천안우리병원"", ""target_region_id"": null, ""target_region_name"": null}, {""policy"": ""hospital_upgrade"", ""target_id"": ""JDQ4MTYyMiM2MSMkMSMkMiMkOTkkMzgxMzUxIzIxIyQxIyQ1IyQ4OSQyNjEyMjIjNjEjJDEjJDQjJDgz"", ""target_name"": ""서울프라임병원"", ""target_region_id"": null, ""target_region_name"": null}, {""policy"": ""ambulance_new_base"", ""target_id"": ""REG002"", ""target_name"": ""봉명동"", ""target_region_id"": ""REG002"", ""target_region_name"": ""봉명동""}]"
810,42,0.2941060143052005,0.0014358846671462056,5.398709677419355,11.594193548387098,16.99290322580645,5.74164618396257,13.264578960621222,19.00622514458379,11.18,29.62,"[13, 0, 23]","[{""policy"": ""ambulance_existing"", ""target_id"": ""EMS014"", ""target_name"": ""쌍용119안전센터"", ""target_region_id"": ""REG026"", ""target_region_name"": ""쌍용2동""}, {""policy"": ""ambulance_existing"", ""target_id"": ""EMS001"", ""target_name"": ""119구조구급센터119안전센터"", ""target_region_id"": ""REG006"", ""target_region_name"": ""원성2동""}, {""policy"": ""ambulance_new_base"", ""target_id"": ""REG010"", ""target_name"": ""광덕면"", ""target_region_id"": ""REG010"", ""target_region_name"": ""광덕면""}]"
811,42,1.0995466337975977,0.0,5.094749391013949,10.92879511789891,16.02354450891286,5.462012469716495,12.737336170707753,18.199348640424247,11.18,29.62,"[20, 16, 41]","[{""policy"": ""ambulance_new_base"", ""target_id"": ""REG005"", ""target_name"": ""원성1동"", ""target_region_id"": ""REG005"", ""target_region_name"": ""원성1동""}, {""policy"": ""ambulance_new_base"", ""target_id"": ""REG001"", ""target_name"": ""문성동"", ""target_region_id"": ""REG001"", ""target_region_name"": ""문성동""}, {""policy"": ""hospital_upgrade"", ""target_id"": ""JDQ4MTYyMiM2MSMkMSMkMiMkOTkkMzgxMzUxIzIxIyQxIyQ1IyQ4OSQyNjEyMjIjNjEjJDEjJDQjJDgz"", ""target_name"": ""서울프라임병원"", ""target_region_id"": null, ""target_region_name"": null}]"
812,42,0.8490255601271244,0.0,5.106204937998664,11.013231528881516,16.119436466880178,5.550638202451311,12.899231511643416,18.44986971409472,11.18,29.62,"[28, 44, 19]","[{""policy"": ""ambulance_new_base"", ""target_id"": ""REG020"", ""target_name"": ""부성2동"", ""target_region_id"": ""REG020"", ""target_region_name"": ""부성2동""}, {""policy"": ""hospital_upgrade"", ""target_id"": ""JDQ4MTYyMiM2MSMkMSMkMiMkOTkkMzgxMzUxIzIxIyQxIyQxIyQ3MiQyNjE0ODEjNDEjJDEjJDgjJDgz"", ""target_name"": ""천안재활병원"", ""target_region_id"": null, ""target_region_name"": null}, {""policy"": ""ambulance_new_base"", ""target_id"": ""REG004"", ""target_name"": ""신안동"", ""target_region_id"": ""REG004"", ""target_region_name"": ""신안동""}]"
813,42,0.32544128905937153,0.038658756533598196,5.599677419354838,11.302330291013508,16.90200771036835,6.034316313600623,12.977796428095454,19.012112741696072,11.18,29.62,"[7, 34, 1]","[{""policy"": ""ambulance_existing"", ""target_id"": ""EMS008"", ""target_name"": ""119구조구급센터119안전센터"", ""target_region_id"": ""REG031"", ""target_region_name"": ""직산읍""}, {""policy"": ""hospital_upgrade"", ""target_id"": ""JDQ4MTYyMiM2MSMkMSMkMiMkOTkkMzgxMzUxIzExIyQyIyQ3IyQwMCQ0NjE0ODEjNjEjJDEjJDgjJDgz"", ""target_name"": ""천안우리병원"", ""target_region_id"": null, ""target_region_name"": null}, {""policy"": ""ambulance_existing"", ""target_id"": ""EMS002"", ""target_name"": ""독립119안전센터"", ""target_region_id"": ""REG017"", ""target_region_name"": ""목천읍""}]"
814,42,0.9040047793558301,0.0,4.989192105909896,11.138559464269987,16.127751570179885,5.414079006765945,12.980811488100068,18.394890494866015,11.18,29.62,"[45, 17, 22]","[{""policy"": ""hospital_upgrade"", ""target_id"": ""JDQ4MTYyMiM2MSMkMSMkMiMkOTkkMzgxMzUxIzIxIyQxIyQxIyQ3MiQzNjE4MzIjODEjJDEjJDYjJDgz"", ""target_name"": ""삼성스카이병원"", ""target_region_id"": null, ""target_region_name"": null}, {""policy"": ""ambulance_new_base"", ""target_id"": ""REG002"", ""target_name"": ""봉명동"", ""target_region_id"": ""REG002"", ""target_region_name"": ""봉명동""}, {""policy"": ""ambulance_new_base"", ""target_id"": ""REG008"", ""target_name"": ""중앙동"", ""target_region_id"": ""REG008"", ""target_region_name"": ""중앙동""}]"
815,42,0.7242749443808064,0.0495123820092479,5.599677419354838,10.634807258790396,16.234484678145233,6.034316313600623,12.589816398249667,18.624132711850287,11.18,29.62,"[41, 5, 45]","[{""policy"": ""hospital_upgrade"", ""target_id"": ""JDQ4MTYyMiM2MSMkMSMkMiMkOTkkMzgxMzUxIzIxIyQxIyQ1IyQ4OSQyNjEyMjIjNjEjJDEjJDQjJDgz"", ""target_name"": ""서울프라임병원"", ""target_region_id"": null, ""target_region_name"": null}, {""policy"": ""ambulance_existing"", ""target_id"": ""EMS006"", ""target_name"": ""청당119안전센터"", ""target_region_id"": ""REG009"", ""target_region_name"": ""청룡동""}, {""policy"": ""hospital_upgrade"", ""target_id"": ""JDQ4MTYyMiM2MSMkMSMkMiMkOTkkMzgxMzUxIzIxIyQxIyQxIyQ3MiQzNjE4MzIjODEjJDEjJDYjJDgz"", ""target_name"": ""삼성스카이병원"", ""target_region_id"": null, ""target_region_name"": null}]"
816,42,0.7734152222721186,0.016448237385324,5.599677419354838,10.600289915441797,16.199967334796636,6.034316313600623,12.507611975734429,18.54192828933505,11.18,29.62,"[32, 51, 1]","[{""policy"": ""hospital_upgrade"", ""target_id"": ""JDQ4MTYyMiM2MSMkMSMkMiMkOTkkMzgxMzUxIzExIyQxIyQ3IyQ4OSQzNjE0ODEjODEjJDEjJDYjJDgz"", ""target_name"": ""새로나병원"", ""target_region_id"": null, ""target_region_name"": null}, {""policy"": ""hospital_upgrade"", ""target_id"": ""JDQ4MTYyMiM2MSMkMSMkMiMkOTkkMzgxMzUxIzIxIyQxIyQxIyQwMyQyNjE4MzIjODEjJDEjJDIjJDgz"", ""target_name"": ""서울대정병원"", ""target_region_id"": null, ""target_region_name"": null}, {""policy"": ""ambulance_existing"", ""target_id"": ""EMS002"", ""target_name"": ""독립119안전센터"", ""target_region_id"": ""REG017"", ""target_region_name"": ""목천읍""}]"
817,42,0.664218951685019,0.0343390146912308,5.599677419354838,10.793722543708792,16.39339996306363,6.034316313600623,12.634699023627435,18.669015337228057,11.18,29.62,"[47, 15, 41]","[{""policy"": ""hospital_upgrade"", ""target_id"": ""JDQ4MTYyMiM2MSMkMSMkMiMkOTkkMzgxMzUxIzIxIyQxIyQxIyQ4OSQ0NjE0ODEjODEjJDEjJDIjJDgz"", ""target_name"": ""서울우리병원"", ""target_region_id"": null, ""target_region_name"": null}, {""policy"": ""ambulance_existing"", ""target_id"": ""EMS016"", ""target_name"": ""직산119안전센터"", ""target_region_id"": ""REG031"", ""target_region_name"": ""직산읍""}, {""policy"": ""hospital_upgrade"", ""target_id"": ""JDQ4MTYyMiM2MSMkMSMkMiMkOTkkMzgxMzUxIzIxIyQxIyQ1IyQ4OSQyNjEyMjIjNjEjJDEjJDQjJDgz"", ""target_name"": ""서울프라임병원"", ""target_region_id"": null, ""target_region_name"": null}]"
818,42,0.6269119842248166,0.0083272476232864,5.599677419354838,10.840725911910967,16.440403331265802,6.034316313600623,12.645994224019693,18.680310537620315,11.18,29.62,"[32, 14, 50]","[{""policy"": ""hospital_upgrade"", ""target_id"": ""JDQ4MTYyMiM2MSMkMSMkMiMkOTkkMzgxMzUxIzExIyQxIyQ3IyQ4OSQzNjE0ODEjODEjJDEjJDYjJDgz"", ""target_name"": ""새로나병원"", ""target_region_id"": null, ""target_region_name"": null}, {""policy"": ""ambulance_existing"", ""target_id"": ""EMS015"", ""target_name"": ""입장119안전센터"", ""target_region_id"": ""REG028"", ""target_region_name"": ""입장면""}, {""policy"": ""hospital_upgrade"", ""target_id"": ""JDQ4MTYyMiM2MSMkMSMkMiMkOTkkMzgxMzUxIzIxIyQxIyQxIyQwMyQyNjE0ODEjNTEjJDEjJDYjJDgz"", ""target_name"": ""천안21세기병원"", ""target_region_id"": null, ""target_region_name"": null}]"
819,42,0.7962496734401068,0.0348470509038332,5.3432258064516125,10.856635269370763,16.199861075822373,5.838491576775618,12.699001074909956,18.53749265168557,11.18,29.62,"[38, 19, 2]","[{""policy"": ""hospital_upgrade"", ""target_id"": ""JDQ4MTYyMiM2MSMkMSMkMiMkOTkkMzgxMzUxIzIxIyQxIyQ1IyQ3OSQzNjE4MzIjODEjJDEjJDYjJDgz"", ""target_name"": ""앙즈로여성병원"", ""target_region_id"": null, ""target_region_name"": null}, {""policy"": ""ambulance_new_base"", ""target_id"": ""REG004"", ""target_name"": ""신안동"", ""target_region_id"": ""REG004"", ""target_region_name"": ""신안동""}, {""policy"": ""ambulance_existing"", ""target_id"": ""EMS003"", ""target_name"": ""병천119안전센터"", ""target_region_id"": ""REG012"", ""target_region_name"": ""병천면""}]"
820,42,0.8359925120262697,0.0222105191482742,5.36265655090189,10.912914642839256,16.275571193741147,5.746462939276316,12.738650342067533,18.48511328134385,11.18,29.62,"[52, 28, 7]","[{""policy"": ""hospital_upgrade"", ""target_id"": ""JDQ4MTYyMiM2MSMkMSMkMiMkOTkkMzgxMzUxIzIxIyQxIyQxIyQxMyQyNjEyMjIjNzEjJDEjJDgjJDgz"", ""target_name"": ""SG삼성조은병원"", ""target_region_id"": null, ""target_region_name"": null}, {""policy"": ""ambulance_new_base"", ""target_id"": ""REG020"", ""target_name"": ""부성2동"", ""target_region_id"": ""REG020"", ""target_region_name"": ""부성2동""}, {""policy"": ""ambulance_existing"", ""target_id"": ""EMS008"", ""target_name"": ""119구조구급센터119안전센터"", ""target_region_id"": ""REG031"", ""target_region_name"": ""직산읍""}]"
821,42,0.552387193529628,0.0264585749759357,5.599677419354838,10.912914642839256,16.512592062194095,6.034316313600623,12.738650342067533,18.772966655668153,11.18,29.62,"[52, 10, 4]","[{""policy"": ""hospital_upgrade"", ""target_id"": ""JDQ4MTYyMiM2MSMkMSMkMiMkOTkkMzgxMzUxIzIxIyQxIyQxIyQxMyQyNjEyMjIjNzEjJDEjJDgjJDgz"", ""target_name"": ""SG삼성조은병원"", ""target_region_id"": null, ""target_region_name"": null}, {""policy"": ""ambulance_existing"", ""target_id"": ""EMS011"", ""target_name"": ""서부119안전센터"", ""target_region_id"": ""REG023"", ""target_region_name"": ""성정1동""}, {""policy"": ""ambulance_existing"", ""target_id"": ""EMS005"", ""target_name"": ""성남지역대"", ""target_region_id"": ""REG014"", ""target_region_name"": ""성남면""}]"
822,42,0.6259499841684578,0.0495123820092479,5.398709677419355,11.138559464269987,16.537269141689343,5.74164618396257,12.980811488100068,18.722457672062635,11.18,29.62,"[45, 23, 5]","[{""policy"": ""hospital_upgrade"", ""target_id"": ""JDQ4MTYyMiM2MSMkMSMkMiMkOTkkMzgxMzUxIzIxIyQxIyQxIyQ3MiQzNjE4MzIjODEjJDEjJDYjJDgz"", ""target_name"": ""삼성스카이병원"", ""target_region_id"": null, ""target_region_name"": null}, {""policy"": ""ambulance_new_base"", ""target_id"": ""REG010"", ""target_name"": ""광덕면"", ""target_region_id"": ""REG010"", ""target_region_name"": ""광덕면""}, {""policy"": ""ambulance_existing"", ""target_id"": ""EMS006"", ""target_name"": ""청당119안전센터"", ""target_region_id"": ""REG009"", ""target_region_name"": ""청룡동""}]"
823,42,0.5977420357244467,0.0015637590333019,5.239032258064516,11.594193548387098,16.833225806451615,5.438138036909479,13.264578960621222,18.7027169975307,10.85,29.62,"[25, 0, 8]","[{""policy"": ""ambulance_new_base"", ""target_id"": ""REG015"", ""target_name"": ""수신면"", ""target_region_id"": ""REG015"", ""target_region_name"": ""수신면""}, {""policy"": ""ambulance_existing"", ""target_id"": ""EMS001"", ""target_name"": ""119구조구급센터119안전센터"", ""target_region_id"": ""REG006"", ""target_region_name"": ""원성2동""}, {""policy"": ""ambulance_existing"", ""target_id"": ""EMS009"", ""target_name"": ""두정119안전센터"", ""target_region_id"": ""REG024"", ""target_region_name"": ""성정2동""}]"
824,42,0.6156509909346367,0.0235860419450949,5.249677419354838,11.594193548387098,16.843870967741935,5.442251364611085,13.264578960621222,18.706830325232303,11.18,29.62,"[0, 7, 24]","[{""policy"": ""ambulance_existing"", ""target_id"": ""EMS001"", ""target_name"": ""119구조구급센터119안전센터"", ""target_region_id"": ""REG006"", ""target_region_name"": ""원성2동""}, {""policy"": ""ambulance_existing"", ""target_id"": ""EMS008"", ""target_name"": ""119구조구급센터119안전센터"", ""target_region_id"": ""REG031"", ""target_region_name"": ""직산읍""}, {""policy"": ""ambulance_new_base"", ""target_id"": ""REG011"", ""target_name"": ""동면"", ""target_region_id"": ""REG011"", ""target_region_name"": ""동면""}]"
825,42,1.0262326936087511,0.0,5.599677419354838,10.20502860426343,15.804706023618271,6.034316313600623,12.23834626701247,18.272662580613094,11.18,29.62,"[53, 50, 37]","[{""policy"": ""hospital_upgrade"", ""target_id"": ""JDQ4MTYyMiM2MSMkMSMkMiMkOTkkMzgxMzUxIzIxIyQyIyQ1IyQwMCQyNjEwMDIjNDEjJDEjJDgjJDgz"", ""target_name"": ""이화병원"", ""target_region_id"": null, ""target_region_name"": null}, {""policy"": ""hospital_upgrade"", ""target_id"": ""JDQ4MTYyMiM2MSMkMSMkMiMkOTkkMzgxMzUxIzIxIyQxIyQxIyQwMyQyNjE0ODEjNTEjJDEjJDYjJDgz"", ""target_name"": ""천안21세기병원"", ""target_region_id"": null, ""target_region_name"": null}, {""policy"": ""hospital_upgrade"", ""target_id"": ""JDQ4MTYyMiM2MSMkMSMkMiMkOTkkMzgxMzUxIzIxIyQxIyQ1IyQ3OSQyNjE0ODEjNDEjJDEjJDgjJDgz"", ""target_name"": ""마디손병원"", ""target_region_id"": null, ""target_region_name"": null}]"
826,42,0.14073987406470054,0.0390948829226518,5.443235834934136,11.594193548387098,17.037429383321232,5.932671322458575,13.264578960621222,19.197250283079796,11.18,29.62,"[4, 26, 2]","[{""policy"": ""ambulance_existing"", ""target_id"": ""EMS005"", ""target_name"": ""성남지역대"", ""target_region_id"": ""REG014"", ""target_region_name"": ""성남면""}, {""policy"": ""ambulance_new_base"", ""target_id"": ""REG018"", ""target_name"": ""백석동"", ""target_region_id"": ""REG018"", ""target_region_name"": ""백석동""}, {""policy"": ""ambulance_existing"", ""target_id"": ""EMS003"", ""target_name"": ""병천119안전센터"", ""target_region_id"": ""REG012"", ""target_region_name"": ""병천면""}]"
827,42,0.6810078496733073,0.0013755227968207,5.599677419354838,10.693310264460738,16.292987683815575,6.034316313600623,12.584946633744737,18.61926294734536,11.18,29.62,"[0, 39, 49]","[{""policy"": ""ambulance_existing"", ""target_id"": ""EMS001"", ""target_name"": ""119구조구급센터119안전센터"", ""target_region_id"": ""REG006"", ""target_region_name"": ""원성2동""}, {""policy"": ""hospital_upgrade"", ""target_id"": ""JDQ4MTYyMiM2MSMkMSMkMiMkOTkkMzgxMzUxIzIxIyQxIyQ1IyQ4OSQ0NjEwMDIjNTEjJDEjJDIjJDgz"", ""target_name"": ""천안리턴병원"", ""target_region_id"": null, ""target_region_name"": null}, {""policy"": ""hospital_upgrade"", ""target_id"": ""JDQ4MTYyMiM2MSMkMSMkMiMkOTkkMzgxMzUxIzIxIyQxIyQxIyQ5MiQyNjEwMDIjNjEjJDEjJDAjJDgz"", ""target_name"": ""두정이진병원"", ""target_region_id"": null, ""target_region_name"": null}]"
828,42,0.9357411904214391,6.036187032550563e-05,5.599677419354838,10.440064420572567,16.039741839927405,6.034316313600623,12.328898132070108,18.36321444567073,11.18,29.62,"[50, 51, 13]","[{""policy"": ""hospital_upgrade"", ""target_id"": ""JDQ4MTYyMiM2MSMkMSMkMiMkOTkkMzgxMzUxIzIxIyQxIyQxIyQwMyQyNjE0ODEjNTEjJDEjJDYjJDgz"", ""target_name"": ""천안21세기병원"", ""target_region_id"": null, ""target_region_name"": null}, {""policy"": ""hospital_upgrade"", ""target_id"": ""JDQ4MTYyMiM2MSMkMSMkMiMkOTkkMzgxMzUxIzIxIyQxIyQxIyQwMyQyNjE4MzIjODEjJDEjJDIjJDgz"", ""target_name"": ""서울대정병원"", ""target_region_id"": null, ""target_region_name"": null}, {""policy"": ""ambulance_existing"", ""target_id"": ""EMS014"", ""target_name"": ""쌍용119안전센터"", ""target_region_id"": ""REG026"", ""target_region_name"": ""쌍용2동""}]"
829,42,0.7697315565993913,0.0001882362364812,5.599677419354838,10.513952631041532,16.11363005039637,6.034316313600623,12.495035640258315,18.529351953858935,11.18,29.62,"[8, 37, 45]","[{""policy"": ""ambulance_existing"", ""target_id"": ""EMS009"", ""target_name"": ""두정119안전센터"", ""target_region_id"": ""REG024"", ""target_region_name"": ""성정2동""}, {""policy"": ""hospital_upgrade"", ""target_id"": ""JDQ4MTYyMiM2MSMkMSMkMiMkOTkkMzgxMzUxIzIxIyQxIyQ1IyQ3OSQyNjE0ODEjNDEjJDEjJDgjJDgz"", ""target_name"": ""마디손병원"", ""target_region_id"": null, ""target_region_name"": null}, {""policy"": ""hospital_upgrade"", ""target_id"": ""JDQ4MTYyMiM2MSMkMSMkMiMkOTkkMzgxMzUxIzIxIyQxIyQxIyQ3MiQzNjE4MzIjODEjJDEjJDYjJDgz"", ""target_name"": ""삼성스카이병원"", ""target_region_id"": null, ""target_region_name"": null}]"
830,42,0.4961473895206737,0.0083272476232864,5.30953667865867,11.102009947137324,16.411546625795996,5.817718036654236,12.993357095670223,18.811075132324458,11.18,29.62,"[21, 14, 46]","[{""policy"": ""ambulance_new_base"", ""target_id"": ""REG007"", ""target_name"": ""일봉동"", ""target_region_id"": ""REG007"", ""target_region_name"": ""일봉동""}, {""policy"": ""ambulance_existing"", ""target_id"": ""EMS015"", ""target_name"": ""입장119안전센터"", ""target_region_id"": ""REG028"", ""target_region_name"": ""입장면""}, {""policy"": ""hospital_upgrade"", ""target_id"": ""JDQ4MTYyMiM2MSMkMSMkMiMkOTkkMzgxMzUxIzIxIyQxIyQxIyQ3OSQyNjEyMjIjNDEjJDEjJDgjJDgz"", ""target_name"": ""우리척병원"", ""target_region_id"": null, ""target_region_name"": null}]"
831,42,0.9441424554257054,0.0,5.0471277929070375,11.033865820568307,16.080993613475346,5.496312694318984,12.858440124477161,18.35475281879614,11.18,29.62,"[28, 17, 49]","[{""policy"": ""ambulance_new_base"", ""target_id"": ""REG020"", ""target_name"": ""부성2동"", ""target_region_id"": ""REG020"", ""target_region_name"": ""부성2동""}, {""policy"": ""ambulance_new_base"", ""target_id"": ""REG002"", ""target_name"": ""봉명동"", ""target_region_id"": ""REG002"", ""target_region_name"": ""봉명동""}, {""policy"": ""hospital_upgrade"", ""target_id"": ""JDQ4MTYyMiM2MSMkMSMkMiMkOTkkMzgxMzUxIzIxIyQxIyQxIyQ5MiQyNjEwMDIjNjEjJDEjJDAjJDgz"", ""target_name"": ""두정이진병원"", ""target_region_id"": null, ""target_region_name"": null}]"
832,42,0.9659330588600366,0.0461916173658476,5.30471554719749,10.903044755594616,16.207760302792103,5.64393497465041,12.73521885807725,18.379153832727656,11.18,29.62,"[37, 16, 9]","[{""policy"": ""hospital_upgrade"", ""target_id"": ""JDQ4MTYyMiM2MSMkMSMkMiMkOTkkMzgxMzUxIzIxIyQxIyQ1IyQ3OSQyNjE0ODEjNDEjJDEjJDgjJDgz"", ""target_name"": ""마디손병원"", ""target_region_id"": null, ""target_region_name"": null}, {""policy"": ""ambulance_new_base"", ""target_id"": ""REG001"", ""target_name"": ""문성동"", ""target_region_id"": ""REG001"", ""target_region_name"": ""문성동""}, {""policy"": ""ambulance_existing"", ""target_id"": ""EMS010"", ""target_name"": ""불당119안전센터"", ""target_region_id"": ""REG022"", ""target_region_name"": ""불당2동""}]"
833,42,0.9151062352280626,0.0,5.0552041182105745,10.912914642839256,15.968118761049832,5.645138696926251,12.738650342067533,18.383789038993783,11.18,29.62,"[30, 52, 20]","[{""policy"": ""ambulance_new_base"", ""target_id"": ""REG025"", ""target_name"": ""쌍용1동"", ""target_region_id"": ""REG025"", ""target_region_name"": ""쌍용1동""}, {""policy"": ""hospital_upgrade"", ""target_id"": ""JDQ4MTYyMiM2MSMkMSMkMiMkOTkkMzgxMzUxIzIxIyQxIyQxIyQxMyQyNjEyMjIjNzEjJDEjJDgjJDgz"", ""target_name"": ""SG삼성조은병원"", ""target_region_id"": null, ""target_region_name"": null}, {""policy"": ""ambulance_new_base"", ""target_id"": ""REG005"", ""target_name"": ""원성1동"", ""target_region_id"": ""REG005"", ""target_region_name"": ""원성1동""}]"
834,42,1.0287196163285461,0.0461916173658476,5.249677419354838,11.093193138623256,16.342870557978095,5.442251364611085,12.874115910648063,18.316367275259147,11.18,29.62,"[35, 9, 24]","[{""policy"": ""hospital_upgrade"", ""target_id"": ""JDQ4MTYyMiM2MSMkMSMkMiMkOTkkMzgxMzUxIzIxIyQxIyQ1IyQ2MiQ0NjE0ODEjNjEjJDEjJDgjJDgz"", ""target_name"": ""천안해울병원"", ""target_region_id"": null, ""target_region_name"": null}, {""policy"": ""ambulance_existing"", ""target_id"": ""EMS010"", ""target_name"": ""불당119안전센터"", ""target_region_id"": ""REG022"", ""target_region_name"": ""불당2동""}, {""policy"": ""ambulance_new_base"", ""target_id"": ""REG011"", ""target_name"": ""동면"", ""target_region_id"": ""REG011"", ""target_region_name"": ""동면""}]"
835,42,0.4087862374957754,6.036187032550563e-05,5.039032258064515,11.594193548387098,16.633225806451613,5.625590437975176,13.264578960621222,18.890169398596395,11.18,29.62,"[27, 19, 13]","[{""policy"": ""ambulance_new_base"", ""target_id"": ""REG019"", ""target_name"": ""부성1동"", ""target_region_id"": ""REG019"", ""target_region_name"": ""부성1동""}, {""policy"": ""ambulance_new_base"", ""target_id"": ""REG004"", ""target_name"": ""신안동"", ""target_region_id"": ""REG004"", ""target_region_name"": ""신안동""}, {""policy"": ""ambulance_existing"", ""target_id"": ""EMS014"", ""target_name"": ""쌍용119안전센터"", ""target_region_id"": ""REG026"", ""target_region_name"": ""쌍용2동""}]"
836,42,1.022282572507347,0.0,5.127941353649103,10.856635269370763,15.984576623019862,5.577611626804545,12.699001074909956,18.276612701714498,11.18,29.62,"[38, 18, 16]","[{""policy"": ""hospital_upgrade"", ""target_id"": ""JDQ4MTYyMiM2MSMkMSMkMiMkOTkkMzgxMzUxIzIxIyQxIyQ1IyQ3OSQzNjE4MzIjODEjJDEjJDYjJDgz"", ""target_name"": ""앙즈로여성병원"", ""target_region_id"": null, ""target_region_name"": null}, {""policy"": ""ambulance_new_base"", ""target_id"": ""REG003"", ""target_name"": ""신방동"", ""target_region_id"": ""REG003"", ""target_region_name"": ""신방동""}, {""policy"": ""ambulance_new_base"", ""target_id"": ""REG001"", ""target_name"": ""문성동"", ""target_region_id"": ""REG001"", ""target_region_name"": ""문성동""}]"
837,42,0.5192344414777003,0.0495123820092479,5.3432258064516125,11.098534409726106,16.44176021617772,5.838491576775618,12.990681637977776,18.829173214753393,11.18,29.62,"[19, 33, 5]","[{""policy"": ""ambulance_new_base"", ""target_id"": ""REG004"", ""target_name"": ""신안동"", ""target_region_id"": ""REG004"", ""target_region_name"": ""신안동""}, {""policy"": ""hospital_upgrade"", ""target_id"": ""JDQ4MTYyMiM2MSMkMSMkMiMkOTkkMzgxMzUxIzExIyQxIyQ3IyQ5OSQ0NjE0ODEjODEjJDEjJDYjJDgz"", ""target_name"": ""예일병원"", ""target_region_id"": null, ""target_region_name"": null}, {""policy"": ""ambulance_existing"", ""target_id"": ""EMS006"", ""target_name"": ""청당119안전센터"", ""target_region_id"": ""REG009"", ""target_region_name"": ""청룡동""}]"
838,42,0.1916174345585943,0.0181013717412561,5.342699713174523,11.594193548387098,16.93689326156162,5.860800250783288,13.264578960621222,19.125379211404507,11.18,29.62,"[11, 14, 29]","[{""policy"": ""ambulance_existing"", ""target_id"": ""EMS012"", ""target_name"": ""성거119안전센터"", ""target_region_id"": ""REG029"", ""target_region_name"": ""성거읍""}, {""policy"": ""ambulance_existing"", ""target_id"": ""EMS015"", ""target_name"": ""입장119안전센터"", ""target_region_id"": ""REG028"", ""target_region_name"": ""입장면""}, {""policy"": ""ambulance_new_base"", ""target_id"": ""REG021"", ""target_name"": ""불당1동"", ""target_region_id"": ""REG021"", ""target_region_name"": ""불당1동""}]"
839,42,1.0599607708617427,0.0,5.056027784524474,10.914895644369402,15.970923428893878,5.501082830936284,12.73785167242382,18.238934503360102,11.18,29.62,"[40, 18, 22]","[{""policy"": ""hospital_upgrade"", ""target_id"": ""JDQ4MTYyMiM2MSMkMSMkMiMkOTkkMzgxMzUxIzIxIyQxIyQ1IyQ4OSQyNjE4MzIjNTEjJDEjJDYjJDgz"", ""target_name"": ""아이본병원"", ""target_region_id"": null, ""target_region_name"": null}, {""policy"": ""ambulance_new_base"", ""target_id"": ""REG003"", ""target_name"": ""신방동"", ""target_region_id"": ""REG003"", ""target_region_name"": ""신방동""}, {""policy"": ""ambulance_new_base"", ""target_id"": ""REG008"", ""target_name"": ""중앙동"", ""target_region_id"": ""REG008"", ""target_region_name"": ""중앙동""}]"
840,42,0.80038299644947,0.0306886569409906,4.9820545518842,11.594193548387098,16.576248100271297,5.264621974092145,13.264578960621222,18.529200934713366,10.85,29.62,"[29, 25, 6]","[{""policy"": ""ambulance_new_base"", ""target_id"": ""REG021"", ""target_name"": ""불당1동"", ""target_region_id"": ""REG021"", ""target_region_name"": ""불당1동""}, {""policy"": ""ambulance_new_base"", ""target_id"": ""REG015"", ""target_name"": ""수신면"", ""target_region_id"": ""REG015"", ""target_region_name"": ""수신면""}, {""policy"": ""ambulance_existing"", ""target_id"": ""EMS007"", ""target_name"": ""풍세119안전센터"", ""target_region_id"": ""REG016"", ""target_region_name"": ""풍세면""}]"
841,42,0.8594133159468527,0.0,5.422903225806452,10.576052306114136,15.998955531920588,5.967992965754759,12.471488992520237,18.439481958274992,11.18,29.62,"[39, 18, 35]","[{""policy"": ""hospital_upgrade"", ""target_id"": ""JDQ4MTYyMiM2MSMkMSMkMiMkOTkkMzgxMzUxIzIxIyQxIyQ1IyQ4OSQ0NjEwMDIjNTEjJDEjJDIjJDgz"", ""target_name"": ""천안리턴병원"", ""target_region_id"": null, ""target_region_name"": null}, {""policy"": ""ambulance_new_base"", ""target_id"": ""REG003"", ""target_name"": ""신방동"", ""target_region_id"": ""REG003"", ""target_region_name"": ""신방동""}, {""policy"": ""hospital_upgrade"", ""target_id"": ""JDQ4MTYyMiM2MSMkMSMkMiMkOTkkMzgxMzUxIzIxIyQxIyQ1IyQ2MiQ0NjE0ODEjNjEjJDEjJDgjJDgz"", ""target_name"": ""천안해울병원"", ""target_region_id"": null, ""target_region_name"": null}]"
842,42,1.0801979062355116,0.0,5.599677419354838,10.177361334918718,15.777038754273558,6.034316313600623,12.18438105438571,18.218697367986334,11.18,29.62,"[50, 48, 41]","[{""policy"": ""hospital_upgrade"", ""target_id"": ""JDQ4MTYyMiM2MSMkMSMkMiMkOTkkMzgxMzUxIzIxIyQxIyQxIyQwMyQyNjE0ODEjNTEjJDEjJDYjJDgz"", ""target_name"": ""천안21세기병원"", ""target_region_id"": null, ""target_region_name"": null}, {""policy"": ""hospital_upgrade"", ""target_id"": ""JDQ4MTYyMiM2MSMkMSMkMiMkOTkkMzgxMzUxIzIxIyQxIyQxIyQ5MiQyNjE4MzIjNDEjJDEjJDgjJDgz"", ""target_name"": ""혜성산부인과병원"", ""target_region_id"": null, ""target_region_name"": null}, {""policy"": ""hospital_upgrade"", ""target_id"": ""JDQ4MTYyMiM2MSMkMSMkMiMkOTkkMzgxMzUxIzIxIyQxIyQ1IyQ4OSQyNjEyMjIjNjEjJDEjJDQjJDgz"", ""target_name"": ""서울프라임병원"", ""target_region_id"": null, ""target_region_name"": null}]"
843,42,1.018480756510723,0.0222105191482742,5.232801978072861,10.903044755594616,16.135846733667474,5.567406178782148,12.73521885807725,18.302625036859396,11.18,29.62,"[7, 37, 22]","[{""policy"": ""ambulance_existing"", ""target_id"": ""EMS008"", ""target_name"": ""119구조구급센터119안전센터"", ""target_region_id"": ""REG031"", ""target_region_name"": ""직산읍""}, {""policy"": ""hospital_upgrade"", ""target_id"": ""JDQ4MTYyMiM2MSMkMSMkMiMkOTkkMzgxMzUxIzIxIyQxIyQ1IyQ3OSQyNjE0ODEjNDEjJDEjJDgjJDgz"", ""target_name"": ""마디손병원"", ""target_region_id"": null, ""target_region_name"": null}, {""policy"": ""ambulance_new_base"", ""target_id"": ""REG008"", ""target_name"": ""중앙동"", ""target_region_id"": ""REG008"", ""target_region_name"": ""중앙동""}]"
844,42,1.2310191271162125,0.0,5.062258064516128,10.848247068703982,15.91050513322011,5.371814689063616,12.696061458042019,18.067876147105633,10.85,29.62,"[18, 51, 25]","[{""policy"": ""ambulance_new_base"", ""target_id"": ""REG003"", ""target_name"": ""신방동"", ""target_region_id"": ""REG003"", ""target_region_name"": ""신방동""}, {""policy"": ""hospital_upgrade"", ""target_id"": ""JDQ4MTYyMiM2MSMkMSMkMiMkOTkkMzgxMzUxIzIxIyQxIyQxIyQwMyQyNjE4MzIjODEjJDEjJDIjJDgz"", ""target_name"": ""서울대정병원"", ""target_region_id"": null, ""target_region_name"": null}, {""policy"": ""ambulance_new_base"", ""target_id"": ""REG015"", ""target_name"": ""수신면"", ""target_region_id"": ""REG015"", ""target_region_name"": ""수신면""}]"
845,42,0.6277609697875027,0.0495123820092479,5.295483870967741,11.013231528881516,16.308715399849255,5.8214151748001814,12.899231511643416,18.72064668644359,11.18,29.62,"[5, 44, 27]","[{""policy"": ""ambulance_existing"", ""target_id"": ""EMS006"", ""target_name"": ""청당119안전센터"", ""target_region_id"": ""REG009"", ""target_region_name"": ""청룡동""}, {""policy"": ""hospital_upgrade"", ""target_id"": ""JDQ4MTYyMiM2MSMkMSMkMiMkOTkkMzgxMzUxIzIxIyQxIyQxIyQ3MiQyNjE0ODEjNDEjJDEjJDgjJDgz"", ""target_name"": ""천안재활병원"", ""target_region_id"": null, ""target_region_name"": null}, {""policy"": ""ambulance_new_base"", ""target_id"": ""REG019"", ""target_name"": ""부성1동"", ""target_region_id"": ""REG019"", ""target_region_name"": ""부성1동""}]"
846,42,0.6127590696473515,0.0461916173658476,5.398709677419355,11.098534409726106,16.49724408714546,5.74164618396257,12.990681637977776,18.73232782194034,11.18,29.62,"[33, 9, 23]","[{""policy"": ""hospital_upgrade"", ""target_id"": ""JDQ4MTYyMiM2MSMkMSMkMiMkOTkkMzgxMzUxIzExIyQxIyQ3IyQ5OSQ0NjE0ODEjODEjJDEjJDYjJDgz"", ""target_name"": ""예일병원"", ""target_region_id"": null, ""target_region_name"": null}, {""policy"": ""ambulance_existing"", ""target_id"": ""EMS010"", ""target_name"": ""불당119안전센터"", ""target_region_id"": ""REG022"", ""target_region_name"": ""불당2동""}, {""policy"": ""ambulance_new_base"", ""target_id"": ""REG010"", ""target_name"": ""광덕면"", ""target_region_id"": ""REG010"", ""target_region_name"": ""광덕면""}]"
847,42,0.5991775385459176,0.0045892200942615,5.599677419354838,10.785908667306122,16.38558608666096,6.034316313600623,12.669990642169571,18.70430695577019,11.18,29.62,"[49, 32, 3]","[{""policy"": ""hospital_upgrade"", ""target_id"": ""JDQ4MTYyMiM2MSMkMSMkMiMkOTkkMzgxMzUxIzIxIyQxIyQxIyQ5MiQyNjEwMDIjNjEjJDEjJDAjJDgz"", ""target_name"": ""두정이진병원"", ""target_region_id"": null, ""target_region_name"": null}, {""policy"": ""hospital_upgrade"", ""target_id"": ""JDQ4MTYyMiM2MSMkMSMkMiMkOTkkMzgxMzUxIzExIyQxIyQ3IyQ4OSQzNjE0ODEjODEjJDEjJDYjJDgz"", ""target_name"": ""새로나병원"", ""target_region_id"": null, ""target_region_name"": null}, {""policy"": ""ambulance_existing"", ""target_id"": ""EMS004"", ""target_name"": ""북면지역대"", ""target_region_id"": ""REG013"", ""target_region_name"": ""북면""}]"
848,42,0.5144946872070216,0.0843594329130811,5.599677419354838,11.08868306517315,16.688360484527987,6.034316313600623,12.834443706327281,18.868760019927905,11.18,29.62,"[50, 2, 5]","[{""policy"": ""hospital_upgrade"", ""target_id"": ""JDQ4MTYyMiM2MSMkMSMkMiMkOTkkMzgxMzUxIzIxIyQxIyQxIyQwMyQyNjE0ODEjNTEjJDEjJDYjJDgz"", ""target_name"": ""천안21세기병원"", ""target_region_id"": null, ""target_region_name"": null}, {""policy"": ""ambulance_existing"", ""target_id"": ""EMS003"", ""target_name"": ""병천119안전센터"", ""target_region_id"": ""REG012"", ""target_region_name"": ""병천면""}, {""policy"": ""ambulance_existing"", ""target_id"": ""EMS006"", ""target_name"": ""청당119안전센터"", ""target_region_id"": ""REG009"", ""target_region_name"": ""청룡동""}]"
849,42,0.6238249415584299,0.0083272476232864,5.284148661359985,11.013231528881516,16.2973801902415,5.784166068643291,12.899231511643416,18.6833975802867,11.18,29.62,"[14, 44, 17]","[{""policy"": ""ambulance_existing"", ""target_id"": ""EMS015"", ""target_name"": ""입장119안전센터"", ""target_region_id"": ""REG028"", ""target_region_name"": ""입장면""}, {""policy"": ""hospital_upgrade"", ""target_id"": ""JDQ4MTYyMiM2MSMkMSMkMiMkOTkkMzgxMzUxIzIxIyQxIyQxIyQ3MiQyNjE0ODEjNDEjJDEjJDgjJDgz"", ""target_name"": ""천안재활병원"", ""target_region_id"": null, ""target_region_name"": null}, {""policy"": ""ambulance_new_base"", ""target_id"": ""REG002"", ""target_name"": ""봉명동"", ""target_region_id"": ""REG002"", ""target_region_name"": ""봉명동""}]"
850,42,0.5564666091340957,0.030537990580403497,5.599677419354838,10.912914642839256,16.512592062194095,6.034316313600623,12.738650342067533,18.772966655668153,11.18,29.62,"[52, 14, 10]","[{""policy"": ""hospital_upgrade"", ""target_id"": ""JDQ4MTYyMiM2MSMkMSMkMiMkOTkkMzgxMzUxIzIxIyQxIyQxIyQxMyQyNjEyMjIjNzEjJDEjJDgjJDgz"", ""target_name"": ""SG삼성조은병원"", ""target_region_id"": null, ""target_region_name"": null}, {""policy"": ""ambulance_existing"", ""target_id"": ""EMS015"", ""target_name"": ""입장119안전센터"", ""target_region_id"": ""REG028"", ""target_region_name"": ""입장면""}, {""policy"": ""ambulance_existing"", ""target_id"": ""EMS011"", ""target_name"": ""서부119안전센터"", ""target_region_id"": ""REG023"", ""target_region_name"": ""성정1동""}]"
851,42,0.9244494004339892,0.0,5.0995705224751315,10.912914642839256,16.012485165314388,5.635795531720322,12.738650342067533,18.374445873787856,11.18,29.62,"[52, 21, 20]","[{""policy"": ""hospital_upgrade"", ""target_id"": ""JDQ4MTYyMiM2MSMkMSMkMiMkOTkkMzgxMzUxIzIxIyQxIyQxIyQxMyQyNjEyMjIjNzEjJDEjJDgjJDgz"", ""target_name"": ""SG삼성조은병원"", ""target_region_id"": null, ""target_region_name"": null}, {""policy"": ""ambulance_new_base"", ""target_id"": ""REG007"", ""target_name"": ""일봉동"", ""target_region_id"": ""REG007"", ""target_region_name"": ""일봉동""}, {""policy"": ""ambulance_new_base"", ""target_id"": ""REG005"", ""target_name"": ""원성1동"", ""target_region_id"": ""REG005"", ""target_region_name"": ""원성1동""}]"
852,42,0.7803266955298396,0.0042478320188186,5.284148661359985,10.912914642839256,16.197063304199244,5.784166068643291,12.738650342067533,18.522816410710824,11.18,29.62,"[4, 17, 52]","[{""policy"": ""ambulance_existing"", ""target_id"": ""EMS005"", ""target_name"": ""성남지역대"", ""target_region_id"": ""REG014"", ""target_region_name"": ""성남면""}, {""policy"": ""ambulance_new_base"", ""target_id"": ""REG002"", ""target_name"": ""봉명동"", ""target_region_id"": ""REG002"", ""target_region_name"": ""봉명동""}, {""policy"": ""hospital_upgrade"", ""target_id"": ""JDQ4MTYyMiM2MSMkMSMkMiMkOTkkMzgxMzUxIzIxIyQxIyQxIyQxMyQyNjEyMjIjNzEjJDEjJDgjJDgz"", ""target_name"": ""SG삼성조은병원"", ""target_region_id"": null, ""target_region_name"": null}]"
853,42,0.0663238817663176,0.0663238817663176,5.599677419354838,11.594193548387098,17.193870967741937,6.034316313600623,13.264578960621222,19.298895274221845,11.18,29.62,"[11, 10, 15]","[{""policy"": ""ambulance_existing"", ""target_id"": ""EMS012"", ""target_name"": ""성거119안전센터"", ""target_region_id"": ""REG029"", ""target_region_name"": ""성거읍""}, {""policy"": ""ambulance_existing"", ""target_id"": ""EMS011"", ""target_name"": ""서부119안전센터"", ""target_region_id"": ""REG023"", ""target_region_name"": ""성정1동""}, {""policy"": ""ambulance_existing"", ""target_id"": ""EMS016"", ""target_name"": ""직산119안전센터"", ""target_region_id"": ""REG031"", ""target_region_name"": ""직산읍""}]"
854,42,1.0020041763969765,0.0,5.422903225806452,10.440064420572567,15.862967646379017,5.967992965754759,12.328898132070108,18.29689109782487,11.18,29.62,"[50, 18, 51]","[{""policy"": ""hospital_upgrade"", ""target_id"": ""JDQ4MTYyMiM2MSMkMSMkMiMkOTkkMzgxMzUxIzIxIyQxIyQxIyQwMyQyNjE0ODEjNTEjJDEjJDYjJDgz"", ""target_name"": ""천안21세기병원"", ""target_region_id"": null, ""target_region_name"": null}, {""policy"": ""ambulance_new_base"", ""target_id"": ""REG003"", ""target_name"": ""신방동"", ""target_region_id"": ""REG003"", ""target_region_name"": ""신방동""}, {""policy"": ""hospital_upgrade"", ""target_id"": ""JDQ4MTYyMiM2MSMkMSMkMiMkOTkkMzgxMzUxIzIxIyQxIyQxIyQwMyQyNjE4MzIjODEjJDEjJDIjJDgz"", ""target_name"": ""서울대정병원"", ""target_region_id"": null, ""target_region_name"": null}]"
855,42,1.1210977632687928,0.0,5.36265655090189,10.56702846828279,15.92968501918468,5.746462939276316,12.431334571676732,18.177797510953052,11.18,29.62,"[28, 50, 41]","[{""policy"": ""ambulance_new_base"", ""target_id"": ""REG020"", ""target_name"": ""부성2동"", ""target_region_id"": ""REG020"", ""target_region_name"": ""부성2동""}, {""policy"": ""hospital_upgrade"", ""target_id"": ""JDQ4MTYyMiM2MSMkMSMkMiMkOTkkMzgxMzUxIzIxIyQxIyQxIyQwMyQyNjE0ODEjNTEjJDEjJDYjJDgz"", ""target_name"": ""천안21세기병원"", ""target_region_id"": null, ""target_region_name"": null}, {""policy"": ""hospital_upgrade"", ""target_id"": ""JDQ4MTYyMiM2MSMkMSMkMiMkOTkkMzgxMzUxIzIxIyQxIyQ1IyQ4OSQyNjEyMjIjNjEjJDEjJDQjJDgz"", ""target_name"": ""서울프라임병원"", ""target_region_id"": null, ""target_region_name"": null}]"
856,42,0.5748509881226637,0.0045892200942615,5.599677419354838,10.87110452141882,16.47078194077366,6.034316313600623,12.694317192592823,18.728633506193443,11.18,29.62,"[40, 3, 41]","[{""policy"": ""hospital_upgrade"", ""target_id"": ""JDQ4MTYyMiM2MSMkMSMkMiMkOTkkMzgxMzUxIzIxIyQxIyQ1IyQ4OSQyNjE4MzIjNTEjJDEjJDYjJDgz"", ""target_name"": ""아이본병원"", ""target_region_id"": null, ""target_region_name"": null}, {""policy"": ""ambulance_existing"", ""target_id"": ""EMS004"", ""target_name"": ""북면지역대"", ""target_region_id"": ""REG013"", ""target_region_name"": ""북면""}, {""policy"": ""hospital_upgrade"", ""target_id"": ""JDQ4MTYyMiM2MSMkMSMkMiMkOTkkMzgxMzUxIzIxIyQxIyQ1IyQ4OSQyNjEyMjIjNjEjJDEjJDQjJDgz"", ""target_name"": ""서울프라임병원"", ""target_region_id"": null, ""target_region_name"": null}]"
857,42,1.1139104030735343,0.0461916173658476,5.249677419354838,10.975591027317092,16.22526844667193,5.442251364611085,12.788925123903075,18.23117648851416,11.18,29.62,"[9, 24, 47]","[{""policy"": ""ambulance_existing"", ""target_id"": ""EMS010"", ""target_name"": ""불당119안전센터"", ""target_region_id"": ""REG022"", ""target_region_name"": ""불당2동""}, {""policy"": ""ambulance_new_base"", ""target_id"": ""REG011"", ""target_name"": ""동면"", ""target_region_id"": ""REG011"", ""target_region_name"": ""동면""}, {""policy"": ""hospital_upgrade"", ""target_id"": ""JDQ4MTYyMiM2MSMkMSMkMiMkOTkkMzgxMzUxIzIxIyQxIyQxIyQ4OSQ0NjE0ODEjODEjJDEjJDIjJDgz"", ""target_name"": ""서울우리병원"", ""target_region_id"": null, ""target_region_name"": null}]"
858,42,0.703951056949446,0.0,5.599677419354838,10.682173784924412,16.28185120427925,6.034316313600623,12.56062790367178,18.5949442172724,11.18,29.62,"[37, 39, 43]","[{""policy"": ""hospital_upgrade"", ""target_id"": ""JDQ4MTYyMiM2MSMkMSMkMiMkOTkkMzgxMzUxIzIxIyQxIyQ1IyQ3OSQyNjE0ODEjNDEjJDEjJDgjJDgz"", ""target_name"": ""마디손병원"", ""target_region_id"": null, ""target_region_name"": null}, {""policy"": ""hospital_upgrade"", ""target_id"": ""JDQ4MTYyMiM2MSMkMSMkMiMkOTkkMzgxMzUxIzIxIyQxIyQ1IyQ4OSQ0NjEwMDIjNTEjJDEjJDIjJDgz"", ""target_name"": ""천안리턴병원"", ""target_region_id"": null, ""target_region_name"": null}, {""policy"": ""hospital_upgrade"", ""target_id"": ""JDQ4MTYyMiM2MSMkMSMkMiMkOTkkMzgxMzUxIzIxIyQxIyQxIyQ2MiQ0NjE0ODEjNDEjJDEjJDQjJDgz"", ""target_name"": ""연세나무병원"", ""target_region_id"": null, ""target_region_name"": null}]"
859,42,0.5123730473803766,0.0045892200942615,5.443235834934136,11.033865820568307,16.47710165550244,5.932671322458575,12.858440124477161,18.79111144693573,11.18,29.62,"[26, 49, 3]","[{""policy"": ""ambulance_new_base"", ""target_id"": ""REG018"", ""target_name"": ""백석동"", ""target_region_id"": ""REG018"", ""target_region_name"": ""백석동""}, {""policy"": ""hospital_upgrade"", ""target_id"": ""JDQ4MTYyMiM2MSMkMSMkMiMkOTkkMzgxMzUxIzIxIyQxIyQxIyQ5MiQyNjEwMDIjNjEjJDEjJDAjJDgz"", ""target_name"": ""두정이진병원"", ""target_region_id"": null, ""target_region_name"": null}, {""policy"": ""ambulance_existing"", ""target_id"": ""EMS004"", ""target_name"": ""북면지역대"", ""target_region_id"": ""REG013"", ""target_region_name"": ""북면""}]"
860,42,0.989973959915126,0.0,5.398709677419355,10.697312181131657,16.096021858551016,5.74164618396257,12.567275130344152,18.30892131430672,11.18,29.62,"[23, 41, 51]","[{""policy"": ""ambulance_new_base"", ""target_id"": ""REG010"", ""target_name"": ""광덕면"", ""target_region_id"": ""REG010"", ""target_region_name"": ""광덕면""}, {""policy"": ""hospital_upgrade"", ""target_id"": ""JDQ4MTYyMiM2MSMkMSMkMiMkOTkkMzgxMzUxIzIxIyQxIyQ1IyQ4OSQyNjEyMjIjNjEjJDEjJDQjJDgz"", ""target_name"": ""서울프라임병원"", ""target_region_id"": null, ""target_region_name"": null}, {""policy"": ""hospital_upgrade"", ""target_id"": ""JDQ4MTYyMiM2MSMkMSMkMiMkOTkkMzgxMzUxIzIxIyQxIyQxIyQwMyQyNjE4MzIjODEjJDEjJDIjJDgz"", ""target_name"": ""서울대정병원"", ""target_region_id"": null, ""target_region_name"": null}]"
861,42,0.31732029929733396,0.0305377667715606,5.599677419354838,11.302330291013508,16.90200771036835,6.034316313600623,12.977796428095454,19.012112741696072,11.18,29.62,"[7, 34, 14]","[{""policy"": ""ambulance_existing"", ""target_id"": ""EMS008"", ""target_name"": ""119구조구급센터119안전센터"", ""target_region_id"": ""REG031"", ""target_region_name"": ""직산읍""}, {""policy"": ""hospital_upgrade"", ""target_id"": ""JDQ4MTYyMiM2MSMkMSMkMiMkOTkkMzgxMzUxIzExIyQyIyQ3IyQwMCQ0NjE0ODEjNjEjJDEjJDgjJDgz"", ""target_name"": ""천안우리병원"", ""target_region_id"": null, ""target_region_name"": null}, {""policy"": ""ambulance_existing"", ""target_id"": ""EMS015"", ""target_name"": ""입장119안전센터"", ""target_region_id"": ""REG028"", ""target_region_name"": ""입장면""}]"
862,42,0.6504984462015138,0.0,5.599677419354838,10.75547464277506,16.355152062129896,6.034316313600623,12.614080514419713,18.64839682802033,11.18,29.62,"[40, 39, 43]","[{""policy"": ""hospital_upgrade"", ""target_id"": ""JDQ4MTYyMiM2MSMkMSMkMiMkOTkkMzgxMzUxIzIxIyQxIyQ1IyQ4OSQyNjE4MzIjNTEjJDEjJDYjJDgz"", ""target_name"": ""아이본병원"", ""target_region_id"": null, ""target_region_name"": null}, {""policy"": ""hospital_upgrade"", ""target_id"": ""JDQ4MTYyMiM2MSMkMSMkMiMkOTkkMzgxMzUxIzIxIyQxIyQ1IyQ4OSQ0NjEwMDIjNTEjJDEjJDIjJDgz"", ""target_name"": ""천안리턴병원"", ""target_region_id"": null, ""target_region_name"": null}, {""policy"": ""hospital_upgrade"", ""target_id"": ""JDQ4MTYyMiM2MSMkMSMkMiMkOTkkMzgxMzUxIzIxIyQxIyQxIyQ2MiQ0NjE0ODEjNDEjJDEjJDQjJDgz"", ""target_name"": ""연세나무병원"", ""target_region_id"": null, ""target_region_name"": null}]"
863,42,0.5629919591674621,0.0,5.118709677419354,11.138559464269987,16.257269141689342,5.755091826954317,12.980811488100068,18.735903315054383,11.18,29.62,"[18, 45, 27]","[{""policy"": ""ambulance_new_base"", ""target_id"": ""REG003"", ""target_name"": ""신방동"", ""target_region_id"": ""REG003"", ""target_region_name"": ""신방동""}, {""policy"": ""hospital_upgrade"", ""target_id"": ""JDQ4MTYyMiM2MSMkMSMkMiMkOTkkMzgxMzUxIzIxIyQxIyQxIyQ3MiQzNjE4MzIjODEjJDEjJDYjJDgz"", ""target_name"": ""삼성스카이병원"", ""target_region_id"": null, ""target_region_name"": null}, {""policy"": ""ambulance_new_base"", ""target_id"": ""REG019"", ""target_name"": ""부성1동"", ""target_region_id"": ""REG019"", ""target_region_name"": ""부성1동""}]"
864,42,1.0437548850209644,0.0083272476232864,5.232801978072861,10.848247068703982,16.08104904677684,5.567406178782148,12.696061458042019,18.263467636824167,11.18,29.62,"[51, 14, 22]","[{""policy"": ""hospital_upgrade"", ""target_id"": ""JDQ4MTYyMiM2MSMkMSMkMiMkOTkkMzgxMzUxIzIxIyQxIyQxIyQwMyQyNjE4MzIjODEjJDEjJDIjJDgz"", ""target_name"": ""서울대정병원"", ""target_region_id"": null, ""target_region_name"": null}, {""policy"": ""ambulance_existing"", ""target_id"": ""EMS015"", ""target_name"": ""입장119안전센터"", ""target_region_id"": ""REG028"", ""target_region_name"": ""입장면""}, {""policy"": ""ambulance_new_base"", ""target_id"": ""REG008"", ""target_name"": ""중앙동"", ""target_region_id"": ""REG008"", ""target_region_name"": ""중앙동""}]"
865,42,1.1715176111533623,0.0,5.048709677419355,11.302330291013508,16.35103996843286,5.149581234973032,12.977796428095454,18.127377663068483,11.18,29.62,"[24, 23, 34]","[{""policy"": ""ambulance_new_base"", ""target_id"": ""REG011"", ""target_name"": ""동면"", ""target_region_id"": ""REG011"", ""target_region_name"": ""동면""}, {""policy"": ""ambulance_new_base"", ""target_id"": ""REG010"", ""target_name"": ""광덕면"", ""target_region_id"": ""REG010"", ""target_region_name"": ""광덕면""}, {""policy"": ""hospital_upgrade"", ""target_id"": ""JDQ4MTYyMiM2MSMkMSMkMiMkOTkkMzgxMzUxIzExIyQyIyQ3IyQwMCQ0NjE0ODEjNjEjJDEjJDgjJDgz"", ""target_name"": ""천안우리병원"", ""target_region_id"": null, ""target_region_name"": null}]"
866,42,0.9326001122735441,0.0,5.022835821889322,11.138559464269987,16.16139528615931,5.385483673848233,12.980811488100068,18.3662951619483,11.18,29.62,"[22, 45, 20]","[{""policy"": ""ambulance_new_base"", ""target_id"": ""REG008"", ""target_name"": ""중앙동"", ""target_region_id"": ""REG008"", ""target_region_name"": ""중앙동""}, {""policy"": ""hospital_upgrade"", ""target_id"": ""JDQ4MTYyMiM2MSMkMSMkMiMkOTkkMzgxMzUxIzIxIyQxIyQxIyQ3MiQzNjE4MzIjODEjJDEjJDYjJDgz"", ""target_name"": ""삼성스카이병원"", ""target_region_id"": null, ""target_region_name"": null}, {""policy"": ""ambulance_new_base"", ""target_id"": ""REG005"", ""target_name"": ""원성1동"", ""target_region_id"": ""REG005"", ""target_region_name"": ""원성1동""}]"
867,42,0.3257407299401361,0.054518864989134,5.599677419354838,11.102009947137324,16.701687366492166,6.034316313600623,12.993357095670223,19.027673409270843,11.18,29.62,"[9, 14, 46]","[{""policy"": ""ambulance_existing"", ""target_id"": ""EMS010"", ""target_name"": ""불당119안전센터"", ""target_region_id"": ""REG022"", ""target_region_name"": ""불당2동""}, {""policy"": ""ambulance_existing"", ""target_id"": ""EMS015"", ""target_name"": ""입장119안전센터"", ""target_region_id"": ""REG028"", ""target_region_name"": ""입장면""}, {""policy"": ""hospital_upgrade"", ""target_id"": ""JDQ4MTYyMiM2MSMkMSMkMiMkOTkkMzgxMzUxIzIxIyQxIyQxIyQ3OSQyNjEyMjIjNDEjJDEjJDgjJDgz"", ""target_name"": ""우리척병원"", ""target_region_id"": null, ""target_region_name"": null}]"
868,42,1.146964595032081,0.0,4.989192105909896,10.914895644369402,15.9040877502793,5.414079006765945,12.73785167242382,18.151930679189764,11.18,29.62,"[22, 40, 17]","[{""policy"": ""ambulance_new_base"", ""target_id"": ""REG008"", ""target_name"": ""중앙동"", ""target_region_id"": ""REG008"", ""target_region_name"": ""중앙동""}, {""policy"": ""hospital_upgrade"", ""target_id"": ""JDQ4MTYyMiM2MSMkMSMkMiMkOTkkMzgxMzUxIzIxIyQxIyQ1IyQ4OSQyNjE4MzIjNTEjJDEjJDYjJDgz"", ""target_name"": ""아이본병원"", ""target_region_id"": null, ""target_region_name"": null}, {""policy"": ""ambulance_new_base"", ""target_id"": ""REG002"", ""target_name"": ""봉명동"", ""target_region_id"": ""REG002"", ""target_region_name"": ""봉명동""}]"
869,42,1.0979354624134512,0.0348470509038332,4.872156816782539,11.594193548387098,16.466350365169635,4.971227902091005,13.264578960621222,18.235806862712227,10.85,29.62,"[22, 25, 2]","[{""policy"": ""ambulance_new_base"", ""target_id"": ""REG008"", ""target_name"": ""중앙동"", ""target_region_id"": ""REG008"", ""target_region_name"": ""중앙동""}, {""policy"": ""ambulance_new_base"", ""target_id"": ""REG015"", ""target_name"": ""수신면"", ""target_region_id"": ""REG015"", ""target_region_name"": ""수신면""}, {""policy"": ""ambulance_existing"", ""target_id"": ""EMS003"", ""target_name"": ""병천119안전센터"", ""target_region_id"": ""REG012"", ""target_region_name"": ""병천면""}]"
870,42,0.13668027828236312,0.0350352871403144,5.443235834934136,11.594193548387098,17.037429383321232,5.932671322458575,13.264578960621222,19.197250283079796,11.18,29.62,"[2, 26, 8]","[{""policy"": ""ambulance_existing"", ""target_id"": ""EMS003"", ""target_name"": ""병천119안전센터"", ""target_region_id"": ""REG012"", ""target_region_name"": ""병천면""}, {""policy"": ""ambulance_new_base"", ""target_id"": ""REG018"", ""target_name"": ""백석동"", ""target_region_id"": ""REG018"", ""target_region_name"": ""백석동""}, {""policy"": ""ambulance_existing"", ""target_id"": ""EMS009"", ""target_name"": ""두정119안전센터"", ""target_region_id"": ""REG024"", ""target_region_name"": ""성정2동""}]"
871,42,0.5594660592761116,0.0,5.128811517074722,11.101640188418845,16.230451705493568,5.7466088598275125,12.992820355118223,18.739429214945734,11.18,29.62,"[53, 31, 29]","[{""policy"": ""hospital_upgrade"", ""target_id"": ""JDQ4MTYyMiM2MSMkMSMkMiMkOTkkMzgxMzUxIzIxIyQyIyQ1IyQwMCQyNjEwMDIjNDEjJDEjJDgjJDgz"", ""target_name"": ""이화병원"", ""target_region_id"": null, ""target_region_name"": null}, {""policy"": ""ambulance_new_base"", ""target_id"": ""REG027"", ""target_name"": ""쌍용3동"", ""target_region_id"": ""REG027"", ""target_region_name"": ""쌍용3동""}, {""policy"": ""ambulance_new_base"", ""target_id"": ""REG021"", ""target_name"": ""불당1동"", ""target_region_id"": ""REG021"", ""target_region_name"": ""불당1동""}]"
872,42,0.6175652418452419,6.036187032550563e-05,5.599677419354838,10.77319533367163,16.372872753026467,6.034316313600623,12.64707408064631,18.68139039424693,11.18,29.62,"[42, 51, 13]","[{""policy"": ""hospital_upgrade"", ""target_id"": ""JDQ4MTYyMiM2MSMkMSMkMiMkOTkkMzgxMzUxIzIxIyQxIyQ1IyQ5OSQzNjEyMjIjNjEjJDEjJDQjJDgz"", ""target_name"": ""천안다나힐병원"", ""target_region_id"": null, ""target_region_name"": null}, {""policy"": ""hospital_upgrade"", ""target_id"": ""JDQ4MTYyMiM2MSMkMSMkMiMkOTkkMzgxMzUxIzIxIyQxIyQxIyQwMyQyNjE4MzIjODEjJDEjJDIjJDgz"", ""target_name"": ""서울대정병원"", ""target_region_id"": null, ""target_region_name"": null}, {""policy"": ""ambulance_existing"", ""target_id"": ""EMS014"", ""target_name"": ""쌍용119안전센터"", ""target_region_id"": ""REG026"", ""target_region_name"": ""쌍용2동""}]"
873,42,0.6302633038523421,0.0013755227968207,5.443235834934136,10.92879511789891,16.372030952833047,5.932671322458575,12.737336170707753,18.670007493166324,11.18,29.62,"[0, 41, 26]","[{""policy"": ""ambulance_existing"", ""target_id"": ""EMS001"", ""target_name"": ""119구조구급센터119안전센터"", ""target_region_id"": ""REG006"", ""target_region_name"": ""원성2동""}, {""policy"": ""hospital_upgrade"", ""target_id"": ""JDQ4MTYyMiM2MSMkMSMkMiMkOTkkMzgxMzUxIzIxIyQxIyQ1IyQ4OSQyNjEyMjIjNjEjJDEjJDQjJDgz"", ""target_name"": ""서울프라임병원"", ""target_region_id"": null, ""target_region_name"": null}, {""policy"": ""ambulance_new_base"", ""target_id"": ""REG018"", ""target_name"": ""백석동"", ""target_region_id"": ""REG018"", ""target_region_name"": ""백석동""}]"
874,42,0.5806377945437785,0.0223987553847554,5.599677419354838,10.860143321295778,16.459820740650617,6.034316313600623,12.706339921462204,18.740656235062822,11.18,29.62,"[43, 8, 7]","[{""policy"": ""hospital_upgrade"", ""target_id"": ""JDQ4MTYyMiM2MSMkMSMkMiMkOTkkMzgxMzUxIzIxIyQxIyQxIyQ2MiQ0NjE0ODEjNDEjJDEjJDQjJDgz"", ""target_name"": ""연세나무병원"", ""target_region_id"": null, ""target_region_name"": null}, {""policy"": ""ambulance_existing"", ""target_id"": ""EMS009"", ""target_name"": ""두정119안전센터"", ""target_region_id"": ""REG024"", ""target_region_name"": ""성정2동""}, {""policy"": ""ambulance_existing"", ""target_id"": ""EMS008"", ""target_name"": ""119구조구급센터119안전센터"", ""target_region_id"": ""REG031"", ""target_region_name"": ""직산읍""}]"
875,42,0.2553813544606464,0.08186529164330819,5.342699713174523,11.594193548387098,16.93689326156162,5.860800250783288,13.264578960621222,19.125379211404507,11.18,29.62,"[9, 29, 12]","[{""policy"": ""ambulance_existing"", ""target_id"": ""EMS010"", ""target_name"": ""불당119안전센터"", ""target_region_id"": ""REG022"", ""target_region_name"": ""불당2동""}, {""policy"": ""ambulance_new_base"", ""target_id"": ""REG021"", ""target_name"": ""불당1동"", ""target_region_id"": ""REG021"", ""target_region_name"": ""불당1동""}, {""policy"": ""ambulance_existing"", ""target_id"": ""EMS013"", ""target_name"": ""성환119안전센터"", ""target_region_id"": ""REG030"", ""target_region_name"": ""성환읍""}]"
876,42,0.5749954711403987,0.0083272476232864,4.990653222921993,11.594193548387098,16.584846771309092,5.467648090083515,13.264578960621222,18.732227050704733,11.18,29.62,"[14, 16, 30]","[{""policy"": ""ambulance_existing"", ""target_id"": ""EMS015"", ""target_name"": ""입장119안전센터"", ""target_region_id"": ""REG028"", ""target_region_name"": ""입장면""}, {""policy"": ""ambulance_new_base"", ""target_id"": ""REG001"", ""target_name"": ""문성동"", ""target_region_id"": ""REG001"", ""target_region_name"": ""문성동""}, {""policy"": ""ambulance_new_base"", ""target_id"": ""REG025"", ""target_name"": ""쌍용1동"", ""target_region_id"": ""REG025"", ""target_region_name"": ""쌍용1동""}]"
877,42,0.6250040874252236,0.0306886569409906,5.3432258064516125,10.998184134035316,16.341409940486933,5.838491576775618,12.866088266961999,18.704579843737612,11.18,29.62,"[19, 48, 6]","[{""policy"": ""ambulance_new_base"", ""target_id"": ""REG004"", ""target_name"": ""신안동"", ""target_region_id"": ""REG004"", ""target_region_name"": ""신안동""}, {""policy"": ""hospital_upgrade"", ""target_id"": ""JDQ4MTYyMiM2MSMkMSMkMiMkOTkkMzgxMzUxIzIxIyQxIyQxIyQ5MiQyNjE4MzIjNDEjJDEjJDgjJDgz"", ""target_name"": ""혜성산부인과병원"", ""target_region_id"": null, ""target_region_name"": null}, {""policy"": ""ambulance_existing"", ""target_id"": ""EMS007"", ""target_name"": ""풍세119안전센터"", ""target_region_id"": ""REG016"", ""target_region_name"": ""풍세면""}]"
878,42,0.5340096845085627,0.004649581964587006,5.599677419354838,10.903044755594616,16.502722174949454,6.034316313600623,12.73521885807725,18.76953517167787,11.18,29.62,"[37, 3, 13]","[{""policy"": ""hospital_upgrade"", ""target_id"": ""JDQ4MTYyMiM2MSMkMSMkMiMkOTkkMzgxMzUxIzIxIyQxIyQ1IyQ3OSQyNjE0ODEjNDEjJDEjJDgjJDgz"", ""target_name"": ""마디손병원"", ""target_region_id"": null, ""target_region_name"": null}, {""policy"": ""ambulance_existing"", ""target_id"": ""EMS004"", ""target_name"": ""북면지역대"", ""target_region_id"": ""REG013"", ""target_region_name"": ""북면""}, {""policy"": ""ambulance_existing"", ""target_id"": ""EMS014"", ""target_name"": ""쌍용119안전센터"", ""target_region_id"": ""REG026"", ""target_region_name"": ""쌍용2동""}]"
879,42,0.6058061793216915,0.047567140162668296,5.599677419354838,10.860143321295778,16.459820740650617,6.034316313600623,12.706339921462204,18.740656235062822,11.18,29.62,"[0, 43, 9]","[{""policy"": ""ambulance_existing"", ""target_id"": ""EMS001"", ""target_name"": ""119구조구급센터119안전센터"", ""target_region_id"": ""REG006"", ""target_region_name"": ""원성2동""}, {""policy"": ""hospital_upgrade"", ""target_id"": ""JDQ4MTYyMiM2MSMkMSMkMiMkOTkkMzgxMzUxIzIxIyQxIyQxIyQ2MiQ0NjE0ODEjNDEjJDEjJDQjJDgz"", ""target_name"": ""연세나무병원"", ""target_region_id"": null, ""target_region_name"": null}, {""policy"": ""ambulance_existing"", ""target_id"": ""EMS010"", ""target_name"": ""불당119안전센터"", ""target_region_id"": ""REG022"", ""target_region_name"": ""불당2동""}]"
880,42,0.13604436770360503,0.03439937656155631,5.443235834934136,11.594193548387098,17.037429383321232,5.932671322458575,13.264578960621222,19.197250283079796,11.18,29.62,"[13, 15, 26]","[{""policy"": ""ambulance_existing"", ""target_id"": ""EMS014"", ""target_name"": ""쌍용119안전센터"", ""target_region_id"": ""REG026"", ""target_region_name"": ""쌍용2동""}, {""policy"": ""ambulance_existing"", ""target_id"": ""EMS016"", ""target_name"": ""직산119안전센터"", ""target_region_id"": ""REG031"", ""target_region_name"": ""직산읍""}, {""policy"": ""ambulance_new_base"", ""target_id"": ""REG018"", ""target_name"": ""백석동"", ""target_region_id"": ""REG018"", ""target_region_name"": ""백석동""}]"
881,42,0.4431116707123857,0.0306886569409906,5.053085065755446,11.594193548387098,16.647278614142543,5.621893299829232,13.264578960621222,18.88647226045045,11.18,29.62,"[6, 19, 21]","[{""policy"": ""ambulance_existing"", ""target_id"": ""EMS007"", ""target_name"": ""풍세119안전센터"", ""target_region_id"": ""REG016"", ""target_region_name"": ""풍세면""}, {""policy"": ""ambulance_new_base"", ""target_id"": ""REG004"", ""target_name"": ""신안동"", ""target_region_id"": ""REG004"", ""target_region_name"": ""신안동""}, {""policy"": ""ambulance_new_base"", ""target_id"": ""REG007"", ""target_name"": ""일봉동"", ""target_region_id"": ""REG007"", ""target_region_name"": ""일봉동""}]"
882,42,0.2934929697784447,0.022271104827442604,5.599677419354838,11.102009947137324,16.701687366492166,6.034316313600623,12.993357095670223,19.027673409270843,11.18,29.62,"[13, 10, 46]","[{""policy"": ""ambulance_existing"", ""target_id"": ""EMS014"", ""target_name"": ""쌍용119안전센터"", ""target_region_id"": ""REG026"", ""target_region_name"": ""쌍용2동""}, {""policy"": ""ambulance_existing"", ""target_id"": ""EMS011"", ""target_name"": ""서부119안전센터"", ""target_region_id"": ""REG023"", ""target_region_name"": ""성정1동""}, {""policy"": ""hospital_upgrade"", ""target_id"": ""JDQ4MTYyMiM2MSMkMSMkMiMkOTkkMzgxMzUxIzIxIyQxIyQxIyQ3OSQyNjEyMjIjNDEjJDEjJDgjJDgz"", ""target_name"": ""우리척병원"", ""target_region_id"": null, ""target_region_name"": null}]"
883,42,0.28823229573365566,0.0306886569409906,5.084019293068449,11.594193548387098,16.678212841455547,5.776772674807963,13.264578960621222,19.04135163542918,11.18,29.62,"[31, 6, 18]","[{""policy"": ""ambulance_new_base"", ""target_id"": ""REG027"", ""target_name"": ""쌍용3동"", ""target_region_id"": ""REG027"", ""target_region_name"": ""쌍용3동""}, {""policy"": ""ambulance_existing"", ""target_id"": ""EMS007"", ""target_name"": ""풍세119안전센터"", ""target_region_id"": ""REG016"", ""target_region_name"": ""풍세면""}, {""policy"": ""ambulance_new_base"", ""target_id"": ""REG003"", ""target_name"": ""신방동"", ""target_region_id"": ""REG003"", ""target_region_name"": ""신방동""}]"
884,42,0.8849233148640737,0.0001882362364812,5.048709677419355,11.594193548387098,16.64290322580645,5.149581234973032,13.264578960621222,18.414160195594253,11.18,29.62,"[24, 23, 8]","[{""policy"": ""ambulance_new_base"", ""target_id"": ""REG011"", ""target_name"": ""동면"", ""target_region_id"": ""REG011"", ""target_region_name"": ""동면""}, {""policy"": ""ambulance_new_base"", ""target_id"": ""REG010"", ""target_name"": ""광덕면"", ""target_region_id"": ""REG010"", ""target_region_name"": ""광덕면""}, {""policy"": ""ambulance_existing"", ""target_id"": ""EMS009"", ""target_name"": ""두정119안전센터"", ""target_region_id"": ""REG024"", ""target_region_name"": ""성정2동""}]"
885,42,0.696794639326999,0.0,5.599677419354838,10.692376164127447,16.292053583482286,6.034316313600623,12.567784321294225,18.602100634894846,11.18,29.62,"[41, 37, 52]","[{""policy"": ""hospital_upgrade"", ""target_id"": ""JDQ4MTYyMiM2MSMkMSMkMiMkOTkkMzgxMzUxIzIxIyQxIyQ1IyQ4OSQyNjEyMjIjNjEjJDEjJDQjJDgz"", ""target_name"": ""서울프라임병원"", ""target_region_id"": null, ""target_region_name"": null}, {""policy"": ""hospital_upgrade"", ""target_id"": ""JDQ4MTYyMiM2MSMkMSMkMiMkOTkkMzgxMzUxIzIxIyQxIyQ1IyQ3OSQyNjE0ODEjNDEjJDEjJDgjJDgz"", ""target_name"": ""마디손병원"", ""target_region_id"": null, ""target_region_name"": null}, {""policy"": ""hospital_upgrade"", ""target_id"": ""JDQ4MTYyMiM2MSMkMSMkMiMkOTkkMzgxMzUxIzIxIyQxIyQxIyQxMyQyNjEyMjIjNzEjJDEjJDgjJDgz"", ""target_name"": ""SG삼성조은병원"", ""target_region_id"": null, ""target_region_name"": null}]"
886,42,0.38547282553352985,6.036187032550563e-05,5.443235834934136,11.138559464269987,16.581795299204124,5.932671322458575,12.980811488100068,18.91348281055864,11.18,29.62,"[45, 13, 26]","[{""policy"": ""hospital_upgrade"", ""target_id"": ""JDQ4MTYyMiM2MSMkMSMkMiMkOTkkMzgxMzUxIzIxIyQxIyQxIyQ3MiQzNjE4MzIjODEjJDEjJDYjJDgz"", ""target_name"": ""삼성스카이병원"", ""target_region_id"": null, ""target_region_name"": null}, {""policy"": ""ambulance_existing"", ""target_id"": ""EMS014"", ""target_name"": ""쌍용119안전센터"", ""target_region_id"": ""REG026"", ""target_region_name"": ""쌍용2동""}, {""policy"": ""ambulance_new_base"", ""target_id"": ""REG018"", ""target_name"": ""백석동"", ""target_region_id"": ""REG018"", ""target_region_name"": ""백석동""}]"
887,42,0.764417880061294,0.0042478320188186,5.599677419354838,10.535657836107278,16.13533525546212,6.034316313600623,12.50440891257875,18.53872522617937,11.18,29.62,"[48, 4, 47]","[{""policy"": ""hospital_upgrade"", ""target_id"": ""JDQ4MTYyMiM2MSMkMSMkMiMkOTkkMzgxMzUxIzIxIyQxIyQxIyQ5MiQyNjE4MzIjNDEjJDEjJDgjJDgz"", ""target_name"": ""혜성산부인과병원"", ""target_region_id"": null, ""target_region_name"": null}, {""policy"": ""ambulance_existing"", ""target_id"": ""EMS005"", ""target_name"": ""성남지역대"", ""target_region_id"": ""REG014"", ""target_region_name"": ""성남면""}, {""policy"": ""hospital_upgrade"", ""target_id"": ""JDQ4MTYyMiM2MSMkMSMkMiMkOTkkMzgxMzUxIzIxIyQxIyQxIyQ4OSQ0NjE0ODEjODEjJDEjJDIjJDgz"", ""target_name"": ""서울우리병원"", ""target_region_id"": null, ""target_region_name"": null}]"
888,42,1.0599263760357225,0.0,5.599677419354838,10.253608877377806,15.853286296732644,6.034316313600623,12.204652584585507,18.238968898186123,11.18,29.62,"[51, 48, 34]","[{""policy"": ""hospital_upgrade"", ""target_id"": ""JDQ4MTYyMiM2MSMkMSMkMiMkOTkkMzgxMzUxIzIxIyQxIyQxIyQwMyQyNjE4MzIjODEjJDEjJDIjJDgz"", ""target_name"": ""서울대정병원"", ""target_region_id"": null, ""target_region_name"": null}, {""policy"": ""hospital_upgrade"", ""target_id"": ""JDQ4MTYyMiM2MSMkMSMkMiMkOTkkMzgxMzUxIzIxIyQxIyQxIyQ5MiQyNjE4MzIjNDEjJDEjJDgjJDgz"", ""target_name"": ""혜성산부인과병원"", ""target_region_id"": null, ""target_region_name"": null}, {""policy"": ""hospital_upgrade"", ""target_id"": ""JDQ4MTYyMiM2MSMkMSMkMiMkOTkkMzgxMzUxIzExIyQyIyQ3IyQwMCQ0NjE0ODEjNjEjJDEjJDgjJDgz"", ""target_name"": ""천안우리병원"", ""target_region_id"": null, ""target_region_name"": null}]"
889,42,0.8044848073169959,0.0,5.127941353649103,11.055870298914312,16.183811652563417,5.577611626804545,12.916798840100302,18.49441046690485,11.18,29.62,"[16, 36, 18]","[{""policy"": ""ambulance_new_base"", ""target_id"": ""REG001"", ""target_name"": ""문성동"", ""target_region_id"": ""REG001"", ""target_region_name"": ""문성동""}, {""policy"": ""hospital_upgrade"", ""target_id"": ""JDQ4MTYyMiM2MSMkMSMkMiMkOTkkMzgxMzUxIzIxIyQxIyQ1IyQ2MiQzNjE4MzIjODEjJDEjJDIjJDgz"", ""target_name"": ""돋움병원"", ""target_region_id"": null, ""target_region_name"": null}, {""policy"": ""ambulance_new_base"", ""target_id"": ""REG003"", ""target_name"": ""신방동"", ""target_region_id"": ""REG003"", ""target_region_name"": ""신방동""}]"
890,42,0.5370171131976985,0.0222107429571171,5.0754263841150875,11.594193548387098,16.669619932502187,5.519509943360044,13.264578960621222,18.784088903981264,11.18,29.62,"[21, 10, 16]","[{""policy"": ""ambulance_new_base"", ""target_id"": ""REG007"", ""target_name"": ""일봉동"", ""target_region_id"": ""REG007"", ""target_region_name"": ""일봉동""}, {""policy"": ""ambulance_existing"", ""target_id"": ""EMS011"", ""target_name"": ""서부119안전센터"", ""target_region_id"": ""REG023"", ""target_region_name"": ""성정1동""}, {""policy"": ""ambulance_new_base"", ""target_id"": ""REG001"", ""target_name"": ""문성동"", ""target_region_id"": ""REG001"", ""target_region_name"": ""문성동""}]"
891,42,0.9615860875392814,6.036187032550563e-05,5.239032258064516,11.013231528881516,16.25226378694603,5.438138036909479,12.899231511643416,18.33736954855289,10.85,29.62,"[44, 13, 25]","[{""policy"": ""hospital_upgrade"", ""target_id"": ""JDQ4MTYyMiM2MSMkMSMkMiMkOTkkMzgxMzUxIzIxIyQxIyQxIyQ3MiQyNjE0ODEjNDEjJDEjJDgjJDgz"", ""target_name"": ""천안재활병원"", ""target_region_id"": null, ""target_region_name"": null}, {""policy"": ""ambulance_existing"", ""target_id"": ""EMS014"", ""target_name"": ""쌍용119안전센터"", ""target_region_id"": ""REG026"", ""target_region_name"": ""쌍용2동""}, {""policy"": ""ambulance_new_base"", ""target_id"": ""REG015"", ""target_name"": ""수신면"", ""target_region_id"": ""REG015"", ""target_region_name"": ""수신면""}]"
892,42,0.23065656194489684,0.0394362709980947,5.260793486616837,11.594193548387098,16.854987035003933,5.843096022653826,13.264578960621222,19.107674983275043,11.18,29.62,"[2, 31, 3]","[{""policy"": ""ambulance_existing"", ""target_id"": ""EMS003"", ""target_name"": ""병천119안전센터"", ""target_region_id"": ""REG012"", ""target_region_name"": ""병천면""}, {""policy"": ""ambulance_new_base"", ""target_id"": ""REG027"", ""target_name"": ""쌍용3동"", ""target_region_id"": ""REG027"", ""target_region_name"": ""쌍용3동""}, {""policy"": ""ambulance_existing"", ""target_id"": ""EMS004"", ""target_name"": ""북면지역대"", ""target_region_id"": ""REG013"", ""target_region_name"": ""북면""}]"
893,42,0.40194512110494485,0.0495123820092479,5.107853189012404,11.594193548387098,16.702046737399503,5.681883574504932,13.264578960621222,18.946462535126148,11.18,29.62,"[31, 5, 17]","[{""policy"": ""ambulance_new_base"", ""target_id"": ""REG027"", ""target_name"": ""쌍용3동"", ""target_region_id"": ""REG027"", ""target_region_name"": ""쌍용3동""}, {""policy"": ""ambulance_existing"", ""target_id"": ""EMS006"", ""target_name"": ""청당119안전센터"", ""target_region_id"": ""REG009"", ""target_region_name"": ""청룡동""}, {""policy"": ""ambulance_new_base"", ""target_id"": ""REG002"", ""target_name"": ""봉명동"", ""target_region_id"": ""REG002"", ""target_region_name"": ""봉명동""}]"
894,42,0.6217527119937349,0.0042478320188186,5.599677419354838,10.77319533367163,16.372872753026467,6.034316313600623,12.64707408064631,18.68139039424693,11.18,29.62,"[4, 42, 51]","[{""policy"": ""ambulance_existing"", ""target_id"": ""EMS005"", ""target_name"": ""성남지역대"", ""target_region_id"": ""REG014"", ""target_region_name"": ""성남면""}, {""policy"": ""hospital_upgrade"", ""target_id"": ""JDQ4MTYyMiM2MSMkMSMkMiMkOTkkMzgxMzUxIzIxIyQxIyQ1IyQ5OSQzNjEyMjIjNjEjJDEjJDQjJDgz"", ""target_name"": ""천안다나힐병원"", ""target_region_id"": null, ""target_region_name"": null}, {""policy"": ""hospital_upgrade"", ""target_id"": ""JDQ4MTYyMiM2MSMkMSMkMiMkOTkkMzgxMzUxIzIxIyQxIyQxIyQwMyQyNjE4MzIjODEjJDEjJDIjJDgz"", ""target_name"": ""서울대정병원"", ""target_region_id"": null, ""target_region_name"": null}]"
895,42,0.5547893610269625,0.0,5.233269678750596,11.102009947137324,16.33527962588792,5.750748817524661,12.993357095670223,18.744105913194883,11.18,29.62,"[26, 46, 20]","[{""policy"": ""ambulance_new_base"", ""target_id"": ""REG018"", ""target_name"": ""백석동"", ""target_region_id"": ""REG018"", ""target_region_name"": ""백석동""}, {""policy"": ""hospital_upgrade"", ""target_id"": ""JDQ4MTYyMiM2MSMkMSMkMiMkOTkkMzgxMzUxIzIxIyQxIyQxIyQ3OSQyNjEyMjIjNDEjJDEjJDgjJDgz"", ""target_name"": ""우리척병원"", ""target_region_id"": null, ""target_region_name"": null}, {""policy"": ""ambulance_new_base"", ""target_id"": ""REG005"", ""target_name"": ""원성1동"", ""target_region_id"": ""REG005"", ""target_region_name"": ""원성1동""}]"
896,42,0.9923449119192824,0.0,5.048263934294263,11.033865820568307,16.08212975486257,5.4481102378254045,12.858440124477161,18.306550362302563,11.18,29.62,"[16, 49, 19]","[{""policy"": ""ambulance_new_base"", ""target_id"": ""REG001"", ""target_name"": ""문성동"", ""target_region_id"": ""REG001"", ""target_region_name"": ""문성동""}, {""policy"": ""hospital_upgrade"", ""target_id"": ""JDQ4MTYyMiM2MSMkMSMkMiMkOTkkMzgxMzUxIzIxIyQxIyQxIyQ5MiQyNjEwMDIjNjEjJDEjJDAjJDgz"", ""target_name"": ""두정이진병원"", ""target_region_id"": null, ""target_region_name"": null}, {""policy"": ""ambulance_new_base"", ""target_id"": ""REG004"", ""target_name"": ""신안동"", ""target_region_id"": ""REG004"", ""target_region_name"": ""신안동""}]"
897,42,0.9101714362019246,0.0343390146912308,5.249677419354838,11.138559464269987,16.388236883624828,5.442251364611085,12.980811488100068,18.42306285271115,11.18,29.62,"[15, 45, 24]","[{""policy"": ""ambulance_existing"", ""target_id"": ""EMS016"", ""target_name"": ""직산119안전센터"", ""target_region_id"": ""REG031"", ""target_region_name"": ""직산읍""}, {""policy"": ""hospital_upgrade"", ""target_id"": ""JDQ4MTYyMiM2MSMkMSMkMiMkOTkkMzgxMzUxIzIxIyQxIyQxIyQ3MiQzNjE4MzIjODEjJDEjJDYjJDgz"", ""target_name"": ""삼성스카이병원"", ""target_region_id"": null, ""target_region_name"": null}, {""policy"": ""ambulance_new_base"", ""target_id"": ""REG011"", ""target_name"": ""동면"", ""target_region_id"": ""REG011"", ""target_region_name"": ""동면""}]"
898,42,0.48373847301964223,6.036187032550563e-05,5.106204937998664,11.594193548387098,16.70039848638576,5.550638202451311,13.264578960621222,18.81521716307253,11.18,29.62,"[13, 19, 28]","[{""policy"": ""ambulance_existing"", ""target_id"": ""EMS014"", ""target_name"": ""쌍용119안전센터"", ""target_region_id"": ""REG026"", ""target_region_name"": ""쌍용2동""}, {""policy"": ""ambulance_new_base"", ""target_id"": ""REG004"", ""target_name"": ""신안동"", ""target_region_id"": ""REG004"", ""target_region_name"": ""신안동""}, {""policy"": ""ambulance_new_base"", ""target_id"": ""REG020"", ""target_name"": ""부성2동"", ""target_region_id"": ""REG020"", ""target_region_name"": ""부성2동""}]"
899,42,0.5977624628669403,0.0684023603229647,5.599677419354838,10.903044755594616,16.502722174949454,6.034316313600623,12.73521885807725,18.76953517167787,11.18,29.62,"[10, 37, 9]","[{""policy"": ""ambulance_existing"", ""target_id"": ""EMS011"", ""target_name"": ""서부119안전센터"", ""target_region_id"": ""REG023"", ""target_region_name"": ""성정1동""}, {""policy"": ""hospital_upgrade"", ""target_id"": ""JDQ4MTYyMiM2MSMkMSMkMiMkOTkkMzgxMzUxIzIxIyQxIyQ1IyQ3OSQyNjE0ODEjNDEjJDEjJDgjJDgz"", ""target_name"": ""마디손병원"", ""target_region_id"": null, ""target_region_name"": null}, {""policy"": ""ambulance_existing"", ""target_id"": ""EMS010"", ""target_name"": ""불당119안전센터"", ""target_region_id"": ""REG022"", ""target_region_name"": ""불당2동""}]"
900,42,0.6205222321988373,0.0,5.074182505176446,11.346236395124912,16.42041890030136,5.602243563709376,13.076129478313634,18.678373042023008,11.18,29.62,"[17, 20, 32]","[{""policy"": ""ambulance_new_base"", ""target_id"": ""REG002"", ""target_name"": ""봉명동"", ""target_region_id"": ""REG002"", ""target_region_name"": ""봉명동""}, {""policy"": ""ambulance_new_base"", ""target_id"": ""REG005"", ""target_name"": ""원성1동"", ""target_region_id"": ""REG005"", ""target_region_name"": ""원성1동""}, {""policy"": ""hospital_upgrade"", ""target_id"": ""JDQ4MTYyMiM2MSMkMSMkMiMkOTkkMzgxMzUxIzExIyQxIyQ3IyQ4OSQzNjE0ODEjODEjJDEjJDYjJDgz"", ""target_name"": ""새로나병원"", ""target_region_id"": null, ""target_region_name"": null}]"
901,42,0.8468379024803205,0.0,5.36265655090189,10.64577819179428,16.008434742696167,5.746462939276316,12.705594432465213,18.452057371741525,11.18,29.62,"[28, 36, 53]","[{""policy"": ""ambulance_new_base"", ""target_id"": ""REG020"", ""target_name"": ""부성2동"", ""target_region_id"": ""REG020"", ""target_region_name"": ""부성2동""}, {""policy"": ""hospital_upgrade"", ""target_id"": ""JDQ4MTYyMiM2MSMkMSMkMiMkOTkkMzgxMzUxIzIxIyQxIyQ1IyQ2MiQzNjE4MzIjODEjJDEjJDIjJDgz"", ""target_name"": ""돋움병원"", ""target_region_id"": null, ""target_region_name"": null}, {""policy"": ""hospital_upgrade"", ""target_id"": ""JDQ4MTYyMiM2MSMkMSMkMiMkOTkkMzgxMzUxIzIxIyQyIyQ1IyQwMCQyNjEwMDIjNDEjJDEjJDgjJDgz"", ""target_name"": ""이화병원"", ""target_region_id"": null, ""target_region_name"": null}]"
902,42,0.4213840424630393,0.0343390146912308,5.004341873713611,11.594193548387098,16.598535422100706,5.647271285828822,13.264578960621222,18.911850246450037,11.18,29.62,"[31, 15, 19]","[{""policy"": ""ambulance_new_base"", ""target_id"": ""REG027"", ""target_name"": ""쌍용3동"", ""target_region_id"": ""REG027"", ""target_region_name"": ""쌍용3동""}, {""policy"": ""ambulance_existing"", ""target_id"": ""EMS016"", ""target_name"": ""직산119안전센터"", ""target_region_id"": ""REG031"", ""target_region_name"": ""직산읍""}, {""policy"": ""ambulance_new_base"", ""target_id"": ""REG004"", ""target_name"": ""신안동"", ""target_region_id"": ""REG004"", ""target_region_name"": ""신안동""}]"
903,42,0.277928810432665,0.0650276716322214,5.295483870967741,11.594193548387098,16.88967741935484,5.8214151748001814,13.264578960621222,19.0859941354214,11.18,29.62,"[15, 27, 6]","[{""policy"": ""ambulance_existing"", ""target_id"": ""EMS016"", ""target_name"": ""직산119안전센터"", ""target_region_id"": ""REG031"", ""target_region_name"": ""직산읍""}, {""policy"": ""ambulance_new_base"", ""target_id"": ""REG019"", ""target_name"": ""부성1동"", ""target_region_id"": ""REG019"", ""target_region_name"": ""부성1동""}, {""policy"": ""ambulance_existing"", ""target_id"": ""EMS007"", ""target_name"": ""풍세119안전센터"", ""target_region_id"": ""REG016"", ""target_region_name"": ""풍세면""}]"
904,42,0.5981553578535971,0.0045892200942615,5.422903225806452,10.92879511789891,16.35169834370536,5.967992965754759,12.737336170707753,18.70532913646251,11.18,29.62,"[18, 41, 3]","[{""policy"": ""ambulance_new_base"", ""target_id"": ""REG003"", ""target_name"": ""신방동"", ""target_region_id"": ""REG003"", ""target_region_name"": ""신방동""}, {""policy"": ""hospital_upgrade"", ""target_id"": ""JDQ4MTYyMiM2MSMkMSMkMiMkOTkkMzgxMzUxIzIxIyQxIyQ1IyQ4OSQyNjEyMjIjNjEjJDEjJDQjJDgz"", ""target_name"": ""서울프라임병원"", ""target_region_id"": null, ""target_region_name"": null}, {""policy"": ""ambulance_existing"", ""target_id"": ""EMS004"", ""target_name"": ""북면지역대"", ""target_region_id"": ""REG013"", ""target_region_name"": ""북면""}]"
905,42,0.7754805863535594,0.0,5.342699713174523,10.802380359961548,16.14508007313607,5.860800250783288,12.662614437084999,18.523414687868286,11.18,29.62,"[51, 37, 29]","[{""policy"": ""hospital_upgrade"", ""target_id"": ""JDQ4MTYyMiM2MSMkMSMkMiMkOTkkMzgxMzUxIzIxIyQxIyQxIyQwMyQyNjE4MzIjODEjJDEjJDIjJDgz"", ""target_name"": ""서울대정병원"", ""target_region_id"": null, ""target_region_name"": null}, {""policy"": ""hospital_upgrade"", ""target_id"": ""JDQ4MTYyMiM2MSMkMSMkMiMkOTkkMzgxMzUxIzIxIyQxIyQ1IyQ3OSQyNjE0ODEjNDEjJDEjJDgjJDgz"", ""target_name"": ""마디손병원"", ""target_region_id"": null, ""target_region_name"": null}, {""policy"": ""ambulance_new_base"", ""target_id"": ""REG021"", ""target_name"": ""불당1동"", ""target_region_id"": ""REG021"", ""target_region_name"": ""불당1동""}]"
906,42,0.34355803444412286,0.0508879048060686,5.398709677419355,11.594193548387098,16.99290322580645,5.74164618396257,13.264578960621222,19.00622514458379,11.18,29.62,"[23, 5, 0]","[{""policy"": ""ambulance_new_base"", ""target_id"": ""REG010"", ""target_name"": ""광덕면"", ""target_region_id"": ""REG010"", ""target_region_name"": ""광덕면""}, {""policy"": ""ambulance_existing"", ""target_id"": ""EMS006"", ""target_name"": ""청당119안전센터"", ""target_region_id"": ""REG009"", ""target_region_name"": ""청룡동""}, {""policy"": ""ambulance_existing"", ""target_id"": ""EMS001"", ""target_name"": ""119구조구급센터119안전센터"", ""target_region_id"": ""REG006"", ""target_region_name"": ""원성2동""}]"
907,42,0.6127147800375818,0.0471368943263146,5.599677419354838,10.856635269370763,16.4563126887256,6.034316313600623,12.699001074909956,18.733317388510578,11.18,29.62,"[6, 1, 38]","[{""policy"": ""ambulance_existing"", ""target_id"": ""EMS007"", ""target_name"": ""풍세119안전센터"", ""target_region_id"": ""REG016"", ""target_region_name"": ""풍세면""}, {""policy"": ""ambulance_existing"", ""target_id"": ""EMS002"", ""target_name"": ""독립119안전센터"", ""target_region_id"": ""REG017"", ""target_region_name"": ""목천읍""}, {""policy"": ""hospital_upgrade"", ""target_id"": ""JDQ4MTYyMiM2MSMkMSMkMiMkOTkkMzgxMzUxIzIxIyQxIyQ1IyQ3OSQzNjE4MzIjODEjJDEjJDYjJDgz"", ""target_name"": ""앙즈로여성병원"", ""target_region_id"": null, ""target_region_name"": null}]"
908,42,0.6332590197392483,0.0042478320188186,5.443235834934136,10.922183961670516,16.36541979660465,5.932671322458575,12.737212764042843,18.669884086501416,11.18,29.62,"[26, 4, 39]","[{""policy"": ""ambulance_new_base"", ""target_id"": ""REG018"", ""target_name"": ""백석동"", ""target_region_id"": ""REG018"", ""target_region_name"": ""백석동""}, {""policy"": ""ambulance_existing"", ""target_id"": ""EMS005"", ""target_name"": ""성남지역대"", ""target_region_id"": ""REG014"", ""target_region_name"": ""성남면""}, {""policy"": ""hospital_upgrade"", ""target_id"": ""JDQ4MTYyMiM2MSMkMSMkMiMkOTkkMzgxMzUxIzIxIyQxIyQ1IyQ4OSQ0NjEwMDIjNTEjJDEjJDIjJDgz"", ""target_name"": ""천안리턴병원"", ""target_region_id"": null, ""target_region_name"": null}]"
909,42,0.8952528678841816,0.0,5.260793486616837,10.593023926512162,15.853817413128999,5.843096022653826,12.560546383683837,18.403642406337664,11.18,29.62,"[50, 31, 33]","[{""policy"": ""hospital_upgrade"", ""target_id"": ""JDQ4MTYyMiM2MSMkMSMkMiMkOTkkMzgxMzUxIzIxIyQxIyQxIyQwMyQyNjE0ODEjNTEjJDEjJDYjJDgz"", ""target_name"": ""천안21세기병원"", ""target_region_id"": null, ""target_region_name"": null}, {""policy"": ""ambulance_new_base"", ""target_id"": ""REG027"", ""target_name"": ""쌍용3동"", ""target_region_id"": ""REG027"", ""target_region_name"": ""쌍용3동""}, {""policy"": ""hospital_upgrade"", ""target_id"": ""JDQ4MTYyMiM2MSMkMSMkMiMkOTkkMzgxMzUxIzExIyQxIyQ3IyQ5OSQ0NjE0ODEjODEjJDEjJDYjJDgz"", ""target_name"": ""예일병원"", ""target_region_id"": null, ""target_region_name"": null}]"
910,42,0.8790581934683885,0.0,5.260793486616837,10.6183668031703,15.879160289787137,5.843096022653826,12.576741058099634,18.419837080753457,11.18,29.62,"[39, 45, 31]","[{""policy"": ""hospital_upgrade"", ""target_id"": ""JDQ4MTYyMiM2MSMkMSMkMiMkOTkkMzgxMzUxIzIxIyQxIyQ1IyQ4OSQ0NjEwMDIjNTEjJDEjJDIjJDgz"", ""target_name"": ""천안리턴병원"", ""target_region_id"": null, ""target_region_name"": null}, {""policy"": ""hospital_upgrade"", ""target_id"": ""JDQ4MTYyMiM2MSMkMSMkMiMkOTkkMzgxMzUxIzIxIyQxIyQxIyQ3MiQzNjE4MzIjODEjJDEjJDYjJDgz"", ""target_name"": ""삼성스카이병원"", ""target_region_id"": null, ""target_region_name"": null}, {""policy"": ""ambulance_new_base"", ""target_id"": ""REG027"", ""target_name"": ""쌍용3동"", ""target_region_id"": ""REG027"", ""target_region_name"": ""쌍용3동""}]"
911,42,0.1008076702984051,0.1008076702984051,5.599677419354838,11.594193548387098,17.193870967741937,6.034316313600623,13.264578960621222,19.298895274221845,11.18,29.62,"[2, 5, 1]","[{""policy"": ""ambulance_existing"", ""target_id"": ""EMS003"", ""target_name"": ""병천119안전센터"", ""target_region_id"": ""REG012"", ""target_region_name"": ""병천면""}, {""policy"": ""ambulance_existing"", ""target_id"": ""EMS006"", ""target_name"": ""청당119안전센터"", ""target_region_id"": ""REG009"", ""target_region_name"": ""청룡동""}, {""policy"": ""ambulance_existing"", ""target_id"": ""EMS002"", ""target_name"": ""독립119안전센터"", ""target_region_id"": ""REG017"", ""target_region_name"": ""목천읍""}]"
912,42,0.281184225305453,0.009962360354450901,5.599677419354838,11.102009947137324,16.701687366492166,6.034316313600623,12.993357095670223,19.027673409270843,11.18,29.62,"[11, 8, 46]","[{""policy"": ""ambulance_existing"", ""target_id"": ""EMS012"", ""target_name"": ""성거119안전센터"", ""target_region_id"": ""REG029"", ""target_region_name"": ""성거읍""}, {""policy"": ""ambulance_existing"", ""target_id"": ""EMS009"", ""target_name"": ""두정119안전센터"", ""target_region_id"": ""REG024"", ""target_region_name"": ""성정2동""}, {""policy"": ""hospital_upgrade"", ""target_id"": ""JDQ4MTYyMiM2MSMkMSMkMiMkOTkkMzgxMzUxIzIxIyQxIyQxIyQ3OSQyNjEyMjIjNDEjJDEjJDgjJDgz"", ""target_name"": ""우리척병원"", ""target_region_id"": null, ""target_region_name"": null}]"
913,42,1.0795366488949418,0.016448237385324,4.872156816782539,11.594193548387098,16.466350365169635,4.971227902091005,13.264578960621222,18.235806862712227,10.85,29.62,"[1, 22, 25]","[{""policy"": ""ambulance_existing"", ""target_id"": ""EMS002"", ""target_name"": ""독립119안전센터"", ""target_region_id"": ""REG017"", ""target_region_name"": ""목천읍""}, {""policy"": ""ambulance_new_base"", ""target_id"": ""REG008"", ""target_name"": ""중앙동"", ""target_region_id"": ""REG008"", ""target_region_name"": ""중앙동""}, {""policy"": ""ambulance_new_base"", ""target_id"": ""REG015"", ""target_name"": ""수신면"", ""target_region_id"": ""REG015"", ""target_region_name"": ""수신면""}]"
914,42,0.8414020349756548,0.0,5.284148661359985,10.821428023480433,16.10557668484042,5.784166068643291,12.673327170602901,18.45749323924619,11.18,29.62,"[37, 38, 17]","[{""policy"": ""hospital_upgrade"", ""target_id"": ""JDQ4MTYyMiM2MSMkMSMkMiMkOTkkMzgxMzUxIzIxIyQxIyQ1IyQ3OSQyNjE0ODEjNDEjJDEjJDgjJDgz"", ""target_name"": ""마디손병원"", ""target_region_id"": null, ""target_region_name"": null}, {""policy"": ""hospital_upgrade"", ""target_id"": ""JDQ4MTYyMiM2MSMkMSMkMiMkOTkkMzgxMzUxIzIxIyQxIyQ1IyQ3OSQzNjE4MzIjODEjJDEjJDYjJDgz"", ""target_name"": ""앙즈로여성병원"", ""target_region_id"": null, ""target_region_name"": null}, {""policy"": ""ambulance_new_base"", ""target_id"": ""REG002"", ""target_name"": ""봉명동"", ""target_region_id"": ""REG002"", ""target_region_name"": ""봉명동""}]"
915,42,0.4963558731340276,0.0042478320188186,5.443235834934136,11.093193138623256,16.53642897355739,5.932671322458575,12.874115910648063,18.806787233106636,11.18,29.62,"[35, 4, 26]","[{""policy"": ""hospital_upgrade"", ""target_id"": ""JDQ4MTYyMiM2MSMkMSMkMiMkOTkkMzgxMzUxIzIxIyQxIyQ1IyQ2MiQ0NjE0ODEjNjEjJDEjJDgjJDgz"", ""target_name"": ""천안해울병원"", ""target_region_id"": null, ""target_region_name"": null}, {""policy"": ""ambulance_existing"", ""target_id"": ""EMS005"", ""target_name"": ""성남지역대"", ""target_region_id"": ""REG014"", ""target_region_name"": ""성남면""}, {""policy"": ""ambulance_new_base"", ""target_id"": ""REG018"", ""target_name"": ""백석동"", ""target_region_id"": ""REG018"", ""target_region_name"": ""백석동""}]"
916,42,0.5538247715543202,0.0264585749759357,5.599677419354838,10.922183961670516,16.521861381025357,6.034316313600623,12.737212764042843,18.77152907764346,11.18,29.62,"[4, 10, 39]","[{""policy"": ""ambulance_existing"", ""target_id"": ""EMS005"", ""target_name"": ""성남지역대"", ""target_region_id"": ""REG014"", ""target_region_name"": ""성남면""}, {""policy"": ""ambulance_existing"", ""target_id"": ""EMS011"", ""target_name"": ""서부119안전센터"", ""target_region_id"": ""REG023"", ""target_region_name"": ""성정1동""}, {""policy"": ""hospital_upgrade"", ""target_id"": ""JDQ4MTYyMiM2MSMkMSMkMiMkOTkkMzgxMzUxIzIxIyQxIyQ1IyQ4OSQ0NjEwMDIjNTEjJDEjJDIjJDgz"", ""target_name"": ""천안리턴병원"", ""target_region_id"": null, ""target_region_name"": null}]"
917,42,0.5909164817728068,0.0223989791935983,5.599677419354838,10.848247068703982,16.447924488058817,6.034316313600623,12.696061458042019,18.730377771642637,11.18,29.62,"[10, 51, 8]","[{""policy"": ""ambulance_existing"", ""target_id"": ""EMS011"", ""target_name"": ""서부119안전센터"", ""target_region_id"": ""REG023"", ""target_region_name"": ""성정1동""}, {""policy"": ""hospital_upgrade"", ""target_id"": ""JDQ4MTYyMiM2MSMkMSMkMiMkOTkkMzgxMzUxIzIxIyQxIyQxIyQwMyQyNjE4MzIjODEjJDEjJDIjJDgz"", ""target_name"": ""서울대정병원"", ""target_region_id"": null, ""target_region_name"": null}, {""policy"": ""ambulance_existing"", ""target_id"": ""EMS009"", ""target_name"": ""두정119안전센터"", ""target_region_id"": ""REG024"", ""target_region_name"": ""성정2동""}]"
918,42,0.5913757540149852,0.0097741241179697,4.965831614459488,11.594193548387098,16.560025162846586,5.452714683703614,13.264578960621222,18.71729364432483,11.18,29.62,"[16, 31, 11]","[{""policy"": ""ambulance_new_base"", ""target_id"": ""REG001"", ""target_name"": ""문성동"", ""target_region_id"": ""REG001"", ""target_region_name"": ""문성동""}, {""policy"": ""ambulance_new_base"", ""target_id"": ""REG027"", ""target_name"": ""쌍용3동"", ""target_region_id"": ""REG027"", ""target_region_name"": ""쌍용3동""}, {""policy"": ""ambulance_existing"", ""target_id"": ""EMS012"", ""target_name"": ""성거119안전센터"", ""target_region_id"": ""REG029"", ""target_region_name"": ""성거읍""}]"
919,42,0.38721639151901793,0.0394362709980947,5.599677419354838,11.055870298914312,16.65554771826915,6.034316313600623,12.916798840100302,18.951115153700922,11.18,29.62,"[36, 2, 3]","[{""policy"": ""hospital_upgrade"", ""target_id"": ""JDQ4MTYyMiM2MSMkMSMkMiMkOTkkMzgxMzUxIzIxIyQxIyQ1IyQ2MiQzNjE4MzIjODEjJDEjJDIjJDgz"", ""target_name"": ""돋움병원"", ""target_region_id"": null, ""target_region_name"": null}, {""policy"": ""ambulance_existing"", ""target_id"": ""EMS003"", ""target_name"": ""병천119안전센터"", ""target_region_id"": ""REG012"", ""target_region_name"": ""병천면""}, {""policy"": ""ambulance_existing"", ""target_id"": ""EMS004"", ""target_name"": ""북면지역대"", ""target_region_id"": ""REG013"", ""target_region_name"": ""북면""}]"
920,42,0.5118764104188024,0.0362225737006539,5.599677419354838,10.975591027317092,16.57526844667193,6.034316313600623,12.788925123903075,18.823241437503697,11.18,29.62,"[2, 47, 0]","[{""policy"": ""ambulance_existing"", ""target_id"": ""EMS003"", ""target_name"": ""병천119안전센터"", ""target_region_id"": ""REG012"", ""target_region_name"": ""병천면""}, {""policy"": ""hospital_upgrade"", ""target_id"": ""JDQ4MTYyMiM2MSMkMSMkMiMkOTkkMzgxMzUxIzIxIyQxIyQxIyQ4OSQ0NjE0ODEjODEjJDEjJDIjJDgz"", ""target_name"": ""서울우리병원"", ""target_region_id"": null, ""target_region_name"": null}, {""policy"": ""ambulance_existing"", ""target_id"": ""EMS001"", ""target_name"": ""119구조구급센터119안전센터"", ""target_region_id"": ""REG006"", ""target_region_name"": ""원성2동""}]"
921,42,1.3260621675013269,0.0,5.30471554719749,10.440064420572567,15.744779967770056,5.64393497465041,12.328898132070108,17.97283310672052,11.18,29.62,"[50, 51, 16]","[{""policy"": ""hospital_upgrade"", ""target_id"": ""JDQ4MTYyMiM2MSMkMSMkMiMkOTkkMzgxMzUxIzIxIyQxIyQxIyQwMyQyNjE0ODEjNTEjJDEjJDYjJDgz"", ""target_name"": ""천안21세기병원"", ""target_region_id"": null, ""target_region_name"": null}, {""policy"": ""hospital_upgrade"", ""target_id"": ""JDQ4MTYyMiM2MSMkMSMkMiMkOTkkMzgxMzUxIzIxIyQxIyQxIyQwMyQyNjE4MzIjODEjJDEjJDIjJDgz"", ""target_name"": ""서울대정병원"", ""target_region_id"": null, ""target_region_name"": null}, {""policy"": ""ambulance_new_base"", ""target_id"": ""REG001"", ""target_name"": ""문성동"", ""target_region_id"": ""REG001"", ""target_region_name"": ""문성동""}]"
922,42,0.7293836144090475,0.0356736742774606,5.093235834934136,11.594193548387098,16.687429383321234,5.340606373469038,13.264578960621222,18.605185334090258,11.18,29.62,"[12, 24, 26]","[{""policy"": ""ambulance_existing"", ""target_id"": ""EMS013"", ""target_name"": ""성환119안전센터"", ""target_region_id"": ""REG030"", ""target_region_name"": ""성환읍""}, {""policy"": ""ambulance_new_base"", ""target_id"": ""REG011"", ""target_name"": ""동면"", ""target_region_id"": ""REG011"", ""target_region_name"": ""동면""}, {""policy"": ""ambulance_new_base"", ""target_id"": ""REG018"", ""target_name"": ""백석동"", ""target_region_id"": ""REG018"", ""target_region_name"": ""백석동""}]"
923,42,0.3033854543718659,0.0042478320188186,5.284148661359985,11.519141813354748,16.803290474714732,5.784166068643291,13.215591583225512,18.999757651868798,11.18,29.62,"[4, 42, 17]","[{""policy"": ""ambulance_existing"", ""target_id"": ""EMS005"", ""target_name"": ""성남지역대"", ""target_region_id"": ""REG014"", ""target_region_name"": ""성남면""}, {""policy"": ""hospital_upgrade"", ""target_id"": ""JDQ4MTYyMiM2MSMkMSMkMiMkOTkkMzgxMzUxIzIxIyQxIyQ1IyQ5OSQzNjEyMjIjNjEjJDEjJDQjJDgz"", ""target_name"": ""천안다나힐병원"", ""target_region_id"": null, ""target_region_name"": null}, {""policy"": ""ambulance_new_base"", ""target_id"": ""REG002"", ""target_name"": ""봉명동"", ""target_region_id"": ""REG002"", ""target_region_name"": ""봉명동""}]"
924,42,0.6896986318172937,0.0343390146912308,5.232801978072861,11.346236395124912,16.579038373197776,5.567406178782148,13.076129478313634,18.643535657095782,11.18,29.62,"[22, 32, 15]","[{""policy"": ""ambulance_new_base"", ""target_id"": ""REG008"", ""target_name"": ""중앙동"", ""target_region_id"": ""REG008"", ""target_region_name"": ""중앙동""}, {""policy"": ""hospital_upgrade"", ""target_id"": ""JDQ4MTYyMiM2MSMkMSMkMiMkOTkkMzgxMzUxIzExIyQxIyQ3IyQ4OSQzNjE0ODEjODEjJDEjJDYjJDgz"", ""target_name"": ""새로나병원"", ""target_region_id"": null, ""target_region_name"": null}, {""policy"": ""ambulance_existing"", ""target_id"": ""EMS016"", ""target_name"": ""직산119안전센터"", ""target_region_id"": ""REG031"", ""target_region_name"": ""직산읍""}]"
925,42,0.8934026070138508,0.0,5.599677419354838,10.355132947500058,15.954810366854895,6.034316313600623,12.371176353607373,18.405492667207994,11.18,29.62,"[52, 44, 32]","[{""policy"": ""hospital_upgrade"", ""target_id"": ""JDQ4MTYyMiM2MSMkMSMkMiMkOTkkMzgxMzUxIzIxIyQxIyQxIyQxMyQyNjEyMjIjNzEjJDEjJDgjJDgz"", ""target_name"": ""SG삼성조은병원"", ""target_region_id"": null, ""target_region_name"": null}, {""policy"": ""hospital_upgrade"", ""target_id"": ""JDQ4MTYyMiM2MSMkMSMkMiMkOTkkMzgxMzUxIzIxIyQxIyQxIyQ3MiQyNjE0ODEjNDEjJDEjJDgjJDgz"", ""target_name"": ""천안재활병원"", ""target_region_id"": null, ""target_region_name"": null}, {""policy"": ""hospital_upgrade"", ""target_id"": ""JDQ4MTYyMiM2MSMkMSMkMiMkOTkkMzgxMzUxIzExIyQxIyQ3IyQ4OSQzNjE0ODEjODEjJDEjJDYjJDgz"", ""target_name"": ""새로나병원"", ""target_region_id"": null, ""target_region_name"": null}]"
926,42,0.22948964509658712,0.047567140162668296,5.389711263171298,11.594193548387098,16.983904811558396,5.852393808666708,13.264578960621222,19.116972769287926,11.18,29.62,"[0, 20, 9]","[{""policy"": ""ambulance_existing"", ""target_id"": ""EMS001"", ""target_name"": ""119구조구급센터119안전센터"", ""target_region_id"": ""REG006"", ""target_region_name"": ""원성2동""}, {""policy"": ""ambulance_new_base"", ""target_id"": ""REG005"", ""target_name"": ""원성1동"", ""target_region_id"": ""REG005"", ""target_region_name"": ""원성1동""}, {""policy"": ""ambulance_existing"", ""target_id"": ""EMS010"", ""target_name"": ""불당119안전센터"", ""target_region_id"": ""REG022"", ""target_region_name"": ""불당2동""}]"
927,42,0.0648767814627914,0.0648767814627914,5.599677419354838,11.594193548387098,17.193870967741937,6.034316313600623,13.264578960621222,19.298895274221845,11.18,29.62,"[15, 14, 7]","[{""policy"": ""ambulance_existing"", ""target_id"": ""EMS016"", ""target_name"": ""직산119안전센터"", ""target_region_id"": ""REG031"", ""target_region_name"": ""직산읍""}, {""policy"": ""ambulance_existing"", ""target_id"": ""EMS015"", ""target_name"": ""입장119안전센터"", ""target_region_id"": ""REG028"", ""target_region_name"": ""입장면""}, {""policy"": ""ambulance_existing"", ""target_id"": ""EMS008"", ""target_name"": ""119구조구급센터119안전센터"", ""target_region_id"": ""REG031"", ""target_region_name"": ""직산읍""}]"
928,42,0.7521434373435554,0.0,5.443235834934136,10.75547464277506,16.198710477709195,5.932671322458575,12.614080514419713,18.54675183687829,11.18,29.62,"[39, 26, 43]","[{""policy"": ""hospital_upgrade"", ""target_id"": ""JDQ4MTYyMiM2MSMkMSMkMiMkOTkkMzgxMzUxIzIxIyQxIyQ1IyQ4OSQ0NjEwMDIjNTEjJDEjJDIjJDgz"", ""target_name"": ""천안리턴병원"", ""target_region_id"": null, ""target_region_name"": null}, {""policy"": ""ambulance_new_base"", ""target_id"": ""REG018"", ""target_name"": ""백석동"", ""target_region_id"": ""REG018"", ""target_region_name"": ""백석동""}, {""policy"": ""hospital_upgrade"", ""target_id"": ""JDQ4MTYyMiM2MSMkMSMkMiMkOTkkMzgxMzUxIzIxIyQxIyQxIyQ2MiQ0NjE0ODEjNDEjJDEjJDQjJDgz"", ""target_name"": ""연세나무병원"", ""target_region_id"": null, ""target_region_name"": null}]"
929,42,0.6026925276019149,0.016448237385324,5.599677419354838,10.820848989755353,16.42052640911019,6.034316313600623,12.678334670404636,18.712650984005254,11.18,29.62,"[1, 51, 43]","[{""policy"": ""ambulance_existing"", ""target_id"": ""EMS002"", ""target_name"": ""독립119안전센터"", ""target_region_id"": ""REG017"", ""target_region_name"": ""목천읍""}, {""policy"": ""hospital_upgrade"", ""target_id"": ""JDQ4MTYyMiM2MSMkMSMkMiMkOTkkMzgxMzUxIzIxIyQxIyQxIyQwMyQyNjE4MzIjODEjJDEjJDIjJDgz"", ""target_name"": ""서울대정병원"", ""target_region_id"": null, ""target_region_name"": null}, {""policy"": ""hospital_upgrade"", ""target_id"": ""JDQ4MTYyMiM2MSMkMSMkMiMkOTkkMzgxMzUxIzIxIyQxIyQxIyQ2MiQ0NjE0ODEjNDEjJDEjJDQjJDgz"", ""target_name"": ""연세나무병원"", ""target_region_id"": null, ""target_region_name"": null}]"
930,42,0.7135365335311148,0.0042478320188186,5.389711263171298,10.922183961670516,16.311895224841816,5.852393808666708,12.737212764042843,18.58960657270955,11.18,29.62,"[39, 4, 20]","[{""policy"": ""hospital_upgrade"", ""target_id"": ""JDQ4MTYyMiM2MSMkMSMkMiMkOTkkMzgxMzUxIzIxIyQxIyQ1IyQ4OSQ0NjEwMDIjNTEjJDEjJDIjJDgz"", ""target_name"": ""천안리턴병원"", ""target_region_id"": null, ""target_region_name"": null}, {""policy"": ""ambulance_existing"", ""target_id"": ""EMS005"", ""target_name"": ""성남지역대"", ""target_region_id"": ""REG014"", ""target_region_name"": ""성남면""}, {""policy"": ""ambulance_new_base"", ""target_id"": ""REG005"", ""target_name"": ""원성1동"", ""target_region_id"": ""REG005"", ""target_region_name"": ""원성1동""}]"
931,42,0.9580013684449362,0.0,5.074182505176446,10.912914642839256,15.987097148015705,5.602243563709376,12.738650342067533,18.34089390577691,11.18,29.62,"[52, 17, 20]","[{""policy"": ""hospital_upgrade"", ""target_id"": ""JDQ4MTYyMiM2MSMkMSMkMiMkOTkkMzgxMzUxIzIxIyQxIyQxIyQxMyQyNjEyMjIjNzEjJDEjJDgjJDgz"", ""target_name"": ""SG삼성조은병원"", ""target_region_id"": null, ""target_region_name"": null}, {""policy"": ""ambulance_new_base"", ""target_id"": ""REG002"", ""target_name"": ""봉명동"", ""target_region_id"": ""REG002"", ""target_region_name"": ""봉명동""}, {""policy"": ""ambulance_new_base"", ""target_id"": ""REG005"", ""target_name"": ""원성1동"", ""target_region_id"": ""REG005"", ""target_region_name"": ""원성1동""}]"
932,42,0.2516763738458535,0.044421262105391296,5.265170274394114,11.594193548387098,16.859363822781212,5.8270612018601655,13.264578960621222,19.091640162481383,11.18,29.62,"[30, 10, 7]","[{""policy"": ""ambulance_new_base"", ""target_id"": ""REG025"", ""target_name"": ""쌍용1동"", ""target_region_id"": ""REG025"", ""target_region_name"": ""쌍용1동""}, {""policy"": ""ambulance_existing"", ""target_id"": ""EMS011"", ""target_name"": ""서부119안전센터"", ""target_region_id"": ""REG023"", ""target_region_name"": ""성정1동""}, {""policy"": ""ambulance_existing"", ""target_id"": ""EMS008"", ""target_name"": ""119구조구급센터119안전센터"", ""target_region_id"": ""REG031"", ""target_region_name"": ""직산읍""}]"
933,42,0.7656823871359594,0.0001882362364812,5.265170274394114,10.860143321295778,16.125313595689892,5.8270612018601655,12.706339921462204,18.533401123322367,11.18,29.62,"[8, 43, 30]","[{""policy"": ""ambulance_existing"", ""target_id"": ""EMS009"", ""target_name"": ""두정119안전센터"", ""target_region_id"": ""REG024"", ""target_region_name"": ""성정2동""}, {""policy"": ""hospital_upgrade"", ""target_id"": ""JDQ4MTYyMiM2MSMkMSMkMiMkOTkkMzgxMzUxIzIxIyQxIyQxIyQ2MiQ0NjE0ODEjNDEjJDEjJDQjJDgz"", ""target_name"": ""연세나무병원"", ""target_region_id"": null, ""target_region_name"": null}, {""policy"": ""ambulance_new_base"", ""target_id"": ""REG025"", ""target_name"": ""쌍용1동"", ""target_region_id"": ""REG025"", ""target_region_name"": ""쌍용1동""}]"
934,42,0.461579235494199,0.0222105191482742,5.30471554719749,11.519141813354748,16.823857360552235,5.64393497465041,13.215591583225512,18.85952655787592,11.18,29.62,"[16, 42, 7]","[{""policy"": ""ambulance_new_base"", ""target_id"": ""REG001"", ""target_name"": ""문성동"", ""target_region_id"": ""REG001"", ""target_region_name"": ""문성동""}, {""policy"": ""hospital_upgrade"", ""target_id"": ""JDQ4MTYyMiM2MSMkMSMkMiMkOTkkMzgxMzUxIzIxIyQxIyQ1IyQ5OSQzNjEyMjIjNjEjJDEjJDQjJDgz"", ""target_name"": ""천안다나힐병원"", ""target_region_id"": null, ""target_region_name"": null}, {""policy"": ""ambulance_existing"", ""target_id"": ""EMS008"", ""target_name"": ""119구조구급센터119안전센터"", ""target_region_id"": ""REG031"", ""target_region_name"": ""직산읍""}]"
935,42,0.3618020766577115,0.014021956136788302,5.599677419354838,11.055870298914312,16.65554771826915,6.034316313600623,12.916798840100302,18.951115153700922,11.18,29.62,"[4, 36, 11]","[{""policy"": ""ambulance_existing"", ""target_id"": ""EMS005"", ""target_name"": ""성남지역대"", ""target_region_id"": ""REG014"", ""target_region_name"": ""성남면""}, {""policy"": ""hospital_upgrade"", ""target_id"": ""JDQ4MTYyMiM2MSMkMSMkMiMkOTkkMzgxMzUxIzIxIyQxIyQ1IyQ2MiQzNjE4MzIjODEjJDEjJDIjJDgz"", ""target_name"": ""돋움병원"", ""target_region_id"": null, ""target_region_name"": null}, {""policy"": ""ambulance_existing"", ""target_id"": ""EMS012"", ""target_name"": ""성거119안전센터"", ""target_region_id"": ""REG029"", ""target_region_name"": ""성거읍""}]"
936,42,0.5472589392803329,0.0,4.811335597823223,11.594193548387098,16.40552914621032,5.487057374320293,13.264578960621222,18.751636334941512,11.18,29.62,"[30, 19, 29]","[{""policy"": ""ambulance_new_base"", ""target_id"": ""REG025"", ""target_name"": ""쌍용1동"", ""target_region_id"": ""REG025"", ""target_region_name"": ""쌍용1동""}, {""policy"": ""ambulance_new_base"", ""target_id"": ""REG004"", ""target_name"": ""신안동"", ""target_region_id"": ""REG004"", ""target_region_name"": ""신안동""}, {""policy"": ""ambulance_new_base"", ""target_id"": ""REG021"", ""target_name"": ""불당1동"", ""target_region_id"": ""REG021"", ""target_region_name"": ""불당1동""}]"
937,42,0.9659330588600366,0.0461916173658476,5.30471554719749,10.903044755594616,16.207760302792103,5.64393497465041,12.73521885807725,18.379153832727656,11.18,29.62,"[37, 9, 16]","[{""policy"": ""hospital_upgrade"", ""target_id"": ""JDQ4MTYyMiM2MSMkMSMkMiMkOTkkMzgxMzUxIzIxIyQxIyQ1IyQ3OSQyNjE0ODEjNDEjJDEjJDgjJDgz"", ""target_name"": ""마디손병원"", ""target_region_id"": null, ""target_region_name"": null}, {""policy"": ""ambulance_existing"", ""target_id"": ""EMS010"", ""target_name"": ""불당119안전센터"", ""target_region_id"": ""REG022"", ""target_region_name"": ""불당2동""}, {""policy"": ""ambulance_new_base"", ""target_id"": ""REG001"", ""target_name"": ""문성동"", ""target_region_id"": ""REG001"", ""target_region_name"": ""문성동""}]"
938,42,0.952026168320881,0.0343390146912308,5.599677419354838,10.46215198404009,16.061829403394928,6.034316313600623,12.346891806991572,18.381208120592195,11.18,29.62,"[15, 50, 37]","[{""policy"": ""ambulance_existing"", ""target_id"": ""EMS016"", ""target_name"": ""직산119안전센터"", ""target_region_id"": ""REG031"", ""target_region_name"": ""직산읍""}, {""policy"": ""hospital_upgrade"", ""target_id"": ""JDQ4MTYyMiM2MSMkMSMkMiMkOTkkMzgxMzUxIzIxIyQxIyQxIyQwMyQyNjE0ODEjNTEjJDEjJDYjJDgz"", ""target_name"": ""천안21세기병원"", ""target_region_id"": null, ""target_region_name"": null}, {""policy"": ""hospital_upgrade"", ""target_id"": ""JDQ4MTYyMiM2MSMkMSMkMiMkOTkkMzgxMzUxIzIxIyQxIyQ1IyQ3OSQyNjE0ODEjNDEjJDEjJDgjJDgz"", ""target_name"": ""마디손병원"", ""target_region_id"": null, ""target_region_name"": null}]"
939,42,0.27772334839408475,0.0059647428910822005,5.599677419354838,11.101640188418845,16.701317607773685,6.034316313600623,12.992820355118223,19.027136668718843,11.18,29.62,"[0, 3, 53]","[{""policy"": ""ambulance_existing"", ""target_id"": ""EMS001"", ""target_name"": ""119구조구급센터119안전센터"", ""target_region_id"": ""REG006"", ""target_region_name"": ""원성2동""}, {""policy"": ""ambulance_existing"", ""target_id"": ""EMS004"", ""target_name"": ""북면지역대"", ""target_region_id"": ""REG013"", ""target_region_name"": ""북면""}, {""policy"": ""hospital_upgrade"", ""target_id"": ""JDQ4MTYyMiM2MSMkMSMkMiMkOTkkMzgxMzUxIzIxIyQyIyQ1IyQwMCQyNjEwMDIjNDEjJDEjJDgjJDgz"", ""target_name"": ""이화병원"", ""target_region_id"": null, ""target_region_name"": null}]"
940,42,0.5670760912721031,0.0088370521130801,5.599677419354838,10.860143321295778,16.459820740650617,6.034316313600623,12.706339921462204,18.740656235062822,11.18,29.62,"[3, 4, 43]","[{""policy"": ""ambulance_existing"", ""target_id"": ""EMS004"", ""target_name"": ""북면지역대"", ""target_region_id"": ""REG013"", ""target_region_name"": ""북면""}, {""policy"": ""ambulance_existing"", ""target_id"": ""EMS005"", ""target_name"": ""성남지역대"", ""target_region_id"": ""REG014"", ""target_region_name"": ""성남면""}, {""policy"": ""hospital_upgrade"", ""target_id"": ""JDQ4MTYyMiM2MSMkMSMkMiMkOTkkMzgxMzUxIzIxIyQxIyQxIyQ2MiQ0NjE0ODEjNDEjJDEjJDQjJDgz"", ""target_name"": ""연세나무병원"", ""target_region_id"": null, ""target_region_name"": null}]"
941,42,0.47958497867217,0.0348470509038332,5.342699713174523,11.102009947137324,16.44470966031185,5.860800250783288,12.993357095670223,18.85415734645351,11.18,29.62,"[46, 2, 29]","[{""policy"": ""hospital_upgrade"", ""target_id"": ""JDQ4MTYyMiM2MSMkMSMkMiMkOTkkMzgxMzUxIzIxIyQxIyQxIyQ3OSQyNjEyMjIjNDEjJDEjJDgjJDgz"", ""target_name"": ""우리척병원"", ""target_region_id"": null, ""target_region_name"": null}, {""policy"": ""ambulance_existing"", ""target_id"": ""EMS003"", ""target_name"": ""병천119안전센터"", ""target_region_id"": ""REG012"", ""target_region_name"": ""병천면""}, {""policy"": ""ambulance_new_base"", ""target_id"": ""REG021"", ""target_name"": ""불당1동"", ""target_region_id"": ""REG021"", ""target_region_name"": ""불당1동""}]"
942,42,0.801254686084337,0.0356736742774606,4.992699713174523,11.594193548387098,16.58689326156162,5.2687353017937495,13.264578960621222,18.53331426241497,11.18,29.62,"[24, 12, 29]","[{""policy"": ""ambulance_new_base"", ""target_id"": ""REG011"", ""target_name"": ""동면"", ""target_region_id"": ""REG011"", ""target_region_name"": ""동면""}, {""policy"": ""ambulance_existing"", ""target_id"": ""EMS013"", ""target_name"": ""성환119안전센터"", ""target_region_id"": ""REG030"", ""target_region_name"": ""성환읍""}, {""policy"": ""ambulance_new_base"", ""target_id"": ""REG021"", ""target_name"": ""불당1동"", ""target_region_id"": ""REG021"", ""target_region_name"": ""불당1동""}]"
943,42,0.5242237943797662,0.0083272476232864,5.599677419354838,10.93531963982868,16.53499705918352,6.034316313600623,12.748682413864744,18.782998727465365,11.18,29.62,"[47, 14, 42]","[{""policy"": ""hospital_upgrade"", ""target_id"": ""JDQ4MTYyMiM2MSMkMSMkMiMkOTkkMzgxMzUxIzIxIyQxIyQxIyQ4OSQ0NjE0ODEjODEjJDEjJDIjJDgz"", ""target_name"": ""서울우리병원"", ""target_region_id"": null, ""target_region_name"": null}, {""policy"": ""ambulance_existing"", ""target_id"": ""EMS015"", ""target_name"": ""입장119안전센터"", ""target_region_id"": ""REG028"", ""target_region_name"": ""입장면""}, {""policy"": ""hospital_upgrade"", ""target_id"": ""JDQ4MTYyMiM2MSMkMSMkMiMkOTkkMzgxMzUxIzIxIyQxIyQ1IyQ5OSQzNjEyMjIjNjEjJDEjJDQjJDgz"", ""target_name"": ""천안다나힐병원"", ""target_region_id"": null, ""target_region_name"": null}]"
944,42,0.7441468519605259,0.0,5.443235834934136,10.629293684018348,16.072529518952486,5.932671322458575,12.622077099802747,18.55474842226132,11.18,29.62,"[53, 26, 47]","[{""policy"": ""hospital_upgrade"", ""target_id"": ""JDQ4MTYyMiM2MSMkMSMkMiMkOTkkMzgxMzUxIzIxIyQyIyQ1IyQwMCQyNjEwMDIjNDEjJDEjJDgjJDgz"", ""target_name"": ""이화병원"", ""target_region_id"": null, ""target_region_name"": null}, {""policy"": ""ambulance_new_base"", ""target_id"": ""REG018"", ""target_name"": ""백석동"", ""target_region_id"": ""REG018"", ""target_region_name"": ""백석동""}, {""policy"": ""hospital_upgrade"", ""target_id"": ""JDQ4MTYyMiM2MSMkMSMkMiMkOTkkMzgxMzUxIzIxIyQxIyQxIyQ4OSQ0NjE0ODEjODEjJDEjJDIjJDgz"", ""target_name"": ""서울우리병원"", ""target_region_id"": null, ""target_region_name"": null}]"
945,42,0.9200421332038182,0.0,5.342699713174523,10.549452146020696,15.89215185919522,5.860800250783288,12.518052890234742,18.378853141018027,11.18,29.62,"[44, 51, 29]","[{""policy"": ""hospital_upgrade"", ""target_id"": ""JDQ4MTYyMiM2MSMkMSMkMiMkOTkkMzgxMzUxIzIxIyQxIyQxIyQ3MiQyNjE0ODEjNDEjJDEjJDgjJDgz"", ""target_name"": ""천안재활병원"", ""target_region_id"": null, ""target_region_name"": null}, {""policy"": ""hospital_upgrade"", ""target_id"": ""JDQ4MTYyMiM2MSMkMSMkMiMkOTkkMzgxMzUxIzIxIyQxIyQxIyQwMyQyNjE4MzIjODEjJDEjJDIjJDgz"", ""target_name"": ""서울대정병원"", ""target_region_id"": null, ""target_region_name"": null}, {""policy"": ""ambulance_new_base"", ""target_id"": ""REG021"", ""target_name"": ""불당1동"", ""target_region_id"": ""REG021"", ""target_region_name"": ""불당1동""}]"
946,42,1.1172311677169344,0.0495123820092479,5.249677419354838,10.975591027317092,16.22526844667193,5.442251364611085,12.788925123903075,18.23117648851416,11.18,29.62,"[47, 5, 24]","[{""policy"": ""hospital_upgrade"", ""target_id"": ""JDQ4MTYyMiM2MSMkMSMkMiMkOTkkMzgxMzUxIzIxIyQxIyQxIyQ4OSQ0NjE0ODEjODEjJDEjJDIjJDgz"", ""target_name"": ""서울우리병원"", ""target_region_id"": null, ""target_region_name"": null}, {""policy"": ""ambulance_existing"", ""target_id"": ""EMS006"", ""target_name"": ""청당119안전센터"", ""target_region_id"": ""REG009"", ""target_region_name"": ""청룡동""}, {""policy"": ""ambulance_new_base"", ""target_id"": ""REG011"", ""target_name"": ""동면"", ""target_region_id"": ""REG011"", ""target_region_name"": ""동면""}]"
947,42,0.7158330963602388,0.0,5.599677419354838,10.609950927195154,16.20962834654999,6.034316313600623,12.548745864260985,18.583062177861606,11.18,29.62,"[41, 36, 47]","[{""policy"": ""hospital_upgrade"", ""target_id"": ""JDQ4MTYyMiM2MSMkMSMkMiMkOTkkMzgxMzUxIzIxIyQxIyQ1IyQ4OSQyNjEyMjIjNjEjJDEjJDQjJDgz"", ""target_name"": ""서울프라임병원"", ""target_region_id"": null, ""target_region_name"": null}, {""policy"": ""hospital_upgrade"", ""target_id"": ""JDQ4MTYyMiM2MSMkMSMkMiMkOTkkMzgxMzUxIzIxIyQxIyQ1IyQ2MiQzNjE4MzIjODEjJDEjJDIjJDgz"", ""target_name"": ""돋움병원"", ""target_region_id"": null, ""target_region_name"": null}, {""policy"": ""hospital_upgrade"", ""target_id"": ""JDQ4MTYyMiM2MSMkMSMkMiMkOTkkMzgxMzUxIzIxIyQxIyQxIyQ4OSQ0NjE0ODEjODEjJDEjJDIjJDgz"", ""target_name"": ""서울우리병원"", ""target_region_id"": null, ""target_region_name"": null}]"
948,42,0.4170122338656566,0.0045892200942615,5.053085065755446,11.594193548387098,16.647278614142543,5.621893299829232,13.264578960621222,18.88647226045045,11.18,29.62,"[21, 19, 3]","[{""policy"": ""ambulance_new_base"", ""target_id"": ""REG007"", ""target_name"": ""일봉동"", ""target_region_id"": ""REG007"", ""target_region_name"": ""일봉동""}, {""policy"": ""ambulance_new_base"", ""target_id"": ""REG004"", ""target_name"": ""신안동"", ""target_region_id"": ""REG004"", ""target_region_name"": ""신안동""}, {""policy"": ""ambulance_existing"", ""target_id"": ""EMS004"", ""target_name"": ""북면지역대"", ""target_region_id"": ""REG013"", ""target_region_name"": ""북면""}]"
949,42,0.884795440497918,6.036187032550563e-05,5.048709677419355,11.594193548387098,16.64290322580645,5.149581234973032,13.264578960621222,18.414160195594253,11.18,29.62,"[23, 24, 13]","[{""policy"": ""ambulance_new_base"", ""target_id"": ""REG010"", ""target_name"": ""광덕면"", ""target_region_id"": ""REG010"", ""target_region_name"": ""광덕면""}, {""policy"": ""ambulance_new_base"", ""target_id"": ""REG011"", ""target_name"": ""동면"", ""target_region_id"": ""REG011"", ""target_region_name"": ""동면""}, {""policy"": ""ambulance_existing"", ""target_id"": ""EMS014"", ""target_name"": ""쌍용119안전센터"", ""target_region_id"": ""REG026"", ""target_region_name"": ""쌍용2동""}]"
950,42,0.5611266647589629,0.03439937656155631,5.599677419354838,10.914895644369402,16.514573063724242,6.034316313600623,12.73785167242382,18.77216798602444,11.18,29.62,"[40, 15, 13]","[{""policy"": ""hospital_upgrade"", ""target_id"": ""JDQ4MTYyMiM2MSMkMSMkMiMkOTkkMzgxMzUxIzIxIyQxIyQ1IyQ4OSQyNjE4MzIjNTEjJDEjJDYjJDgz"", ""target_name"": ""아이본병원"", ""target_region_id"": null, ""target_region_name"": null}, {""policy"": ""ambulance_existing"", ""target_id"": ""EMS016"", ""target_name"": ""직산119안전센터"", ""target_region_id"": ""REG031"", ""target_region_name"": ""직산읍""}, {""policy"": ""ambulance_existing"", ""target_id"": ""EMS014"", ""target_name"": ""쌍용119안전센터"", ""target_region_id"": ""REG026"", ""target_region_name"": ""쌍용2동""}]"
951,42,0.6152966092111305,0.057057570052107404,5.599677419354838,10.860143321295778,16.459820740650617,6.034316313600623,12.706339921462204,18.740656235062822,11.18,29.62,"[7, 2, 43]","[{""policy"": ""ambulance_existing"", ""target_id"": ""EMS008"", ""target_name"": ""119구조구급센터119안전센터"", ""target_region_id"": ""REG031"", ""target_region_name"": ""직산읍""}, {""policy"": ""ambulance_existing"", ""target_id"": ""EMS003"", ""target_name"": ""병천119안전센터"", ""target_region_id"": ""REG012"", ""target_region_name"": ""병천면""}, {""policy"": ""hospital_upgrade"", ""target_id"": ""JDQ4MTYyMiM2MSMkMSMkMiMkOTkkMzgxMzUxIzIxIyQxIyQxIyQ2MiQ0NjE0ODEjNDEjJDEjJDQjJDgz"", ""target_name"": ""연세나무병원"", ""target_region_id"": null, ""target_region_name"": null}]"
952,42,0.3291169337033113,0.0222105191482742,5.094219760816495,11.594193548387098,16.688413309203597,5.72740989904559,13.264578960621222,18.991988859666808,11.18,29.62,"[31, 7, 30]","[{""policy"": ""ambulance_new_base"", ""target_id"": ""REG027"", ""target_name"": ""쌍용3동"", ""target_region_id"": ""REG027"", ""target_region_name"": ""쌍용3동""}, {""policy"": ""ambulance_existing"", ""target_id"": ""EMS008"", ""target_name"": ""119구조구급센터119안전센터"", ""target_region_id"": ""REG031"", ""target_region_name"": ""직산읍""}, {""policy"": ""ambulance_new_base"", ""target_id"": ""REG025"", ""target_name"": ""쌍용1동"", ""target_region_id"": ""REG025"", ""target_region_name"": ""쌍용1동""}]"
953,42,0.7584620582736582,0.0495123820092479,5.599677419354838,10.676082023976006,16.275759443330845,6.034316313600623,12.555629284356812,18.589945597957435,11.18,29.62,"[44, 5, 50]","[{""policy"": ""hospital_upgrade"", ""target_id"": ""JDQ4MTYyMiM2MSMkMSMkMiMkOTkkMzgxMzUxIzIxIyQxIyQxIyQ3MiQyNjE0ODEjNDEjJDEjJDgjJDgz"", ""target_name"": ""천안재활병원"", ""target_region_id"": null, ""target_region_name"": null}, {""policy"": ""ambulance_existing"", ""target_id"": ""EMS006"", ""target_name"": ""청당119안전센터"", ""target_region_id"": ""REG009"", ""target_region_name"": ""청룡동""}, {""policy"": ""hospital_upgrade"", ""target_id"": ""JDQ4MTYyMiM2MSMkMSMkMiMkOTkkMzgxMzUxIzIxIyQxIyQxIyQwMyQyNjE0ODEjNTEjJDEjJDYjJDgz"", ""target_name"": ""천안21세기병원"", ""target_region_id"": null, ""target_region_name"": null}]"
954,42,0.2308411536855571,0.0235860419450949,5.265170274394114,11.594193548387098,16.859363822781212,5.8270612018601655,13.264578960621222,19.091640162481383,11.18,29.62,"[30, 0, 7]","[{""policy"": ""ambulance_new_base"", ""target_id"": ""REG025"", ""target_name"": ""쌍용1동"", ""target_region_id"": ""REG025"", ""target_region_name"": ""쌍용1동""}, {""policy"": ""ambulance_existing"", ""target_id"": ""EMS001"", ""target_name"": ""119구조구급센터119안전센터"", ""target_region_id"": ""REG006"", ""target_region_name"": ""원성2동""}, {""policy"": ""ambulance_existing"", ""target_id"": ""EMS008"", ""target_name"": ""119구조구급센터119안전센터"", ""target_region_id"": ""REG031"", ""target_region_name"": ""직산읍""}]"
955,42,0.607257920254485,0.0805306320570784,5.599677419354838,10.914895644369402,16.514573063724242,6.034316313600623,12.73785167242382,18.77216798602444,11.18,29.62,"[40, 15, 9]","[{""policy"": ""hospital_upgrade"", ""target_id"": ""JDQ4MTYyMiM2MSMkMSMkMiMkOTkkMzgxMzUxIzIxIyQxIyQ1IyQ4OSQyNjE4MzIjNTEjJDEjJDYjJDgz"", ""target_name"": ""아이본병원"", ""target_region_id"": null, ""target_region_name"": null}, {""policy"": ""ambulance_existing"", ""target_id"": ""EMS016"", ""target_name"": ""직산119안전센터"", ""target_region_id"": ""REG031"", ""target_region_name"": ""직산읍""}, {""policy"": ""ambulance_existing"", ""target_id"": ""EMS010"", ""target_name"": ""불당119안전센터"", ""target_region_id"": ""REG022"", ""target_region_name"": ""불당2동""}]"
956,42,0.8117245840585685,0.0348470509038332,5.284148661359985,10.914895644369402,16.19904430572939,5.784166068643291,12.73785167242382,18.52201774106711,11.18,29.62,"[17, 40, 2]","[{""policy"": ""ambulance_new_base"", ""target_id"": ""REG002"", ""target_name"": ""봉명동"", ""target_region_id"": ""REG002"", ""target_region_name"": ""봉명동""}, {""policy"": ""hospital_upgrade"", ""target_id"": ""JDQ4MTYyMiM2MSMkMSMkMiMkOTkkMzgxMzUxIzIxIyQxIyQ1IyQ4OSQyNjE4MzIjNTEjJDEjJDYjJDgz"", ""target_name"": ""아이본병원"", ""target_region_id"": null, ""target_region_name"": null}, {""policy"": ""ambulance_existing"", ""target_id"": ""EMS003"", ""target_name"": ""병천119안전센터"", ""target_region_id"": ""REG012"", ""target_region_name"": ""병천면""}]"
957,42,0.6228910877704728,0.0,5.084019293068449,11.013231528881516,16.097250821949967,5.776772674807963,12.899231511643416,18.676004186451372,11.18,29.62,"[44, 31, 18]","[{""policy"": ""hospital_upgrade"", ""target_id"": ""JDQ4MTYyMiM2MSMkMSMkMiMkOTkkMzgxMzUxIzIxIyQxIyQxIyQ3MiQyNjE0ODEjNDEjJDEjJDgjJDgz"", ""target_name"": ""천안재활병원"", ""target_region_id"": null, ""target_region_name"": null}, {""policy"": ""ambulance_new_base"", ""target_id"": ""REG027"", ""target_name"": ""쌍용3동"", ""target_region_id"": ""REG027"", ""target_region_name"": ""쌍용3동""}, {""policy"": ""ambulance_new_base"", ""target_id"": ""REG003"", ""target_name"": ""신방동"", ""target_region_id"": ""REG003"", ""target_region_name"": ""신방동""}]"
958,42,0.2412149334600254,0.0013755227968207,5.165925519626136,11.594193548387098,16.760119068013232,5.794476902937423,13.264578960621222,19.05905586355864,11.18,29.62,"[0, 29, 18]","[{""policy"": ""ambulance_existing"", ""target_id"": ""EMS001"", ""target_name"": ""119구조구급센터119안전센터"", ""target_region_id"": ""REG006"", ""target_region_name"": ""원성2동""}, {""policy"": ""ambulance_new_base"", ""target_id"": ""REG021"", ""target_name"": ""불당1동"", ""target_region_id"": ""REG021"", ""target_region_name"": ""불당1동""}, {""policy"": ""ambulance_new_base"", ""target_id"": ""REG003"", ""target_name"": ""신방동"", ""target_region_id"": ""REG003"", ""target_region_name"": ""신방동""}]"
959,42,0.664677602946593,0.0222107429571171,5.599677419354838,10.639555020809722,16.23923244016456,6.034316313600623,12.62211210063175,18.65642841423237,11.18,29.62,"[52, 53, 10]","[{""policy"": ""hospital_upgrade"", ""target_id"": ""JDQ4MTYyMiM2MSMkMSMkMiMkOTkkMzgxMzUxIzIxIyQxIyQxIyQxMyQyNjEyMjIjNzEjJDEjJDgjJDgz"", ""target_name"": ""SG삼성조은병원"", ""target_region_id"": null, ""target_region_name"": null}, {""policy"": ""hospital_upgrade"", ""target_id"": ""JDQ4MTYyMiM2MSMkMSMkMiMkOTkkMzgxMzUxIzIxIyQyIyQ1IyQwMCQyNjEwMDIjNDEjJDEjJDgjJDgz"", ""target_name"": ""이화병원"", ""target_region_id"": null, ""target_region_name"": null}, {""policy"": ""ambulance_existing"", ""target_id"": ""EMS011"", ""target_name"": ""서부119안전센터"", ""target_region_id"": ""REG023"", ""target_region_name"": ""성정1동""}]"
960,42,0.17852526544888692,0.07688027430683819,5.443235834934136,11.594193548387098,17.037429383321232,5.932671322458575,13.264578960621222,19.197250283079796,11.18,29.62,"[9, 6, 26]","[{""policy"": ""ambulance_existing"", ""target_id"": ""EMS010"", ""target_name"": ""불당119안전센터"", ""target_region_id"": ""REG022"", ""target_region_name"": ""불당2동""}, {""policy"": ""ambulance_existing"", ""target_id"": ""EMS007"", ""target_name"": ""풍세119안전센터"", ""target_region_id"": ""REG016"", ""target_region_name"": ""풍세면""}, {""policy"": ""ambulance_new_base"", ""target_id"": ""REG018"", ""target_name"": ""백석동"", ""target_region_id"": ""REG018"", ""target_region_name"": ""백석동""}]"
961,42,0.726923033618457,0.0097741241179697,5.260793486616837,10.912914642839256,16.173708129456095,5.843096022653826,12.738650342067533,18.581746364721358,11.18,29.62,"[31, 52, 11]","[{""policy"": ""ambulance_new_base"", ""target_id"": ""REG027"", ""target_name"": ""쌍용3동"", ""target_region_id"": ""REG027"", ""target_region_name"": ""쌍용3동""}, {""policy"": ""hospital_upgrade"", ""target_id"": ""JDQ4MTYyMiM2MSMkMSMkMiMkOTkkMzgxMzUxIzIxIyQxIyQxIyQxMyQyNjEyMjIjNzEjJDEjJDgjJDgz"", ""target_name"": ""SG삼성조은병원"", ""target_region_id"": null, ""target_region_name"": null}, {""policy"": ""ambulance_existing"", ""target_id"": ""EMS012"", ""target_name"": ""성거119안전센터"", ""target_region_id"": ""REG029"", ""target_region_name"": ""성거읍""}]"
962,42,1.3633071226123796,0.0,5.249677419354838,10.538768492935347,15.788445912290186,5.442251364611085,12.493336786998384,17.935588151609466,11.18,29.62,"[39, 48, 24]","[{""policy"": ""hospital_upgrade"", ""target_id"": ""JDQ4MTYyMiM2MSMkMSMkMiMkOTkkMzgxMzUxIzIxIyQxIyQ1IyQ4OSQ0NjEwMDIjNTEjJDEjJDIjJDgz"", ""target_name"": ""천안리턴병원"", ""target_region_id"": null, ""target_region_name"": null}, {""policy"": ""hospital_upgrade"", ""target_id"": ""JDQ4MTYyMiM2MSMkMSMkMiMkOTkkMzgxMzUxIzIxIyQxIyQxIyQ5MiQyNjE4MzIjNDEjJDEjJDgjJDgz"", ""target_name"": ""혜성산부인과병원"", ""target_region_id"": null, ""target_region_name"": null}, {""policy"": ""ambulance_new_base"", ""target_id"": ""REG011"", ""target_name"": ""동면"", ""target_region_id"": ""REG011"", ""target_region_name"": ""동면""}]"
963,42,0.31012447915175295,0.022271104827442604,5.36265655090189,11.594193548387098,16.956850099288985,5.746462939276316,13.264578960621222,19.011041899897535,11.18,29.62,"[10, 28, 13]","[{""policy"": ""ambulance_existing"", ""target_id"": ""EMS011"", ""target_name"": ""서부119안전센터"", ""target_region_id"": ""REG023"", ""target_region_name"": ""성정1동""}, {""policy"": ""ambulance_new_base"", ""target_id"": ""REG020"", ""target_name"": ""부성2동"", ""target_region_id"": ""REG020"", ""target_region_name"": ""부성2동""}, {""policy"": ""ambulance_existing"", ""target_id"": ""EMS014"", ""target_name"": ""쌍용119안전센터"", ""target_region_id"": ""REG026"", ""target_region_name"": ""쌍용2동""}]"
964,42,0.5557111245995652,0.0343390146912308,5.284148661359985,11.102009947137324,16.386158608497315,5.784166068643291,12.993357095670223,18.77752316431351,11.18,29.62,"[15, 17, 46]","[{""policy"": ""ambulance_existing"", ""target_id"": ""EMS016"", ""target_name"": ""직산119안전센터"", ""target_region_id"": ""REG031"", ""target_region_name"": ""직산읍""}, {""policy"": ""ambulance_new_base"", ""target_id"": ""REG002"", ""target_name"": ""봉명동"", ""target_region_id"": ""REG002"", ""target_region_name"": ""봉명동""}, {""policy"": ""hospital_upgrade"", ""target_id"": ""JDQ4MTYyMiM2MSMkMSMkMiMkOTkkMzgxMzUxIzIxIyQxIyQxIyQ3OSQyNjEyMjIjNDEjJDEjJDgjJDgz"", ""target_name"": ""우리척병원"", ""target_region_id"": null, ""target_region_name"": null}]"
965,42,0.7412835054008404,0.0,5.36265655090189,10.944247877877478,16.306904428779365,5.746462939276316,12.811148829544688,18.557611768821005,11.18,29.62,"[36, 28, 49]","[{""policy"": ""hospital_upgrade"", ""target_id"": ""JDQ4MTYyMiM2MSMkMSMkMiMkOTkkMzgxMzUxIzIxIyQxIyQ1IyQ2MiQzNjE4MzIjODEjJDEjJDIjJDgz"", ""target_name"": ""돋움병원"", ""target_region_id"": null, ""target_region_name"": null}, {""policy"": ""ambulance_new_base"", ""target_id"": ""REG020"", ""target_name"": ""부성2동"", ""target_region_id"": ""REG020"", ""target_region_name"": ""부성2동""}, {""policy"": ""hospital_upgrade"", ""target_id"": ""JDQ4MTYyMiM2MSMkMSMkMiMkOTkkMzgxMzUxIzIxIyQxIyQxIyQ5MiQyNjEwMDIjNjEjJDEjJDAjJDgz"", ""target_name"": ""두정이진병원"", ""target_region_id"": null, ""target_region_name"": null}]"
966,42,0.4123250827208441,0.0222107429571171,5.052558972478356,11.594193548387098,16.64675252086545,5.644201973836902,13.264578960621222,18.908780934458118,11.18,29.62,"[10, 21, 29]","[{""policy"": ""ambulance_existing"", ""target_id"": ""EMS011"", ""target_name"": ""서부119안전센터"", ""target_region_id"": ""REG023"", ""target_region_name"": ""성정1동""}, {""policy"": ""ambulance_new_base"", ""target_id"": ""REG007"", ""target_name"": ""일봉동"", ""target_region_id"": ""REG007"", ""target_region_name"": ""일봉동""}, {""policy"": ""ambulance_new_base"", ""target_id"": ""REG021"", ""target_name"": ""불당1동"", ""target_region_id"": ""REG021"", ""target_region_name"": ""불당1동""}]"
967,42,0.33243400680150315,0.0495123820092479,5.132762485110284,11.594193548387098,16.72695603349738,5.7513946888083725,13.264578960621222,19.01597364942959,11.18,29.62,"[21, 5, 18]","[{""policy"": ""ambulance_new_base"", ""target_id"": ""REG007"", ""target_name"": ""일봉동"", ""target_region_id"": ""REG007"", ""target_region_name"": ""일봉동""}, {""policy"": ""ambulance_existing"", ""target_id"": ""EMS006"", ""target_name"": ""청당119안전센터"", ""target_region_id"": ""REG009"", ""target_region_name"": ""청룡동""}, {""policy"": ""ambulance_new_base"", ""target_id"": ""REG003"", ""target_name"": ""신방동"", ""target_region_id"": ""REG003"", ""target_region_name"": ""신방동""}]"
968,42,0.2397008780429793,0.0267997392425357,5.295483870967741,11.594193548387098,16.88967741935484,5.8214151748001814,13.264578960621222,19.0859941354214,11.18,29.62,"[27, 7, 3]","[{""policy"": ""ambulance_new_base"", ""target_id"": ""REG019"", ""target_name"": ""부성1동"", ""target_region_id"": ""REG019"", ""target_region_name"": ""부성1동""}, {""policy"": ""ambulance_existing"", ""target_id"": ""EMS008"", ""target_name"": ""119구조구급센터119안전센터"", ""target_region_id"": ""REG031"", ""target_region_name"": ""직산읍""}, {""policy"": ""ambulance_existing"", ""target_id"": ""EMS004"", ""target_name"": ""북면지역대"", ""target_region_id"": ""REG013"", ""target_region_name"": ""북면""}]"
969,42,0.607567235528623,0.0802010389502385,5.599677419354838,10.922183961670516,16.521861381025357,6.034316313600623,12.737212764042843,18.77152907764346,11.18,29.62,"[5, 6, 39]","[{""policy"": ""ambulance_existing"", ""target_id"": ""EMS006"", ""target_name"": ""청당119안전센터"", ""target_region_id"": ""REG009"", ""target_region_name"": ""청룡동""}, {""policy"": ""ambulance_existing"", ""target_id"": ""EMS007"", ""target_name"": ""풍세119안전센터"", ""target_region_id"": ""REG016"", ""target_region_name"": ""풍세면""}, {""policy"": ""hospital_upgrade"", ""target_id"": ""JDQ4MTYyMiM2MSMkMSMkMiMkOTkkMzgxMzUxIzIxIyQxIyQ1IyQ4OSQ0NjEwMDIjNTEjJDEjJDIjJDgz"", ""target_name"": ""천안리턴병원"", ""target_region_id"": null, ""target_region_name"": null}]"
970,42,0.7606904014721932,0.0495123820092479,5.599677419354838,10.602634543139269,16.202311962494107,6.034316313600623,12.553400941158278,18.5877172547589,11.18,29.62,"[5, 44, 39]","[{""policy"": ""ambulance_existing"", ""target_id"": ""EMS006"", ""target_name"": ""청당119안전센터"", ""target_region_id"": ""REG009"", ""target_region_name"": ""청룡동""}, {""policy"": ""hospital_upgrade"", ""target_id"": ""JDQ4MTYyMiM2MSMkMSMkMiMkOTkkMzgxMzUxIzIxIyQxIyQxIyQ3MiQyNjE0ODEjNDEjJDEjJDgjJDgz"", ""target_name"": ""천안재활병원"", ""target_region_id"": null, ""target_region_name"": null}, {""policy"": ""hospital_upgrade"", ""target_id"": ""JDQ4MTYyMiM2MSMkMSMkMiMkOTkkMzgxMzUxIzIxIyQxIyQ1IyQ4OSQ0NjEwMDIjNTEjJDEjJDIjJDgz"", ""target_name"": ""천안리턴병원"", ""target_region_id"": null, ""target_region_name"": null}]"
971,42,0.839428488911072,0.0495123820092479,5.599677419354838,10.512908476465734,16.112585895820576,6.034316313600623,12.474662853719401,18.50897916732002,11.18,29.62,"[38, 5, 48]","[{""policy"": ""hospital_upgrade"", ""target_id"": ""JDQ4MTYyMiM2MSMkMSMkMiMkOTkkMzgxMzUxIzIxIyQxIyQ1IyQ3OSQzNjE4MzIjODEjJDEjJDYjJDgz"", ""target_name"": ""앙즈로여성병원"", ""target_region_id"": null, ""target_region_name"": null}, {""policy"": ""ambulance_existing"", ""target_id"": ""EMS006"", ""target_name"": ""청당119안전센터"", ""target_region_id"": ""REG009"", ""target_region_name"": ""청룡동""}, {""policy"": ""hospital_upgrade"", ""target_id"": ""JDQ4MTYyMiM2MSMkMSMkMiMkOTkkMzgxMzUxIzIxIyQxIyQxIyQ5MiQyNjE4MzIjNDEjJDEjJDgjJDgz"", ""target_name"": ""혜성산부인과병원"", ""target_region_id"": null, ""target_region_name"": null}]"
972,42,0.9356628630781927,0.0,5.599677419354838,10.439933955072945,16.039611374427786,6.034316313600623,12.328916097543031,18.363232411143652,11.18,29.62,"[34, 44, 35]","[{""policy"": ""hospital_upgrade"", ""target_id"": ""JDQ4MTYyMiM2MSMkMSMkMiMkOTkkMzgxMzUxIzExIyQyIyQ3IyQwMCQ0NjE0ODEjNjEjJDEjJDgjJDgz"", ""target_name"": ""천안우리병원"", ""target_region_id"": null, ""target_region_name"": null}, {""policy"": ""hospital_upgrade"", ""target_id"": ""JDQ4MTYyMiM2MSMkMSMkMiMkOTkkMzgxMzUxIzIxIyQxIyQxIyQ3MiQyNjE0ODEjNDEjJDEjJDgjJDgz"", ""target_name"": ""천안재활병원"", ""target_region_id"": null, ""target_region_name"": null}, {""policy"": ""hospital_upgrade"", ""target_id"": ""JDQ4MTYyMiM2MSMkMSMkMiMkOTkkMzgxMzUxIzIxIyQxIyQ1IyQ2MiQ0NjE0ODEjNjEjJDEjJDgjJDgz"", ""target_name"": ""천안해울병원"", ""target_region_id"": null, ""target_region_name"": null}]"
973,42,0.7876316118730861,0.0045892200942615,5.599677419354838,10.515471668057154,16.115149087411996,6.034316313600623,12.4815365688424,18.51585288244302,11.18,29.62,"[3, 43, 48]","[{""policy"": ""ambulance_existing"", ""target_id"": ""EMS004"", ""target_name"": ""북면지역대"", ""target_region_id"": ""REG013"", ""target_region_name"": ""북면""}, {""policy"": ""hospital_upgrade"", ""target_id"": ""JDQ4MTYyMiM2MSMkMSMkMiMkOTkkMzgxMzUxIzIxIyQxIyQxIyQ2MiQ0NjE0ODEjNDEjJDEjJDQjJDgz"", ""target_name"": ""연세나무병원"", ""target_region_id"": null, ""target_region_name"": null}, {""policy"": ""hospital_upgrade"", ""target_id"": ""JDQ4MTYyMiM2MSMkMSMkMiMkOTkkMzgxMzUxIzIxIyQxIyQxIyQ5MiQyNjE4MzIjNDEjJDEjJDgjJDgz"", ""target_name"": ""혜성산부인과병원"", ""target_region_id"": null, ""target_region_name"": null}]"
974,42,0.9277189812412452,0.0,4.785753933158491,11.594193548387098,16.379947481545585,5.106597332359382,13.264578960621222,18.3711762929806,11.18,29.62,"[30, 24, 17]","[{""policy"": ""ambulance_new_base"", ""target_id"": ""REG025"", ""target_name"": ""쌍용1동"", ""target_region_id"": ""REG025"", ""target_region_name"": ""쌍용1동""}, {""policy"": ""ambulance_new_base"", ""target_id"": ""REG011"", ""target_name"": ""동면"", ""target_region_id"": ""REG011"", ""target_region_name"": ""동면""}, {""policy"": ""ambulance_new_base"", ""target_id"": ""REG002"", ""target_name"": ""봉명동"", ""target_region_id"": ""REG002"", ""target_region_name"": ""봉명동""}]"
975,42,0.4809160917540496,0.0507808374601091,5.599677419354838,11.08868306517315,16.688360484527987,6.034316313600623,12.834443706327281,18.868760019927905,11.18,29.62,"[3, 9, 50]","[{""policy"": ""ambulance_existing"", ""target_id"": ""EMS004"", ""target_name"": ""북면지역대"", ""target_region_id"": ""REG013"", ""target_region_name"": ""북면""}, {""policy"": ""ambulance_existing"", ""target_id"": ""EMS010"", ""target_name"": ""불당119안전센터"", ""target_region_id"": ""REG022"", ""target_region_name"": ""불당2동""}, {""policy"": ""hospital_upgrade"", ""target_id"": ""JDQ4MTYyMiM2MSMkMSMkMiMkOTkkMzgxMzUxIzIxIyQxIyQxIyQwMyQyNjE0ODEjNTEjJDEjJDYjJDgz"", ""target_name"": ""천안21세기병원"", ""target_region_id"": null, ""target_region_name"": null}]"
976,42,0.7960509391102093,0.0,5.108568936723187,11.302330291013508,16.410899227736692,5.525047907016184,12.977796428095454,18.502844335111636,11.18,29.62,"[34, 21, 23]","[{""policy"": ""hospital_upgrade"", ""target_id"": ""JDQ4MTYyMiM2MSMkMSMkMiMkOTkkMzgxMzUxIzExIyQyIyQ3IyQwMCQ0NjE0ODEjNjEjJDEjJDgjJDgz"", ""target_name"": ""천안우리병원"", ""target_region_id"": null, ""target_region_name"": null}, {""policy"": ""ambulance_new_base"", ""target_id"": ""REG007"", ""target_name"": ""일봉동"", ""target_region_id"": ""REG007"", ""target_region_name"": ""일봉동""}, {""policy"": ""ambulance_new_base"", ""target_id"": ""REG010"", ""target_name"": ""광덕면"", ""target_region_id"": ""REG010"", ""target_region_name"": ""광덕면""}]"
977,42,0.8233983465207402,0.0,5.1867842220309095,10.912914642839256,16.09969886487017,5.73684658563357,12.738650342067533,18.475496927701105,11.18,29.62,"[52, 26, 19]","[{""policy"": ""hospital_upgrade"", ""target_id"": ""JDQ4MTYyMiM2MSMkMSMkMiMkOTkkMzgxMzUxIzIxIyQxIyQxIyQxMyQyNjEyMjIjNzEjJDEjJDgjJDgz"", ""target_name"": ""SG삼성조은병원"", ""target_region_id"": null, ""target_region_name"": null}, {""policy"": ""ambulance_new_base"", ""target_id"": ""REG018"", ""target_name"": ""백석동"", ""target_region_id"": ""REG018"", ""target_region_name"": ""백석동""}, {""policy"": ""ambulance_new_base"", ""target_id"": ""REG004"", ""target_name"": ""신안동"", ""target_region_id"": ""REG004"", ""target_region_name"": ""신안동""}]"
978,42,0.543506926295375,0.0222107429571171,5.342699713174523,11.055870298914312,16.398570012088836,5.860800250783288,12.916798840100302,18.777599090883587,11.18,29.62,"[29, 10, 36]","[{""policy"": ""ambulance_new_base"", ""target_id"": ""REG021"", ""target_name"": ""불당1동"", ""target_region_id"": ""REG021"", ""target_region_name"": ""불당1동""}, {""policy"": ""ambulance_existing"", ""target_id"": ""EMS011"", ""target_name"": ""서부119안전센터"", ""target_region_id"": ""REG023"", ""target_region_name"": ""성정1동""}, {""policy"": ""hospital_upgrade"", ""target_id"": ""JDQ4MTYyMiM2MSMkMSMkMiMkOTkkMzgxMzUxIzIxIyQxIyQ1IyQ2MiQzNjE4MzIjODEjJDEjJDIjJDgz"", ""target_name"": ""돋움병원"", ""target_region_id"": null, ""target_region_name"": null}]"
979,42,0.7700833709937396,0.0045892200942615,5.265170274394114,10.860143321295778,16.125313595689892,5.8270612018601655,12.706339921462204,18.533401123322367,11.18,29.62,"[30, 3, 43]","[{""policy"": ""ambulance_new_base"", ""target_id"": ""REG025"", ""target_name"": ""쌍용1동"", ""target_region_id"": ""REG025"", ""target_region_name"": ""쌍용1동""}, {""policy"": ""ambulance_existing"", ""target_id"": ""EMS004"", ""target_name"": ""북면지역대"", ""target_region_id"": ""REG013"", ""target_region_name"": ""북면""}, {""policy"": ""hospital_upgrade"", ""target_id"": ""JDQ4MTYyMiM2MSMkMSMkMiMkOTkkMzgxMzUxIzIxIyQxIyQxIyQ2MiQ0NjE0ODEjNDEjJDEjJDQjJDgz"", ""target_name"": ""연세나무병원"", ""target_region_id"": null, ""target_region_name"": null}]"
980,42,0.664753932640771,0.0,5.015425779970813,11.138559464269987,16.153985244240804,5.65332985348101,12.980811488100068,18.634141341581074,11.18,29.62,"[21, 45, 31]","[{""policy"": ""ambulance_new_base"", ""target_id"": ""REG007"", ""target_name"": ""일봉동"", ""target_region_id"": ""REG007"", ""target_region_name"": ""일봉동""}, {""policy"": ""hospital_upgrade"", ""target_id"": ""JDQ4MTYyMiM2MSMkMSMkMiMkOTkkMzgxMzUxIzIxIyQxIyQxIyQ3MiQzNjE4MzIjODEjJDEjJDYjJDgz"", ""target_name"": ""삼성스카이병원"", ""target_region_id"": null, ""target_region_name"": null}, {""policy"": ""ambulance_new_base"", ""target_id"": ""REG027"", ""target_name"": ""쌍용3동"", ""target_region_id"": ""REG027"", ""target_region_name"": ""쌍용3동""}]"
981,42,0.7923638568270306,0.0,5.284148661359985,10.84614348870792,16.130292150067906,5.784166068643291,12.722365348751524,18.506531417394815,11.18,29.62,"[34, 17, 33]","[{""policy"": ""hospital_upgrade"", ""target_id"": ""JDQ4MTYyMiM2MSMkMSMkMiMkOTkkMzgxMzUxIzExIyQyIyQ3IyQwMCQ0NjE0ODEjNjEjJDEjJDgjJDgz"", ""target_name"": ""천안우리병원"", ""target_region_id"": null, ""target_region_name"": null}, {""policy"": ""ambulance_new_base"", ""target_id"": ""REG002"", ""target_name"": ""봉명동"", ""target_region_id"": ""REG002"", ""target_region_name"": ""봉명동""}, {""policy"": ""hospital_upgrade"", ""target_id"": ""JDQ4MTYyMiM2MSMkMSMkMiMkOTkkMzgxMzUxIzExIyQxIyQ3IyQ5OSQ0NjE0ODEjODEjJDEjJDYjJDgz"", ""target_name"": ""예일병원"", ""target_region_id"": null, ""target_region_name"": null}]"
982,42,0.3572237147303883,0.0343390146912308,5.599677419354838,11.023482674693758,16.623160094048597,6.034316313600623,12.941694260582068,18.976010574182688,11.18,29.62,"[33, 15, 42]","[{""policy"": ""hospital_upgrade"", ""target_id"": ""JDQ4MTYyMiM2MSMkMSMkMiMkOTkkMzgxMzUxIzExIyQxIyQ3IyQ5OSQ0NjE0ODEjODEjJDEjJDYjJDgz"", ""target_name"": ""예일병원"", ""target_region_id"": null, ""target_region_name"": null}, {""policy"": ""ambulance_existing"", ""target_id"": ""EMS016"", ""target_name"": ""직산119안전센터"", ""target_region_id"": ""REG031"", ""target_region_name"": ""직산읍""}, {""policy"": ""hospital_upgrade"", ""target_id"": ""JDQ4MTYyMiM2MSMkMSMkMiMkOTkkMzgxMzUxIzIxIyQxIyQ1IyQ5OSQzNjEyMjIjNjEjJDEjJDQjJDgz"", ""target_name"": ""천안다나힐병원"", ""target_region_id"": null, ""target_region_name"": null}]"
983,42,0.7104404478536971,0.016448237385324,5.36265655090189,11.033865820568307,16.396522371470198,5.746462939276316,12.858440124477161,18.604903063753472,11.18,29.62,"[49, 1, 28]","[{""policy"": ""hospital_upgrade"", ""target_id"": ""JDQ4MTYyMiM2MSMkMSMkMiMkOTkkMzgxMzUxIzIxIyQxIyQxIyQ5MiQyNjEwMDIjNjEjJDEjJDAjJDgz"", ""target_name"": ""두정이진병원"", ""target_region_id"": null, ""target_region_name"": null}, {""policy"": ""ambulance_existing"", ""target_id"": ""EMS002"", ""target_name"": ""독립119안전센터"", ""target_region_id"": ""REG017"", ""target_region_name"": ""목천읍""}, {""policy"": ""ambulance_new_base"", ""target_id"": ""REG020"", ""target_name"": ""부성2동"", ""target_region_id"": ""REG020"", ""target_region_name"": ""부성2동""}]"
984,42,0.5837682481862265,0.0578396296325343,5.599677419354838,10.912914642839256,16.512592062194095,6.034316313600623,12.738650342067533,18.772966655668153,11.18,29.62,"[5, 52, 14]","[{""policy"": ""ambulance_existing"", ""target_id"": ""EMS006"", ""target_name"": ""청당119안전센터"", ""target_region_id"": ""REG009"", ""target_region_name"": ""청룡동""}, {""policy"": ""hospital_upgrade"", ""target_id"": ""JDQ4MTYyMiM2MSMkMSMkMiMkOTkkMzgxMzUxIzIxIyQxIyQxIyQxMyQyNjEyMjIjNzEjJDEjJDgjJDgz"", ""target_name"": ""SG삼성조은병원"", ""target_region_id"": null, ""target_region_name"": null}, {""policy"": ""ambulance_existing"", ""target_id"": ""EMS015"", ""target_name"": ""입장119안전센터"", ""target_region_id"": ""REG028"", ""target_region_name"": ""입장면""}]"
985,42,0.8748731820622737,0.0,5.342699713174523,10.596499463923378,15.939199177097903,5.860800250783288,12.563221841376283,18.42402209215957,11.18,29.62,"[46, 50, 29]","[{""policy"": ""hospital_upgrade"", ""target_id"": ""JDQ4MTYyMiM2MSMkMSMkMiMkOTkkMzgxMzUxIzIxIyQxIyQxIyQ3OSQyNjEyMjIjNDEjJDEjJDgjJDgz"", ""target_name"": ""우리척병원"", ""target_region_id"": null, ""target_region_name"": null}, {""policy"": ""hospital_upgrade"", ""target_id"": ""JDQ4MTYyMiM2MSMkMSMkMiMkOTkkMzgxMzUxIzIxIyQxIyQxIyQwMyQyNjE0ODEjNTEjJDEjJDYjJDgz"", ""target_name"": ""천안21세기병원"", ""target_region_id"": null, ""target_region_name"": null}, {""policy"": ""ambulance_new_base"", ""target_id"": ""REG021"", ""target_name"": ""불당1동"", ""target_region_id"": ""REG021"", ""target_region_name"": ""불당1동""}]"
986,42,0.3852342921384375,0.0042478320188186,5.015425779970813,11.594193548387098,16.609619328357912,5.65332985348101,13.264578960621222,18.917908814102226,11.18,29.62,"[21, 31, 4]","[{""policy"": ""ambulance_new_base"", ""target_id"": ""REG007"", ""target_name"": ""일봉동"", ""target_region_id"": ""REG007"", ""target_region_name"": ""일봉동""}, {""policy"": ""ambulance_new_base"", ""target_id"": ""REG027"", ""target_name"": ""쌍용3동"", ""target_region_id"": ""REG027"", ""target_region_name"": ""쌍용3동""}, {""policy"": ""ambulance_existing"", ""target_id"": ""EMS005"", ""target_name"": ""성남지역대"", ""target_region_id"": ""REG014"", ""target_region_name"": ""성남면""}]"
987,42,0.7912916296986449,0.0013755227968207,5.599677419354838,10.512908476465734,16.112585895820576,6.034316313600623,12.474662853719401,18.50897916732002,11.18,29.62,"[38, 0, 48]","[{""policy"": ""hospital_upgrade"", ""target_id"": ""JDQ4MTYyMiM2MSMkMSMkMiMkOTkkMzgxMzUxIzIxIyQxIyQ1IyQ3OSQzNjE4MzIjODEjJDEjJDYjJDgz"", ""target_name"": ""앙즈로여성병원"", ""target_region_id"": null, ""target_region_name"": null}, {""policy"": ""ambulance_existing"", ""target_id"": ""EMS001"", ""target_name"": ""119구조구급센터119안전센터"", ""target_region_id"": ""REG006"", ""target_region_name"": ""원성2동""}, {""policy"": ""hospital_upgrade"", ""target_id"": ""JDQ4MTYyMiM2MSMkMSMkMiMkOTkkMzgxMzUxIzIxIyQxIyQxIyQ5MiQyNjE4MzIjNDEjJDEjJDgjJDgz"", ""target_name"": ""혜성산부인과병원"", ""target_region_id"": null, ""target_region_name"": null}]"
988,42,0.737041668848974,0.0,5.094219760816495,11.08868306517315,16.18290282598965,5.72740989904559,12.834443706327281,18.56185360537287,11.18,29.62,"[50, 31, 30]","[{""policy"": ""hospital_upgrade"", ""target_id"": ""JDQ4MTYyMiM2MSMkMSMkMiMkOTkkMzgxMzUxIzIxIyQxIyQxIyQwMyQyNjE0ODEjNTEjJDEjJDYjJDgz"", ""target_name"": ""천안21세기병원"", ""target_region_id"": null, ""target_region_name"": null}, {""policy"": ""ambulance_new_base"", ""target_id"": ""REG027"", ""target_name"": ""쌍용3동"", ""target_region_id"": ""REG027"", ""target_region_name"": ""쌍용3동""}, {""policy"": ""ambulance_new_base"", ""target_id"": ""REG025"", ""target_name"": ""쌍용1동"", ""target_region_id"": ""REG025"", ""target_region_name"": ""쌍용1동""}]"
989,42,1.0622134500009643,0.0,5.398709677419355,10.513952631041532,15.912662308460886,5.74164618396257,12.495035640258315,18.23668182422088,11.18,29.62,"[23, 37, 45]","[{""policy"": ""ambulance_new_base"", ""target_id"": ""REG010"", ""target_name"": ""광덕면"", ""target_region_id"": ""REG010"", ""target_region_name"": ""광덕면""}, {""policy"": ""hospital_upgrade"", ""target_id"": ""JDQ4MTYyMiM2MSMkMSMkMiMkOTkkMzgxMzUxIzIxIyQxIyQ1IyQ3OSQyNjE0ODEjNDEjJDEjJDgjJDgz"", ""target_name"": ""마디손병원"", ""target_region_id"": null, ""target_region_name"": null}, {""policy"": ""hospital_upgrade"", ""target_id"": ""JDQ4MTYyMiM2MSMkMSMkMiMkOTkkMzgxMzUxIzIxIyQxIyQxIyQ3MiQzNjE4MzIjODEjJDEjJDYjJDgz"", ""target_name"": ""삼성스카이병원"", ""target_region_id"": null, ""target_region_name"": null}]"
990,42,1.0130382136932887,0.0,5.106204937998664,10.903044755594616,16.00924969359328,5.550638202451311,12.73521885807725,18.285857060528556,11.18,29.62,"[19, 28, 37]","[{""policy"": ""ambulance_new_base"", ""target_id"": ""REG004"", ""target_name"": ""신안동"", ""target_region_id"": ""REG004"", ""target_region_name"": ""신안동""}, {""policy"": ""ambulance_new_base"", ""target_id"": ""REG020"", ""target_name"": ""부성2동"", ""target_region_id"": ""REG020"", ""target_region_name"": ""부성2동""}, {""policy"": ""hospital_upgrade"", ""target_id"": ""JDQ4MTYyMiM2MSMkMSMkMiMkOTkkMzgxMzUxIzIxIyQxIyQ1IyQ3OSQyNjE0ODEjNDEjJDEjJDgjJDgz"", ""target_name"": ""마디손병원"", ""target_region_id"": null, ""target_region_name"": null}]"
991,42,0.3339846732568805,0.0348470509038332,5.284148661359985,11.519141813354748,16.803290474714732,5.784166068643291,13.215591583225512,18.999757651868798,11.18,29.62,"[2, 42, 17]","[{""policy"": ""ambulance_existing"", ""target_id"": ""EMS003"", ""target_name"": ""병천119안전센터"", ""target_region_id"": ""REG012"", ""target_region_name"": ""병천면""}, {""policy"": ""hospital_upgrade"", ""target_id"": ""JDQ4MTYyMiM2MSMkMSMkMiMkOTkkMzgxMzUxIzIxIyQxIyQ1IyQ5OSQzNjEyMjIjNjEjJDEjJDQjJDgz"", ""target_name"": ""천안다나힐병원"", ""target_region_id"": null, ""target_region_name"": null}, {""policy"": ""ambulance_new_base"", ""target_id"": ""REG002"", ""target_name"": ""봉명동"", ""target_region_id"": ""REG002"", ""target_region_name"": ""봉명동""}]"
992,42,0.2043214841275171,0.0223989791935983,5.389711263171298,11.594193548387098,16.983904811558396,5.852393808666708,13.264578960621222,19.116972769287926,11.18,29.62,"[10, 8, 20]","[{""policy"": ""ambulance_existing"", ""target_id"": ""EMS011"", ""target_name"": ""서부119안전센터"", ""target_region_id"": ""REG023"", ""target_region_name"": ""성정1동""}, {""policy"": ""ambulance_existing"", ""target_id"": ""EMS009"", ""target_name"": ""두정119안전센터"", ""target_region_id"": ""REG024"", ""target_region_name"": ""성정2동""}, {""policy"": ""ambulance_new_base"", ""target_id"": ""REG005"", ""target_name"": ""원성1동"", ""target_region_id"": ""REG005"", ""target_region_name"": ""원성1동""}]"
993,42,0.5692283334700541,0.0,5.1867842220309095,11.101640188418845,16.288424410449753,5.73684658563357,12.992820355118223,18.72966694075179,11.18,29.62,"[53, 26, 19]","[{""policy"": ""hospital_upgrade"", ""target_id"": ""JDQ4MTYyMiM2MSMkMSMkMiMkOTkkMzgxMzUxIzIxIyQyIyQ1IyQwMCQyNjEwMDIjNDEjJDEjJDgjJDgz"", ""target_name"": ""이화병원"", ""target_region_id"": null, ""target_region_name"": null}, {""policy"": ""ambulance_new_base"", ""target_id"": ""REG018"", ""target_name"": ""백석동"", ""target_region_id"": ""REG018"", ""target_region_name"": ""백석동""}, {""policy"": ""ambulance_new_base"", ""target_id"": ""REG004"", ""target_name"": ""신안동"", ""target_region_id"": ""REG004"", ""target_region_name"": ""신안동""}]"
994,42,0.12560985397308405,0.0592865061272176,5.422903225806452,11.594193548387098,17.017096774193547,5.967992965754759,13.264578960621222,19.23257192637598,11.18,29.62,"[18, 11, 5]","[{""policy"": ""ambulance_new_base"", ""target_id"": ""REG003"", ""target_name"": ""신방동"", ""target_region_id"": ""REG003"", ""target_region_name"": ""신방동""}, {""policy"": ""ambulance_existing"", ""target_id"": ""EMS012"", ""target_name"": ""성거119안전센터"", ""target_region_id"": ""REG029"", ""target_region_name"": ""성거읍""}, {""policy"": ""ambulance_existing"", ""target_id"": ""EMS006"", ""target_name"": ""청당119안전센터"", ""target_region_id"": ""REG009"", ""target_region_name"": ""청룡동""}]"
995,42,0.7108929399203632,0.0,5.389711263171298,10.808655693058702,16.19836695623,5.852393808666708,12.735608525634776,18.588002334301482,11.18,29.62,"[44, 20, 45]","[{""policy"": ""hospital_upgrade"", ""target_id"": ""JDQ4MTYyMiM2MSMkMSMkMiMkOTkkMzgxMzUxIzIxIyQxIyQxIyQ3MiQyNjE0ODEjNDEjJDEjJDgjJDgz"", ""target_name"": ""천안재활병원"", ""target_region_id"": null, ""target_region_name"": null}, {""policy"": ""ambulance_new_base"", ""target_id"": ""REG005"", ""target_name"": ""원성1동"", ""target_region_id"": ""REG005"", ""target_region_name"": ""원성1동""}, {""policy"": ""hospital_upgrade"", ""target_id"": ""JDQ4MTYyMiM2MSMkMSMkMiMkOTkkMzgxMzUxIzIxIyQxIyQxIyQ3MiQzNjE4MzIjODEjJDEjJDYjJDgz"", ""target_name"": ""삼성스카이병원"", ""target_region_id"": null, ""target_region_name"": null}]"
996,42,0.7840102836631756,0.0495123820092479,5.265170274394114,10.92879511789891,16.193965392293027,5.8270612018601655,12.737336170707753,18.564397372567917,11.18,29.62,"[41, 30, 5]","[{""policy"": ""hospital_upgrade"", ""target_id"": ""JDQ4MTYyMiM2MSMkMSMkMiMkOTkkMzgxMzUxIzIxIyQxIyQ1IyQ4OSQyNjEyMjIjNjEjJDEjJDQjJDgz"", ""target_name"": ""서울프라임병원"", ""target_region_id"": null, ""target_region_name"": null}, {""policy"": ""ambulance_new_base"", ""target_id"": ""REG025"", ""target_name"": ""쌍용1동"", ""target_region_id"": ""REG025"", ""target_region_name"": ""쌍용1동""}, {""policy"": ""ambulance_existing"", ""target_id"": ""EMS006"", ""target_name"": ""청당119안전센터"", ""target_region_id"": ""REG009"", ""target_region_name"": ""청룡동""}]"
997,42,0.7235678622020526,0.0222107429571171,5.599677419354838,10.596499463923378,16.196176883278216,6.034316313600623,12.563221841376283,18.59753815497691,11.18,29.62,"[10, 46, 50]","[{""policy"": ""ambulance_existing"", ""target_id"": ""EMS011"", ""target_name"": ""서부119안전센터"", ""target_region_id"": ""REG023"", ""target_region_name"": ""성정1동""}, {""policy"": ""hospital_upgrade"", ""target_id"": ""JDQ4MTYyMiM2MSMkMSMkMiMkOTkkMzgxMzUxIzIxIyQxIyQxIyQ3OSQyNjEyMjIjNDEjJDEjJDgjJDgz"", ""target_name"": ""우리척병원"", ""target_region_id"": null, ""target_region_name"": null}, {""policy"": ""hospital_upgrade"", ""target_id"": ""JDQ4MTYyMiM2MSMkMSMkMiMkOTkkMzgxMzUxIzIxIyQxIyQxIyQwMyQyNjE0ODEjNTEjJDEjJDYjJDgz"", ""target_name"": ""천안21세기병원"", ""target_region_id"": null, ""target_region_name"": null}]"
998,42,0.845603932828217,0.0348470509038332,5.599677419354838,10.518238121507107,16.117915540861944,6.034316313600623,12.45382207869684,18.48813839229746,11.18,29.62,"[2, 51, 49]","[{""policy"": ""ambulance_existing"", ""target_id"": ""EMS003"", ""target_name"": ""병천119안전센터"", ""target_region_id"": ""REG012"", ""target_region_name"": ""병천면""}, {""policy"": ""hospital_upgrade"", ""target_id"": ""JDQ4MTYyMiM2MSMkMSMkMiMkOTkkMzgxMzUxIzIxIyQxIyQxIyQwMyQyNjE4MzIjODEjJDEjJDIjJDgz"", ""target_name"": ""서울대정병원"", ""target_region_id"": null, ""target_region_name"": null}, {""policy"": ""hospital_upgrade"", ""target_id"": ""JDQ4MTYyMiM2MSMkMSMkMiMkOTkkMzgxMzUxIzIxIyQxIyQxIyQ5MiQyNjEwMDIjNjEjJDEjJDAjJDgz"", ""target_name"": ""두정이진병원"", ""target_region_id"": null, ""target_region_name"": null}]"
999,42,0.5194266850015161,0.0,5.295483870967741,11.038131689252515,16.333615560220256,5.8214151748001814,12.958053414420151,18.77946858922033,11.18,29.62,"[33, 53, 27]","[{""policy"": ""hospital_upgrade"", ""target_id"": ""JDQ4MTYyMiM2MSMkMSMkMiMkOTkkMzgxMzUxIzExIyQxIyQ3IyQ5OSQ0NjE0ODEjODEjJDEjJDYjJDgz"", ""target_name"": ""예일병원"", ""target_region_id"": null, ""target_region_name"": null}, {""policy"": ""hospital_upgrade"", ""target_id"": ""JDQ4MTYyMiM2MSMkMSMkMiMkOTkkMzgxMzUxIzIxIyQyIyQ1IyQwMCQyNjEwMDIjNDEjJDEjJDgjJDgz"", ""target_name"": ""이화병원"", ""target_region_id"": null, ""target_region_name"": null}, {""policy"": ""ambulance_new_base"", ""target_id"": ""REG019"", ""target_name"": ""부성1동"", ""target_region_id"": ""REG019"", ""target_region_name"": ""부성1동""}]"
1000,42,0.7209521435809151,0.0097741241179697,5.599677419354838,10.602634543139269,16.202311962494107,6.034316313600623,12.553400941158278,18.5877172547589,11.18,29.62,"[39, 11, 44]","[{""policy"": ""hospital_upgrade"", ""target_id"": ""JDQ4MTYyMiM2MSMkMSMkMiMkOTkkMzgxMzUxIzIxIyQxIyQ1IyQ4OSQ0NjEwMDIjNTEjJDEjJDIjJDgz"", ""target_name"": ""천안리턴병원"", ""target_region_id"": null, ""target_region_name"": null}, {""policy"": ""ambulance_existing"", ""target_id"": ""EMS012"", ""target_name"": ""성거119안전센터"", ""target_region_id"": ""REG029"", ""target_region_name"": ""성거읍""}, {""policy"": ""hospital_upgrade"", ""target_id"": ""JDQ4MTYyMiM2MSMkMSMkMiMkOTkkMzgxMzUxIzIxIyQxIyQxIyQ3MiQyNjE0ODEjNDEjJDEjJDgjJDgz"", ""target_name"": ""천안재활병원"", ""target_region_id"": null, ""target_region_name"": null}]"
