episode,seed,reward,mean_ems_time,mean_hospital_time,mean_total_time,weighted_ems_time,weighted_hospital_time,weighted_total_time,max_ems_time,max_hospital_time,selected_action_indices,selected_policies
1,42,0.96193713288487,5.389711263171298,10.592492761734231,15.98220402490553,5.852393808666708,12.48456433267027,18.336958141336975,11.18,29.62,"[34, 4, 40]","[{""policy"": ""hospital_upgrade"", ""target_id"": ""JDQ4MTYyMiM2MSMkMSMkMiMkOTkkMzgxMzUxIzIxIyQxIyQ1IyQ2MiQ0NjE0ODEjNjEjJDEjJDgjJDgz"", ""target_name"": ""천안해울병원""}, {""policy"": ""ambulance_new_base"", ""target_id"": ""REG005"", ""target_name"": ""원성1동""}, {""policy"": ""hospital_upgrade"", ""target_id"": ""JDQ4MTYyMiM2MSMkMSMkMiMkOTkkMzgxMzUxIzIxIyQxIyQ1IyQ4OSQyNjEyMjIjNjEjJDEjJDQjJDgz"", ""target_name"": ""서울프라임병원""}]"
2,42,0.9227591713732899,5.389711263171298,10.552522536469814,15.94223379964111,5.852393808666708,12.52374229418185,18.376136102848555,11.18,29.62,"[4, 36, 43]","[{""policy"": ""ambulance_new_base"", ""target_id"": ""REG005"", ""target_name"": ""원성1동""}, {""policy"": ""hospital_upgrade"", ""target_id"": ""JDQ4MTYyMiM2MSMkMSMkMiMkOTkkMzgxMzUxIzIxIyQxIyQ1IyQ3OSQyNjE0ODEjNDEjJDEjJDgjJDgz"", ""target_name"": ""마디손병원""}, {""policy"": ""hospital_upgrade"", ""target_id"": ""JDQ4MTYyMiM2MSMkMSMkMiMkOTkkMzgxMzUxIzIxIyQxIyQxIyQ3MiQyNjE0ODEjNDEjJDEjJDgjJDgz"", ""target_name"": ""천안재활병원""}]"
3,42,0.8697239882058767,5.260793486616837,10.716180311234632,15.976973797851471,5.843096022653826,12.586075263362146,18.42917128601597,11.18,29.62,"[26, 50, 38]","[{""policy"": ""ambulance_new_base"", ""target_id"": ""REG027"", ""target_name"": ""쌍용3동""}, {""policy"": ""hospital_upgrade"", ""target_id"": ""JDQ4MTYyMiM2MSMkMSMkMiMkOTkkMzgxMzUxIzIxIyQxIyQxIyQwMyQyNjE4MzIjODEjJDEjJDIjJDgz"", ""target_name"": ""서울대정병원""}, {""policy"": ""hospital_upgrade"", ""target_id"": ""JDQ4MTYyMiM2MSMkMSMkMiMkOTkkMzgxMzUxIzIxIyQxIyQ1IyQ4OSQ0NjEwMDIjNTEjJDEjJDIjJDgz"", ""target_name"": ""천안리턴병원""}]"
4,42,0.9082292500330844,5.015425779970813,10.92879511789891,15.944220897869723,5.65332985348101,12.737336170707753,18.39066602418876,11.18,29.62,"[26, 40, 6]","[{""policy"": ""ambulance_new_base"", ""target_id"": ""REG027"", ""target_name"": ""쌍용3동""}, {""policy"": ""hospital_upgrade"", ""target_id"": ""JDQ4MTYyMiM2MSMkMSMkMiMkOTkkMzgxMzUxIzIxIyQxIyQ1IyQ4OSQyNjEyMjIjNjEjJDEjJDQjJDgz"", ""target_name"": ""서울프라임병원""}, {""policy"": ""ambulance_new_base"", ""target_id"": ""REG007"", ""target_name"": ""일봉동""}]"
5,42,0.6673652125520384,5.002703786427145,11.594193548387098,16.596897334814244,5.3669511010485875,13.264578960621222,18.631530061669807,11.18,29.62,"[25, 19, 9]","[{""policy"": ""ambulance_new_base"", ""target_id"": ""REG026"", ""target_name"": ""쌍용2동""}, {""policy"": ""ambulance_new_base"", ""target_id"": ""REG020"", ""target_name"": ""부성2동""}, {""policy"": ""ambulance_new_base"", ""target_id"": ""REG010"", ""target_name"": ""광덕면""}]"
6,42,0.7063490782290351,5.342699713174523,10.671915281509014,16.014614994683537,5.860800250783288,12.731745945209527,18.59254619599281,11.18,29.62,"[43, 32, 20]","[{""policy"": ""hospital_upgrade"", ""target_id"": ""JDQ4MTYyMiM2MSMkMSMkMiMkOTkkMzgxMzUxIzIxIyQxIyQxIyQ3MiQyNjE0ODEjNDEjJDEjJDgjJDgz"", ""target_name"": ""천안재활병원""}, {""policy"": ""hospital_upgrade"", ""target_id"": ""JDQ4MTYyMiM2MSMkMSMkMiMkOTkkMzgxMzUxIzExIyQxIyQ3IyQ5OSQ0NjE0ODEjODEjJDEjJDYjJDgz"", ""target_name"": ""예일병원""}, {""policy"": ""ambulance_new_base"", ""target_id"": ""REG021"", ""target_name"": ""불당1동""}]"
7,42,0.7603117493032663,4.881039777584155,11.594193548387098,16.475233325971253,5.274004564297357,13.264578960621222,18.53858352491858,11.18,29.62,"[22, 4, 11]","[{""policy"": ""ambulance_new_base"", ""target_id"": ""REG023"", ""target_name"": ""성정1동""}, {""policy"": ""ambulance_new_base"", ""target_id"": ""REG005"", ""target_name"": ""원성1동""}, {""policy"": ""ambulance_new_base"", ""target_id"": ""REG012"", ""target_name"": ""병천면""}]"
8,42,0.7247951718114543,5.3432258064516125,10.808655693058702,16.151881499510313,5.838491576775618,12.735608525634776,18.57410010241039,11.18,29.62,"[43, 44, 3]","[{""policy"": ""hospital_upgrade"", ""target_id"": ""JDQ4MTYyMiM2MSMkMSMkMiMkOTkkMzgxMzUxIzIxIyQxIyQxIyQ3MiQyNjE0ODEjNDEjJDEjJDgjJDgz"", ""target_name"": ""천안재활병원""}, {""policy"": ""hospital_upgrade"", ""target_id"": ""JDQ4MTYyMiM2MSMkMSMkMiMkOTkkMzgxMzUxIzIxIyQxIyQxIyQ3MiQzNjE4MzIjODEjJDEjJDYjJDgz"", ""target_name"": ""삼성스카이병원""}, {""policy"": ""ambulance_new_base"", ""target_id"": ""REG004"", ""target_name"": ""신안동""}]"
9,42,0.8431902754716454,5.453870967741936,10.733809640779084,16.187680608521017,5.852102069660146,12.603602929090055,18.4557049987502,11.18,29.62,"[37, 8, 39]","[{""policy"": ""hospital_upgrade"", ""target_id"": ""JDQ4MTYyMiM2MSMkMSMkMiMkOTkkMzgxMzUxIzIxIyQxIyQ1IyQ3OSQzNjE4MzIjODEjJDEjJDYjJDgz"", ""target_name"": ""앙즈로여성병원""}, {""policy"": ""ambulance_new_base"", ""target_id"": ""REG009"", ""target_name"": ""청룡동""}, {""policy"": ""hospital_upgrade"", ""target_id"": ""JDQ4MTYyMiM2MSMkMSMkMiMkOTkkMzgxMzUxIzIxIyQxIyQ1IyQ4OSQyNjE4MzIjNTEjJDEjJDYjJDgz"", ""target_name"": ""아이본병원""}]"
10,42,0.8970238527703138,5.426958862636138,10.49267365082137,15.919632513457508,5.965918408783474,12.43595301266806,18.40187142145153,11.18,29.62,"[49, 23, 47]","[{""policy"": ""hospital_upgrade"", ""target_id"": ""JDQ4MTYyMiM2MSMkMSMkMiMkOTkkMzgxMzUxIzIxIyQxIyQxIyQwMyQyNjE0ODEjNTEjJDEjJDYjJDgz"", ""target_name"": ""천안21세기병원""}, {""policy"": ""ambulance_new_base"", ""target_id"": ""REG024"", ""target_name"": ""성정2동""}, {""policy"": ""hospital_upgrade"", ""target_id"": ""JDQ4MTYyMiM2MSMkMSMkMiMkOTkkMzgxMzUxIzIxIyQxIyQxIyQ5MiQyNjE4MzIjNDEjJDEjJDgjJDgz"", ""target_name"": ""혜성산부인과병원""}]"
11,42,1.407284519892226,5.012656550901889,10.922183961670516,15.934840512572407,5.154397990286778,12.737212764042843,17.89161075432962,11.18,29.62,"[19, 38, 10]","[{""policy"": ""ambulance_new_base"", ""target_id"": ""REG020"", ""target_name"": ""부성2동""}, {""policy"": ""hospital_upgrade"", ""target_id"": ""JDQ4MTYyMiM2MSMkMSMkMiMkOTkkMzgxMzUxIzIxIyQxIyQ1IyQ4OSQ0NjEwMDIjNTEjJDEjJDIjJDgz"", ""target_name"": ""천안리턴병원""}, {""policy"": ""ambulance_new_base"", ""target_id"": ""REG011"", ""target_name"": ""동면""}]"
12,42,0.34801311001364965,5.145806451612904,11.594193548387098,16.74,5.686303203586976,13.264578960621222,18.950882164208195,11.18,29.62,"[2, 28, 8]","[{""policy"": ""ambulance_new_base"", ""target_id"": ""REG003"", ""target_name"": ""신방동""}, {""policy"": ""ambulance_new_base"", ""target_id"": ""REG029"", ""target_name"": ""성거읍""}, {""policy"": ""ambulance_new_base"", ""target_id"": ""REG009"", ""target_name"": ""청룡동""}]"
13,42,1.0590955479471482,5.36265655090189,10.538768492935347,15.90142504383724,5.746462939276316,12.493336786998384,18.239799726274697,11.18,29.62,"[38, 47, 19]","[{""policy"": ""hospital_upgrade"", ""target_id"": ""JDQ4MTYyMiM2MSMkMSMkMiMkOTkkMzgxMzUxIzIxIyQxIyQ1IyQ4OSQ0NjEwMDIjNTEjJDEjJDIjJDgz"", ""target_name"": ""천안리턴병원""}, {""policy"": ""hospital_upgrade"", ""target_id"": ""JDQ4MTYyMiM2MSMkMSMkMiMkOTkkMzgxMzUxIzIxIyQxIyQxIyQ5MiQyNjE4MzIjNDEjJDEjJDgjJDgz"", ""target_name"": ""혜성산부인과병원""}, {""policy"": ""ambulance_new_base"", ""target_id"": ""REG020"", ""target_name"": ""부성2동""}]"
14,42,0.7657075743842086,5.2362049379986635,10.998184134035316,16.23438907203398,5.66709943287564,12.866088266961999,18.533187699837637,11.18,29.62,"[47, 19, 16]","[{""policy"": ""hospital_upgrade"", ""target_id"": ""JDQ4MTYyMiM2MSMkMSMkMiMkOTkkMzgxMzUxIzIxIyQxIyQxIyQ5MiQyNjE4MzIjNDEjJDEjJDgjJDgz"", ""target_name"": ""혜성산부인과병원""}, {""policy"": ""ambulance_new_base"", ""target_id"": ""REG020"", ""target_name"": ""부성2동""}, {""policy"": ""ambulance_new_base"", ""target_id"": ""REG017"", ""target_name"": ""목천읍""}]"
15,42,1.027168031291982,5.064202532458631,10.92879511789891,15.992997650357541,5.534391072222112,12.737336170707753,18.271727242929863,11.18,29.62,"[24, 9, 40]","[{""policy"": ""ambulance_new_base"", ""target_id"": ""REG025"", ""target_name"": ""쌍용1동""}, {""policy"": ""ambulance_new_base"", ""target_id"": ""REG010"", ""target_name"": ""광덕면""}, {""policy"": ""hospital_upgrade"", ""target_id"": ""JDQ4MTYyMiM2MSMkMSMkMiMkOTkkMzgxMzUxIzIxIyQxIyQ1IyQ4OSQyNjEyMjIjNjEjJDEjJDQjJDgz"", ""target_name"": ""서울프라임병원""}]"
16,42,0.42426042519065277,5.008083528683089,11.594193548387098,16.602277077070188,5.610055888409976,13.264578960621222,18.874634849031192,11.18,29.62,"[24, 12, 17]","[{""policy"": ""ambulance_new_base"", ""target_id"": ""REG025"", ""target_name"": ""쌍용1동""}, {""policy"": ""ambulance_new_base"", ""target_id"": ""REG013"", ""target_name"": ""북면""}, {""policy"": ""ambulance_new_base"", ""target_id"": ""REG018"", ""target_name"": ""백석동""}]"
17,42,0.8763115531432675,5.1861672240902745,10.998184134035316,16.184351358125593,5.556495454116581,12.866088266961999,18.422583721078578,11.18,29.62,"[47, 22, 8]","[{""policy"": ""hospital_upgrade"", ""target_id"": ""JDQ4MTYyMiM2MSMkMSMkMiMkOTkkMzgxMzUxIzIxIyQxIyQxIyQ5MiQyNjE4MzIjNDEjJDEjJDgjJDgz"", ""target_name"": ""혜성산부인과병원""}, {""policy"": ""ambulance_new_base"", ""target_id"": ""REG023"", ""target_name"": ""성정1동""}, {""policy"": ""ambulance_new_base"", ""target_id"": ""REG009"", ""target_name"": ""청룡동""}]"
18,42,0.7849964216628322,5.170174750773638,11.055870298914312,16.22604504968795,5.5971000124587125,12.916798840100302,18.513898852559013,11.18,29.62,"[35, 5, 16]","[{""policy"": ""hospital_upgrade"", ""target_id"": ""JDQ4MTYyMiM2MSMkMSMkMiMkOTkkMzgxMzUxIzIxIyQxIyQ1IyQ2MiQzNjE4MzIjODEjJDEjJDIjJDgz"", ""target_name"": ""돋움병원""}, {""policy"": ""ambulance_new_base"", ""target_id"": ""REG006"", ""target_name"": ""원성2동""}, {""policy"": ""ambulance_new_base"", ""target_id"": ""REG017"", ""target_name"": ""목천읍""}]"
19,42,0.6177835951089214,5.331973675703178,11.100907360674752,16.432881036377932,5.7387096980570576,12.942401981055868,18.681111679112924,11.18,29.62,"[22, 44, 41]","[{""policy"": ""ambulance_new_base"", ""target_id"": ""REG023"", ""target_name"": ""성정1동""}, {""policy"": ""hospital_upgrade"", ""target_id"": ""JDQ4MTYyMiM2MSMkMSMkMiMkOTkkMzgxMzUxIzIxIyQxIyQxIyQ3MiQzNjE4MzIjODEjJDEjJDYjJDgz"", ""target_name"": ""삼성스카이병원""}, {""policy"": ""hospital_upgrade"", ""target_id"": ""JDQ4MTYyMiM2MSMkMSMkMiMkOTkkMzgxMzUxIzIxIyQxIyQ1IyQ5OSQzNjEyMjIjNjEjJDEjJDQjJDgz"", ""target_name"": ""천안다나힐병원""}]"
20,42,1.2408987015432587,5.138387096774193,10.903044755594616,16.041431852368806,5.322777714601337,12.73521885807725,18.057996572678586,10.85,29.62,"[36, 14, 12]","[{""policy"": ""hospital_upgrade"", ""target_id"": ""JDQ4MTYyMiM2MSMkMSMkMiMkOTkkMzgxMzUxIzIxIyQxIyQ1IyQ3OSQyNjE0ODEjNDEjJDEjJDgjJDgz"", ""target_name"": ""마디손병원""}, {""policy"": ""ambulance_new_base"", ""target_id"": ""REG015"", ""target_name"": ""수신면""}, {""policy"": ""ambulance_new_base"", ""target_id"": ""REG013"", ""target_name"": ""북면""}]"
21,42,1.2588495281276586,5.249677419354838,10.603019941519117,15.852697360873954,5.442251364611085,12.597794381483103,18.040045746094187,11.18,29.62,"[52, 10, 42]","[{""policy"": ""hospital_upgrade"", ""target_id"": ""JDQ4MTYyMiM2MSMkMSMkMiMkOTkkMzgxMzUxIzIxIyQyIyQ1IyQwMCQyNjEwMDIjNDEjJDEjJDgjJDgz"", ""target_name"": ""이화병원""}, {""policy"": ""ambulance_new_base"", ""target_id"": ""REG011"", ""target_name"": ""동면""}, {""policy"": ""hospital_upgrade"", ""target_id"": ""JDQ4MTYyMiM2MSMkMSMkMiMkOTkkMzgxMzUxIzIxIyQxIyQxIyQ2MiQ0NjE0ODEjNDEjJDEjJDQjJDgz"", ""target_name"": ""연세나무병원""}]"
22,42,0.7128120304804,5.599677419354838,10.592945918141549,16.19262333749639,6.034316313600623,12.551766930140825,18.586083243741445,11.18,29.62,"[40, 35, 51]","[{""policy"": ""hospital_upgrade"", ""target_id"": ""JDQ4MTYyMiM2MSMkMSMkMiMkOTkkMzgxMzUxIzIxIyQxIyQ1IyQ4OSQyNjEyMjIjNjEjJDEjJDQjJDgz"", ""target_name"": ""서울프라임병원""}, {""policy"": ""hospital_upgrade"", ""target_id"": ""JDQ4MTYyMiM2MSMkMSMkMiMkOTkkMzgxMzUxIzIxIyQxIyQ1IyQ2MiQzNjE4MzIjODEjJDEjJDIjJDgz"", ""target_name"": ""돋움병원""}, {""policy"": ""hospital_upgrade"", ""target_id"": ""JDQ4MTYyMiM2MSMkMSMkMiMkOTkkMzgxMzUxIzIxIyQxIyQxIyQxMyQyNjEyMjIjNzEjJDEjJDgjJDgz"", ""target_name"": ""SG삼성조은병원""}]"
23,42,1.3603924828759766,4.953548387096775,10.92879511789891,15.882343504995685,5.201166620638117,12.737336170707753,17.93850279134587,10.85,29.62,"[14, 29, 40]","[{""policy"": ""ambulance_new_base"", ""target_id"": ""REG015"", ""target_name"": ""수신면""}, {""policy"": ""ambulance_new_base"", ""target_id"": ""REG030"", ""target_name"": ""성환읍""}, {""policy"": ""hospital_upgrade"", ""target_id"": ""JDQ4MTYyMiM2MSMkMSMkMiMkOTkkMzgxMzUxIzIxIyQxIyQ1IyQ4OSQyNjEyMjIjNjEjJDEjJDQjJDgz"", ""target_name"": ""서울프라임병원""}]"
24,42,0.8572087231060443,4.703708234942154,11.594193548387098,16.29790178332925,5.1771075904945825,13.264578960621222,18.4416865511158,11.18,29.62,"[1, 7, 29]","[{""policy"": ""ambulance_new_base"", ""target_id"": ""REG002"", ""target_name"": ""봉명동""}, {""policy"": ""ambulance_new_base"", ""target_id"": ""REG008"", ""target_name"": ""중앙동""}, {""policy"": ""ambulance_new_base"", ""target_id"": ""REG030"", ""target_name"": ""성환읍""}]"
25,42,0.9578282710197215,5.331973675703178,10.600639778655003,15.932613454358181,5.7387096980570576,12.602357305145066,18.341067003202124,11.18,29.62,"[22, 52, 34]","[{""policy"": ""ambulance_new_base"", ""target_id"": ""REG023"", ""target_name"": ""성정1동""}, {""policy"": ""hospital_upgrade"", ""target_id"": ""JDQ4MTYyMiM2MSMkMSMkMiMkOTkkMzgxMzUxIzIxIyQyIyQ1IyQwMCQyNjEwMDIjNDEjJDEjJDgjJDgz"", ""target_name"": ""이화병원""}, {""policy"": ""hospital_upgrade"", ""target_id"": ""JDQ4MTYyMiM2MSMkMSMkMiMkOTkkMzgxMzUxIzIxIyQxIyQ1IyQ2MiQ0NjE0ODEjNjEjJDEjJDgjJDgz"", ""target_name"": ""천안해울병원""}]"
26,42,0.8086408130746889,5.258420940590653,10.92879511789891,16.18721605848956,5.7529182904394025,12.737336170707753,18.490254461147156,11.18,29.62,"[28, 40, 4]","[{""policy"": ""ambulance_new_base"", ""target_id"": ""REG029"", ""target_name"": ""성거읍""}, {""policy"": ""hospital_upgrade"", ""target_id"": ""JDQ4MTYyMiM2MSMkMSMkMiMkOTkkMzgxMzUxIzIxIyQxIyQ1IyQ4OSQyNjEyMjIjNjEjJDEjJDQjJDgz"", ""target_name"": ""서울프라임병원""}, {""policy"": ""ambulance_new_base"", ""target_id"": ""REG005"", ""target_name"": ""원성1동""}]"
27,42,0.8073266417149085,5.258420940590653,10.912914642839256,16.171335583429908,5.7529182904394025,12.738650342067533,18.491568632506937,11.18,29.62,"[28, 4, 51]","[{""policy"": ""ambulance_new_base"", ""target_id"": ""REG029"", ""target_name"": ""성거읍""}, {""policy"": ""ambulance_new_base"", ""target_id"": ""REG005"", ""target_name"": ""원성1동""}, {""policy"": ""hospital_upgrade"", ""target_id"": ""JDQ4MTYyMiM2MSMkMSMkMiMkOTkkMzgxMzUxIzIxIyQxIyQxIyQxMyQyNjEyMjIjNzEjJDEjJDgjJDgz"", ""target_name"": ""SG삼성조은병원""}]"
28,42,0.6922846645577927,5.151245435553533,11.346236395124912,16.497481830678446,5.530481131350419,13.076129478313634,18.606610609664052,11.18,29.62,"[1, 15, 31]","[{""policy"": ""ambulance_new_base"", ""target_id"": ""REG002"", ""target_name"": ""봉명동""}, {""policy"": ""ambulance_new_base"", ""target_id"": ""REG016"", ""target_name"": ""풍세면""}, {""policy"": ""hospital_upgrade"", ""target_id"": ""JDQ4MTYyMiM2MSMkMSMkMiMkOTkkMzgxMzUxIzExIyQxIyQ3IyQ4OSQzNjE0ODEjODEjJDEjJDYjJDgz"", ""target_name"": ""새로나병원""}]"
29,42,1.447478408096135,4.998064516129031,10.848247068703982,15.846311584833012,5.155355408083695,12.696061458042019,17.85141686612571,10.85,29.62,"[50, 14, 11]","[{""policy"": ""hospital_upgrade"", ""target_id"": ""JDQ4MTYyMiM2MSMkMSMkMiMkOTkkMzgxMzUxIzIxIyQxIyQxIyQwMyQyNjE4MzIjODEjJDEjJDIjJDgz"", ""target_name"": ""서울대정병원""}, {""policy"": ""ambulance_new_base"", ""target_id"": ""REG015"", ""target_name"": ""수신면""}, {""policy"": ""ambulance_new_base"", ""target_id"": ""REG012"", ""target_name"": ""병천면""}]"
30,42,0.7308580162432854,5.183503500069662,11.013231528881516,16.196735028951178,5.668805746335149,12.899231511643416,18.56803725797856,11.18,29.62,"[1, 43, 12]","[{""policy"": ""ambulance_new_base"", ""target_id"": ""REG002"", ""target_name"": ""봉명동""}, {""policy"": ""hospital_upgrade"", ""target_id"": ""JDQ4MTYyMiM2MSMkMSMkMiMkOTkkMzgxMzUxIzIxIyQxIyQxIyQ3MiQyNjE0ODEjNDEjJDEjJDgjJDgz"", ""target_name"": ""천안재활병원""}, {""policy"": ""ambulance_new_base"", ""target_id"": ""REG013"", ""target_name"": ""북면""}]"
31,42,1.1737452066248792,5.239032258064516,10.79778386918443,16.036816127248944,5.438138036909479,12.68701203068749,18.125150067596966,10.85,29.62,"[14, 48, 43]","[{""policy"": ""ambulance_new_base"", ""target_id"": ""REG015"", ""target_name"": ""수신면""}, {""policy"": ""hospital_upgrade"", ""target_id"": ""JDQ4MTYyMiM2MSMkMSMkMiMkOTkkMzgxMzUxIzIxIyQxIyQxIyQ5MiQyNjEwMDIjNjEjJDEjJDAjJDgz"", ""target_name"": ""두정이진병원""}, {""policy"": ""hospital_upgrade"", ""target_id"": ""JDQ4MTYyMiM2MSMkMSMkMiMkOTkkMzgxMzUxIzIxIyQxIyQxIyQ3MiQyNjE0ODEjNDEjJDEjJDgjJDgz"", ""target_name"": ""천안재활병원""}]"
32,42,0.7403522257435213,5.0240528076909285,11.302330291013508,16.326383098704436,5.5807466203828735,12.977796428095454,18.558543048478324,11.18,29.62,"[33, 29, 6]","[{""policy"": ""hospital_upgrade"", ""target_id"": ""JDQ4MTYyMiM2MSMkMSMkMiMkOTkkMzgxMzUxIzExIyQyIyQ3IyQwMCQ0NjE0ODEjNjEjJDEjJDgjJDgz"", ""target_name"": ""천안우리병원""}, {""policy"": ""ambulance_new_base"", ""target_id"": ""REG030"", ""target_name"": ""성환읍""}, {""policy"": ""ambulance_new_base"", ""target_id"": ""REG007"", ""target_name"": ""일봉동""}]"
33,42,1.0472987695678846,5.401714892506506,10.465528714024007,15.867243606530515,5.869468611590318,12.382127893063645,18.25159650465396,11.18,29.62,"[21, 50, 34]","[{""policy"": ""ambulance_new_base"", ""target_id"": ""REG022"", ""target_name"": ""불당2동""}, {""policy"": ""hospital_upgrade"", ""target_id"": ""JDQ4MTYyMiM2MSMkMSMkMiMkOTkkMzgxMzUxIzIxIyQxIyQxIyQwMyQyNjE4MzIjODEjJDEjJDIjJDgz"", ""target_name"": ""서울대정병원""}, {""policy"": ""hospital_upgrade"", ""target_id"": ""JDQ4MTYyMiM2MSMkMSMkMiMkOTkkMzgxMzUxIzIxIyQxIyQ1IyQ2MiQ0NjE0ODEjNjEjJDEjJDgjJDgz"", ""target_name"": ""천안해울병원""}]"
34,42,0.31056512773686507,5.3274193548387085,11.519141813354748,16.846561168193457,5.77273856325947,13.215591583225512,18.98833014648498,11.18,29.62,"[8, 41, 16]","[{""policy"": ""ambulance_new_base"", ""target_id"": ""REG009"", ""target_name"": ""청룡동""}, {""policy"": ""hospital_upgrade"", ""target_id"": ""JDQ4MTYyMiM2MSMkMSMkMiMkOTkkMzgxMzUxIzIxIyQxIyQ1IyQ5OSQzNjEyMjIjNjEjJDEjJDQjJDgz"", ""target_name"": ""천안다나힐병원""}, {""policy"": ""ambulance_new_base"", ""target_id"": ""REG017"", ""target_name"": ""목천읍""}]"
35,42,1.0670180895886219,5.086660207493325,10.92879511789891,16.015455325392235,5.494541013925473,12.737336170707753,18.231877184633223,11.18,29.62,"[5, 4, 40]","[{""policy"": ""ambulance_new_base"", ""target_id"": ""REG006"", ""target_name"": ""원성2동""}, {""policy"": ""ambulance_new_base"", ""target_id"": ""REG005"", ""target_name"": ""원성1동""}, {""policy"": ""hospital_upgrade"", ""target_id"": ""JDQ4MTYyMiM2MSMkMSMkMiMkOTkkMzgxMzUxIzIxIyQxIyQ1IyQ4OSQyNjEyMjIjNjEjJDEjJDQjJDgz"", ""target_name"": ""서울프라임병원""}]"
36,42,0.8161900344688959,5.281152411023235,10.856635269370763,16.137787680393995,5.783704164842997,12.699001074909956,18.48270523975295,11.18,29.62,"[23, 37, 8]","[{""policy"": ""ambulance_new_base"", ""target_id"": ""REG024"", ""target_name"": ""성정2동""}, {""policy"": ""hospital_upgrade"", ""target_id"": ""JDQ4MTYyMiM2MSMkMSMkMiMkOTkkMzgxMzUxIzIxIyQxIyQ1IyQ3OSQzNjE4MzIjODEjJDEjJDYjJDgz"", ""target_name"": ""앙즈로여성병원""}, {""policy"": ""ambulance_new_base"", ""target_id"": ""REG009"", ""target_name"": ""청룡동""}]"
37,42,1.0536480634254382,4.898878995052346,10.998184134035316,15.897063129087664,5.379158943834411,12.866088266961999,18.245247210796407,11.18,29.62,"[7, 47, 26]","[{""policy"": ""ambulance_new_base"", ""target_id"": ""REG008"", ""target_name"": ""중앙동""}, {""policy"": ""hospital_upgrade"", ""target_id"": ""JDQ4MTYyMiM2MSMkMSMkMiMkOTkkMzgxMzUxIzIxIyQxIyQxIyQ5MiQyNjE4MzIjNDEjJDEjJDgjJDgz"", ""target_name"": ""혜성산부인과병원""}, {""policy"": ""ambulance_new_base"", ""target_id"": ""REG027"", ""target_name"": ""쌍용3동""}]"
38,42,0.6513369223013825,4.929189517909959,11.594193548387098,16.523383066297058,5.382979391299245,13.264578960621222,18.647558351920463,11.18,29.62,"[8, 20, 22]","[{""policy"": ""ambulance_new_base"", ""target_id"": ""REG009"", ""target_name"": ""청룡동""}, {""policy"": ""ambulance_new_base"", ""target_id"": ""REG021"", ""target_name"": ""불당1동""}, {""policy"": ""ambulance_new_base"", ""target_id"": ""REG023"", ""target_name"": ""성정1동""}]"
39,42,0.6969885961742293,5.599677419354838,10.537131279488674,16.136808698843513,6.034316313600623,12.567590364446994,18.601906678047616,11.18,29.62,"[34, 52, 32]","[{""policy"": ""hospital_upgrade"", ""target_id"": ""JDQ4MTYyMiM2MSMkMSMkMiMkOTkkMzgxMzUxIzIxIyQxIyQ1IyQ2MiQ0NjE0ODEjNjEjJDEjJDgjJDgz"", ""target_name"": ""천안해울병원""}, {""policy"": ""hospital_upgrade"", ""target_id"": ""JDQ4MTYyMiM2MSMkMSMkMiMkOTkkMzgxMzUxIzIxIyQyIyQ1IyQwMCQyNjEwMDIjNDEjJDEjJDgjJDgz"", ""target_name"": ""이화병원""}, {""policy"": ""hospital_upgrade"", ""target_id"": ""JDQ4MTYyMiM2MSMkMSMkMiMkOTkkMzgxMzUxIzExIyQxIyQ3IyQ5OSQ0NjE0ODEjODEjJDEjJDYjJDgz"", ""target_name"": ""예일병원""}]"
40,42,0.5001657730223528,4.9431289380544285,11.594193548387098,16.537322486441525,5.534150540578275,13.264578960621222,18.798729501199492,11.18,29.62,"[4, 6, 17]","[{""policy"": ""ambulance_new_base"", ""target_id"": ""REG005"", ""target_name"": ""원성1동""}, {""policy"": ""ambulance_new_base"", ""target_id"": ""REG007"", ""target_name"": ""일봉동""}, {""policy"": ""ambulance_new_base"", ""target_id"": ""REG018"", ""target_name"": ""백석동""}]"
41,42,0.8026121234064618,4.95659993822974,10.998184134035316,15.954784072265058,5.630194883853385,12.866088266961999,18.496283150815383,11.18,29.62,"[47, 18, 26]","[{""policy"": ""hospital_upgrade"", ""target_id"": ""JDQ4MTYyMiM2MSMkMSMkMiMkOTkkMzgxMzUxIzIxIyQxIyQxIyQ5MiQyNjE4MzIjNDEjJDEjJDgjJDgz"", ""target_name"": ""혜성산부인과병원""}, {""policy"": ""ambulance_new_base"", ""target_id"": ""REG019"", ""target_name"": ""부성1동""}, {""policy"": ""ambulance_new_base"", ""target_id"": ""REG027"", ""target_name"": ""쌍용3동""}]"
42,42,0.8564831729042979,5.423225806451613,10.902599954384401,16.325825760836015,5.713945959776463,12.728466141541084,18.442412101317547,11.18,29.62,"[51, 39, 13]","[{""policy"": ""hospital_upgrade"", ""target_id"": ""JDQ4MTYyMiM2MSMkMSMkMiMkOTkkMzgxMzUxIzIxIyQxIyQxIyQxMyQyNjEyMjIjNzEjJDEjJDgjJDgz"", ""target_name"": ""SG삼성조은병원""}, {""policy"": ""hospital_upgrade"", ""target_id"": ""JDQ4MTYyMiM2MSMkMSMkMiMkOTkkMzgxMzUxIzIxIyQxIyQ1IyQ4OSQyNjE4MzIjNTEjJDEjJDYjJDgz"", ""target_name"": ""아이본병원""}, {""policy"": ""ambulance_new_base"", ""target_id"": ""REG014"", ""target_name"": ""성남면""}]"
43,42,0.9349356169311385,5.423225806451613,10.781583534338413,16.204809340790025,5.713945959776463,12.650013697514247,18.363959657290707,11.18,29.62,"[13, 41, 37]","[{""policy"": ""ambulance_new_base"", ""target_id"": ""REG014"", ""target_name"": ""성남면""}, {""policy"": ""hospital_upgrade"", ""target_id"": ""JDQ4MTYyMiM2MSMkMSMkMiMkOTkkMzgxMzUxIzIxIyQxIyQ1IyQ5OSQzNjEyMjIjNjEjJDEjJDQjJDgz"", ""target_name"": ""천안다나힐병원""}, {""policy"": ""hospital_upgrade"", ""target_id"": ""JDQ4MTYyMiM2MSMkMSMkMiMkOTkkMzgxMzUxIzIxIyQxIyQ1IyQ3OSQzNjE4MzIjODEjJDEjJDYjJDgz"", ""target_name"": ""앙즈로여성병원""}]"
44,42,0.8601456534993126,4.910208594590099,11.594193548387098,16.50440214297719,5.174170660101312,13.264578960621222,18.438749620722533,11.18,29.62,"[13, 5, 4]","[{""policy"": ""ambulance_new_base"", ""target_id"": ""REG014"", ""target_name"": ""성남면""}, {""policy"": ""ambulance_new_base"", ""target_id"": ""REG006"", ""target_name"": ""원성2동""}, {""policy"": ""ambulance_new_base"", ""target_id"": ""REG005"", ""target_name"": ""원성1동""}]"
45,42,0.8505740674748026,5.13681812193997,10.856635269370763,15.99345339131073,5.749320131837088,12.699001074909956,18.448321206747043,11.18,29.62,"[37, 23, 6]","[{""policy"": ""hospital_upgrade"", ""target_id"": ""JDQ4MTYyMiM2MSMkMSMkMiMkOTkkMzgxMzUxIzIxIyQxIyQ1IyQ3OSQzNjE4MzIjODEjJDEjJDYjJDgz"", ""target_name"": ""앙즈로여성병원""}, {""policy"": ""ambulance_new_base"", ""target_id"": ""REG024"", ""target_name"": ""성정2동""}, {""policy"": ""ambulance_new_base"", ""target_id"": ""REG007"", ""target_name"": ""일봉동""}]"
46,42,1.403323190175982,5.14032258064516,10.860143321295778,16.000465901940938,5.189232162583663,12.706339921462204,17.895572084045863,11.18,29.62,"[30, 15, 42]","[{""policy"": ""ambulance_new_base"", ""target_id"": ""REG031"", ""target_name"": ""직산읍""}, {""policy"": ""ambulance_new_base"", ""target_id"": ""REG016"", ""target_name"": ""풍세면""}, {""policy"": ""hospital_upgrade"", ""target_id"": ""JDQ4MTYyMiM2MSMkMSMkMiMkOTkkMzgxMzUxIzIxIyQxIyQxIyQ2MiQ0NjE0ODEjNDEjJDEjJDQjJDgz"", ""target_name"": ""연세나무병원""}]"
47,42,0.5709827070814519,5.136729306521276,11.138559464269987,16.275288770791267,5.747101079040328,12.980811488100068,18.727912567140393,11.18,29.62,"[44, 23, 1]","[{""policy"": ""hospital_upgrade"", ""target_id"": ""JDQ4MTYyMiM2MSMkMSMkMiMkOTkkMzgxMzUxIzIxIyQxIyQxIyQ3MiQzNjE4MzIjODEjJDEjJDYjJDgz"", ""target_name"": ""삼성스카이병원""}, {""policy"": ""ambulance_new_base"", ""target_id"": ""REG024"", ""target_name"": ""성정2동""}, {""policy"": ""ambulance_new_base"", ""target_id"": ""REG002"", ""target_name"": ""봉명동""}]"
48,42,1.1736215648524357,5.331973675703178,10.466662057490199,15.798635733193377,5.7387096980570576,12.386564011312354,18.12527370936941,11.18,29.62,"[22, 34, 36]","[{""policy"": ""ambulance_new_base"", ""target_id"": ""REG023"", ""target_name"": ""성정1동""}, {""policy"": ""hospital_upgrade"", ""target_id"": ""JDQ4MTYyMiM2MSMkMSMkMiMkOTkkMzgxMzUxIzIxIyQxIyQ1IyQ2MiQ0NjE0ODEjNjEjJDEjJDgjJDgz"", ""target_name"": ""천안해울병원""}, {""policy"": ""hospital_upgrade"", ""target_id"": ""JDQ4MTYyMiM2MSMkMSMkMiMkOTkkMzgxMzUxIzIxIyQxIyQ1IyQ3OSQyNjE0ODEjNDEjJDEjJDgjJDgz"", ""target_name"": ""마디손병원""}]"
49,42,1.1269032570882551,4.819870761801721,11.594193548387098,16.414064310188817,4.907413056512372,13.264578960621222,18.17199201713359,11.18,29.62,"[7, 5, 30]","[{""policy"": ""ambulance_new_base"", ""target_id"": ""REG008"", ""target_name"": ""중앙동""}, {""policy"": ""ambulance_new_base"", ""target_id"": ""REG006"", ""target_name"": ""원성2동""}, {""policy"": ""ambulance_new_base"", ""target_id"": ""REG031"", ""target_name"": ""직산읍""}]"
50,42,1.004256408674884,5.122007519519639,10.914895644369402,16.036903163889043,5.556787193123142,12.73785167242382,18.29463886554696,11.18,29.62,"[39, 4, 22]","[{""policy"": ""hospital_upgrade"", ""target_id"": ""JDQ4MTYyMiM2MSMkMSMkMiMkOTkkMzgxMzUxIzIxIyQxIyQ1IyQ4OSQyNjE4MzIjNTEjJDEjJDYjJDgz"", ""target_name"": ""아이본병원""}, {""policy"": ""ambulance_new_base"", ""target_id"": ""REG005"", ""target_name"": ""원성1동""}, {""policy"": ""ambulance_new_base"", ""target_id"": ""REG023"", ""target_name"": ""성정1동""}]"
51,42,0.6512704437307306,5.239724654880093,11.101640188418845,16.341364843298937,5.654804475372895,12.992820355118223,18.647624830491115,11.18,29.62,"[52, 25, 9]","[{""policy"": ""hospital_upgrade"", ""target_id"": ""JDQ4MTYyMiM2MSMkMSMkMiMkOTkkMzgxMzUxIzIxIyQyIyQ1IyQwMCQyNjEwMDIjNDEjJDEjJDgjJDgz"", ""target_name"": ""이화병원""}, {""policy"": ""ambulance_new_base"", ""target_id"": ""REG026"", ""target_name"": ""쌍용2동""}, {""policy"": ""ambulance_new_base"", ""target_id"": ""REG010"", ""target_name"": ""광덕면""}]"
52,42,0.883284163885083,5.146322374704947,11.055870298914312,16.20219267361926,5.49881227023646,12.916798840100302,18.415611110336762,11.18,29.62,"[5, 35, 7]","[{""policy"": ""ambulance_new_base"", ""target_id"": ""REG006"", ""target_name"": ""원성2동""}, {""policy"": ""hospital_upgrade"", ""target_id"": ""JDQ4MTYyMiM2MSMkMSMkMiMkOTkkMzgxMzUxIzIxIyQxIyQ1IyQ2MiQzNjE4MzIjODEjJDEjJDIjJDgz"", ""target_name"": ""돋움병원""}, {""policy"": ""ambulance_new_base"", ""target_id"": ""REG008"", ""target_name"": ""중앙동""}]"
53,42,0.9631419711468183,5.320967741935483,10.92879511789891,16.249762859834394,5.598417132367274,12.737336170707753,18.335753303075027,11.18,29.62,"[40, 8, 15]","[{""policy"": ""hospital_upgrade"", ""target_id"": ""JDQ4MTYyMiM2MSMkMSMkMiMkOTkkMzgxMzUxIzIxIyQxIyQ1IyQ4OSQyNjEyMjIjNjEjJDEjJDQjJDgz"", ""target_name"": ""서울프라임병원""}, {""policy"": ""ambulance_new_base"", ""target_id"": ""REG009"", ""target_name"": ""청룡동""}, {""policy"": ""ambulance_new_base"", ""target_id"": ""REG016"", ""target_name"": ""풍세면""}]"
54,42,0.5182704598889565,4.8372814432813,11.594193548387098,16.431474991668395,5.5160458537116694,13.264578960621222,18.78062481433289,11.18,29.62,"[29, 18, 23]","[{""policy"": ""ambulance_new_base"", ""target_id"": ""REG030"", ""target_name"": ""성환읍""}, {""policy"": ""ambulance_new_base"", ""target_id"": ""REG019"", ""target_name"": ""부성1동""}, {""policy"": ""ambulance_new_base"", ""target_id"": ""REG024"", ""target_name"": ""성정2동""}]"
55,42,0.6860494261906815,5.00543898394063,11.594193548387098,16.599632532327732,5.348266887409943,13.264578960621222,18.612845848031164,11.18,29.62,"[1, 15, 8]","[{""policy"": ""ambulance_new_base"", ""target_id"": ""REG002"", ""target_name"": ""봉명동""}, {""policy"": ""ambulance_new_base"", ""target_id"": ""REG016"", ""target_name"": ""풍세면""}, {""policy"": ""ambulance_new_base"", ""target_id"": ""REG009"", ""target_name"": ""청룡동""}]"
56,42,0.7821711076898552,5.265170274394114,10.837862907806905,16.103033182201024,5.8270612018601655,12.689662964671825,18.51672416653199,11.18,29.62,"[51, 41, 24]","[{""policy"": ""hospital_upgrade"", ""target_id"": ""JDQ4MTYyMiM2MSMkMSMkMiMkOTkkMzgxMzUxIzIxIyQxIyQxIyQxMyQyNjEyMjIjNzEjJDEjJDgjJDgz"", ""target_name"": ""SG삼성조은병원""}, {""policy"": ""hospital_upgrade"", ""target_id"": ""JDQ4MTYyMiM2MSMkMSMkMiMkOTkkMzgxMzUxIzIxIyQxIyQ1IyQ5OSQzNjEyMjIjNjEjJDEjJDQjJDgz"", ""target_name"": ""천안다나힐병원""}, {""policy"": ""ambulance_new_base"", ""target_id"": ""REG025"", ""target_name"": ""쌍용1동""}]"
57,42,1.0308001058017382,5.080047235525255,11.055870298914312,16.13591753443957,5.351296328319805,12.916798840100302,18.268095168420107,10.85,29.62,"[35, 14, 25]","[{""policy"": ""hospital_upgrade"", ""target_id"": ""JDQ4MTYyMiM2MSMkMSMkMiMkOTkkMzgxMzUxIzIxIyQxIyQ1IyQ2MiQzNjE4MzIjODEjJDEjJDIjJDgz"", ""target_name"": ""돋움병원""}, {""policy"": ""ambulance_new_base"", ""target_id"": ""REG015"", ""target_name"": ""수신면""}, {""policy"": ""ambulance_new_base"", ""target_id"": ""REG026"", ""target_name"": ""쌍용2동""}]"
58,42,1.1721041513237935,5.127419354838709,10.998184134035316,16.125603488874027,5.260702855936057,12.866088266961999,18.12679112289805,11.18,29.62,"[30, 47, 8]","[{""policy"": ""ambulance_new_base"", ""target_id"": ""REG031"", ""target_name"": ""직산읍""}, {""policy"": ""hospital_upgrade"", ""target_id"": ""JDQ4MTYyMiM2MSMkMSMkMiMkOTkkMzgxMzUxIzIxIyQxIyQxIyQ5MiQyNjE4MzIjNDEjJDEjJDgjJDgz"", ""target_name"": ""혜성산부인과병원""}, {""policy"": ""ambulance_new_base"", ""target_id"": ""REG009"", ""target_name"": ""청룡동""}]"
59,42,0.9378752337990761,5.423225806451613,10.77319533367163,16.196421140123242,5.713945959776463,12.64707408064631,18.36102004042277,11.18,29.62,"[50, 13, 41]","[{""policy"": ""hospital_upgrade"", ""target_id"": ""JDQ4MTYyMiM2MSMkMSMkMiMkOTkkMzgxMzUxIzIxIyQxIyQxIyQwMyQyNjE4MzIjODEjJDEjJDIjJDgz"", ""target_name"": ""서울대정병원""}, {""policy"": ""ambulance_new_base"", ""target_id"": ""REG014"", ""target_name"": ""성남면""}, {""policy"": ""hospital_upgrade"", ""target_id"": ""JDQ4MTYyMiM2MSMkMSMkMiMkOTkkMzgxMzUxIzIxIyQxIyQ1IyQ5OSQzNjEyMjIjNjEjJDEjJDQjJDgz"", ""target_name"": ""천안다나힐병원""}]"
60,42,0.5433856682851008,5.088074929898137,11.138559464269987,16.226634394168126,5.774698117836678,12.980811488100068,18.755509605936744,11.18,29.62,"[44, 23, 26]","[{""policy"": ""hospital_upgrade"", ""target_id"": ""JDQ4MTYyMiM2MSMkMSMkMiMkOTkkMzgxMzUxIzIxIyQxIyQxIyQ3MiQzNjE4MzIjODEjJDEjJDYjJDgz"", ""target_name"": ""삼성스카이병원""}, {""policy"": ""ambulance_new_base"", ""target_id"": ""REG024"", ""target_name"": ""성정2동""}, {""policy"": ""ambulance_new_base"", ""target_id"": ""REG027"", ""target_name"": ""쌍용3동""}]"
61,42,1.1615215169096764,5.000521998810393,10.860143321295778,15.860665320106172,5.431033835849968,12.706339921462204,18.13737375731217,11.18,29.62,"[18, 42, 0]","[{""policy"": ""ambulance_new_base"", ""target_id"": ""REG019"", ""target_name"": ""부성1동""}, {""policy"": ""hospital_upgrade"", ""target_id"": ""JDQ4MTYyMiM2MSMkMSMkMiMkOTkkMzgxMzUxIzIxIyQxIyQxIyQ2MiQ0NjE0ODEjNDEjJDEjJDQjJDgz"", ""target_name"": ""연세나무병원""}, {""policy"": ""ambulance_new_base"", ""target_id"": ""REG001"", ""target_name"": ""문성동""}]"
62,42,0.9575664883827102,4.814414881298668,11.594193548387098,16.408608429685763,5.076749825217914,13.264578960621222,18.341328785839135,11.18,29.62,"[15, 29, 7]","[{""policy"": ""ambulance_new_base"", ""target_id"": ""REG016"", ""target_name"": ""풍세면""}, {""policy"": ""ambulance_new_base"", ""target_id"": ""REG030"", ""target_name"": ""성환읍""}, {""policy"": ""ambulance_new_base"", ""target_id"": ""REG008"", ""target_name"": ""중앙동""}]"
63,42,0.8938438594453153,5.30953667865867,10.801329881249666,16.110866559908338,5.817718036654236,12.587333378122295,18.40505141477653,11.18,29.62,"[34, 6, 33]","[{""policy"": ""hospital_upgrade"", ""target_id"": ""JDQ4MTYyMiM2MSMkMSMkMiMkOTkkMzgxMzUxIzIxIyQxIyQ1IyQ2MiQ0NjE0ODEjNjEjJDEjJDgjJDgz"", ""target_name"": ""천안해울병원""}, {""policy"": ""ambulance_new_base"", ""target_id"": ""REG007"", ""target_name"": ""일봉동""}, {""policy"": ""hospital_upgrade"", ""target_id"": ""JDQ4MTYyMiM2MSMkMSMkMiMkOTkkMzgxMzUxIzExIyQyIyQ3IyQwMCQ0NjE0ODEjNjEjJDEjJDgjJDgz"", ""target_name"": ""천안우리병원""}]"
64,42,0.972492910869942,5.599677419354838,10.417023390557885,16.016700809912724,6.034316313600623,12.292086049751285,18.326402363351903,11.18,29.62,"[33, 37, 38]","[{""policy"": ""hospital_upgrade"", ""target_id"": ""JDQ4MTYyMiM2MSMkMSMkMiMkOTkkMzgxMzUxIzExIyQyIyQ3IyQwMCQ0NjE0ODEjNjEjJDEjJDgjJDgz"", ""target_name"": ""천안우리병원""}, {""policy"": ""hospital_upgrade"", ""target_id"": ""JDQ4MTYyMiM2MSMkMSMkMiMkOTkkMzgxMzUxIzIxIyQxIyQ1IyQ3OSQzNjE4MzIjODEjJDEjJDYjJDgz"", ""target_name"": ""앙즈로여성병원""}, {""policy"": ""hospital_upgrade"", ""target_id"": ""JDQ4MTYyMiM2MSMkMSMkMiMkOTkkMzgxMzUxIzIxIyQxIyQ1IyQ4OSQ0NjEwMDIjNTEjJDEjJDIjJDgz"", ""target_name"": ""천안리턴병원""}]"
65,42,0.7111136237853586,5.170174750773638,11.098534409726106,16.268709160499746,5.5971000124587125,12.990681637977776,18.587781650436487,11.18,29.62,"[16, 5, 32]","[{""policy"": ""ambulance_new_base"", ""target_id"": ""REG017"", ""target_name"": ""목천읍""}, {""policy"": ""ambulance_new_base"", ""target_id"": ""REG006"", ""target_name"": ""원성2동""}, {""policy"": ""hospital_upgrade"", ""target_id"": ""JDQ4MTYyMiM2MSMkMSMkMiMkOTkkMzgxMzUxIzExIyQxIyQ3IyQ5OSQ0NjE0ODEjODEjJDEjJDYjJDgz"", ""target_name"": ""예일병원""}]"
66,42,0.648293196091263,4.942535758134179,11.594193548387098,16.536729306521277,5.386023117509364,13.264578960621222,18.650602078130582,11.18,29.62,"[1, 12, 11]","[{""policy"": ""ambulance_new_base"", ""target_id"": ""REG002"", ""target_name"": ""봉명동""}, {""policy"": ""ambulance_new_base"", ""target_id"": ""REG013"", ""target_name"": ""북면""}, {""policy"": ""ambulance_new_base"", ""target_id"": ""REG012"", ""target_name"": ""병천면""}]"
67,42,0.39099157368749005,5.21523719606318,11.594193548387098,16.809430744450278,5.643324739913134,13.264578960621222,18.907903700534355,11.18,29.62,"[19, 27, 16]","[{""policy"": ""ambulance_new_base"", ""target_id"": ""REG020"", ""target_name"": ""부성2동""}, {""policy"": ""ambulance_new_base"", ""target_id"": ""REG028"", ""target_name"": ""입장면""}, {""policy"": ""ambulance_new_base"", ""target_id"": ""REG017"", ""target_name"": ""목천읍""}]"
68,42,0.6968683863755913,5.473225806451612,10.77319533367163,16.246421140123243,5.9549528071999465,12.64707408064631,18.602026887846254,11.18,29.62,"[16, 50, 41]","[{""policy"": ""ambulance_new_base"", ""target_id"": ""REG017"", ""target_name"": ""목천읍""}, {""policy"": ""hospital_upgrade"", ""target_id"": ""JDQ4MTYyMiM2MSMkMSMkMiMkOTkkMzgxMzUxIzIxIyQxIyQxIyQwMyQyNjE4MzIjODEjJDEjJDIjJDgz"", ""target_name"": ""서울대정병원""}, {""policy"": ""hospital_upgrade"", ""target_id"": ""JDQ4MTYyMiM2MSMkMSMkMiMkOTkkMzgxMzUxIzIxIyQxIyQ1IyQ5OSQzNjEyMjIjNjEjJDEjJDQjJDgz"", ""target_name"": ""천안다나힐병원""}]"
69,42,0.5602104834939468,5.466774193548386,11.038131689252515,16.504905882800905,5.780631376307751,12.958053414420151,18.7386847907279,11.18,29.62,"[32, 52, 15]","[{""policy"": ""hospital_upgrade"", ""target_id"": ""JDQ4MTYyMiM2MSMkMSMkMiMkOTkkMzgxMzUxIzExIyQxIyQ3IyQ5OSQ0NjE0ODEjODEjJDEjJDYjJDgz"", ""target_name"": ""예일병원""}, {""policy"": ""hospital_upgrade"", ""target_id"": ""JDQ4MTYyMiM2MSMkMSMkMiMkOTkkMzgxMzUxIzIxIyQyIyQ1IyQwMCQyNjEwMDIjNDEjJDEjJDgjJDgz"", ""target_name"": ""이화병원""}, {""policy"": ""ambulance_new_base"", ""target_id"": ""REG016"", ""target_name"": ""풍세면""}]"
70,42,1.1890637276404945,5.423225806451613,10.5232482152016,15.946474021653213,5.713945959776463,12.395885586804884,18.10983154658135,11.18,29.62,"[51, 49, 13]","[{""policy"": ""hospital_upgrade"", ""target_id"": ""JDQ4MTYyMiM2MSMkMSMkMiMkOTkkMzgxMzUxIzIxIyQxIyQxIyQxMyQyNjEyMjIjNzEjJDEjJDgjJDgz"", ""target_name"": ""SG삼성조은병원""}, {""policy"": ""hospital_upgrade"", ""target_id"": ""JDQ4MTYyMiM2MSMkMSMkMiMkOTkkMzgxMzUxIzIxIyQxIyQxIyQwMyQyNjE0ODEjNTEjJDEjJDYjJDgz"", ""target_name"": ""천안21세기병원""}, {""policy"": ""ambulance_new_base"", ""target_id"": ""REG014"", ""target_name"": ""성남면""}]"
71,42,0.34378297810124536,5.269032258064516,11.594193548387098,16.863225806451613,5.6905333354993815,13.264578960621222,18.9551122961206,11.18,29.62,"[27, 15, 2]","[{""policy"": ""ambulance_new_base"", ""target_id"": ""REG028"", ""target_name"": ""입장면""}, {""policy"": ""ambulance_new_base"", ""target_id"": ""REG016"", ""target_name"": ""풍세면""}, {""policy"": ""ambulance_new_base"", ""target_id"": ""REG003"", ""target_name"": ""신방동""}]"
72,42,1.256862622292072,5.232801978072861,10.510417862250454,15.743219840323318,5.567406178782148,12.474626473147627,18.042032651929773,11.18,29.62,"[47, 7, 50]","[{""policy"": ""hospital_upgrade"", ""target_id"": ""JDQ4MTYyMiM2MSMkMSMkMiMkOTkkMzgxMzUxIzIxIyQxIyQxIyQ5MiQyNjE4MzIjNDEjJDEjJDgjJDgz"", ""target_name"": ""혜성산부인과병원""}, {""policy"": ""ambulance_new_base"", ""target_id"": ""REG008"", ""target_name"": ""중앙동""}, {""policy"": ""hospital_upgrade"", ""target_id"": ""JDQ4MTYyMiM2MSMkMSMkMiMkOTkkMzgxMzUxIzIxIyQxIyQxIyQwMyQyNjE4MzIjODEjJDEjJDIjJDgz"", ""target_name"": ""서울대정병원""}]"
73,42,0.9290660771608401,5.358709677419354,10.710791036294092,16.06950071371345,5.751533684774838,12.618295512286169,18.369829197061005,11.18,29.62,"[46, 43, 11]","[{""policy"": ""hospital_upgrade"", ""target_id"": ""JDQ4MTYyMiM2MSMkMSMkMiMkOTkkMzgxMzUxIzIxIyQxIyQxIyQ4OSQ0NjE0ODEjODEjJDEjJDIjJDgz"", ""target_name"": ""서울우리병원""}, {""policy"": ""hospital_upgrade"", ""target_id"": ""JDQ4MTYyMiM2MSMkMSMkMiMkOTkkMzgxMzUxIzIxIyQxIyQxIyQ3MiQyNjE0ODEjNDEjJDEjJDgjJDgz"", ""target_name"": ""천안재활병원""}, {""policy"": ""ambulance_new_base"", ""target_id"": ""REG012"", ""target_name"": ""병천면""}]"
74,42,0.3862699209557121,4.9677681479132705,11.594193548387098,16.561961696300372,5.648046392644914,13.264578960621222,18.912625353266133,11.18,29.62,"[16, 24, 26]","[{""policy"": ""ambulance_new_base"", ""target_id"": ""REG017"", ""target_name"": ""목천읍""}, {""policy"": ""ambulance_new_base"", ""target_id"": ""REG025"", ""target_name"": ""쌍용1동""}, {""policy"": ""ambulance_new_base"", ""target_id"": ""REG027"", ""target_name"": ""쌍용3동""}]"
75,42,0.6569557431255113,5.245273308085804,11.093193138623256,16.33846644670906,5.7678236204482705,12.874115910648063,18.641939531096334,11.18,29.62,"[17, 21, 34]","[{""policy"": ""ambulance_new_base"", ""target_id"": ""REG018"", ""target_name"": ""백석동""}, {""policy"": ""ambulance_new_base"", ""target_id"": ""REG022"", ""target_name"": ""불당2동""}, {""policy"": ""hospital_upgrade"", ""target_id"": ""JDQ4MTYyMiM2MSMkMSMkMiMkOTkkMzgxMzUxIzIxIyQxIyQ1IyQ2MiQ0NjE0ODEjNjEjJDEjJDgjJDgz"", ""target_name"": ""천안해울병원""}]"
76,42,0.7333841399443237,5.389711263171298,10.889972651521795,16.279683914693095,5.852393808666708,12.713117325610817,18.56551113427752,11.18,29.62,"[39, 4, 38]","[{""policy"": ""hospital_upgrade"", ""target_id"": ""JDQ4MTYyMiM2MSMkMSMkMiMkOTkkMzgxMzUxIzIxIyQxIyQ1IyQ4OSQyNjE4MzIjNTEjJDEjJDYjJDgz"", ""target_name"": ""아이본병원""}, {""policy"": ""ambulance_new_base"", ""target_id"": ""REG005"", ""target_name"": ""원성1동""}, {""policy"": ""hospital_upgrade"", ""target_id"": ""JDQ4MTYyMiM2MSMkMSMkMiMkOTkkMzgxMzUxIzIxIyQxIyQ1IyQ4OSQ0NjEwMDIjNTEjJDEjJDIjJDgz"", ""target_name"": ""천안리턴병원""}]"
77,42,1.2011382208745935,5.30471554719749,10.518238121507107,15.822953668704596,5.64393497465041,12.45382207869684,18.09775705334725,11.18,29.62,"[48, 50, 0]","[{""policy"": ""hospital_upgrade"", ""target_id"": ""JDQ4MTYyMiM2MSMkMSMkMiMkOTkkMzgxMzUxIzIxIyQxIyQxIyQ5MiQyNjEwMDIjNjEjJDEjJDAjJDgz"", ""target_name"": ""두정이진병원""}, {""policy"": ""hospital_upgrade"", ""target_id"": ""JDQ4MTYyMiM2MSMkMSMkMiMkOTkkMzgxMzUxIzIxIyQxIyQxIyQwMyQyNjE4MzIjODEjJDEjJDIjJDgz"", ""target_name"": ""서울대정병원""}, {""policy"": ""ambulance_new_base"", ""target_id"": ""REG001"", ""target_name"": ""문성동""}]"
78,42,0.6961904862925472,5.053085065755446,11.138559464269987,16.191644530025435,5.621893299829232,12.980811488100068,18.602704787929298,11.18,29.62,"[3, 6, 44]","[{""policy"": ""ambulance_new_base"", ""target_id"": ""REG004"", ""target_name"": ""신안동""}, {""policy"": ""ambulance_new_base"", ""target_id"": ""REG007"", ""target_name"": ""일봉동""}, {""policy"": ""hospital_upgrade"", ""target_id"": ""JDQ4MTYyMiM2MSMkMSMkMiMkOTkkMzgxMzUxIzIxIyQxIyQxIyQ3MiQzNjE4MzIjODEjJDEjJDYjJDgz"", ""target_name"": ""삼성스카이병원""}]"
79,42,1.107889700540742,5.161688808966406,10.922183961670516,16.083872770636923,5.453792809638262,12.737212764042843,18.191005573681103,11.18,29.62,"[38, 19, 9]","[{""policy"": ""hospital_upgrade"", ""target_id"": ""JDQ4MTYyMiM2MSMkMSMkMiMkOTkkMzgxMzUxIzIxIyQxIyQ1IyQ4OSQ0NjEwMDIjNTEjJDEjJDIjJDgz"", ""target_name"": ""천안리턴병원""}, {""policy"": ""ambulance_new_base"", ""target_id"": ""REG020"", ""target_name"": ""부성2동""}, {""policy"": ""ambulance_new_base"", ""target_id"": ""REG010"", ""target_name"": ""광덕면""}]"
80,42,0.9421557693565603,5.072903225806451,11.138559464269987,16.21146269007644,5.37592801676522,12.980811488100068,18.356739504865285,11.18,29.62,"[2, 10, 44]","[{""policy"": ""ambulance_new_base"", ""target_id"": ""REG003"", ""target_name"": ""신방동""}, {""policy"": ""ambulance_new_base"", ""target_id"": ""REG011"", ""target_name"": ""동면""}, {""policy"": ""hospital_upgrade"", ""target_id"": ""JDQ4MTYyMiM2MSMkMSMkMiMkOTkkMzgxMzUxIzIxIyQxIyQxIyQ3MiQzNjE4MzIjODEjJDEjJDYjJDgz"", ""target_name"": ""삼성스카이병원""}]"
81,42,0.7766673366777468,5.473225806451612,10.697312181131657,16.17053798758327,5.9549528071999465,12.567275130344152,18.5222279375441,11.18,29.62,"[40, 50, 16]","[{""policy"": ""hospital_upgrade"", ""target_id"": ""JDQ4MTYyMiM2MSMkMSMkMiMkOTkkMzgxMzUxIzIxIyQxIyQ1IyQ4OSQyNjEyMjIjNjEjJDEjJDQjJDgz"", ""target_name"": ""서울프라임병원""}, {""policy"": ""hospital_upgrade"", ""target_id"": ""JDQ4MTYyMiM2MSMkMSMkMiMkOTkkMzgxMzUxIzIxIyQxIyQxIyQwMyQyNjE4MzIjODEjJDEjJDIjJDgz"", ""target_name"": ""서울대정병원""}, {""policy"": ""ambulance_new_base"", ""target_id"": ""REG017"", ""target_name"": ""목천읍""}]"
82,42,0.6323247379222003,4.974336481443361,11.594193548387098,16.568530029830455,5.401991575678427,13.264578960621222,18.666570536299645,11.18,29.62,"[22, 25, 7]","[{""policy"": ""ambulance_new_base"", ""target_id"": ""REG023"", ""target_name"": ""성정1동""}, {""policy"": ""ambulance_new_base"", ""target_id"": ""REG026"", ""target_name"": ""쌍용2동""}, {""policy"": ""ambulance_new_base"", ""target_id"": ""REG008"", ""target_name"": ""중앙동""}]"
83,42,1.0611751494574087,4.852258064516128,11.594193548387098,16.44645161290323,4.973141164143218,13.264578960621222,18.237720124764436,10.85,29.62,"[11, 14, 8]","[{""policy"": ""ambulance_new_base"", ""target_id"": ""REG012"", ""target_name"": ""병천면""}, {""policy"": ""ambulance_new_base"", ""target_id"": ""REG015"", ""target_name"": ""수신면""}, {""policy"": ""ambulance_new_base"", ""target_id"": ""REG009"", ""target_name"": ""청룡동""}]"
84,42,1.099049344503964,5.30953667865867,10.465528714024007,15.775065392682679,5.817718036654236,12.382127893063645,18.19984592971788,11.18,29.62,"[6, 50, 34]","[{""policy"": ""ambulance_new_base"", ""target_id"": ""REG007"", ""target_name"": ""일봉동""}, {""policy"": ""hospital_upgrade"", ""target_id"": ""JDQ4MTYyMiM2MSMkMSMkMiMkOTkkMzgxMzUxIzIxIyQxIyQxIyQwMyQyNjE4MzIjODEjJDEjJDIjJDgz"", ""target_name"": ""서울대정병원""}, {""policy"": ""hospital_upgrade"", ""target_id"": ""JDQ4MTYyMiM2MSMkMSMkMiMkOTkkMzgxMzUxIzIxIyQxIyQ1IyQ2MiQ0NjE0ODEjNjEjJDEjJDgjJDgz"", ""target_name"": ""천안해울병원""}]"
85,42,0.922598163852669,5.599677419354838,10.34567277813287,15.945350197487711,6.034316313600623,12.34198079676856,18.376297110369176,11.18,29.62,"[40, 47, 36]","[{""policy"": ""hospital_upgrade"", ""target_id"": ""JDQ4MTYyMiM2MSMkMSMkMiMkOTkkMzgxMzUxIzIxIyQxIyQ1IyQ4OSQyNjEyMjIjNjEjJDEjJDQjJDgz"", ""target_name"": ""서울프라임병원""}, {""policy"": ""hospital_upgrade"", ""target_id"": ""JDQ4MTYyMiM2MSMkMSMkMiMkOTkkMzgxMzUxIzIxIyQxIyQxIyQ5MiQyNjE4MzIjNDEjJDEjJDgjJDgz"", ""target_name"": ""혜성산부인과병원""}, {""policy"": ""hospital_upgrade"", ""target_id"": ""JDQ4MTYyMiM2MSMkMSMkMiMkOTkkMzgxMzUxIzIxIyQxIyQ1IyQ3OSQyNjE0ODEjNDEjJDEjJDgjJDgz"", ""target_name"": ""마디손병원""}]"
86,42,1.3589854875475353,5.249677419354838,10.519739463671968,15.769416883026807,5.442251364611085,12.497658422063227,17.93990978667431,11.18,29.62,"[42, 44, 10]","[{""policy"": ""hospital_upgrade"", ""target_id"": ""JDQ4MTYyMiM2MSMkMSMkMiMkOTkkMzgxMzUxIzIxIyQxIyQxIyQ2MiQ0NjE0ODEjNDEjJDEjJDQjJDgz"", ""target_name"": ""연세나무병원""}, {""policy"": ""hospital_upgrade"", ""target_id"": ""JDQ4MTYyMiM2MSMkMSMkMiMkOTkkMzgxMzUxIzIxIyQxIyQxIyQ3MiQzNjE4MzIjODEjJDEjJDYjJDgz"", ""target_name"": ""삼성스카이병원""}, {""policy"": ""ambulance_new_base"", ""target_id"": ""REG011"", ""target_name"": ""동면""}]"
87,42,0.8931005243968606,5.389711263171298,10.602634543139269,15.992345806310569,5.852393808666708,12.553400941158278,18.405794749824985,11.18,29.62,"[38, 43, 4]","[{""policy"": ""hospital_upgrade"", ""target_id"": ""JDQ4MTYyMiM2MSMkMSMkMiMkOTkkMzgxMzUxIzIxIyQxIyQ1IyQ4OSQ0NjEwMDIjNTEjJDEjJDIjJDgz"", ""target_name"": ""천안리턴병원""}, {""policy"": ""hospital_upgrade"", ""target_id"": ""JDQ4MTYyMiM2MSMkMSMkMiMkOTkkMzgxMzUxIzIxIyQxIyQxIyQ3MiQyNjE0ODEjNDEjJDEjJDgjJDgz"", ""target_name"": ""천안재활병원""}, {""policy"": ""ambulance_new_base"", ""target_id"": ""REG005"", ""target_name"": ""원성1동""}]"
88,42,0.8837049475116885,5.0240528076909285,11.08868306517315,16.11273587286408,5.5807466203828735,12.834443706327281,18.415190326710157,11.18,29.62,"[29, 49, 6]","[{""policy"": ""ambulance_new_base"", ""target_id"": ""REG030"", ""target_name"": ""성환읍""}, {""policy"": ""hospital_upgrade"", ""target_id"": ""JDQ4MTYyMiM2MSMkMSMkMiMkOTkkMzgxMzUxIzIxIyQxIyQxIyQwMyQyNjE0ODEjNTEjJDEjJDYjJDgz"", ""target_name"": ""천안21세기병원""}, {""policy"": ""ambulance_new_base"", ""target_id"": ""REG007"", ""target_name"": ""일봉동""}]"
89,42,1.1507303264052844,5.09989875226641,11.08868306517315,16.18858181743956,5.313721241489277,12.834443706327281,18.14816494781656,11.18,29.62,"[49, 7, 15]","[{""policy"": ""hospital_upgrade"", ""target_id"": ""JDQ4MTYyMiM2MSMkMSMkMiMkOTkkMzgxMzUxIzIxIyQxIyQxIyQwMyQyNjE0ODEjNTEjJDEjJDYjJDgz"", ""target_name"": ""천안21세기병원""}, {""policy"": ""ambulance_new_base"", ""target_id"": ""REG008"", ""target_name"": ""중앙동""}, {""policy"": ""ambulance_new_base"", ""target_id"": ""REG016"", ""target_name"": ""풍세면""}]"
90,42,0.9346635415056497,5.473225806451612,10.55638381133039,16.029609617782004,5.9549528071999465,12.409278925516249,18.364231732716195,11.18,29.62,"[50, 33, 16]","[{""policy"": ""hospital_upgrade"", ""target_id"": ""JDQ4MTYyMiM2MSMkMSMkMiMkOTkkMzgxMzUxIzIxIyQxIyQxIyQwMyQyNjE4MzIjODEjJDEjJDIjJDgz"", ""target_name"": ""서울대정병원""}, {""policy"": ""hospital_upgrade"", ""target_id"": ""JDQ4MTYyMiM2MSMkMSMkMiMkOTkkMzgxMzUxIzExIyQyIyQ3IyQwMCQ0NjE0ODEjNjEjJDEjJDgjJDgz"", ""target_name"": ""천안우리병원""}, {""policy"": ""ambulance_new_base"", ""target_id"": ""REG017"", ""target_name"": ""목천읍""}]"
91,42,0.8932262625450988,5.260793486616837,10.665970466999639,15.92676395361648,5.843096022653826,12.562572989022923,18.405669011676746,11.18,29.62,"[26, 51, 48]","[{""policy"": ""ambulance_new_base"", ""target_id"": ""REG027"", ""target_name"": ""쌍용3동""}, {""policy"": ""hospital_upgrade"", ""target_id"": ""JDQ4MTYyMiM2MSMkMSMkMiMkOTkkMzgxMzUxIzIxIyQxIyQxIyQxMyQyNjEyMjIjNzEjJDEjJDgjJDgz"", ""target_name"": ""SG삼성조은병원""}, {""policy"": ""hospital_upgrade"", ""target_id"": ""JDQ4MTYyMiM2MSMkMSMkMiMkOTkkMzgxMzUxIzIxIyQxIyQxIyQ5MiQyNjEwMDIjNjEjJDEjJDAjJDgz"", ""target_name"": ""두정이진병원""}]"
92,42,0.8531681855715512,5.1015116554922155,11.302330291013508,16.40384194650572,5.467930660554843,12.977796428095454,18.445727088650294,11.18,29.62,"[7, 28, 33]","[{""policy"": ""ambulance_new_base"", ""target_id"": ""REG008"", ""target_name"": ""중앙동""}, {""policy"": ""ambulance_new_base"", ""target_id"": ""REG029"", ""target_name"": ""성거읍""}, {""policy"": ""hospital_upgrade"", ""target_id"": ""JDQ4MTYyMiM2MSMkMSMkMiMkOTkkMzgxMzUxIzExIyQyIyQ3IyQwMCQ0NjE0ODEjNjEjJDEjJDgjJDgz"", ""target_name"": ""천안우리병원""}]"
93,42,1.1201702943144767,5.232801978072861,10.73616728707803,15.968969265150893,5.567406178782148,12.611318801125222,18.17872497990737,11.18,29.62,"[39, 36, 7]","[{""policy"": ""hospital_upgrade"", ""target_id"": ""JDQ4MTYyMiM2MSMkMSMkMiMkOTkkMzgxMzUxIzIxIyQxIyQ1IyQ4OSQyNjE4MzIjNTEjJDEjJDYjJDgz"", ""target_name"": ""아이본병원""}, {""policy"": ""hospital_upgrade"", ""target_id"": ""JDQ4MTYyMiM2MSMkMSMkMiMkOTkkMzgxMzUxIzIxIyQxIyQ1IyQ3OSQyNjE0ODEjNDEjJDEjJDgjJDgz"", ""target_name"": ""마디손병원""}, {""policy"": ""ambulance_new_base"", ""target_id"": ""REG008"", ""target_name"": ""중앙동""}]"
94,42,0.8007989805420053,5.453870967741936,10.840725911910967,16.2945968796529,5.852102069660146,12.645994224019693,18.49809629367984,11.18,29.62,"[31, 8, 49]","[{""policy"": ""hospital_upgrade"", ""target_id"": ""JDQ4MTYyMiM2MSMkMSMkMiMkOTkkMzgxMzUxIzExIyQxIyQ3IyQ4OSQzNjE0ODEjODEjJDEjJDYjJDgz"", ""target_name"": ""새로나병원""}, {""policy"": ""ambulance_new_base"", ""target_id"": ""REG009"", ""target_name"": ""청룡동""}, {""policy"": ""hospital_upgrade"", ""target_id"": ""JDQ4MTYyMiM2MSMkMSMkMiMkOTkkMzgxMzUxIzIxIyQxIyQxIyQwMyQyNjE0ODEjNTEjJDEjJDYjJDgz"", ""target_name"": ""천안21세기병원""}]"
95,42,0.9101718786505408,5.331973675703178,10.781583534338413,16.11355721004159,5.7387096980570576,12.650013697514247,18.388723395571304,11.18,29.62,"[37, 22, 41]","[{""policy"": ""hospital_upgrade"", ""target_id"": ""JDQ4MTYyMiM2MSMkMSMkMiMkOTkkMzgxMzUxIzIxIyQxIyQ1IyQ3OSQzNjE4MzIjODEjJDEjJDYjJDgz"", ""target_name"": ""앙즈로여성병원""}, {""policy"": ""ambulance_new_base"", ""target_id"": ""REG023"", ""target_name"": ""성정1동""}, {""policy"": ""hospital_upgrade"", ""target_id"": ""JDQ4MTYyMiM2MSMkMSMkMiMkOTkkMzgxMzUxIzIxIyQxIyQ1IyQ5OSQzNjEyMjIjNjEjJDEjJDQjJDgz"", ""target_name"": ""천안다나힐병원""}]"
96,42,1.0651439013217683,5.30471554719749,10.634807258790396,15.939522805987886,5.64393497465041,12.589816398249667,18.233751372900077,11.18,29.62,"[0, 40, 44]","[{""policy"": ""ambulance_new_base"", ""target_id"": ""REG001"", ""target_name"": ""문성동""}, {""policy"": ""hospital_upgrade"", ""target_id"": ""JDQ4MTYyMiM2MSMkMSMkMiMkOTkkMzgxMzUxIzIxIyQxIyQ1IyQ4OSQyNjEyMjIjNjEjJDEjJDQjJDgz"", ""target_name"": ""서울프라임병원""}, {""policy"": ""hospital_upgrade"", ""target_id"": ""JDQ4MTYyMiM2MSMkMSMkMiMkOTkkMzgxMzUxIzIxIyQxIyQxIyQ3MiQzNjE4MzIjODEjJDEjJDYjJDgz"", ""target_name"": ""삼성스카이병원""}]"
97,42,1.2818960794931158,5.062580645161289,11.013231528881516,16.075812174042806,5.11776768308532,12.899231511643416,18.01699919472873,10.85,29.62,"[43, 14, 13]","[{""policy"": ""hospital_upgrade"", ""target_id"": ""JDQ4MTYyMiM2MSMkMSMkMiMkOTkkMzgxMzUxIzIxIyQxIyQxIyQ3MiQyNjE0ODEjNDEjJDEjJDgjJDgz"", ""target_name"": ""천안재활병원""}, {""policy"": ""ambulance_new_base"", ""target_id"": ""REG015"", ""target_name"": ""수신면""}, {""policy"": ""ambulance_new_base"", ""target_id"": ""REG014"", ""target_name"": ""성남면""}]"
98,42,0.48390313819513864,5.070977770418007,11.594193548387098,16.6651713188051,5.5504131754054855,13.264578960621222,18.814992136026707,11.18,29.62,"[11, 17, 28]","[{""policy"": ""ambulance_new_base"", ""target_id"": ""REG012"", ""target_name"": ""병천면""}, {""policy"": ""ambulance_new_base"", ""target_id"": ""REG018"", ""target_name"": ""백석동""}, {""policy"": ""ambulance_new_base"", ""target_id"": ""REG029"", ""target_name"": ""성거읍""}]"
99,42,0.8229443875967739,5.599677419354838,10.384518536863519,15.984195956218358,6.034316313600623,12.441634573024452,18.47595088662507,11.18,29.62,"[39, 47, 45]","[{""policy"": ""hospital_upgrade"", ""target_id"": ""JDQ4MTYyMiM2MSMkMSMkMiMkOTkkMzgxMzUxIzIxIyQxIyQ1IyQ4OSQyNjE4MzIjNTEjJDEjJDYjJDgz"", ""target_name"": ""아이본병원""}, {""policy"": ""hospital_upgrade"", ""target_id"": ""JDQ4MTYyMiM2MSMkMSMkMiMkOTkkMzgxMzUxIzIxIyQxIyQxIyQ5MiQyNjE4MzIjNDEjJDEjJDgjJDgz"", ""target_name"": ""혜성산부인과병원""}, {""policy"": ""hospital_upgrade"", ""target_id"": ""JDQ4MTYyMiM2MSMkMSMkMiMkOTkkMzgxMzUxIzIxIyQxIyQxIyQ3OSQyNjEyMjIjNDEjJDEjJDgjJDgz"", ""target_name"": ""우리척병원""}]"
100,42,0.6692993532809979,4.8745532833573915,11.594193548387098,16.468746831744486,5.3650169603196245,13.264578960621222,18.629595920940847,11.18,29.62,"[6, 21, 19]","[{""policy"": ""ambulance_new_base"", ""target_id"": ""REG007"", ""target_name"": ""일봉동""}, {""policy"": ""ambulance_new_base"", ""target_id"": ""REG022"", ""target_name"": ""불당2동""}, {""policy"": ""ambulance_new_base"", ""target_id"": ""REG020"", ""target_name"": ""부성2동""}]"
101,42,1.1705639458206925,5.2966263636768645,10.621051385465666,15.91767774914253,5.6764635188593875,12.451867809541767,18.128331328401153,11.18,29.62,"[33, 5, 51]","[{""policy"": ""hospital_upgrade"", ""target_id"": ""JDQ4MTYyMiM2MSMkMSMkMiMkOTkkMzgxMzUxIzExIyQyIyQ3IyQwMCQ0NjE0ODEjNjEjJDEjJDgjJDgz"", ""target_name"": ""천안우리병원""}, {""policy"": ""ambulance_new_base"", ""target_id"": ""REG006"", ""target_name"": ""원성2동""}, {""policy"": ""hospital_upgrade"", ""target_id"": ""JDQ4MTYyMiM2MSMkMSMkMiMkOTkkMzgxMzUxIzIxIyQxIyQxIyQxMyQyNjEyMjIjNzEjJDEjJDgjJDgz"", ""target_name"": ""SG삼성조은병원""}]"
102,42,0.41254295160381815,5.229539507797428,11.594193548387098,16.823733056184526,5.621773361996808,13.264578960621222,18.886352322618027,11.18,29.62,"[27, 13, 23]","[{""policy"": ""ambulance_new_base"", ""target_id"": ""REG028"", ""target_name"": ""입장면""}, {""policy"": ""ambulance_new_base"", ""target_id"": ""REG014"", ""target_name"": ""성남면""}, {""policy"": ""ambulance_new_base"", ""target_id"": ""REG024"", ""target_name"": ""성정2동""}]"
103,42,0.8389754032022871,5.599677419354838,10.412363152734416,16.012040572089255,6.034316313600623,12.425603557418937,18.459919871019558,11.18,29.62,"[50, 38, 44]","[{""policy"": ""hospital_upgrade"", ""target_id"": ""JDQ4MTYyMiM2MSMkMSMkMiMkOTkkMzgxMzUxIzIxIyQxIyQxIyQwMyQyNjE4MzIjODEjJDEjJDIjJDgz"", ""target_name"": ""서울대정병원""}, {""policy"": ""hospital_upgrade"", ""target_id"": ""JDQ4MTYyMiM2MSMkMSMkMiMkOTkkMzgxMzUxIzIxIyQxIyQ1IyQ4OSQ0NjEwMDIjNTEjJDEjJDIjJDgz"", ""target_name"": ""천안리턴병원""}, {""policy"": ""hospital_upgrade"", ""target_id"": ""JDQ4MTYyMiM2MSMkMSMkMiMkOTkkMzgxMzUxIzIxIyQxIyQxIyQ3MiQzNjE4MzIjODEjJDEjJDYjJDgz"", ""target_name"": ""삼성스카이병원""}]"
104,42,0.8248993965172389,5.040174750773638,11.102009947137324,16.142184697910963,5.480638782034383,12.993357095670223,18.473995877704606,11.18,29.62,"[5, 3, 45]","[{""policy"": ""ambulance_new_base"", ""target_id"": ""REG006"", ""target_name"": ""원성2동""}, {""policy"": ""ambulance_new_base"", ""target_id"": ""REG004"", ""target_name"": ""신안동""}, {""policy"": ""hospital_upgrade"", ""target_id"": ""JDQ4MTYyMiM2MSMkMSMkMiMkOTkkMzgxMzUxIzIxIyQxIyQxIyQ3OSQyNjEyMjIjNDEjJDEjJDgjJDgz"", ""target_name"": ""우리척병원""}]"
105,42,1.271876222608455,4.578608429685765,11.594193548387098,16.17280197807286,4.762440090992168,13.264578960621222,18.02701905161339,11.18,29.62,"[7, 18, 10]","[{""policy"": ""ambulance_new_base"", ""target_id"": ""REG008"", ""target_name"": ""중앙동""}, {""policy"": ""ambulance_new_base"", ""target_id"": ""REG019"", ""target_name"": ""부성1동""}, {""policy"": ""ambulance_new_base"", ""target_id"": ""REG011"", ""target_name"": ""동면""}]"
106,42,1.1267339082554102,5.09989875226641,11.033865820568307,16.133764572834718,5.313721241489277,12.858440124477161,18.172161365966435,11.18,29.62,"[15, 48, 7]","[{""policy"": ""ambulance_new_base"", ""target_id"": ""REG016"", ""target_name"": ""풍세면""}, {""policy"": ""hospital_upgrade"", ""target_id"": ""JDQ4MTYyMiM2MSMkMSMkMiMkOTkkMzgxMzUxIzIxIyQxIyQxIyQ5MiQyNjEwMDIjNjEjJDEjJDAjJDgz"", ""target_name"": ""두정이진병원""}, {""policy"": ""ambulance_new_base"", ""target_id"": ""REG008"", ""target_name"": ""중앙동""}]"
107,42,1.0453720631675658,5.127419354838709,11.101640188418845,16.229059543257552,5.260702855936057,12.992820355118223,18.25352321105428,11.18,29.62,"[52, 8, 30]","[{""policy"": ""hospital_upgrade"", ""target_id"": ""JDQ4MTYyMiM2MSMkMSMkMiMkOTkkMzgxMzUxIzIxIyQyIyQ1IyQwMCQyNjEwMDIjNDEjJDEjJDgjJDgz"", ""target_name"": ""이화병원""}, {""policy"": ""ambulance_new_base"", ""target_id"": ""REG009"", ""target_name"": ""청룡동""}, {""policy"": ""ambulance_new_base"", ""target_id"": ""REG031"", ""target_name"": ""직산읍""}]"
108,42,0.6036495646056181,4.902228568128163,11.594193548387098,16.49642211651526,5.430666748995009,13.264578960621222,18.695245709616227,11.18,29.62,"[6, 7, 23]","[{""policy"": ""ambulance_new_base"", ""target_id"": ""REG007"", ""target_name"": ""일봉동""}, {""policy"": ""ambulance_new_base"", ""target_id"": ""REG008"", ""target_name"": ""중앙동""}, {""policy"": ""ambulance_new_base"", ""target_id"": ""REG024"", ""target_name"": ""성정2동""}]"
109,42,1.1877483993793767,5.072903225806451,10.903044755594616,15.975947981401065,5.37592801676522,12.73521885807725,18.11114687484247,11.18,29.62,"[10, 2, 36]","[{""policy"": ""ambulance_new_base"", ""target_id"": ""REG011"", ""target_name"": ""동면""}, {""policy"": ""ambulance_new_base"", ""target_id"": ""REG003"", ""target_name"": ""신방동""}, {""policy"": ""hospital_upgrade"", ""target_id"": ""JDQ4MTYyMiM2MSMkMSMkMiMkOTkkMzgxMzUxIzIxIyQxIyQ1IyQ3OSQyNjE0ODEjNDEjJDEjJDgjJDgz"", ""target_name"": ""마디손병원""}]"
110,42,0.5503794456970219,5.155199482154791,11.346236395124912,16.501435877279704,5.672386350211193,13.076129478313634,18.748515828524823,11.18,29.62,"[2, 31, 22]","[{""policy"": ""ambulance_new_base"", ""target_id"": ""REG003"", ""target_name"": ""신방동""}, {""policy"": ""hospital_upgrade"", ""target_id"": ""JDQ4MTYyMiM2MSMkMSMkMiMkOTkkMzgxMzUxIzExIyQxIyQ3IyQ4OSQzNjE0ODEjODEjJDEjJDYjJDgz"", ""target_name"": ""새로나병원""}, {""policy"": ""ambulance_new_base"", ""target_id"": ""REG023"", ""target_name"": ""성정1동""}]"
111,42,0.8876482158619332,5.342699713174523,10.602994034738755,15.945693747913278,5.860800250783288,12.550446807576627,18.411247058359912,11.18,29.62,"[43, 20, 40]","[{""policy"": ""hospital_upgrade"", ""target_id"": ""JDQ4MTYyMiM2MSMkMSMkMiMkOTkkMzgxMzUxIzIxIyQxIyQxIyQ3MiQyNjE0ODEjNDEjJDEjJDgjJDgz"", ""target_name"": ""천안재활병원""}, {""policy"": ""ambulance_new_base"", ""target_id"": ""REG021"", ""target_name"": ""불당1동""}, {""policy"": ""hospital_upgrade"", ""target_id"": ""JDQ4MTYyMiM2MSMkMSMkMiMkOTkkMzgxMzUxIzIxIyQxIyQ1IyQ4OSQyNjEyMjIjNjEjJDEjJDQjJDgz"", ""target_name"": ""서울프라임병원""}]"
112,42,0.7337596383155045,5.440692396815576,10.772073526434678,16.212765923250256,5.947474605010949,12.617661030895395,18.56513563590634,11.18,29.62,"[25, 38, 46]","[{""policy"": ""ambulance_new_base"", ""target_id"": ""REG026"", ""target_name"": ""쌍용2동""}, {""policy"": ""hospital_upgrade"", ""target_id"": ""JDQ4MTYyMiM2MSMkMSMkMiMkOTkkMzgxMzUxIzIxIyQxIyQ1IyQ4OSQ0NjEwMDIjNTEjJDEjJDIjJDgz"", ""target_name"": ""천안리턴병원""}, {""policy"": ""hospital_upgrade"", ""target_id"": ""JDQ4MTYyMiM2MSMkMSMkMiMkOTkkMzgxMzUxIzIxIyQxIyQxIyQ4OSQ0NjE0ODEjODEjJDEjJDIjJDgz"", ""target_name"": ""서울우리병원""}]"
113,42,0.28131833175516974,5.063051551132965,11.594193548387098,16.657245099520065,5.752997981845457,13.264578960621222,19.017576942466675,11.18,29.62,"[26, 2, 27]","[{""policy"": ""ambulance_new_base"", ""target_id"": ""REG027"", ""target_name"": ""쌍용3동""}, {""policy"": ""ambulance_new_base"", ""target_id"": ""REG003"", ""target_name"": ""신방동""}, {""policy"": ""ambulance_new_base"", ""target_id"": ""REG028"", ""target_name"": ""입장면""}]"
114,42,0.7185133049580905,5.081612903225806,11.594193548387098,16.675806451612903,5.315803008642535,13.264578960621222,18.580381969263755,11.18,29.62,"[12, 13, 11]","[{""policy"": ""ambulance_new_base"", ""target_id"": ""REG013"", ""target_name"": ""북면""}, {""policy"": ""ambulance_new_base"", ""target_id"": ""REG014"", ""target_name"": ""성남면""}, {""policy"": ""ambulance_new_base"", ""target_id"": ""REG012"", ""target_name"": ""병천면""}]"
115,42,1.1671648148455134,5.041069731216184,11.033865820568307,16.074935551784492,5.273290334899174,12.858440124477161,18.13173045937633,10.85,29.62,"[21, 14, 48]","[{""policy"": ""ambulance_new_base"", ""target_id"": ""REG022"", ""target_name"": ""불당2동""}, {""policy"": ""ambulance_new_base"", ""target_id"": ""REG015"", ""target_name"": ""수신면""}, {""policy"": ""hospital_upgrade"", ""target_id"": ""JDQ4MTYyMiM2MSMkMSMkMiMkOTkkMzgxMzUxIzIxIyQxIyQxIyQ5MiQyNjEwMDIjNjEjJDEjJDAjJDgz"", ""target_name"": ""두정이진병원""}]"
116,42,0.7177669034308813,5.341688808966405,11.033865820568307,16.37555462953471,5.72268824631381,12.858440124477161,18.581128370790964,11.18,29.62,"[48, 19, 27]","[{""policy"": ""hospital_upgrade"", ""target_id"": ""JDQ4MTYyMiM2MSMkMSMkMiMkOTkkMzgxMzUxIzIxIyQxIyQxIyQ5MiQyNjEwMDIjNjEjJDEjJDAjJDgz"", ""target_name"": ""두정이진병원""}, {""policy"": ""ambulance_new_base"", ""target_id"": ""REG020"", ""target_name"": ""부성2동""}, {""policy"": ""ambulance_new_base"", ""target_id"": ""REG028"", ""target_name"": ""입장면""}]"
117,42,0.9051227486529605,5.086660207493325,11.013231528881516,16.099891736374836,5.494541013925473,12.899231511643416,18.393772525568885,11.18,29.62,"[43, 5, 4]","[{""policy"": ""hospital_upgrade"", ""target_id"": ""JDQ4MTYyMiM2MSMkMSMkMiMkOTkkMzgxMzUxIzIxIyQxIyQxIyQ3MiQyNjE0ODEjNDEjJDEjJDgjJDgz"", ""target_name"": ""천안재활병원""}, {""policy"": ""ambulance_new_base"", ""target_id"": ""REG006"", ""target_name"": ""원성2동""}, {""policy"": ""ambulance_new_base"", ""target_id"": ""REG005"", ""target_name"": ""원성1동""}]"
118,42,1.0322099174132582,5.2966263636768645,10.556696067642822,15.853322431319688,5.6764635188593875,12.590221837949201,18.266685356808587,11.18,29.62,"[47, 35, 5]","[{""policy"": ""hospital_upgrade"", ""target_id"": ""JDQ4MTYyMiM2MSMkMSMkMiMkOTkkMzgxMzUxIzIxIyQxIyQxIyQ5MiQyNjE4MzIjNDEjJDEjJDgjJDgz"", ""target_name"": ""혜성산부인과병원""}, {""policy"": ""hospital_upgrade"", ""target_id"": ""JDQ4MTYyMiM2MSMkMSMkMiMkOTkkMzgxMzUxIzIxIyQxIyQ1IyQ2MiQzNjE4MzIjODEjJDEjJDIjJDgz"", ""target_name"": ""돋움병원""}, {""policy"": ""ambulance_new_base"", ""target_id"": ""REG006"", ""target_name"": ""원성2동""}]"
119,42,0.74524025930193,5.499032258064515,10.793722543708792,16.29275480177331,5.9189559912924805,12.634699023627435,18.553655014919915,11.18,29.62,"[46, 40, 12]","[{""policy"": ""hospital_upgrade"", ""target_id"": ""JDQ4MTYyMiM2MSMkMSMkMiMkOTkkMzgxMzUxIzIxIyQxIyQxIyQ4OSQ0NjE0ODEjODEjJDEjJDIjJDgz"", ""target_name"": ""서울우리병원""}, {""policy"": ""hospital_upgrade"", ""target_id"": ""JDQ4MTYyMiM2MSMkMSMkMiMkOTkkMzgxMzUxIzIxIyQxIyQ1IyQ4OSQyNjEyMjIjNjEjJDEjJDQjJDgz"", ""target_name"": ""서울프라임병원""}, {""policy"": ""ambulance_new_base"", ""target_id"": ""REG013"", ""target_name"": ""북면""}]"
120,42,1.1676293810332687,5.273225806451612,10.853743382866561,16.12696918931817,5.442917099876535,12.688348793312045,18.131265893188576,11.18,29.62,"[40, 41, 30]","[{""policy"": ""hospital_upgrade"", ""target_id"": ""JDQ4MTYyMiM2MSMkMSMkMiMkOTkkMzgxMzUxIzIxIyQxIyQ1IyQ4OSQyNjEyMjIjNjEjJDEjJDQjJDgz"", ""target_name"": ""서울프라임병원""}, {""policy"": ""hospital_upgrade"", ""target_id"": ""JDQ4MTYyMiM2MSMkMSMkMiMkOTkkMzgxMzUxIzIxIyQxIyQ1IyQ5OSQzNjEyMjIjNjEjJDEjJDQjJDgz"", ""target_name"": ""천안다나힐병원""}, {""policy"": ""ambulance_new_base"", ""target_id"": ""REG031"", ""target_name"": ""직산읍""}]"
121,42,0.7587112503359883,5.599677419354838,10.623147368156637,16.222824787511477,6.034316313600623,12.505867710285235,18.540184023885857,11.18,29.62,"[39, 40, 31]","[{""policy"": ""hospital_upgrade"", ""target_id"": ""JDQ4MTYyMiM2MSMkMSMkMiMkOTkkMzgxMzUxIzIxIyQxIyQ1IyQ4OSQyNjE4MzIjNTEjJDEjJDYjJDgz"", ""target_name"": ""아이본병원""}, {""policy"": ""hospital_upgrade"", ""target_id"": ""JDQ4MTYyMiM2MSMkMSMkMiMkOTkkMzgxMzUxIzIxIyQxIyQ1IyQ4OSQyNjEyMjIjNjEjJDEjJDQjJDgz"", ""target_name"": ""서울프라임병원""}, {""policy"": ""hospital_upgrade"", ""target_id"": ""JDQ4MTYyMiM2MSMkMSMkMiMkOTkkMzgxMzUxIzExIyQxIyQ3IyQ4OSQzNjE0ODEjODEjJDEjJDYjJDgz"", ""target_name"": ""새로나병원""}]"
122,42,0.37489680486618226,5.452258064516128,11.101640188418845,16.553898252934975,5.931178114237441,12.992820355118223,18.923998469355663,11.18,29.62,"[27, 16, 52]","[{""policy"": ""ambulance_new_base"", ""target_id"": ""REG028"", ""target_name"": ""입장면""}, {""policy"": ""ambulance_new_base"", ""target_id"": ""REG017"", ""target_name"": ""목천읍""}, {""policy"": ""hospital_upgrade"", ""target_id"": ""JDQ4MTYyMiM2MSMkMSMkMiMkOTkkMzgxMzUxIzIxIyQyIyQ1IyQwMCQyNjEwMDIjNDEjJDEjJDgjJDgz"", ""target_name"": ""이화병원""}]"
123,42,0.8144815282951896,5.265170274394114,10.78509158626343,16.050261860657546,5.8270612018601655,12.657352544066493,18.484413745926656,11.18,29.62,"[42, 41, 24]","[{""policy"": ""hospital_upgrade"", ""target_id"": ""JDQ4MTYyMiM2MSMkMSMkMiMkOTkkMzgxMzUxIzIxIyQxIyQxIyQ2MiQ0NjE0ODEjNDEjJDEjJDQjJDgz"", ""target_name"": ""연세나무병원""}, {""policy"": ""hospital_upgrade"", ""target_id"": ""JDQ4MTYyMiM2MSMkMSMkMiMkOTkkMzgxMzUxIzIxIyQxIyQ1IyQ5OSQzNjEyMjIjNjEjJDEjJDQjJDgz"", ""target_name"": ""천안다나힐병원""}, {""policy"": ""ambulance_new_base"", ""target_id"": ""REG025"", ""target_name"": ""쌍용1동""}]"
124,42,0.9854359216427326,5.138387096774193,11.098534409726106,16.236921506500302,5.322777714601337,12.990681637977776,18.313459352579113,10.85,29.62,"[12, 14, 32]","[{""policy"": ""ambulance_new_base"", ""target_id"": ""REG013"", ""target_name"": ""북면""}, {""policy"": ""ambulance_new_base"", ""target_id"": ""REG015"", ""target_name"": ""수신면""}, {""policy"": ""hospital_upgrade"", ""target_id"": ""JDQ4MTYyMiM2MSMkMSMkMiMkOTkkMzgxMzUxIzExIyQxIyQ3IyQ5OSQ0NjE0ODEjODEjJDEjJDYjJDgz"", ""target_name"": ""예일병원""}]"
125,42,0.6487633617034589,4.881022731199481,11.594193548387098,16.47521627958658,5.385552951897168,13.264578960621222,18.650131912518386,11.18,29.62,"[22, 8, 24]","[{""policy"": ""ambulance_new_base"", ""target_id"": ""REG023"", ""target_name"": ""성정1동""}, {""policy"": ""ambulance_new_base"", ""target_id"": ""REG009"", ""target_name"": ""청룡동""}, {""policy"": ""ambulance_new_base"", ""target_id"": ""REG025"", ""target_name"": ""쌍용1동""}]"
126,42,0.6714440884707784,4.965882357353503,11.594193548387098,16.5600759057406,5.3628722251298475,13.264578960621222,18.627451185751067,11.18,29.62,"[19, 11, 17]","[{""policy"": ""ambulance_new_base"", ""target_id"": ""REG020"", ""target_name"": ""부성2동""}, {""policy"": ""ambulance_new_base"", ""target_id"": ""REG012"", ""target_name"": ""병천면""}, {""policy"": ""ambulance_new_base"", ""target_id"": ""REG018"", ""target_name"": ""백석동""}]"
127,42,0.9628294923968816,5.175532091282475,10.856635269370763,16.032167360653236,5.63706470691501,12.699001074909956,18.336065781824963,11.18,29.62,"[22, 37, 17]","[{""policy"": ""ambulance_new_base"", ""target_id"": ""REG023"", ""target_name"": ""성정1동""}, {""policy"": ""hospital_upgrade"", ""target_id"": ""JDQ4MTYyMiM2MSMkMSMkMiMkOTkkMzgxMzUxIzIxIyQxIyQ1IyQ3OSQzNjE4MzIjODEjJDEjJDYjJDgz"", ""target_name"": ""앙즈로여성병원""}, {""policy"": ""ambulance_new_base"", ""target_id"": ""REG018"", ""target_name"": ""백석동""}]"
128,42,0.7595083095741764,5.366129032258064,11.093193138623256,16.45932217088132,5.665271053999609,12.874115910648063,18.53938696464767,11.18,29.62,"[34, 12, 15]","[{""policy"": ""hospital_upgrade"", ""target_id"": ""JDQ4MTYyMiM2MSMkMSMkMiMkOTkkMzgxMzUxIzIxIyQxIyQ1IyQ2MiQ0NjE0ODEjNjEjJDEjJDgjJDgz"", ""target_name"": ""천안해울병원""}, {""policy"": ""ambulance_new_base"", ""target_id"": ""REG013"", ""target_name"": ""북면""}, {""policy"": ""ambulance_new_base"", ""target_id"": ""REG016"", ""target_name"": ""풍세면""}]"
129,42,0.8527288626123983,5.599677419354838,10.332141550518642,15.931818969873481,6.034316313600623,12.411850098008827,18.446166411609447,11.18,29.62,"[34, 45, 47]","[{""policy"": ""hospital_upgrade"", ""target_id"": ""JDQ4MTYyMiM2MSMkMSMkMiMkOTkkMzgxMzUxIzIxIyQxIyQ1IyQ2MiQ0NjE0ODEjNjEjJDEjJDgjJDgz"", ""target_name"": ""천안해울병원""}, {""policy"": ""hospital_upgrade"", ""target_id"": ""JDQ4MTYyMiM2MSMkMSMkMiMkOTkkMzgxMzUxIzIxIyQxIyQxIyQ3OSQyNjEyMjIjNDEjJDEjJDgjJDgz"", ""target_name"": ""우리척병원""}, {""policy"": ""hospital_upgrade"", ""target_id"": ""JDQ4MTYyMiM2MSMkMSMkMiMkOTkkMzgxMzUxIzIxIyQxIyQxIyQ5MiQyNjE4MzIjNDEjJDEjJDgjJDgz"", ""target_name"": ""혜성산부인과병원""}]"
130,42,0.2472369294451333,5.169216927152267,11.594193548387098,16.76341047553936,5.787079384155493,13.264578960621222,19.051658344776712,11.18,29.62,"[16, 23, 28]","[{""policy"": ""ambulance_new_base"", ""target_id"": ""REG017"", ""target_name"": ""목천읍""}, {""policy"": ""ambulance_new_base"", ""target_id"": ""REG024"", ""target_name"": ""성정2동""}, {""policy"": ""ambulance_new_base"", ""target_id"": ""REG029"", ""target_name"": ""성거읍""}]"
131,42,1.0861025932557666,4.915170274394114,11.302330291013508,16.217500565407622,5.234996252870627,12.977796428095454,18.21279268096608,11.18,29.62,"[24, 33, 10]","[{""policy"": ""ambulance_new_base"", ""target_id"": ""REG025"", ""target_name"": ""쌍용1동""}, {""policy"": ""hospital_upgrade"", ""target_id"": ""JDQ4MTYyMiM2MSMkMSMkMiMkOTkkMzgxMzUxIzExIyQyIyQ3IyQwMCQ0NjE0ODEjNjEjJDEjJDgjJDgz"", ""target_name"": ""천안우리병원""}, {""policy"": ""ambulance_new_base"", ""target_id"": ""REG011"", ""target_name"": ""동면""}]"
132,42,0.8372845136856775,5.578709677419353,10.623032386995813,16.201742064415168,6.010541620638118,12.451069139898053,18.461610760536168,11.18,29.62,"[39, 33, 27]","[{""policy"": ""hospital_upgrade"", ""target_id"": ""JDQ4MTYyMiM2MSMkMSMkMiMkOTkkMzgxMzUxIzIxIyQxIyQ1IyQ4OSQyNjE4MzIjNTEjJDEjJDYjJDgz"", ""target_name"": ""아이본병원""}, {""policy"": ""hospital_upgrade"", ""target_id"": ""JDQ4MTYyMiM2MSMkMSMkMiMkOTkkMzgxMzUxIzExIyQyIyQ3IyQwMCQ0NjE0ODEjNjEjJDEjJDgjJDgz"", ""target_name"": ""천안우리병원""}, {""policy"": ""ambulance_new_base"", ""target_id"": ""REG028"", ""target_name"": ""입장면""}]"
133,42,1.0701865711737675,5.0831809194245015,10.922183961670516,16.00536488109502,5.4914959390052385,12.737212764042843,18.228708703048078,11.18,29.62,"[1, 38, 9]","[{""policy"": ""ambulance_new_base"", ""target_id"": ""REG002"", ""target_name"": ""봉명동""}, {""policy"": ""hospital_upgrade"", ""target_id"": ""JDQ4MTYyMiM2MSMkMSMkMiMkOTkkMzgxMzUxIzIxIyQxIyQ1IyQ4OSQ0NjEwMDIjNTEjJDEjJDIjJDgz"", ""target_name"": ""천안리턴병원""}, {""policy"": ""ambulance_new_base"", ""target_id"": ""REG010"", ""target_name"": ""광덕면""}]"
134,42,0.7496680785508083,5.260793486616837,10.646147950512761,15.9069414371296,5.843096022653826,12.706131173017212,18.549227195671037,11.18,29.62,"[26, 35, 45]","[{""policy"": ""ambulance_new_base"", ""target_id"": ""REG027"", ""target_name"": ""쌍용3동""}, {""policy"": ""hospital_upgrade"", ""target_id"": ""JDQ4MTYyMiM2MSMkMSMkMiMkOTkkMzgxMzUxIzIxIyQxIyQ1IyQ2MiQzNjE4MzIjODEjJDEjJDIjJDgz"", ""target_name"": ""돋움병원""}, {""policy"": ""hospital_upgrade"", ""target_id"": ""JDQ4MTYyMiM2MSMkMSMkMiMkOTkkMzgxMzUxIzIxIyQxIyQxIyQ3OSQyNjEyMjIjNDEjJDEjJDgjJDgz"", ""target_name"": ""우리척병원""}]"
135,42,0.8338549441588228,5.599677419354838,10.56975354492139,16.169430964276227,6.034316313600623,12.4307240164624,18.465040330063022,11.18,29.62,"[33, 31, 48]","[{""policy"": ""hospital_upgrade"", ""target_id"": ""JDQ4MTYyMiM2MSMkMSMkMiMkOTkkMzgxMzUxIzExIyQyIyQ3IyQwMCQ0NjE0ODEjNjEjJDEjJDgjJDgz"", ""target_name"": ""천안우리병원""}, {""policy"": ""hospital_upgrade"", ""target_id"": ""JDQ4MTYyMiM2MSMkMSMkMiMkOTkkMzgxMzUxIzExIyQxIyQ3IyQ4OSQzNjE0ODEjODEjJDEjJDYjJDgz"", ""target_name"": ""새로나병원""}, {""policy"": ""hospital_upgrade"", ""target_id"": ""JDQ4MTYyMiM2MSMkMSMkMiMkOTkkMzgxMzUxIzIxIyQxIyQxIyQ5MiQyNjEwMDIjNjEjJDEjJDAjJDgz"", ""target_name"": ""두정이진병원""}]"
136,42,1.3388996043692707,5.063259650268072,10.856635269370763,15.919894919638834,5.26099459494262,12.699001074909956,17.959995669852574,11.18,29.62,"[37, 4, 30]","[{""policy"": ""hospital_upgrade"", ""target_id"": ""JDQ4MTYyMiM2MSMkMSMkMiMkOTkkMzgxMzUxIzIxIyQxIyQ1IyQ3OSQzNjE4MzIjODEjJDEjJDYjJDgz"", ""target_name"": ""앙즈로여성병원""}, {""policy"": ""ambulance_new_base"", ""target_id"": ""REG005"", ""target_name"": ""원성1동""}, {""policy"": ""ambulance_new_base"", ""target_id"": ""REG031"", ""target_name"": ""직산읍""}]"
137,42,1.068874658354698,5.232801978072861,10.802380359961548,16.035182338034407,5.567406178782148,12.662614437084999,18.230020615867147,11.18,29.62,"[7, 36, 50]","[{""policy"": ""ambulance_new_base"", ""target_id"": ""REG008"", ""target_name"": ""중앙동""}, {""policy"": ""hospital_upgrade"", ""target_id"": ""JDQ4MTYyMiM2MSMkMSMkMiMkOTkkMzgxMzUxIzIxIyQxIyQ1IyQ3OSQyNjE0ODEjNDEjJDEjJDgjJDgz"", ""target_name"": ""마디손병원""}, {""policy"": ""hospital_upgrade"", ""target_id"": ""JDQ4MTYyMiM2MSMkMSMkMiMkOTkkMzgxMzUxIzIxIyQxIyQxIyQwMyQyNjE4MzIjODEjJDEjJDIjJDgz"", ""target_name"": ""서울대정병원""}]"
138,42,0.8805399742313611,5.401714892506506,10.680837964636725,16.08255285714323,5.869468611590318,12.548886688400165,18.418355299990484,11.18,29.62,"[40, 31, 21]","[{""policy"": ""hospital_upgrade"", ""target_id"": ""JDQ4MTYyMiM2MSMkMSMkMiMkOTkkMzgxMzUxIzIxIyQxIyQ1IyQ4OSQyNjEyMjIjNjEjJDEjJDQjJDgz"", ""target_name"": ""서울프라임병원""}, {""policy"": ""hospital_upgrade"", ""target_id"": ""JDQ4MTYyMiM2MSMkMSMkMiMkOTkkMzgxMzUxIzExIyQxIyQ3IyQ4OSQzNjE0ODEjODEjJDEjJDYjJDgz"", ""target_name"": ""새로나병원""}, {""policy"": ""ambulance_new_base"", ""target_id"": ""REG022"", ""target_name"": ""불당2동""}]"
139,42,0.9740903355953137,5.599677419354838,10.402412316977331,16.00208973633217,6.034316313600623,12.290488625025906,18.32480493862653,11.18,29.62,"[41, 50, 49]","[{""policy"": ""hospital_upgrade"", ""target_id"": ""JDQ4MTYyMiM2MSMkMSMkMiMkOTkkMzgxMzUxIzIxIyQxIyQ1IyQ5OSQzNjEyMjIjNjEjJDEjJDQjJDgz"", ""target_name"": ""천안다나힐병원""}, {""policy"": ""hospital_upgrade"", ""target_id"": ""JDQ4MTYyMiM2MSMkMSMkMiMkOTkkMzgxMzUxIzIxIyQxIyQxIyQwMyQyNjE4MzIjODEjJDEjJDIjJDgz"", ""target_name"": ""서울대정병원""}, {""policy"": ""hospital_upgrade"", ""target_id"": ""JDQ4MTYyMiM2MSMkMSMkMiMkOTkkMzgxMzUxIzIxIyQxIyQxIyQwMyQyNjE0ODEjNTEjJDEjJDYjJDgz"", ""target_name"": ""천안21세기병원""}]"
140,42,0.8693876903269988,5.499032258064515,10.608678116108578,16.10771037417309,5.9189559912924805,12.510551592602367,18.429507583894846,11.18,29.62,"[37, 31, 12]","[{""policy"": ""hospital_upgrade"", ""target_id"": ""JDQ4MTYyMiM2MSMkMSMkMiMkOTkkMzgxMzUxIzIxIyQxIyQ1IyQ3OSQzNjE4MzIjODEjJDEjJDYjJDgz"", ""target_name"": ""앙즈로여성병원""}, {""policy"": ""hospital_upgrade"", ""target_id"": ""JDQ4MTYyMiM2MSMkMSMkMiMkOTkkMzgxMzUxIzExIyQxIyQ3IyQ4OSQzNjE0ODEjODEjJDEjJDYjJDgz"", ""target_name"": ""새로나병원""}, {""policy"": ""ambulance_new_base"", ""target_id"": ""REG013"", ""target_name"": ""북면""}]"
141,42,0.6473318575307232,5.114987035003934,11.098534409726106,16.213521444730045,5.66088177871335,12.990681637977776,18.651563416691122,11.18,29.62,"[32, 8, 26]","[{""policy"": ""hospital_upgrade"", ""target_id"": ""JDQ4MTYyMiM2MSMkMSMkMiMkOTkkMzgxMzUxIzExIyQxIyQ3IyQ5OSQ0NjE0ODEjODEjJDEjJDYjJDgz"", ""target_name"": ""예일병원""}, {""policy"": ""ambulance_new_base"", ""target_id"": ""REG009"", ""target_name"": ""청룡동""}, {""policy"": ""ambulance_new_base"", ""target_id"": ""REG027"", ""target_name"": ""쌍용3동""}]"
142,42,1.0812560709016097,4.846973611713619,11.594193548387098,16.44116716010071,4.953060242699016,13.264578960621222,18.217639203320235,11.18,29.62,"[30, 28, 0]","[{""policy"": ""ambulance_new_base"", ""target_id"": ""REG031"", ""target_name"": ""직산읍""}, {""policy"": ""ambulance_new_base"", ""target_id"": ""REG029"", ""target_name"": ""성거읍""}, {""policy"": ""ambulance_new_base"", ""target_id"": ""REG001"", ""target_name"": ""문성동""}]"
143,42,0.8168646610634944,5.578709677419353,10.576052306114136,16.15476198353349,6.010541620638118,12.471488992520237,18.48203061315835,11.18,29.62,"[34, 27, 38]","[{""policy"": ""hospital_upgrade"", ""target_id"": ""JDQ4MTYyMiM2MSMkMSMkMiMkOTkkMzgxMzUxIzIxIyQxIyQ1IyQ2MiQ0NjE0ODEjNjEjJDEjJDgjJDgz"", ""target_name"": ""천안해울병원""}, {""policy"": ""ambulance_new_base"", ""target_id"": ""REG028"", ""target_name"": ""입장면""}, {""policy"": ""hospital_upgrade"", ""target_id"": ""JDQ4MTYyMiM2MSMkMSMkMiMkOTkkMzgxMzUxIzIxIyQxIyQ1IyQ4OSQ0NjEwMDIjNTEjJDEjJDIjJDgz"", ""target_name"": ""천안리턴병원""}]"
144,42,0.8428661792746084,5.260793486616837,10.639458954786235,15.900252441403074,5.843096022653826,12.612933072293414,18.456029094947237,11.18,29.62,"[52, 26, 40]","[{""policy"": ""hospital_upgrade"", ""target_id"": ""JDQ4MTYyMiM2MSMkMSMkMiMkOTkkMzgxMzUxIzIxIyQyIyQ1IyQwMCQyNjEwMDIjNDEjJDEjJDgjJDgz"", ""target_name"": ""이화병원""}, {""policy"": ""ambulance_new_base"", ""target_id"": ""REG027"", ""target_name"": ""쌍용3동""}, {""policy"": ""hospital_upgrade"", ""target_id"": ""JDQ4MTYyMiM2MSMkMSMkMiMkOTkkMzgxMzUxIzIxIyQxIyQ1IyQ4OSQyNjEyMjIjNjEjJDEjJDQjJDgz"", ""target_name"": ""서울프라임병원""}]"
145,42,0.9233659310792497,5.232801978072861,10.926963779020644,16.159765757093503,5.567406178782148,12.80812316436045,18.375529343142595,11.18,29.62,"[44, 48, 7]","[{""policy"": ""hospital_upgrade"", ""target_id"": ""JDQ4MTYyMiM2MSMkMSMkMiMkOTkkMzgxMzUxIzIxIyQxIyQxIyQ3MiQzNjE4MzIjODEjJDEjJDYjJDgz"", ""target_name"": ""삼성스카이병원""}, {""policy"": ""hospital_upgrade"", ""target_id"": ""JDQ4MTYyMiM2MSMkMSMkMiMkOTkkMzgxMzUxIzIxIyQxIyQxIyQ5MiQyNjEwMDIjNjEjJDEjJDAjJDgz"", ""target_name"": ""두정이진병원""}, {""policy"": ""ambulance_new_base"", ""target_id"": ""REG008"", ""target_name"": ""중앙동""}]"
146,42,1.1053531853864165,5.086660207493325,10.856635269370763,15.943295476864085,5.494541013925473,12.699001074909956,18.19354208883543,11.18,29.62,"[5, 4, 37]","[{""policy"": ""ambulance_new_base"", ""target_id"": ""REG006"", ""target_name"": ""원성2동""}, {""policy"": ""ambulance_new_base"", ""target_id"": ""REG005"", ""target_name"": ""원성1동""}, {""policy"": ""hospital_upgrade"", ""target_id"": ""JDQ4MTYyMiM2MSMkMSMkMiMkOTkkMzgxMzUxIzIxIyQxIyQ1IyQ3OSQzNjE4MzIjODEjJDEjJDYjJDgz"", ""target_name"": ""앙즈로여성병원""}]"
147,42,0.9828112650197802,5.401714892506506,10.510944458203948,15.912659350710456,5.869468611590318,12.446615397611746,18.316084009202065,11.18,29.62,"[21, 37, 48]","[{""policy"": ""ambulance_new_base"", ""target_id"": ""REG022"", ""target_name"": ""불당2동""}, {""policy"": ""hospital_upgrade"", ""target_id"": ""JDQ4MTYyMiM2MSMkMSMkMiMkOTkkMzgxMzUxIzIxIyQxIyQ1IyQ3OSQzNjE4MzIjODEjJDEjJDYjJDgz"", ""target_name"": ""앙즈로여성병원""}, {""policy"": ""hospital_upgrade"", ""target_id"": ""JDQ4MTYyMiM2MSMkMSMkMiMkOTkkMzgxMzUxIzIxIyQxIyQxIyQ5MiQyNjEwMDIjNjEjJDEjJDAjJDgz"", ""target_name"": ""두정이진병원""}]"
148,42,0.9873758124860856,5.443235834934136,10.464304411191248,15.907540246125384,5.932671322458575,12.378848139277187,18.31151946173576,11.18,29.62,"[34, 37, 17]","[{""policy"": ""hospital_upgrade"", ""target_id"": ""JDQ4MTYyMiM2MSMkMSMkMiMkOTkkMzgxMzUxIzIxIyQxIyQ1IyQ2MiQ0NjE0ODEjNjEjJDEjJDgjJDgz"", ""target_name"": ""천안해울병원""}, {""policy"": ""hospital_upgrade"", ""target_id"": ""JDQ4MTYyMiM2MSMkMSMkMiMkOTkkMzgxMzUxIzIxIyQxIyQ1IyQ3OSQzNjE4MzIjODEjJDEjJDYjJDgz"", ""target_name"": ""앙즈로여성병원""}, {""policy"": ""ambulance_new_base"", ""target_id"": ""REG018"", ""target_name"": ""백석동""}]"
149,42,0.8624971981188807,5.599677419354838,10.547980651963464,16.147658071318304,6.034316313600623,12.402081762502345,18.436398076102964,11.18,29.62,"[33, 39, 41]","[{""policy"": ""hospital_upgrade"", ""target_id"": ""JDQ4MTYyMiM2MSMkMSMkMiMkOTkkMzgxMzUxIzExIyQyIyQ3IyQwMCQ0NjE0ODEjNjEjJDEjJDgjJDgz"", ""target_name"": ""천안우리병원""}, {""policy"": ""hospital_upgrade"", ""target_id"": ""JDQ4MTYyMiM2MSMkMSMkMiMkOTkkMzgxMzUxIzIxIyQxIyQ1IyQ4OSQyNjE4MzIjNTEjJDEjJDYjJDgz"", ""target_name"": ""아이본병원""}, {""policy"": ""hospital_upgrade"", ""target_id"": ""JDQ4MTYyMiM2MSMkMSMkMiMkOTkkMzgxMzUxIzIxIyQxIyQ1IyQ5OSQzNjEyMjIjNjEjJDEjJDQjJDgz"", ""target_name"": ""천안다나힐병원""}]"
150,42,0.3160393381636233,5.148064516129032,11.594193548387098,16.74225806451613,5.718276975436999,13.264578960621222,18.982855936058222,11.18,29.62,"[27, 16, 18]","[{""policy"": ""ambulance_new_base"", ""target_id"": ""REG028"", ""target_name"": ""입장면""}, {""policy"": ""ambulance_new_base"", ""target_id"": ""REG017"", ""target_name"": ""목천읍""}, {""policy"": ""ambulance_new_base"", ""target_id"": ""REG019"", ""target_name"": ""부성1동""}]"
151,42,1.0789678940463254,5.022835821889322,11.08868306517315,16.11151888706247,5.385483673848233,12.834443706327281,18.21992738017552,11.18,29.62,"[49, 7, 4]","[{""policy"": ""hospital_upgrade"", ""target_id"": ""JDQ4MTYyMiM2MSMkMSMkMiMkOTkkMzgxMzUxIzIxIyQxIyQxIyQwMyQyNjE0ODEjNTEjJDEjJDYjJDgz"", ""target_name"": ""천안21세기병원""}, {""policy"": ""ambulance_new_base"", ""target_id"": ""REG008"", ""target_name"": ""중앙동""}, {""policy"": ""ambulance_new_base"", ""target_id"": ""REG005"", ""target_name"": ""원성1동""}]"
152,42,0.9964888749392848,5.074995969522863,10.922183961670516,15.997179931193383,5.565193635239722,12.737212764042843,18.30240639928256,11.18,29.62,"[20, 38, 22]","[{""policy"": ""ambulance_new_base"", ""target_id"": ""REG021"", ""target_name"": ""불당1동""}, {""policy"": ""hospital_upgrade"", ""target_id"": ""JDQ4MTYyMiM2MSMkMSMkMiMkOTkkMzgxMzUxIzIxIyQxIyQ1IyQ4OSQ0NjEwMDIjNTEjJDEjJDIjJDgz"", ""target_name"": ""천안리턴병원""}, {""policy"": ""ambulance_new_base"", ""target_id"": ""REG023"", ""target_name"": ""성정1동""}]"
153,42,0.850207264746988,5.32258064516129,10.848247068703982,16.17082771386527,5.75262655143284,12.696061458042019,18.448688009474857,11.18,29.62,"[28, 8, 50]","[{""policy"": ""ambulance_new_base"", ""target_id"": ""REG029"", ""target_name"": ""성거읍""}, {""policy"": ""ambulance_new_base"", ""target_id"": ""REG009"", ""target_name"": ""청룡동""}, {""policy"": ""hospital_upgrade"", ""target_id"": ""JDQ4MTYyMiM2MSMkMSMkMiMkOTkkMzgxMzUxIzIxIyQxIyQxIyQwMyQyNjE4MzIjODEjJDEjJDIjJDgz"", ""target_name"": ""서울대정병원""}]"
154,42,0.8020184790946665,5.440692396815576,10.666938491107217,16.1076308879228,5.947474605010949,12.549402190116233,18.49687679512718,11.18,29.62,"[31, 25, 39]","[{""policy"": ""hospital_upgrade"", ""target_id"": ""JDQ4MTYyMiM2MSMkMSMkMiMkOTkkMzgxMzUxIzExIyQxIyQ3IyQ4OSQzNjE0ODEjODEjJDEjJDYjJDgz"", ""target_name"": ""새로나병원""}, {""policy"": ""ambulance_new_base"", ""target_id"": ""REG026"", ""target_name"": ""쌍용2동""}, {""policy"": ""hospital_upgrade"", ""target_id"": ""JDQ4MTYyMiM2MSMkMSMkMiMkOTkkMzgxMzUxIzIxIyQxIyQ1IyQ4OSQyNjE4MzIjNTEjJDEjJDYjJDgz"", ""target_name"": ""아이본병원""}]"
155,42,1.2030924900296718,5.30471554719749,10.621051385465666,15.925766932663159,5.64393497465041,12.451867809541767,18.095802784192173,11.18,29.62,"[33, 51, 0]","[{""policy"": ""hospital_upgrade"", ""target_id"": ""JDQ4MTYyMiM2MSMkMSMkMiMkOTkkMzgxMzUxIzExIyQyIyQ3IyQwMCQ0NjE0ODEjNjEjJDEjJDgjJDgz"", ""target_name"": ""천안우리병원""}, {""policy"": ""hospital_upgrade"", ""target_id"": ""JDQ4MTYyMiM2MSMkMSMkMiMkOTkkMzgxMzUxIzIxIyQxIyQxIyQxMyQyNjEyMjIjNzEjJDEjJDgjJDgz"", ""target_name"": ""SG삼성조은병원""}, {""policy"": ""ambulance_new_base"", ""target_id"": ""REG001"", ""target_name"": ""문성동""}]"
156,42,0.8208261006305122,5.11160234400548,11.033865820568307,16.145468164573785,5.619629049114174,12.858440124477161,18.478069173591333,11.18,29.62,"[6, 22, 48]","[{""policy"": ""ambulance_new_base"", ""target_id"": ""REG007"", ""target_name"": ""일봉동""}, {""policy"": ""ambulance_new_base"", ""target_id"": ""REG023"", ""target_name"": ""성정1동""}, {""policy"": ""hospital_upgrade"", ""target_id"": ""JDQ4MTYyMiM2MSMkMSMkMiMkOTkkMzgxMzUxIzIxIyQxIyQxIyQ5MiQyNjEwMDIjNjEjJDEjJDAjJDgz"", ""target_name"": ""두정이진병원""}]"
157,42,0.7871482819933071,5.30953667865867,10.8466962068964,16.15623288555507,5.817718036654236,12.694028955574302,18.511746992228538,11.18,29.62,"[33, 6, 44]","[{""policy"": ""hospital_upgrade"", ""target_id"": ""JDQ4MTYyMiM2MSMkMSMkMiMkOTkkMzgxMzUxIzExIyQyIyQ3IyQwMCQ0NjE0ODEjNjEjJDEjJDgjJDgz"", ""target_name"": ""천안우리병원""}, {""policy"": ""ambulance_new_base"", ""target_id"": ""REG007"", ""target_name"": ""일봉동""}, {""policy"": ""hospital_upgrade"", ""target_id"": ""JDQ4MTYyMiM2MSMkMSMkMiMkOTkkMzgxMzUxIzIxIyQxIyQxIyQ3MiQzNjE4MzIjODEjJDEjJDYjJDgz"", ""target_name"": ""삼성스카이병원""}]"
158,42,1.370909561225396,4.957697048456759,10.903044755594616,15.860741804051376,5.192766854919203,12.73521885807725,17.92798571299645,11.18,29.62,"[36, 30, 1]","[{""policy"": ""hospital_upgrade"", ""target_id"": ""JDQ4MTYyMiM2MSMkMSMkMiMkOTkkMzgxMzUxIzIxIyQxIyQ1IyQ3OSQyNjE0ODEjNDEjJDEjJDgjJDgz"", ""target_name"": ""마디손병원""}, {""policy"": ""ambulance_new_base"", ""target_id"": ""REG031"", ""target_name"": ""직산읍""}, {""policy"": ""ambulance_new_base"", ""target_id"": ""REG002"", ""target_name"": ""봉명동""}]"
159,42,0.7776866063294463,5.216992706452598,10.922183961670516,16.139176668123113,5.78399590384956,12.737212764042843,18.5212086678924,11.18,29.62,"[23, 4, 38]","[{""policy"": ""ambulance_new_base"", ""target_id"": ""REG024"", ""target_name"": ""성정2동""}, {""policy"": ""ambulance_new_base"", ""target_id"": ""REG005"", ""target_name"": ""원성1동""}, {""policy"": ""hospital_upgrade"", ""target_id"": ""JDQ4MTYyMiM2MSMkMSMkMiMkOTkkMzgxMzUxIzIxIyQxIyQ1IyQ4OSQ0NjEwMDIjNTEjJDEjJDIjJDgz"", ""target_name"": ""천안리턴병원""}]"
160,42,1.0294575516125342,5.1322670485876625,10.848247068703982,15.980514117291644,5.573376264567294,12.696061458042019,18.26943772260931,11.18,29.62,"[50, 24, 15]","[{""policy"": ""hospital_upgrade"", ""target_id"": ""JDQ4MTYyMiM2MSMkMSMkMiMkOTkkMzgxMzUxIzIxIyQxIyQxIyQwMyQyNjE4MzIjODEjJDEjJDIjJDgz"", ""target_name"": ""서울대정병원""}, {""policy"": ""ambulance_new_base"", ""target_id"": ""REG025"", ""target_name"": ""쌍용1동""}, {""policy"": ""ambulance_new_base"", ""target_id"": ""REG016"", ""target_name"": ""풍세면""}]"
161,42,0.6678409692055922,5.150844579455554,11.594193548387098,16.74503812784265,5.366475344395033,13.264578960621222,18.631054305016253,11.18,29.62,"[0, 15, 27]","[{""policy"": ""ambulance_new_base"", ""target_id"": ""REG001"", ""target_name"": ""문성동""}, {""policy"": ""ambulance_new_base"", ""target_id"": ""REG016"", ""target_name"": ""풍세면""}, {""policy"": ""ambulance_new_base"", ""target_id"": ""REG028"", ""target_name"": ""입장면""}]"
162,42,0.9840556011659451,5.16533604109622,10.914895644369402,16.080231685465623,5.576988000632082,12.73785167242382,18.3148396730559,11.18,29.62,"[39, 5, 28]","[{""policy"": ""hospital_upgrade"", ""target_id"": ""JDQ4MTYyMiM2MSMkMSMkMiMkOTkkMzgxMzUxIzIxIyQxIyQ1IyQ4OSQyNjE4MzIjNTEjJDEjJDYjJDgz"", ""target_name"": ""아이본병원""}, {""policy"": ""ambulance_new_base"", ""target_id"": ""REG006"", ""target_name"": ""원성2동""}, {""policy"": ""ambulance_new_base"", ""target_id"": ""REG029"", ""target_name"": ""성거읍""}]"
163,42,0.6992234845635608,5.422903225806452,10.650770546111563,16.073673771918013,5.967992965754759,12.631678823903524,18.599671789658284,11.18,29.62,"[36, 45, 2]","[{""policy"": ""hospital_upgrade"", ""target_id"": ""JDQ4MTYyMiM2MSMkMSMkMiMkOTkkMzgxMzUxIzIxIyQxIyQ1IyQ3OSQyNjE0ODEjNDEjJDEjJDgjJDgz"", ""target_name"": ""마디손병원""}, {""policy"": ""hospital_upgrade"", ""target_id"": ""JDQ4MTYyMiM2MSMkMSMkMiMkOTkkMzgxMzUxIzIxIyQxIyQxIyQ3OSQyNjEyMjIjNDEjJDEjJDgjJDgz"", ""target_name"": ""우리척병원""}, {""policy"": ""ambulance_new_base"", ""target_id"": ""REG003"", ""target_name"": ""신방동""}]"
164,42,0.98241518174612,5.119852170128477,10.860143321295778,15.979995491424255,5.610140171013523,12.706339921462204,18.316480092475725,11.18,29.62,"[42, 5, 2]","[{""policy"": ""hospital_upgrade"", ""target_id"": ""JDQ4MTYyMiM2MSMkMSMkMiMkOTkkMzgxMzUxIzIxIyQxIyQxIyQ2MiQ0NjE0ODEjNDEjJDEjJDQjJDgz"", ""target_name"": ""연세나무병원""}, {""policy"": ""ambulance_new_base"", ""target_id"": ""REG006"", ""target_name"": ""원성2동""}, {""policy"": ""ambulance_new_base"", ""target_id"": ""REG003"", ""target_name"": ""신방동""}]"
165,42,1.0107003568078348,4.989192105909896,11.093193138623256,16.08238524453315,5.414079006765945,12.874115910648063,18.28819491741401,11.18,29.62,"[1, 7, 34]","[{""policy"": ""ambulance_new_base"", ""target_id"": ""REG002"", ""target_name"": ""봉명동""}, {""policy"": ""ambulance_new_base"", ""target_id"": ""REG008"", ""target_name"": ""중앙동""}, {""policy"": ""hospital_upgrade"", ""target_id"": ""JDQ4MTYyMiM2MSMkMSMkMiMkOTkkMzgxMzUxIzIxIyQxIyQ1IyQ2MiQ0NjE0ODEjNjEjJDEjJDgjJDgz"", ""target_name"": ""천안해울병원""}]"
166,42,0.8562796276059395,5.389711263171298,10.556696067642822,15.946407330814123,5.852393808666708,12.590221837949201,18.442615646615906,11.18,29.62,"[35, 4, 47]","[{""policy"": ""hospital_upgrade"", ""target_id"": ""JDQ4MTYyMiM2MSMkMSMkMiMkOTkkMzgxMzUxIzIxIyQxIyQ1IyQ2MiQzNjE4MzIjODEjJDEjJDIjJDgz"", ""target_name"": ""돋움병원""}, {""policy"": ""ambulance_new_base"", ""target_id"": ""REG005"", ""target_name"": ""원성1동""}, {""policy"": ""hospital_upgrade"", ""target_id"": ""JDQ4MTYyMiM2MSMkMSMkMiMkOTkkMzgxMzUxIzIxIyQxIyQxIyQ5MiQyNjE4MzIjNDEjJDEjJDgjJDgz"", ""target_name"": ""혜성산부인과병원""}]"
167,42,0.8485440526022892,5.1645251131037915,10.912914642839256,16.07743975594305,5.711700879552023,12.738650342067533,18.450351221619556,11.18,29.62,"[24, 51, 12]","[{""policy"": ""ambulance_new_base"", ""target_id"": ""REG025"", ""target_name"": ""쌍용1동""}, {""policy"": ""hospital_upgrade"", ""target_id"": ""JDQ4MTYyMiM2MSMkMSMkMiMkOTkkMzgxMzUxIzIxIyQxIyQxIyQxMyQyNjEyMjIjNzEjJDEjJDgjJDgz"", ""target_name"": ""SG삼성조은병원""}, {""policy"": ""ambulance_new_base"", ""target_id"": ""REG013"", ""target_name"": ""북면""}]"
168,42,1.2178290483780465,5.249677419354838,10.780397635622666,16.030075054977505,5.442251364611085,12.638814861232715,18.0810662258438,11.18,29.62,"[10, 42, 39]","[{""policy"": ""ambulance_new_base"", ""target_id"": ""REG011"", ""target_name"": ""동면""}, {""policy"": ""hospital_upgrade"", ""target_id"": ""JDQ4MTYyMiM2MSMkMSMkMiMkOTkkMzgxMzUxIzIxIyQxIyQxIyQ2MiQ0NjE0ODEjNDEjJDEjJDQjJDgz"", ""target_name"": ""연세나무병원""}, {""policy"": ""hospital_upgrade"", ""target_id"": ""JDQ4MTYyMiM2MSMkMSMkMiMkOTkkMzgxMzUxIzIxIyQxIyQ1IyQ4OSQyNjE4MzIjNTEjJDEjJDYjJDgz"", ""target_name"": ""아이본병원""}]"
169,42,1.121132466080713,5.239032258064516,10.895298522653325,16.13433078071784,5.438138036909479,12.739624771231655,18.177762808141132,10.85,29.62,"[34, 48, 14]","[{""policy"": ""hospital_upgrade"", ""target_id"": ""JDQ4MTYyMiM2MSMkMSMkMiMkOTkkMzgxMzUxIzIxIyQxIyQ1IyQ2MiQ0NjE0ODEjNjEjJDEjJDgjJDgz"", ""target_name"": ""천안해울병원""}, {""policy"": ""hospital_upgrade"", ""target_id"": ""JDQ4MTYyMiM2MSMkMSMkMiMkOTkkMzgxMzUxIzIxIyQxIyQxIyQ5MiQyNjEwMDIjNjEjJDEjJDAjJDgz"", ""target_name"": ""두정이진병원""}, {""policy"": ""ambulance_new_base"", ""target_id"": ""REG015"", ""target_name"": ""수신면""}]"
170,42,0.6389189307365584,4.982134902036199,11.594193548387098,16.576328450423294,5.3953973828640684,13.264578960621222,18.659976343485287,11.18,29.62,"[0, 8, 2]","[{""policy"": ""ambulance_new_base"", ""target_id"": ""REG001"", ""target_name"": ""문성동""}, {""policy"": ""ambulance_new_base"", ""target_id"": ""REG009"", ""target_name"": ""청룡동""}, {""policy"": ""ambulance_new_base"", ""target_id"": ""REG003"", ""target_name"": ""신방동""}]"
171,42,0.9071028808605348,5.599677419354838,10.485596111606363,16.085273530961203,6.034316313600623,12.357476079760684,18.39179239336131,11.18,29.62,"[41, 51, 49]","[{""policy"": ""hospital_upgrade"", ""target_id"": ""JDQ4MTYyMiM2MSMkMSMkMiMkOTkkMzgxMzUxIzIxIyQxIyQ1IyQ5OSQzNjEyMjIjNjEjJDEjJDQjJDgz"", ""target_name"": ""천안다나힐병원""}, {""policy"": ""hospital_upgrade"", ""target_id"": ""JDQ4MTYyMiM2MSMkMSMkMiMkOTkkMzgxMzUxIzIxIyQxIyQxIyQxMyQyNjEyMjIjNzEjJDEjJDgjJDgz"", ""target_name"": ""SG삼성조은병원""}, {""policy"": ""hospital_upgrade"", ""target_id"": ""JDQ4MTYyMiM2MSMkMSMkMiMkOTkkMzgxMzUxIzIxIyQxIyQxIyQwMyQyNjE0ODEjNTEjJDEjJDYjJDgz"", ""target_name"": ""천안21세기병원""}]"
172,42,0.6765325081109594,5.24258064516129,11.013231528881516,16.255812174042806,5.723131254467475,12.899231511643416,18.622362766110886,11.18,29.62,"[43, 12, 3]","[{""policy"": ""hospital_upgrade"", ""target_id"": ""JDQ4MTYyMiM2MSMkMSMkMiMkOTkkMzgxMzUxIzIxIyQxIyQxIyQ3MiQyNjE0ODEjNDEjJDEjJDgjJDgz"", ""target_name"": ""천안재활병원""}, {""policy"": ""ambulance_new_base"", ""target_id"": ""REG013"", ""target_name"": ""북면""}, {""policy"": ""ambulance_new_base"", ""target_id"": ""REG004"", ""target_name"": ""신안동""}]"
173,42,0.802875097746341,5.30953667865867,10.837646287199869,16.14718296585854,5.817718036654236,12.678302139821266,18.496020176475504,11.18,29.62,"[49, 48, 6]","[{""policy"": ""hospital_upgrade"", ""target_id"": ""JDQ4MTYyMiM2MSMkMSMkMiMkOTkkMzgxMzUxIzIxIyQxIyQxIyQwMyQyNjE0ODEjNTEjJDEjJDYjJDgz"", ""target_name"": ""천안21세기병원""}, {""policy"": ""hospital_upgrade"", ""target_id"": ""JDQ4MTYyMiM2MSMkMSMkMiMkOTkkMzgxMzUxIzIxIyQxIyQxIyQ5MiQyNjEwMDIjNjEjJDEjJDAjJDgz"", ""target_name"": ""두정이진병원""}, {""policy"": ""ambulance_new_base"", ""target_id"": ""REG007"", ""target_name"": ""일봉동""}]"
174,42,0.7941323701108551,5.599677419354838,10.4866232711969,16.086300690551738,6.034316313600623,12.47044659051037,18.50476290411099,11.18,29.62,"[44, 35, 42]","[{""policy"": ""hospital_upgrade"", ""target_id"": ""JDQ4MTYyMiM2MSMkMSMkMiMkOTkkMzgxMzUxIzIxIyQxIyQxIyQ3MiQzNjE4MzIjODEjJDEjJDYjJDgz"", ""target_name"": ""삼성스카이병원""}, {""policy"": ""hospital_upgrade"", ""target_id"": ""JDQ4MTYyMiM2MSMkMSMkMiMkOTkkMzgxMzUxIzIxIyQxIyQ1IyQ2MiQzNjE4MzIjODEjJDEjJDIjJDgz"", ""target_name"": ""돋움병원""}, {""policy"": ""hospital_upgrade"", ""target_id"": ""JDQ4MTYyMiM2MSMkMSMkMiMkOTkkMzgxMzUxIzIxIyQxIyQxIyQ2MiQ0NjE0ODEjNDEjJDEjJDQjJDgz"", ""target_name"": ""연세나무병원""}]"
175,42,0.8770611307530736,4.786818121939971,11.594193548387098,16.381011670327066,5.15725518284755,13.264578960621222,18.42183414346877,11.18,29.62,"[6, 10, 23]","[{""policy"": ""ambulance_new_base"", ""target_id"": ""REG007"", ""target_name"": ""일봉동""}, {""policy"": ""ambulance_new_base"", ""target_id"": ""REG011"", ""target_name"": ""동면""}, {""policy"": ""ambulance_new_base"", ""target_id"": ""REG024"", ""target_name"": ""성정2동""}]"
176,42,0.7130445150143849,5.3094020742349315,10.914895644369402,16.224297718604333,5.847999086783643,12.73785167242382,18.58585075920746,11.18,29.62,"[25, 39, 28]","[{""policy"": ""ambulance_new_base"", ""target_id"": ""REG026"", ""target_name"": ""쌍용2동""}, {""policy"": ""hospital_upgrade"", ""target_id"": ""JDQ4MTYyMiM2MSMkMSMkMiMkOTkkMzgxMzUxIzIxIyQxIyQ1IyQ4OSQyNjE4MzIjNTEjJDEjJDYjJDgz"", ""target_name"": ""아이본병원""}, {""policy"": ""ambulance_new_base"", ""target_id"": ""REG029"", ""target_name"": ""성거읍""}]"
177,42,0.534087882272221,5.216992706452598,11.138559464269987,16.355552170722586,5.78399590384956,12.980811488100068,18.764807391949624,11.18,29.62,"[23, 44, 4]","[{""policy"": ""ambulance_new_base"", ""target_id"": ""REG024"", ""target_name"": ""성정2동""}, {""policy"": ""hospital_upgrade"", ""target_id"": ""JDQ4MTYyMiM2MSMkMSMkMiMkOTkkMzgxMzUxIzIxIyQxIyQxIyQ3MiQzNjE4MzIjODEjJDEjJDYjJDgz"", ""target_name"": ""삼성스카이병원""}, {""policy"": ""ambulance_new_base"", ""target_id"": ""REG005"", ""target_name"": ""원성1동""}]"
178,42,1.2239661825466719,5.072903225806451,10.856635269370763,15.929538495177212,5.37592801676522,12.699001074909956,18.074929091675173,11.18,29.62,"[2, 10, 37]","[{""policy"": ""ambulance_new_base"", ""target_id"": ""REG003"", ""target_name"": ""신방동""}, {""policy"": ""ambulance_new_base"", ""target_id"": ""REG011"", ""target_name"": ""동면""}, {""policy"": ""hospital_upgrade"", ""target_id"": ""JDQ4MTYyMiM2MSMkMSMkMiMkOTkkMzgxMzUxIzIxIyQxIyQ1IyQ3OSQzNjE4MzIjODEjJDEjJDYjJDgz"", ""target_name"": ""앙즈로여성병원""}]"
179,42,0.9109875902477178,5.27565862174138,10.903044755594616,16.178703377335992,5.652688825896882,12.73521885807725,18.387907683974127,11.18,29.62,"[5, 36, 27]","[{""policy"": ""ambulance_new_base"", ""target_id"": ""REG006"", ""target_name"": ""원성2동""}, {""policy"": ""hospital_upgrade"", ""target_id"": ""JDQ4MTYyMiM2MSMkMSMkMiMkOTkkMzgxMzUxIzIxIyQxIyQ1IyQ3OSQyNjE0ODEjNDEjJDEjJDgjJDgz"", ""target_name"": ""마디손병원""}, {""policy"": ""ambulance_new_base"", ""target_id"": ""REG028"", ""target_name"": ""입장면""}]"
180,42,0.4459931211002548,5.084019293068449,11.346236395124912,16.430255688193363,5.776772674807963,13.076129478313634,18.85290215312159,11.18,29.62,"[2, 26, 31]","[{""policy"": ""ambulance_new_base"", ""target_id"": ""REG003"", ""target_name"": ""신방동""}, {""policy"": ""ambulance_new_base"", ""target_id"": ""REG027"", ""target_name"": ""쌍용3동""}, {""policy"": ""hospital_upgrade"", ""target_id"": ""JDQ4MTYyMiM2MSMkMSMkMiMkOTkkMzgxMzUxIzExIyQxIyQ3IyQ4OSQzNjE0ODEjODEjJDEjJDYjJDgz"", ""target_name"": ""새로나병원""}]"
181,42,0.7394873156218651,4.886973611713618,11.594193548387098,16.481167160100718,5.294828997978761,13.264578960621222,18.55940795859998,11.18,29.62,"[2, 0, 11]","[{""policy"": ""ambulance_new_base"", ""target_id"": ""REG003"", ""target_name"": ""신방동""}, {""policy"": ""ambulance_new_base"", ""target_id"": ""REG001"", ""target_name"": ""문성동""}, {""policy"": ""ambulance_new_base"", ""target_id"": ""REG012"", ""target_name"": ""병천면""}]"
182,42,0.9868779341923322,5.200747150571023,10.903044755594616,16.103791906165636,5.576798481952265,12.73521885807725,18.312017340029513,11.18,29.62,"[9, 36, 21]","[{""policy"": ""ambulance_new_base"", ""target_id"": ""REG010"", ""target_name"": ""광덕면""}, {""policy"": ""hospital_upgrade"", ""target_id"": ""JDQ4MTYyMiM2MSMkMSMkMiMkOTkkMzgxMzUxIzIxIyQxIyQ1IyQ3OSQyNjE0ODEjNDEjJDEjJDgjJDgz"", ""target_name"": ""마디손병원""}, {""policy"": ""ambulance_new_base"", ""target_id"": ""REG022"", ""target_name"": ""불당2동""}]"
183,42,1.107250792159764,5.161688808966406,10.914895644369402,16.07658445333581,5.453792809638262,12.73785167242382,18.19164448206208,11.18,29.62,"[39, 9, 19]","[{""policy"": ""hospital_upgrade"", ""target_id"": ""JDQ4MTYyMiM2MSMkMSMkMiMkOTkkMzgxMzUxIzIxIyQxIyQ1IyQ4OSQyNjE4MzIjNTEjJDEjJDYjJDgz"", ""target_name"": ""아이본병원""}, {""policy"": ""ambulance_new_base"", ""target_id"": ""REG010"", ""target_name"": ""광덕면""}, {""policy"": ""ambulance_new_base"", ""target_id"": ""REG020"", ""target_name"": ""부성2동""}]"
184,42,0.2168608004401662,5.295668540055493,11.519141813354748,16.81481035341024,5.8664428905561685,13.215591583225512,19.08203447378168,11.18,29.62,"[41, 28, 23]","[{""policy"": ""hospital_upgrade"", ""target_id"": ""JDQ4MTYyMiM2MSMkMSMkMiMkOTkkMzgxMzUxIzIxIyQxIyQ1IyQ5OSQzNjEyMjIjNjEjJDEjJDQjJDgz"", ""target_name"": ""천안다나힐병원""}, {""policy"": ""ambulance_new_base"", ""target_id"": ""REG029"", ""target_name"": ""성거읍""}, {""policy"": ""ambulance_new_base"", ""target_id"": ""REG024"", ""target_name"": ""성정2동""}]"
185,42,0.589136793609665,5.141474991668396,11.138559464269987,16.280034455938384,5.728946992512111,12.980811488100068,18.70975848061218,11.18,29.62,"[29, 23, 44]","[{""policy"": ""ambulance_new_base"", ""target_id"": ""REG030"", ""target_name"": ""성환읍""}, {""policy"": ""ambulance_new_base"", ""target_id"": ""REG024"", ""target_name"": ""성정2동""}, {""policy"": ""hospital_upgrade"", ""target_id"": ""JDQ4MTYyMiM2MSMkMSMkMiMkOTkkMzgxMzUxIzIxIyQxIyQxIyQ3MiQzNjE4MzIjODEjJDEjJDYjJDgz"", ""target_name"": ""삼성스카이병원""}]"
186,42,0.7592992916642416,5.3354838709677415,11.033865820568307,16.369349691536048,5.681155858080445,12.858440124477161,18.539595982557604,11.18,29.62,"[48, 15, 28]","[{""policy"": ""hospital_upgrade"", ""target_id"": ""JDQ4MTYyMiM2MSMkMSMkMiMkOTkkMzgxMzUxIzIxIyQxIyQxIyQ5MiQyNjEwMDIjNjEjJDEjJDAjJDgz"", ""target_name"": ""두정이진병원""}, {""policy"": ""ambulance_new_base"", ""target_id"": ""REG016"", ""target_name"": ""풍세면""}, {""policy"": ""ambulance_new_base"", ""target_id"": ""REG029"", ""target_name"": ""성거읍""}]"
187,42,0.87350514933064,5.402258064516128,10.903044755594616,16.305302820110743,5.690171266813957,12.73521885807725,18.425390124891205,11.18,29.62,"[13, 27, 36]","[{""policy"": ""ambulance_new_base"", ""target_id"": ""REG014"", ""target_name"": ""성남면""}, {""policy"": ""ambulance_new_base"", ""target_id"": ""REG028"", ""target_name"": ""입장면""}, {""policy"": ""hospital_upgrade"", ""target_id"": ""JDQ4MTYyMiM2MSMkMSMkMiMkOTkkMzgxMzUxIzIxIyQxIyQ1IyQ3OSQyNjE0ODEjNDEjJDEjJDgjJDgz"", ""target_name"": ""마디손병원""}]"
188,42,1.0476150724181785,5.086995526459958,10.998184134035316,16.085179660495278,5.3851919348416715,12.866088266961999,18.251280201803667,11.18,29.62,"[47, 7, 8]","[{""policy"": ""hospital_upgrade"", ""target_id"": ""JDQ4MTYyMiM2MSMkMSMkMiMkOTkkMzgxMzUxIzIxIyQxIyQxIyQ5MiQyNjE4MzIjNDEjJDEjJDgjJDgz"", ""target_name"": ""혜성산부인과병원""}, {""policy"": ""ambulance_new_base"", ""target_id"": ""REG008"", ""target_name"": ""중앙동""}, {""policy"": ""ambulance_new_base"", ""target_id"": ""REG009"", ""target_name"": ""청룡동""}]"
189,42,0.6182778330868395,5.401714892506506,10.944247877877478,16.345962770383984,5.869468611590318,12.811148829544688,18.680617441135006,11.18,29.62,"[48, 35, 21]","[{""policy"": ""hospital_upgrade"", ""target_id"": ""JDQ4MTYyMiM2MSMkMSMkMiMkOTkkMzgxMzUxIzIxIyQxIyQxIyQ5MiQyNjEwMDIjNjEjJDEjJDAjJDgz"", ""target_name"": ""두정이진병원""}, {""policy"": ""hospital_upgrade"", ""target_id"": ""JDQ4MTYyMiM2MSMkMSMkMiMkOTkkMzgxMzUxIzIxIyQxIyQ1IyQ2MiQzNjE4MzIjODEjJDEjJDIjJDgz"", ""target_name"": ""돋움병원""}, {""policy"": ""ambulance_new_base"", ""target_id"": ""REG022"", ""target_name"": ""불당2동""}]"
190,42,1.1351020775818554,5.049647922966873,10.848247068703982,15.897894991670853,5.467731738597972,12.696061458042019,18.16379319663999,11.18,29.62,"[50, 6, 7]","[{""policy"": ""hospital_upgrade"", ""target_id"": ""JDQ4MTYyMiM2MSMkMSMkMiMkOTkkMzgxMzUxIzIxIyQxIyQxIyQwMyQyNjE4MzIjODEjJDEjJDIjJDgz"", ""target_name"": ""서울대정병원""}, {""policy"": ""ambulance_new_base"", ""target_id"": ""REG007"", ""target_name"": ""일봉동""}, {""policy"": ""ambulance_new_base"", ""target_id"": ""REG008"", ""target_name"": ""중앙동""}]"
191,42,0.709504764870232,5.256808037364847,11.098534409726106,16.35534244709096,5.5987088713738355,12.990681637977776,18.589390509351613,11.18,29.62,"[4, 32, 15]","[{""policy"": ""ambulance_new_base"", ""target_id"": ""REG005"", ""target_name"": ""원성1동""}, {""policy"": ""hospital_upgrade"", ""target_id"": ""JDQ4MTYyMiM2MSMkMSMkMiMkOTkkMzgxMzUxIzExIyQxIyQ3IyQ5OSQ0NjE0ODEjODEjJDEjJDYjJDgz"", ""target_name"": ""예일병원""}, {""policy"": ""ambulance_new_base"", ""target_id"": ""REG016"", ""target_name"": ""풍세면""}]"
192,42,0.6012321708320982,5.342699713174523,11.13008127274018,16.472780985914703,5.860800250783288,12.836862852606464,18.697663103389747,11.18,29.62,"[20, 31, 33]","[{""policy"": ""ambulance_new_base"", ""target_id"": ""REG021"", ""target_name"": ""불당1동""}, {""policy"": ""hospital_upgrade"", ""target_id"": ""JDQ4MTYyMiM2MSMkMSMkMiMkOTkkMzgxMzUxIzExIyQxIyQ3IyQ4OSQzNjE0ODEjODEjJDEjJDYjJDgz"", ""target_name"": ""새로나병원""}, {""policy"": ""hospital_upgrade"", ""target_id"": ""JDQ4MTYyMiM2MSMkMSMkMiMkOTkkMzgxMzUxIzExIyQyIyQ3IyQwMCQ0NjE0ODEjNjEjJDEjJDgjJDgz"", ""target_name"": ""천안우리병원""}]"
193,42,0.9155253093499347,5.03483945122453,11.138559464269987,16.173398915494516,5.402558476771843,12.980811488100068,18.38336996487191,11.18,29.62,"[44, 21, 7]","[{""policy"": ""hospital_upgrade"", ""target_id"": ""JDQ4MTYyMiM2MSMkMSMkMiMkOTkkMzgxMzUxIzIxIyQxIyQxIyQ3MiQzNjE4MzIjODEjJDEjJDYjJDgz"", ""target_name"": ""삼성스카이병원""}, {""policy"": ""ambulance_new_base"", ""target_id"": ""REG022"", ""target_name"": ""불당2동""}, {""policy"": ""ambulance_new_base"", ""target_id"": ""REG008"", ""target_name"": ""중앙동""}]"
194,42,0.8592122024323565,5.146774193548387,11.346236395124912,16.4930105886733,5.363553593475858,13.076129478313634,18.43968307178949,11.18,29.62,"[31, 30, 16]","[{""policy"": ""hospital_upgrade"", ""target_id"": ""JDQ4MTYyMiM2MSMkMSMkMiMkOTkkMzgxMzUxIzExIyQxIyQ3IyQ4OSQzNjE0ODEjODEjJDEjJDYjJDgz"", ""target_name"": ""새로나병원""}, {""policy"": ""ambulance_new_base"", ""target_id"": ""REG031"", ""target_name"": ""직산읍""}, {""policy"": ""ambulance_new_base"", ""target_id"": ""REG017"", ""target_name"": ""목천읍""}]"
195,42,0.4753886350842187,5.151135062844406,11.594193548387098,16.745328611231503,5.558927678516407,13.264578960621222,18.823506639137626,11.18,29.62,"[25, 15, 21]","[{""policy"": ""ambulance_new_base"", ""target_id"": ""REG026"", ""target_name"": ""쌍용2동""}, {""policy"": ""ambulance_new_base"", ""target_id"": ""REG016"", ""target_name"": ""풍세면""}, {""policy"": ""ambulance_new_base"", ""target_id"": ""REG022"", ""target_name"": ""불당2동""}]"
196,42,1.0561043474837888,4.8222919083325895,11.594193548387098,16.416485456719684,4.9782119661168345,13.264578960621222,18.242790926738056,11.18,29.62,"[11, 30, 4]","[{""policy"": ""ambulance_new_base"", ""target_id"": ""REG012"", ""target_name"": ""병천면""}, {""policy"": ""ambulance_new_base"", ""target_id"": ""REG031"", ""target_name"": ""직산읍""}, {""policy"": ""ambulance_new_base"", ""target_id"": ""REG005"", ""target_name"": ""원성1동""}]"
197,42,1.2202348344953684,5.141935483870967,10.903044755594616,16.04498023946558,5.3434415816492296,12.73521885807725,18.078660439726477,11.18,29.62,"[30, 28, 36]","[{""policy"": ""ambulance_new_base"", ""target_id"": ""REG031"", ""target_name"": ""직산읍""}, {""policy"": ""ambulance_new_base"", ""target_id"": ""REG029"", ""target_name"": ""성거읍""}, {""policy"": ""hospital_upgrade"", ""target_id"": ""JDQ4MTYyMiM2MSMkMSMkMiMkOTkkMzgxMzUxIzIxIyQxIyQ1IyQ3OSQyNjE0ODEjNDEjJDEjJDgjJDgz"", ""target_name"": ""마디손병원""}]"
198,42,0.6215771182703769,5.473225806451612,10.84614348870792,16.319369295159532,5.9549528071999465,12.722365348751524,18.67731815595147,11.18,29.62,"[16, 32, 33]","[{""policy"": ""ambulance_new_base"", ""target_id"": ""REG017"", ""target_name"": ""목천읍""}, {""policy"": ""hospital_upgrade"", ""target_id"": ""JDQ4MTYyMiM2MSMkMSMkMiMkOTkkMzgxMzUxIzExIyQxIyQ3IyQ5OSQ0NjE0ODEjODEjJDEjJDYjJDgz"", ""target_name"": ""예일병원""}, {""policy"": ""hospital_upgrade"", ""target_id"": ""JDQ4MTYyMiM2MSMkMSMkMiMkOTkkMzgxMzUxIzExIyQyIyQ3IyQwMCQ0NjE0ODEjNjEjJDEjJDgjJDgz"", ""target_name"": ""천안우리병원""}]"
199,42,0.7931854583588915,4.96194551235349,11.594193548387098,16.556139060740588,5.241130855241733,13.264578960621222,18.505709815862954,11.18,29.62,"[17, 10, 28]","[{""policy"": ""ambulance_new_base"", ""target_id"": ""REG018"", ""target_name"": ""백석동""}, {""policy"": ""ambulance_new_base"", ""target_id"": ""REG011"", ""target_name"": ""동면""}, {""policy"": ""ambulance_new_base"", ""target_id"": ""REG029"", ""target_name"": ""성거읍""}]"
200,42,0.5000775495944012,5.341688808966405,11.346236395124912,16.68792520409132,5.72268824631381,13.076129478313634,18.798817724627444,11.18,29.62,"[31, 27, 19]","[{""policy"": ""hospital_upgrade"", ""target_id"": ""JDQ4MTYyMiM2MSMkMSMkMiMkOTkkMzgxMzUxIzExIyQxIyQ3IyQ4OSQzNjE0ODEjODEjJDEjJDYjJDgz"", ""target_name"": ""새로나병원""}, {""policy"": ""ambulance_new_base"", ""target_id"": ""REG028"", ""target_name"": ""입장면""}, {""policy"": ""ambulance_new_base"", ""target_id"": ""REG020"", ""target_name"": ""부성2동""}]"
201,42,0.8133249902454551,5.314193548387096,10.847132226638168,16.161325775025265,5.7973448973292605,12.688225386647133,18.48557028397639,11.18,29.62,"[38, 41, 29]","[{""policy"": ""hospital_upgrade"", ""target_id"": ""JDQ4MTYyMiM2MSMkMSMkMiMkOTkkMzgxMzUxIzIxIyQxIyQ1IyQ4OSQ0NjEwMDIjNTEjJDEjJDIjJDgz"", ""target_name"": ""천안리턴병원""}, {""policy"": ""hospital_upgrade"", ""target_id"": ""JDQ4MTYyMiM2MSMkMSMkMiMkOTkkMzgxMzUxIzIxIyQxIyQ1IyQ5OSQzNjEyMjIjNjEjJDEjJDQjJDgz"", ""target_name"": ""천안다나힐병원""}, {""policy"": ""ambulance_new_base"", ""target_id"": ""REG030"", ""target_name"": ""성환읍""}]"
202,42,0.7579745290037394,5.260793486616837,10.770682318375483,16.031475804992322,5.843096022653826,12.697824722564283,18.540920745218106,11.18,29.62,"[46, 44, 26]","[{""policy"": ""hospital_upgrade"", ""target_id"": ""JDQ4MTYyMiM2MSMkMSMkMiMkOTkkMzgxMzUxIzIxIyQxIyQxIyQ4OSQ0NjE0ODEjODEjJDEjJDIjJDgz"", ""target_name"": ""서울우리병원""}, {""policy"": ""hospital_upgrade"", ""target_id"": ""JDQ4MTYyMiM2MSMkMSMkMiMkOTkkMzgxMzUxIzIxIyQxIyQxIyQ3MiQzNjE4MzIjODEjJDEjJDYjJDgz"", ""target_name"": ""삼성스카이병원""}, {""policy"": ""ambulance_new_base"", ""target_id"": ""REG027"", ""target_name"": ""쌍용3동""}]"
203,42,0.6411163367228703,5.423225806451613,11.026588453386493,16.449814259838107,5.713945959776463,12.943832977722515,18.657778937498975,11.18,29.62,"[52, 41, 13]","[{""policy"": ""hospital_upgrade"", ""target_id"": ""JDQ4MTYyMiM2MSMkMSMkMiMkOTkkMzgxMzUxIzIxIyQyIyQ1IyQwMCQyNjEwMDIjNDEjJDEjJDgjJDgz"", ""target_name"": ""이화병원""}, {""policy"": ""hospital_upgrade"", ""target_id"": ""JDQ4MTYyMiM2MSMkMSMkMiMkOTkkMzgxMzUxIzIxIyQxIyQ1IyQ5OSQzNjEyMjIjNjEjJDEjJDQjJDgz"", ""target_name"": ""천안다나힐병원""}, {""policy"": ""ambulance_new_base"", ""target_id"": ""REG014"", ""target_name"": ""성남면""}]"
204,42,1.037312704430125,5.023772618163888,10.860143321295778,15.883915939459666,5.55524264832952,12.706339921462204,18.26158256979172,11.18,29.62,"[19, 26, 42]","[{""policy"": ""ambulance_new_base"", ""target_id"": ""REG020"", ""target_name"": ""부성2동""}, {""policy"": ""ambulance_new_base"", ""target_id"": ""REG027"", ""target_name"": ""쌍용3동""}, {""policy"": ""hospital_upgrade"", ""target_id"": ""JDQ4MTYyMiM2MSMkMSMkMiMkOTkkMzgxMzUxIzIxIyQxIyQxIyQ2MiQ0NjE0ODEjNDEjJDEjJDQjJDgz"", ""target_name"": ""연세나무병원""}]"
205,42,0.7378019213890177,5.166451612903225,10.975591027317092,16.142042640220318,5.772168228929754,12.788925123903075,18.561093352832827,11.18,29.62,"[2, 3, 46]","[{""policy"": ""ambulance_new_base"", ""target_id"": ""REG003"", ""target_name"": ""신방동""}, {""policy"": ""ambulance_new_base"", ""target_id"": ""REG004"", ""target_name"": ""신안동""}, {""policy"": ""hospital_upgrade"", ""target_id"": ""JDQ4MTYyMiM2MSMkMSMkMiMkOTkkMzgxMzUxIzIxIyQxIyQxIyQ4OSQ0NjE0ODEjODEjJDEjJDIjJDgz"", ""target_name"": ""서울우리병원""}]"
206,42,0.8444241294709229,4.85229190833259,11.594193548387098,16.446485456719685,5.1898921841297,13.264578960621222,18.454471144750922,10.85,29.62,"[14, 2, 4]","[{""policy"": ""ambulance_new_base"", ""target_id"": ""REG015"", ""target_name"": ""수신면""}, {""policy"": ""ambulance_new_base"", ""target_id"": ""REG003"", ""target_name"": ""신방동""}, {""policy"": ""ambulance_new_base"", ""target_id"": ""REG005"", ""target_name"": ""원성1동""}]"
207,42,0.9168355522593181,5.119363822781212,10.922183961670516,16.04154778445173,5.644846957919688,12.737212764042843,18.382059721962527,11.18,29.62,"[8, 38, 24]","[{""policy"": ""ambulance_new_base"", ""target_id"": ""REG009"", ""target_name"": ""청룡동""}, {""policy"": ""hospital_upgrade"", ""target_id"": ""JDQ4MTYyMiM2MSMkMSMkMiMkOTkkMzgxMzUxIzIxIyQxIyQ1IyQ4OSQ0NjEwMDIjNTEjJDEjJDIjJDgz"", ""target_name"": ""천안리턴병원""}, {""policy"": ""ambulance_new_base"", ""target_id"": ""REG025"", ""target_name"": ""쌍용1동""}]"
208,42,1.1956434504418318,5.30471554719749,10.558776212695637,15.863491759893126,5.64393497465041,12.459316849129605,18.103251823780013,11.18,29.62,"[37, 0, 46]","[{""policy"": ""hospital_upgrade"", ""target_id"": ""JDQ4MTYyMiM2MSMkMSMkMiMkOTkkMzgxMzUxIzIxIyQxIyQ1IyQ3OSQzNjE4MzIjODEjJDEjJDYjJDgz"", ""target_name"": ""앙즈로여성병원""}, {""policy"": ""ambulance_new_base"", ""target_id"": ""REG001"", ""target_name"": ""문성동""}, {""policy"": ""hospital_upgrade"", ""target_id"": ""JDQ4MTYyMiM2MSMkMSMkMiMkOTkkMzgxMzUxIzIxIyQxIyQxIyQ4OSQ0NjE0ODEjODEjJDEjJDIjJDgz"", ""target_name"": ""서울우리병원""}]"
209,42,1.0651499359064758,5.331973675703178,10.513952631041532,15.845926306744712,5.7387096980570576,12.495035640258315,18.23374533831537,11.18,29.62,"[36, 22, 44]","[{""policy"": ""hospital_upgrade"", ""target_id"": ""JDQ4MTYyMiM2MSMkMSMkMiMkOTkkMzgxMzUxIzIxIyQxIyQ1IyQ3OSQyNjE0ODEjNDEjJDEjJDgjJDgz"", ""target_name"": ""마디손병원""}, {""policy"": ""ambulance_new_base"", ""target_id"": ""REG023"", ""target_name"": ""성정1동""}, {""policy"": ""hospital_upgrade"", ""target_id"": ""JDQ4MTYyMiM2MSMkMSMkMiMkOTkkMzgxMzUxIzIxIyQxIyQxIyQ3MiQzNjE4MzIjODEjJDEjJDYjJDgz"", ""target_name"": ""삼성스카이병원""}]"
210,42,0.7707199394342084,5.132156816782539,11.346236395124912,16.47839321190745,5.452045856474006,13.076129478313634,18.528175334787637,11.18,29.62,"[12, 7, 31]","[{""policy"": ""ambulance_new_base"", ""target_id"": ""REG013"", ""target_name"": ""북면""}, {""policy"": ""ambulance_new_base"", ""target_id"": ""REG008"", ""target_name"": ""중앙동""}, {""policy"": ""hospital_upgrade"", ""target_id"": ""JDQ4MTYyMiM2MSMkMSMkMiMkOTkkMzgxMzUxIzExIyQxIyQ3IyQ4OSQzNjE0ODEjODEjJDEjJDYjJDgz"", ""target_name"": ""새로나병원""}]"
211,42,0.4197079688336025,4.912083809197481,11.594193548387098,16.50627735758458,5.614608344767024,13.264578960621222,18.879187305388243,11.18,29.62,"[18, 25, 26]","[{""policy"": ""ambulance_new_base"", ""target_id"": ""REG019"", ""target_name"": ""부성1동""}, {""policy"": ""ambulance_new_base"", ""target_id"": ""REG026"", ""target_name"": ""쌍용2동""}, {""policy"": ""ambulance_new_base"", ""target_id"": ""REG027"", ""target_name"": ""쌍용3동""}]"
212,42,0.7657017350942219,5.426958862636138,10.697312181131657,16.124271043767795,5.965918408783474,12.567275130344152,18.533193539127623,11.18,29.62,"[40, 50, 23]","[{""policy"": ""hospital_upgrade"", ""target_id"": ""JDQ4MTYyMiM2MSMkMSMkMiMkOTkkMzgxMzUxIzIxIyQxIyQ1IyQ4OSQyNjEyMjIjNjEjJDEjJDQjJDgz"", ""target_name"": ""서울프라임병원""}, {""policy"": ""hospital_upgrade"", ""target_id"": ""JDQ4MTYyMiM2MSMkMSMkMiMkOTkkMzgxMzUxIzIxIyQxIyQxIyQwMyQyNjE4MzIjODEjJDEjJDIjJDgz"", ""target_name"": ""서울대정병원""}, {""policy"": ""ambulance_new_base"", ""target_id"": ""REG024"", ""target_name"": ""성정2동""}]"
213,42,1.1566681828332044,5.232801978072861,10.626367224523342,15.859169202596206,5.567406178782148,12.574820912606496,18.14222709138864,11.18,29.62,"[39, 35, 7]","[{""policy"": ""hospital_upgrade"", ""target_id"": ""JDQ4MTYyMiM2MSMkMSMkMiMkOTkkMzgxMzUxIzIxIyQxIyQ1IyQ4OSQyNjE4MzIjNTEjJDEjJDYjJDgz"", ""target_name"": ""아이본병원""}, {""policy"": ""hospital_upgrade"", ""target_id"": ""JDQ4MTYyMiM2MSMkMSMkMiMkOTkkMzgxMzUxIzIxIyQxIyQ1IyQ2MiQzNjE4MzIjODEjJDEjJDIjJDgz"", ""target_name"": ""돋움병원""}, {""policy"": ""ambulance_new_base"", ""target_id"": ""REG008"", ""target_name"": ""중앙동""}]"
214,42,0.9807747429941394,5.36265655090189,10.742002563194719,16.10465911409661,5.746462939276316,12.571657591951391,18.318120531227706,11.18,29.62,"[33, 19, 48]","[{""policy"": ""hospital_upgrade"", ""target_id"": ""JDQ4MTYyMiM2MSMkMSMkMiMkOTkkMzgxMzUxIzExIyQyIyQ3IyQwMCQ0NjE0ODEjNjEjJDEjJDgjJDgz"", ""target_name"": ""천안우리병원""}, {""policy"": ""ambulance_new_base"", ""target_id"": ""REG020"", ""target_name"": ""부성2동""}, {""policy"": ""hospital_upgrade"", ""target_id"": ""JDQ4MTYyMiM2MSMkMSMkMiMkOTkkMzgxMzUxIzIxIyQxIyQxIyQ5MiQyNjEwMDIjNjEjJDEjJDAjJDgz"", ""target_name"": ""두정이진병원""}]"
215,42,1.372079576940493,5.249677419354838,10.592492761734231,15.842170181089068,5.442251364611085,12.48456433267027,17.926815697281352,11.18,29.62,"[40, 34, 10]","[{""policy"": ""hospital_upgrade"", ""target_id"": ""JDQ4MTYyMiM2MSMkMSMkMiMkOTkkMzgxMzUxIzIxIyQxIyQ1IyQ4OSQyNjEyMjIjNjEjJDEjJDQjJDgz"", ""target_name"": ""서울프라임병원""}, {""policy"": ""hospital_upgrade"", ""target_id"": ""JDQ4MTYyMiM2MSMkMSMkMiMkOTkkMzgxMzUxIzIxIyQxIyQ1IyQ2MiQ0NjE0ODEjNjEjJDEjJDgjJDgz"", ""target_name"": ""천안해울병원""}, {""policy"": ""ambulance_new_base"", ""target_id"": ""REG011"", ""target_name"": ""동면""}]"
216,42,0.8201198864635515,5.453870967741936,10.645921375817954,16.099792343559887,5.852102069660146,12.626673318098149,18.478775387758294,11.18,29.62,"[8, 52, 36]","[{""policy"": ""ambulance_new_base"", ""target_id"": ""REG009"", ""target_name"": ""청룡동""}, {""policy"": ""hospital_upgrade"", ""target_id"": ""JDQ4MTYyMiM2MSMkMSMkMiMkOTkkMzgxMzUxIzIxIyQyIyQ1IyQwMCQyNjEwMDIjNDEjJDEjJDgjJDgz"", ""target_name"": ""이화병원""}, {""policy"": ""hospital_upgrade"", ""target_id"": ""JDQ4MTYyMiM2MSMkMSMkMiMkOTkkMzgxMzUxIzIxIyQxIyQ1IyQ3OSQyNjE0ODEjNDEjJDEjJDgjJDgz"", ""target_name"": ""마디손병원""}]"
217,42,0.7980554304065244,5.599677419354838,10.566069875998794,16.165747295353633,6.034316313600623,12.4665235302147,18.50083984381532,11.18,29.62,"[50, 46, 51]","[{""policy"": ""hospital_upgrade"", ""target_id"": ""JDQ4MTYyMiM2MSMkMSMkMiMkOTkkMzgxMzUxIzIxIyQxIyQxIyQwMyQyNjE4MzIjODEjJDEjJDIjJDgz"", ""target_name"": ""서울대정병원""}, {""policy"": ""hospital_upgrade"", ""target_id"": ""JDQ4MTYyMiM2MSMkMSMkMiMkOTkkMzgxMzUxIzIxIyQxIyQxIyQ4OSQ0NjE0ODEjODEjJDEjJDIjJDgz"", ""target_name"": ""서울우리병원""}, {""policy"": ""hospital_upgrade"", ""target_id"": ""JDQ4MTYyMiM2MSMkMSMkMiMkOTkkMzgxMzUxIzIxIyQxIyQxIyQxMyQyNjEyMjIjNzEjJDEjJDgjJDgz"", ""target_name"": ""SG삼성조은병원""}]"
218,42,0.7157719565338319,5.599677419354838,10.527968206486767,16.127645625841605,6.034316313600623,12.548807004087395,18.583123317688013,11.18,29.62,"[52, 42, 41]","[{""policy"": ""hospital_upgrade"", ""target_id"": ""JDQ4MTYyMiM2MSMkMSMkMiMkOTkkMzgxMzUxIzIxIyQyIyQ1IyQwMCQyNjEwMDIjNDEjJDEjJDgjJDgz"", ""target_name"": ""이화병원""}, {""policy"": ""hospital_upgrade"", ""target_id"": ""JDQ4MTYyMiM2MSMkMSMkMiMkOTkkMzgxMzUxIzIxIyQxIyQxIyQ2MiQ0NjE0ODEjNDEjJDEjJDQjJDgz"", ""target_name"": ""연세나무병원""}, {""policy"": ""hospital_upgrade"", ""target_id"": ""JDQ4MTYyMiM2MSMkMSMkMiMkOTkkMzgxMzUxIzIxIyQxIyQ1IyQ5OSQzNjEyMjIjNjEjJDEjJDQjJDgz"", ""target_name"": ""천안다나힐병원""}]"
219,42,0.43900708592797955,5.267973840096877,11.138559464269987,16.406533304366867,5.879076700193799,12.980811488100068,18.859888188293866,11.18,29.62,"[44, 25, 23]","[{""policy"": ""hospital_upgrade"", ""target_id"": ""JDQ4MTYyMiM2MSMkMSMkMiMkOTkkMzgxMzUxIzIxIyQxIyQxIyQ3MiQzNjE4MzIjODEjJDEjJDYjJDgz"", ""target_name"": ""삼성스카이병원""}, {""policy"": ""ambulance_new_base"", ""target_id"": ""REG026"", ""target_name"": ""쌍용2동""}, {""policy"": ""ambulance_new_base"", ""target_id"": ""REG024"", ""target_name"": ""성정2동""}]"
220,42,0.8960546579785138,5.389711263171298,10.602994034738755,15.992705297910055,5.852393808666708,12.550446807576627,18.40284061624333,11.18,29.62,"[43, 40, 4]","[{""policy"": ""hospital_upgrade"", ""target_id"": ""JDQ4MTYyMiM2MSMkMSMkMiMkOTkkMzgxMzUxIzIxIyQxIyQxIyQ3MiQyNjE0ODEjNDEjJDEjJDgjJDgz"", ""target_name"": ""천안재활병원""}, {""policy"": ""hospital_upgrade"", ""target_id"": ""JDQ4MTYyMiM2MSMkMSMkMiMkOTkkMzgxMzUxIzIxIyQxIyQ1IyQ4OSQyNjEyMjIjNjEjJDEjJDQjJDgz"", ""target_name"": ""서울프라임병원""}, {""policy"": ""ambulance_new_base"", ""target_id"": ""REG005"", ""target_name"": ""원성1동""}]"
221,42,0.9092610833387553,5.265170274394114,10.665970466999639,15.931140741393756,5.8270612018601655,12.562572989022923,18.38963419088309,11.18,29.62,"[51, 48, 24]","[{""policy"": ""hospital_upgrade"", ""target_id"": ""JDQ4MTYyMiM2MSMkMSMkMiMkOTkkMzgxMzUxIzIxIyQxIyQxIyQxMyQyNjEyMjIjNzEjJDEjJDgjJDgz"", ""target_name"": ""SG삼성조은병원""}, {""policy"": ""hospital_upgrade"", ""target_id"": ""JDQ4MTYyMiM2MSMkMSMkMiMkOTkkMzgxMzUxIzIxIyQxIyQxIyQ5MiQyNjEwMDIjNjEjJDEjJDAjJDgz"", ""target_name"": ""두정이진병원""}, {""policy"": ""ambulance_new_base"", ""target_id"": ""REG025"", ""target_name"": ""쌍용1동""}]"
222,42,0.8141692880902625,5.298064516129032,11.033865820568307,16.33193033669734,5.626285861654427,12.858440124477161,18.484725986131583,11.18,29.62,"[12, 9, 48]","[{""policy"": ""ambulance_new_base"", ""target_id"": ""REG013"", ""target_name"": ""북면""}, {""policy"": ""ambulance_new_base"", ""target_id"": ""REG010"", ""target_name"": ""광덕면""}, {""policy"": ""hospital_upgrade"", ""target_id"": ""JDQ4MTYyMiM2MSMkMSMkMiMkOTkkMzgxMzUxIzIxIyQxIyQxIyQ5MiQyNjEwMDIjNjEjJDEjJDAjJDgz"", ""target_name"": ""두정이진병원""}]"
223,42,0.9813225939411261,5.149032258064516,11.098534409726106,16.247566667790622,5.326891042302942,12.990681637977776,18.31757268028072,11.18,29.62,"[12, 10, 32]","[{""policy"": ""ambulance_new_base"", ""target_id"": ""REG013"", ""target_name"": ""북면""}, {""policy"": ""ambulance_new_base"", ""target_id"": ""REG011"", ""target_name"": ""동면""}, {""policy"": ""hospital_upgrade"", ""target_id"": ""JDQ4MTYyMiM2MSMkMSMkMiMkOTkkMzgxMzUxIzExIyQxIyQ3IyQ5OSQ0NjE0ODEjODEjJDEjJDYjJDgz"", ""target_name"": ""예일병원""}]"
224,42,0.8012198094509522,5.440692396815576,10.664957489577072,16.10564988639265,5.947474605010949,12.550200859759947,18.497675464770893,11.18,29.62,"[51, 25, 31]","[{""policy"": ""hospital_upgrade"", ""target_id"": ""JDQ4MTYyMiM2MSMkMSMkMiMkOTkkMzgxMzUxIzIxIyQxIyQxIyQxMyQyNjEyMjIjNzEjJDEjJDgjJDgz"", ""target_name"": ""SG삼성조은병원""}, {""policy"": ""ambulance_new_base"", ""target_id"": ""REG026"", ""target_name"": ""쌍용2동""}, {""policy"": ""hospital_upgrade"", ""target_id"": ""JDQ4MTYyMiM2MSMkMSMkMiMkOTkkMzgxMzUxIzExIyQxIyQ3IyQ4OSQzNjE0ODEjODEjJDEjJDYjJDgz"", ""target_name"": ""새로나병원""}]"
225,42,1.1684821205752733,4.734104229723628,11.594193548387098,16.328297778110723,4.865834193025353,13.264578960621222,18.130413153646572,10.85,29.62,"[14, 4, 0]","[{""policy"": ""ambulance_new_base"", ""target_id"": ""REG015"", ""target_name"": ""수신면""}, {""policy"": ""ambulance_new_base"", ""target_id"": ""REG005"", ""target_name"": ""원성1동""}, {""policy"": ""ambulance_new_base"", ""target_id"": ""REG001"", ""target_name"": ""문성동""}]"
226,42,0.8157529675122177,5.599677419354838,10.51679243568511,16.11646985503995,6.034316313600623,12.448825993109008,18.483142306709627,11.18,29.62,"[43, 33, 44]","[{""policy"": ""hospital_upgrade"", ""target_id"": ""JDQ4MTYyMiM2MSMkMSMkMiMkOTkkMzgxMzUxIzIxIyQxIyQxIyQ3MiQyNjE0ODEjNDEjJDEjJDgjJDgz"", ""target_name"": ""천안재활병원""}, {""policy"": ""hospital_upgrade"", ""target_id"": ""JDQ4MTYyMiM2MSMkMSMkMiMkOTkkMzgxMzUxIzExIyQyIyQ3IyQwMCQ0NjE0ODEjNjEjJDEjJDgjJDgz"", ""target_name"": ""천안우리병원""}, {""policy"": ""hospital_upgrade"", ""target_id"": ""JDQ4MTYyMiM2MSMkMSMkMiMkOTkkMzgxMzUxIzIxIyQxIyQxIyQ3MiQzNjE4MzIjODEjJDEjJDYjJDgz"", ""target_name"": ""삼성스카이병원""}]"
227,42,1.0456886669547316,5.342699713174523,10.477424966615803,15.820124679790329,5.860800250783288,12.39240635648383,18.253206607267114,11.18,29.62,"[20, 34, 42]","[{""policy"": ""ambulance_new_base"", ""target_id"": ""REG021"", ""target_name"": ""불당1동""}, {""policy"": ""hospital_upgrade"", ""target_id"": ""JDQ4MTYyMiM2MSMkMSMkMiMkOTkkMzgxMzUxIzIxIyQxIyQ1IyQ2MiQ0NjE0ODEjNjEjJDEjJDgjJDgz"", ""target_name"": ""천안해울병원""}, {""policy"": ""hospital_upgrade"", ""target_id"": ""JDQ4MTYyMiM2MSMkMSMkMiMkOTkkMzgxMzUxIzIxIyQxIyQxIyQ2MiQ0NjE0ODEjNDEjJDEjJDQjJDgz"", ""target_name"": ""연세나무병원""}]"
228,42,0.9197546078814405,5.185882357353503,10.856635269370763,16.042517626724266,5.680139591430452,12.699001074909956,18.379140666340405,11.18,29.62,"[2, 37, 19]","[{""policy"": ""ambulance_new_base"", ""target_id"": ""REG003"", ""target_name"": ""신방동""}, {""policy"": ""hospital_upgrade"", ""target_id"": ""JDQ4MTYyMiM2MSMkMSMkMiMkOTkkMzgxMzUxIzIxIyQxIyQ1IyQ3OSQzNjE4MzIjODEjJDEjJDYjJDgz"", ""target_name"": ""앙즈로여성병원""}, {""policy"": ""ambulance_new_base"", ""target_id"": ""REG020"", ""target_name"": ""부성2동""}]"
229,42,0.5792071040407336,5.443235834934136,10.951037520712806,16.39427335564694,5.932671322458575,12.787016847722535,18.71968817018111,11.18,29.62,"[17, 44, 49]","[{""policy"": ""ambulance_new_base"", ""target_id"": ""REG018"", ""target_name"": ""백석동""}, {""policy"": ""hospital_upgrade"", ""target_id"": ""JDQ4MTYyMiM2MSMkMSMkMiMkOTkkMzgxMzUxIzIxIyQxIyQxIyQ3MiQzNjE4MzIjODEjJDEjJDYjJDgz"", ""target_name"": ""삼성스카이병원""}, {""policy"": ""hospital_upgrade"", ""target_id"": ""JDQ4MTYyMiM2MSMkMSMkMiMkOTkkMzgxMzUxIzIxIyQxIyQxIyQwMyQyNjE0ODEjNTEjJDEjJDYjJDgz"", ""target_name"": ""천안21세기병원""}]"
230,42,0.7582725946164359,5.2442025324586306,10.92879511789891,16.17299765035754,5.80328650889766,12.737336170707753,18.54062267960541,11.18,29.62,"[24, 27, 40]","[{""policy"": ""ambulance_new_base"", ""target_id"": ""REG025"", ""target_name"": ""쌍용1동""}, {""policy"": ""ambulance_new_base"", ""target_id"": ""REG028"", ""target_name"": ""입장면""}, {""policy"": ""hospital_upgrade"", ""target_id"": ""JDQ4MTYyMiM2MSMkMSMkMiMkOTkkMzgxMzUxIzIxIyQxIyQ1IyQ4OSQyNjEyMjIjNjEjJDEjJDQjJDgz"", ""target_name"": ""서울프라임병원""}]"
231,42,0.6943836629433235,4.697814025962782,11.594193548387098,16.292007574349878,5.3399326506573015,13.264578960621222,18.60451161127852,11.18,29.62,"[26, 18, 22]","[{""policy"": ""ambulance_new_base"", ""target_id"": ""REG027"", ""target_name"": ""쌍용3동""}, {""policy"": ""ambulance_new_base"", ""target_id"": ""REG019"", ""target_name"": ""부성1동""}, {""policy"": ""ambulance_new_base"", ""target_id"": ""REG023"", ""target_name"": ""성정1동""}]"
232,42,0.7247915581687501,5.0240528076909285,11.102009947137324,16.126062754828258,5.5807466203828735,12.993357095670223,18.574103716053095,11.18,29.62,"[45, 29, 6]","[{""policy"": ""hospital_upgrade"", ""target_id"": ""JDQ4MTYyMiM2MSMkMSMkMiMkOTkkMzgxMzUxIzIxIyQxIyQxIyQ3OSQyNjEyMjIjNDEjJDEjJDgjJDgz"", ""target_name"": ""우리척병원""}, {""policy"": ""ambulance_new_base"", ""target_id"": ""REG030"", ""target_name"": ""성환읍""}, {""policy"": ""ambulance_new_base"", ""target_id"": ""REG007"", ""target_name"": ""일봉동""}]"
233,42,0.6075805973821957,5.155208525847835,11.138559464269987,16.293767990117825,5.710503188739586,12.980811488100068,18.69131467683965,11.18,29.62,"[29, 44, 25]","[{""policy"": ""ambulance_new_base"", ""target_id"": ""REG030"", ""target_name"": ""성환읍""}, {""policy"": ""hospital_upgrade"", ""target_id"": ""JDQ4MTYyMiM2MSMkMSMkMiMkOTkkMzgxMzUxIzIxIyQxIyQxIyQ3MiQzNjE4MzIjODEjJDEjJDYjJDgz"", ""target_name"": ""삼성스카이병원""}, {""policy"": ""ambulance_new_base"", ""target_id"": ""REG026"", ""target_name"": ""쌍용2동""}]"
234,42,0.6787154693403252,4.850672478128748,11.594193548387098,16.444866026515843,5.355600844260297,13.264578960621222,18.62017980488152,11.18,29.62,"[5, 1, 21]","[{""policy"": ""ambulance_new_base"", ""target_id"": ""REG006"", ""target_name"": ""원성2동""}, {""policy"": ""ambulance_new_base"", ""target_id"": ""REG002"", ""target_name"": ""봉명동""}, {""policy"": ""ambulance_new_base"", ""target_id"": ""REG022"", ""target_name"": ""불당2동""}]"
235,42,0.7964068591942919,5.342699713174523,10.663079887171962,16.005779600346486,5.860800250783288,12.641688164244268,18.502488415027553,11.18,29.62,"[51, 20, 32]","[{""policy"": ""hospital_upgrade"", ""target_id"": ""JDQ4MTYyMiM2MSMkMSMkMiMkOTkkMzgxMzUxIzIxIyQxIyQxIyQxMyQyNjEyMjIjNzEjJDEjJDgjJDgz"", ""target_name"": ""SG삼성조은병원""}, {""policy"": ""ambulance_new_base"", ""target_id"": ""REG021"", ""target_name"": ""불당1동""}, {""policy"": ""hospital_upgrade"", ""target_id"": ""JDQ4MTYyMiM2MSMkMSMkMiMkOTkkMzgxMzUxIzExIyQxIyQ3IyQ5OSQ0NjE0ODEjODEjJDEjJDYjJDgz"", ""target_name"": ""예일병원""}]"
236,42,0.773073446532262,4.966784222030909,11.594193548387098,16.560977770418006,5.261242867068361,13.264578960621222,18.525821827689583,11.18,29.62,"[16, 10, 17]","[{""policy"": ""ambulance_new_base"", ""target_id"": ""REG017"", ""target_name"": ""목천읍""}, {""policy"": ""ambulance_new_base"", ""target_id"": ""REG011"", ""target_name"": ""동면""}, {""policy"": ""ambulance_new_base"", ""target_id"": ""REG018"", ""target_name"": ""백석동""}]"
237,42,0.9986971732818972,5.599677419354838,10.26534495124071,15.86502237059555,6.034316313600623,12.265881787339325,18.300198100939948,11.18,29.62,"[36, 31, 48]","[{""policy"": ""hospital_upgrade"", ""target_id"": ""JDQ4MTYyMiM2MSMkMSMkMiMkOTkkMzgxMzUxIzIxIyQxIyQ1IyQ3OSQyNjE0ODEjNDEjJDEjJDgjJDgz"", ""target_name"": ""마디손병원""}, {""policy"": ""hospital_upgrade"", ""target_id"": ""JDQ4MTYyMiM2MSMkMSMkMiMkOTkkMzgxMzUxIzExIyQxIyQ3IyQ4OSQzNjE0ODEjODEjJDEjJDYjJDgz"", ""target_name"": ""새로나병원""}, {""policy"": ""hospital_upgrade"", ""target_id"": ""JDQ4MTYyMiM2MSMkMSMkMiMkOTkkMzgxMzUxIzIxIyQxIyQxIyQ5MiQyNjEwMDIjNjEjJDEjJDAjJDgz"", ""target_name"": ""두정이진병원""}]"
238,42,0.9090445544189372,5.09989875226641,11.346236395124912,16.446135147391324,5.313721241489277,13.076129478313634,18.389850719802908,11.18,29.62,"[31, 15, 7]","[{""policy"": ""hospital_upgrade"", ""target_id"": ""JDQ4MTYyMiM2MSMkMSMkMiMkOTkkMzgxMzUxIzExIyQxIyQ3IyQ4OSQzNjE0ODEjODEjJDEjJDYjJDgz"", ""target_name"": ""새로나병원""}, {""policy"": ""ambulance_new_base"", ""target_id"": ""REG016"", ""target_name"": ""풍세면""}, {""policy"": ""ambulance_new_base"", ""target_id"": ""REG008"", ""target_name"": ""중앙동""}]"
239,42,1.0536961083395013,4.840101989280701,11.594193548387098,16.434295537667797,4.980620205261123,13.264578960621222,18.245199165882344,10.85,29.62,"[21, 14, 9]","[{""policy"": ""ambulance_new_base"", ""target_id"": ""REG022"", ""target_name"": ""불당2동""}, {""policy"": ""ambulance_new_base"", ""target_id"": ""REG015"", ""target_name"": ""수신면""}, {""policy"": ""ambulance_new_base"", ""target_id"": ""REG010"", ""target_name"": ""광덕면""}]"
240,42,0.6871755856354724,5.599677419354838,10.562634035482748,16.162311454837585,6.034316313600623,12.57740337498575,18.611719688586373,11.18,29.62,"[32, 37, 52]","[{""policy"": ""hospital_upgrade"", ""target_id"": ""JDQ4MTYyMiM2MSMkMSMkMiMkOTkkMzgxMzUxIzExIyQxIyQ3IyQ5OSQ0NjE0ODEjODEjJDEjJDYjJDgz"", ""target_name"": ""예일병원""}, {""policy"": ""hospital_upgrade"", ""target_id"": ""JDQ4MTYyMiM2MSMkMSMkMiMkOTkkMzgxMzUxIzIxIyQxIyQ1IyQ3OSQzNjE4MzIjODEjJDEjJDYjJDgz"", ""target_name"": ""앙즈로여성병원""}, {""policy"": ""hospital_upgrade"", ""target_id"": ""JDQ4MTYyMiM2MSMkMSMkMiMkOTkkMzgxMzUxIzIxIyQyIyQ1IyQwMCQyNjEwMDIjNDEjJDEjJDgjJDgz"", ""target_name"": ""이화병원""}]"
241,42,0.7610051382706544,5.265170274394114,10.647930352206338,15.913100626600452,5.8270612018601655,12.710828934091028,18.53789013595119,11.18,29.62,"[44, 24, 52]","[{""policy"": ""hospital_upgrade"", ""target_id"": ""JDQ4MTYyMiM2MSMkMSMkMiMkOTkkMzgxMzUxIzIxIyQxIyQxIyQ3MiQzNjE4MzIjODEjJDEjJDYjJDgz"", ""target_name"": ""삼성스카이병원""}, {""policy"": ""ambulance_new_base"", ""target_id"": ""REG025"", ""target_name"": ""쌍용1동""}, {""policy"": ""hospital_upgrade"", ""target_id"": ""JDQ4MTYyMiM2MSMkMSMkMiMkOTkkMzgxMzUxIzIxIyQyIyQ1IyQwMCQyNjEwMDIjNDEjJDEjJDgjJDgz"", ""target_name"": ""이화병원""}]"
242,42,0.8381382206726258,5.260793486616837,10.772073526434678,16.032867013051515,5.843096022653826,12.617661030895395,18.46075705354922,11.18,29.62,"[38, 26, 46]","[{""policy"": ""hospital_upgrade"", ""target_id"": ""JDQ4MTYyMiM2MSMkMSMkMiMkOTkkMzgxMzUxIzIxIyQxIyQ1IyQ4OSQ0NjEwMDIjNTEjJDEjJDIjJDgz"", ""target_name"": ""천안리턴병원""}, {""policy"": ""ambulance_new_base"", ""target_id"": ""REG027"", ""target_name"": ""쌍용3동""}, {""policy"": ""hospital_upgrade"", ""target_id"": ""JDQ4MTYyMiM2MSMkMSMkMiMkOTkkMzgxMzUxIzIxIyQxIyQxIyQ4OSQ0NjE0ODEjODEjJDEjJDIjJDgz"", ""target_name"": ""서울우리병원""}]"
243,42,0.9229473839615139,5.265170274394114,10.680837964636725,15.94600823903084,5.8270612018601655,12.548886688400165,18.37594789026033,11.18,29.62,"[40, 31, 24]","[{""policy"": ""hospital_upgrade"", ""target_id"": ""JDQ4MTYyMiM2MSMkMSMkMiMkOTkkMzgxMzUxIzIxIyQxIyQ1IyQ4OSQyNjEyMjIjNjEjJDEjJDQjJDgz"", ""target_name"": ""서울프라임병원""}, {""policy"": ""hospital_upgrade"", ""target_id"": ""JDQ4MTYyMiM2MSMkMSMkMiMkOTkkMzgxMzUxIzExIyQxIyQ3IyQ4OSQzNjE0ODEjODEjJDEjJDYjJDgz"", ""target_name"": ""새로나병원""}, {""policy"": ""ambulance_new_base"", ""target_id"": ""REG025"", ""target_name"": ""쌍용1동""}]"
244,42,1.0764392822664135,4.957742430938862,10.922183961670516,15.87992639260938,5.485243227912592,12.737212764042843,18.22245599195543,11.18,29.62,"[26, 5, 38]","[{""policy"": ""ambulance_new_base"", ""target_id"": ""REG027"", ""target_name"": ""쌍용3동""}, {""policy"": ""ambulance_new_base"", ""target_id"": ""REG006"", ""target_name"": ""원성2동""}, {""policy"": ""hospital_upgrade"", ""target_id"": ""JDQ4MTYyMiM2MSMkMSMkMiMkOTkkMzgxMzUxIzIxIyQxIyQ1IyQ4OSQ0NjEwMDIjNTEjJDEjJDIjJDgz"", ""target_name"": ""천안리턴병원""}]"
245,42,0.9547755533322793,5.468387096774193,10.55638381133039,16.024770908104582,5.934840795373318,12.409278925516249,18.344119720889566,11.18,29.62,"[50, 33, 28]","[{""policy"": ""hospital_upgrade"", ""target_id"": ""JDQ4MTYyMiM2MSMkMSMkMiMkOTkkMzgxMzUxIzIxIyQxIyQxIyQwMyQyNjE4MzIjODEjJDEjJDIjJDgz"", ""target_name"": ""서울대정병원""}, {""policy"": ""hospital_upgrade"", ""target_id"": ""JDQ4MTYyMiM2MSMkMSMkMiMkOTkkMzgxMzUxIzExIyQyIyQ3IyQwMCQ0NjE0ODEjNjEjJDEjJDgjJDgz"", ""target_name"": ""천안우리병원""}, {""policy"": ""ambulance_new_base"", ""target_id"": ""REG029"", ""target_name"": ""성거읍""}]"
246,42,1.0597466545381735,5.2966263636768645,10.596129705204897,15.892756068881758,5.6764635188593875,12.562685100824284,18.23914861968367,11.18,29.62,"[5, 52, 49]","[{""policy"": ""ambulance_new_base"", ""target_id"": ""REG006"", ""target_name"": ""원성2동""}, {""policy"": ""hospital_upgrade"", ""target_id"": ""JDQ4MTYyMiM2MSMkMSMkMiMkOTkkMzgxMzUxIzIxIyQyIyQ1IyQwMCQyNjEwMDIjNDEjJDEjJDgjJDgz"", ""target_name"": ""이화병원""}, {""policy"": ""hospital_upgrade"", ""target_id"": ""JDQ4MTYyMiM2MSMkMSMkMiMkOTkkMzgxMzUxIzIxIyQxIyQxIyQwMyQyNjE0ODEjNTEjJDEjJDYjJDgz"", ""target_name"": ""천안21세기병원""}]"
247,42,0.6098345432888514,5.599677419354838,10.802625226504444,16.402302645859283,6.034316313600623,12.654744417332374,18.689060730932994,11.18,29.62,"[41, 38, 51]","[{""policy"": ""hospital_upgrade"", ""target_id"": ""JDQ4MTYyMiM2MSMkMSMkMiMkOTkkMzgxMzUxIzIxIyQxIyQ1IyQ5OSQzNjEyMjIjNjEjJDEjJDQjJDgz"", ""target_name"": ""천안다나힐병원""}, {""policy"": ""hospital_upgrade"", ""target_id"": ""JDQ4MTYyMiM2MSMkMSMkMiMkOTkkMzgxMzUxIzIxIyQxIyQ1IyQ4OSQ0NjEwMDIjNTEjJDEjJDIjJDgz"", ""target_name"": ""천안리턴병원""}, {""policy"": ""hospital_upgrade"", ""target_id"": ""JDQ4MTYyMiM2MSMkMSMkMiMkOTkkMzgxMzUxIzIxIyQxIyQxIyQxMyQyNjEyMjIjNzEjJDEjJDgjJDgz"", ""target_name"": ""SG삼성조은병원""}]"
248,42,0.6164513613826301,4.9189847996943845,11.594193548387098,16.51317834808148,5.417864952217996,13.264578960621222,18.682443912839215,11.18,29.62,"[0, 6, 17]","[{""policy"": ""ambulance_new_base"", ""target_id"": ""REG001"", ""target_name"": ""문성동""}, {""policy"": ""ambulance_new_base"", ""target_id"": ""REG007"", ""target_name"": ""일봉동""}, {""policy"": ""ambulance_new_base"", ""target_id"": ""REG018"", ""target_name"": ""백석동""}]"
249,42,0.666489007500811,5.440692396815576,10.858808831433818,16.299501228249397,5.947474605010949,12.684931661710088,18.632406266721034,11.18,29.62,"[25, 51, 40]","[{""policy"": ""ambulance_new_base"", ""target_id"": ""REG026"", ""target_name"": ""쌍용2동""}, {""policy"": ""hospital_upgrade"", ""target_id"": ""JDQ4MTYyMiM2MSMkMSMkMiMkOTkkMzgxMzUxIzIxIyQxIyQxIyQxMyQyNjEyMjIjNzEjJDEjJDgjJDgz"", ""target_name"": ""SG삼성조은병원""}, {""policy"": ""hospital_upgrade"", ""target_id"": ""JDQ4MTYyMiM2MSMkMSMkMiMkOTkkMzgxMzUxIzIxIyQxIyQ1IyQ4OSQyNjEyMjIjNjEjJDEjJDQjJDgz"", ""target_name"": ""서울프라임병원""}]"
250,42,0.9844541137186411,5.265170274394114,10.507843211080171,15.773013485474289,5.8270612018601655,12.487379958643041,18.314441160503204,11.18,29.62,"[24, 44, 50]","[{""policy"": ""ambulance_new_base"", ""target_id"": ""REG025"", ""target_name"": ""쌍용1동""}, {""policy"": ""hospital_upgrade"", ""target_id"": ""JDQ4MTYyMiM2MSMkMSMkMiMkOTkkMzgxMzUxIzIxIyQxIyQxIyQ3MiQzNjE4MzIjODEjJDEjJDYjJDgz"", ""target_name"": ""삼성스카이병원""}, {""policy"": ""hospital_upgrade"", ""target_id"": ""JDQ4MTYyMiM2MSMkMSMkMiMkOTkkMzgxMzUxIzIxIyQxIyQxIyQwMyQyNjE4MzIjODEjJDEjJDIjJDgz"", ""target_name"": ""서울대정병원""}]"
251,42,0.47603276114345405,5.044618118312958,11.594193548387098,16.638811666700054,5.558283552457171,13.264578960621222,18.82286251307839,11.18,29.62,"[12, 21, 3]","[{""policy"": ""ambulance_new_base"", ""target_id"": ""REG013"", ""target_name"": ""북면""}, {""policy"": ""ambulance_new_base"", ""target_id"": ""REG022"", ""target_name"": ""불당2동""}, {""policy"": ""ambulance_new_base"", ""target_id"": ""REG004"", ""target_name"": ""신안동""}]"
252,42,0.7016765500310633,4.863259650268073,11.594193548387098,16.45745319865517,5.33263976356956,13.264578960621222,18.597218724190782,11.18,29.62,"[4, 29, 11]","[{""policy"": ""ambulance_new_base"", ""target_id"": ""REG005"", ""target_name"": ""원성1동""}, {""policy"": ""ambulance_new_base"", ""target_id"": ""REG030"", ""target_name"": ""성환읍""}, {""policy"": ""ambulance_new_base"", ""target_id"": ""REG012"", ""target_name"": ""병천면""}]"
253,42,0.7949070947853727,5.250507249732912,11.033865820568307,16.284373070301218,5.645548054959313,12.858440124477161,18.503988179436472,11.18,29.62,"[48, 13, 23]","[{""policy"": ""hospital_upgrade"", ""target_id"": ""JDQ4MTYyMiM2MSMkMSMkMiMkOTkkMzgxMzUxIzIxIyQxIyQxIyQ5MiQyNjEwMDIjNjEjJDEjJDAjJDgz"", ""target_name"": ""두정이진병원""}, {""policy"": ""ambulance_new_base"", ""target_id"": ""REG014"", ""target_name"": ""성남면""}, {""policy"": ""ambulance_new_base"", ""target_id"": ""REG024"", ""target_name"": ""성정2동""}]"
254,42,0.6043269671275056,4.8703535993586495,11.594193548387098,16.46454714774575,5.42998934647312,13.264578960621222,18.69456830709434,11.18,29.62,"[2, 1, 19]","[{""policy"": ""ambulance_new_base"", ""target_id"": ""REG003"", ""target_name"": ""신방동""}, {""policy"": ""ambulance_new_base"", ""target_id"": ""REG002"", ""target_name"": ""봉명동""}, {""policy"": ""ambulance_new_base"", ""target_id"": ""REG020"", ""target_name"": ""부성2동""}]"
255,42,1.0008891878356145,4.992432815289766,11.08868306517315,16.081115880462917,5.463562380058946,12.834443706327281,18.29800608638623,11.18,29.62,"[18, 5, 49]","[{""policy"": ""ambulance_new_base"", ""target_id"": ""REG019"", ""target_name"": ""부성1동""}, {""policy"": ""ambulance_new_base"", ""target_id"": ""REG006"", ""target_name"": ""원성2동""}, {""policy"": ""hospital_upgrade"", ""target_id"": ""JDQ4MTYyMiM2MSMkMSMkMiMkOTkkMzgxMzUxIzIxIyQxIyQxIyQwMyQyNjE0ODEjNTEjJDEjJDYjJDgz"", ""target_name"": ""천안21세기병원""}]"
256,42,0.9164244563530701,5.599677419354838,10.429009953894964,16.028687373249802,6.034316313600623,12.348154504268152,18.382470817868775,11.18,29.62,"[41, 34, 36]","[{""policy"": ""hospital_upgrade"", ""target_id"": ""JDQ4MTYyMiM2MSMkMSMkMiMkOTkkMzgxMzUxIzIxIyQxIyQ1IyQ5OSQzNjEyMjIjNjEjJDEjJDQjJDgz"", ""target_name"": ""천안다나힐병원""}, {""policy"": ""hospital_upgrade"", ""target_id"": ""JDQ4MTYyMiM2MSMkMSMkMiMkOTkkMzgxMzUxIzIxIyQxIyQ1IyQ2MiQ0NjE0ODEjNjEjJDEjJDgjJDgz"", ""target_name"": ""천안해울병원""}, {""policy"": ""hospital_upgrade"", ""target_id"": ""JDQ4MTYyMiM2MSMkMSMkMiMkOTkkMzgxMzUxIzIxIyQxIyQ1IyQ3OSQyNjE0ODEjNDEjJDEjJDgjJDgz"", ""target_name"": ""마디손병원""}]"
257,42,0.8592264411615069,5.342699713174523,10.708886647931475,16.051586361106,5.860800250783288,12.578868582277051,18.439668833060338,11.18,29.62,"[38, 37, 20]","[{""policy"": ""hospital_upgrade"", ""target_id"": ""JDQ4MTYyMiM2MSMkMSMkMiMkOTkkMzgxMzUxIzIxIyQxIyQ1IyQ4OSQ0NjEwMDIjNTEjJDEjJDIjJDgz"", ""target_name"": ""천안리턴병원""}, {""policy"": ""hospital_upgrade"", ""target_id"": ""JDQ4MTYyMiM2MSMkMSMkMiMkOTkkMzgxMzUxIzIxIyQxIyQ1IyQ3OSQzNjE4MzIjODEjJDEjJDYjJDgz"", ""target_name"": ""앙즈로여성병원""}, {""policy"": ""ambulance_new_base"", ""target_id"": ""REG021"", ""target_name"": ""불당1동""}]"
258,42,0.5801743638132351,5.322258064516128,10.998184134035316,16.320442198551447,5.852632643446617,12.866088266961999,18.71872091040861,11.18,29.62,"[12, 47, 2]","[{""policy"": ""ambulance_new_base"", ""target_id"": ""REG013"", ""target_name"": ""북면""}, {""policy"": ""hospital_upgrade"", ""target_id"": ""JDQ4MTYyMiM2MSMkMSMkMiMkOTkkMzgxMzUxIzIxIyQxIyQxIyQ5MiQyNjE4MzIjNDEjJDEjJDgjJDgz"", ""target_name"": ""혜성산부인과병원""}, {""policy"": ""ambulance_new_base"", ""target_id"": ""REG003"", ""target_name"": ""신방동""}]"
259,42,0.6349480061640875,5.185991120700654,11.138559464269987,16.324550584970645,5.68313577995769,12.980811488100068,18.663947268057758,11.18,29.62,"[23, 44, 11]","[{""policy"": ""ambulance_new_base"", ""target_id"": ""REG024"", ""target_name"": ""성정2동""}, {""policy"": ""hospital_upgrade"", ""target_id"": ""JDQ4MTYyMiM2MSMkMSMkMiMkOTkkMzgxMzUxIzIxIyQxIyQxIyQ3MiQzNjE4MzIjODEjJDEjJDYjJDgz"", ""target_name"": ""삼성스카이병원""}, {""policy"": ""ambulance_new_base"", ""target_id"": ""REG012"", ""target_name"": ""병천면""}]"
260,42,0.8593707652918781,5.08434187371361,11.055870298914312,16.140212172627926,5.522725668829667,12.916798840100302,18.439524508929967,11.18,29.62,"[35, 26, 13]","[{""policy"": ""hospital_upgrade"", ""target_id"": ""JDQ4MTYyMiM2MSMkMSMkMiMkOTkkMzgxMzUxIzIxIyQxIyQ1IyQ2MiQzNjE4MzIjODEjJDEjJDIjJDgz"", ""target_name"": ""돋움병원""}, {""policy"": ""ambulance_new_base"", ""target_id"": ""REG027"", ""target_name"": ""쌍용3동""}, {""policy"": ""ambulance_new_base"", ""target_id"": ""REG014"", ""target_name"": ""성남면""}]"
261,42,0.8592264411615069,5.342699713174523,10.708886647931475,16.051586361106,5.860800250783288,12.578868582277051,18.439668833060338,11.18,29.62,"[38, 20, 37]","[{""policy"": ""hospital_upgrade"", ""target_id"": ""JDQ4MTYyMiM2MSMkMSMkMiMkOTkkMzgxMzUxIzIxIyQxIyQ1IyQ4OSQ0NjEwMDIjNTEjJDEjJDIjJDgz"", ""target_name"": ""천안리턴병원""}, {""policy"": ""ambulance_new_base"", ""target_id"": ""REG021"", ""target_name"": ""불당1동""}, {""policy"": ""hospital_upgrade"", ""target_id"": ""JDQ4MTYyMiM2MSMkMSMkMiMkOTkkMzgxMzUxIzIxIyQxIyQ1IyQ3OSQzNjE4MzIjODEjJDEjJDYjJDgz"", ""target_name"": ""앙즈로여성병원""}]"
262,42,0.8261937261054619,5.322580645161289,11.093193138623256,16.415773783784545,5.59858563746832,12.874115910648063,18.472701548116383,11.18,29.62,"[34, 12, 13]","[{""policy"": ""hospital_upgrade"", ""target_id"": ""JDQ4MTYyMiM2MSMkMSMkMiMkOTkkMzgxMzUxIzIxIyQxIyQ1IyQ2MiQ0NjE0ODEjNjEjJDEjJDgjJDgz"", ""target_name"": ""천안해울병원""}, {""policy"": ""ambulance_new_base"", ""target_id"": ""REG013"", ""target_name"": ""북면""}, {""policy"": ""ambulance_new_base"", ""target_id"": ""REG014"", ""target_name"": ""성남면""}]"
263,42,0.45310880714295365,4.95659993822974,11.519141813354748,16.475741751584486,5.630194883853385,13.215591583225512,18.84578646707889,11.18,29.62,"[26, 18, 41]","[{""policy"": ""ambulance_new_base"", ""target_id"": ""REG027"", ""target_name"": ""쌍용3동""}, {""policy"": ""ambulance_new_base"", ""target_id"": ""REG019"", ""target_name"": ""부성1동""}, {""policy"": ""hospital_upgrade"", ""target_id"": ""JDQ4MTYyMiM2MSMkMSMkMiMkOTkkMzgxMzUxIzIxIyQxIyQ1IyQ5OSQzNjEyMjIjNjEjJDEjJDQjJDgz"", ""target_name"": ""천안다나힐병원""}]"
264,42,0.971494522144436,5.466774193548386,10.655087602332431,16.121861795880815,5.780631376307751,12.54676937576966,18.32740075207741,11.18,29.62,"[31, 15, 36]","[{""policy"": ""hospital_upgrade"", ""target_id"": ""JDQ4MTYyMiM2MSMkMSMkMiMkOTkkMzgxMzUxIzExIyQxIyQ3IyQ4OSQzNjE0ODEjODEjJDEjJDYjJDgz"", ""target_name"": ""새로나병원""}, {""policy"": ""ambulance_new_base"", ""target_id"": ""REG016"", ""target_name"": ""풍세면""}, {""policy"": ""hospital_upgrade"", ""target_id"": ""JDQ4MTYyMiM2MSMkMSMkMiMkOTkkMzgxMzUxIzIxIyQxIyQ1IyQ3OSQyNjE0ODEjNDEjJDEjJDgjJDgz"", ""target_name"": ""마디손병원""}]"
265,42,1.1910024877037415,4.6504973314188,11.594193548387098,16.244690879805898,4.843313825896882,13.264578960621222,18.107892786518104,10.85,29.62,"[5, 14, 29]","[{""policy"": ""ambulance_new_base"", ""target_id"": ""REG006"", ""target_name"": ""원성2동""}, {""policy"": ""ambulance_new_base"", ""target_id"": ""REG015"", ""target_name"": ""수신면""}, {""policy"": ""ambulance_new_base"", ""target_id"": ""REG030"", ""target_name"": ""성환읍""}]"
266,42,0.8223727550928892,5.188743521235815,11.055870298914312,16.24461382015013,5.559723679028655,12.916798840100302,18.476522519128956,11.18,29.62,"[35, 9, 4]","[{""policy"": ""hospital_upgrade"", ""target_id"": ""JDQ4MTYyMiM2MSMkMSMkMiMkOTkkMzgxMzUxIzIxIyQxIyQ1IyQ2MiQzNjE4MzIjODEjJDEjJDIjJDgz"", ""target_name"": ""돋움병원""}, {""policy"": ""ambulance_new_base"", ""target_id"": ""REG010"", ""target_name"": ""광덕면""}, {""policy"": ""ambulance_new_base"", ""target_id"": ""REG005"", ""target_name"": ""원성1동""}]"
267,42,0.9697300412339338,5.331973675703178,10.599511889594101,15.93148556529728,5.7387096980570576,12.590455534930856,18.32916523298791,11.18,29.62,"[22, 37, 52]","[{""policy"": ""ambulance_new_base"", ""target_id"": ""REG023"", ""target_name"": ""성정1동""}, {""policy"": ""hospital_upgrade"", ""target_id"": ""JDQ4MTYyMiM2MSMkMSMkMiMkOTkkMzgxMzUxIzIxIyQxIyQ1IyQ3OSQzNjE4MzIjODEjJDEjJDYjJDgz"", ""target_name"": ""앙즈로여성병원""}, {""policy"": ""hospital_upgrade"", ""target_id"": ""JDQ4MTYyMiM2MSMkMSMkMiMkOTkkMzgxMzUxIzIxIyQyIyQ1IyQwMCQyNjEwMDIjNDEjJDEjJDgjJDgz"", ""target_name"": ""이화병원""}]"
268,42,1.1089849723978453,5.466774193548386,10.55638381133039,16.023158004878777,5.780631376307751,12.409278925516249,18.189910301824,11.18,29.62,"[33, 50, 15]","[{""policy"": ""hospital_upgrade"", ""target_id"": ""JDQ4MTYyMiM2MSMkMSMkMiMkOTkkMzgxMzUxIzExIyQyIyQ3IyQwMCQ0NjE0ODEjNjEjJDEjJDgjJDgz"", ""target_name"": ""천안우리병원""}, {""policy"": ""hospital_upgrade"", ""target_id"": ""JDQ4MTYyMiM2MSMkMSMkMiMkOTkkMzgxMzUxIzIxIyQxIyQxIyQwMyQyNjE4MzIjODEjJDEjJDIjJDgz"", ""target_name"": ""서울대정병원""}, {""policy"": ""ambulance_new_base"", ""target_id"": ""REG016"", ""target_name"": ""풍세면""}]"
269,42,0.5903592679651588,5.028680181031389,11.594193548387098,16.622873729418487,5.443957045635466,13.264578960621222,18.708536006256686,11.18,29.62,"[6, 27, 7]","[{""policy"": ""ambulance_new_base"", ""target_id"": ""REG007"", ""target_name"": ""일봉동""}, {""policy"": ""ambulance_new_base"", ""target_id"": ""REG028"", ""target_name"": ""입장면""}, {""policy"": ""ambulance_new_base"", ""target_id"": ""REG008"", ""target_name"": ""중앙동""}]"
270,42,0.7873089193594396,5.599677419354838,10.494651961325513,16.09432938068035,6.034316313600623,12.477270041261784,18.511586354862406,11.18,29.62,"[50, 44, 37]","[{""policy"": ""hospital_upgrade"", ""target_id"": ""JDQ4MTYyMiM2MSMkMSMkMiMkOTkkMzgxMzUxIzIxIyQxIyQxIyQwMyQyNjE4MzIjODEjJDEjJDIjJDgz"", ""target_name"": ""서울대정병원""}, {""policy"": ""hospital_upgrade"", ""target_id"": ""JDQ4MTYyMiM2MSMkMSMkMiMkOTkkMzgxMzUxIzIxIyQxIyQxIyQ3MiQzNjE4MzIjODEjJDEjJDYjJDgz"", ""target_name"": ""삼성스카이병원""}, {""policy"": ""hospital_upgrade"", ""target_id"": ""JDQ4MTYyMiM2MSMkMSMkMiMkOTkkMzgxMzUxIzIxIyQxIyQ1IyQ3OSQzNjE4MzIjODEjJDEjJDYjJDgz"", ""target_name"": ""앙즈로여성병원""}]"
271,42,0.48353219059812247,4.872359904171497,11.594193548387098,16.466553452558593,5.550784123002508,13.264578960621222,18.815363083623723,11.18,29.62,"[20, 3, 26]","[{""policy"": ""ambulance_new_base"", ""target_id"": ""REG021"", ""target_name"": ""불당1동""}, {""policy"": ""ambulance_new_base"", ""target_id"": ""REG004"", ""target_name"": ""신안동""}, {""policy"": ""ambulance_new_base"", ""target_id"": ""REG027"", ""target_name"": ""쌍용3동""}]"
272,42,0.6524237785511424,4.922336320830384,11.594193548387098,16.516529869217482,5.381892535049484,13.264578960621222,18.646471495670703,11.18,29.62,"[17, 7, 25]","[{""policy"": ""ambulance_new_base"", ""target_id"": ""REG018"", ""target_name"": ""백석동""}, {""policy"": ""ambulance_new_base"", ""target_id"": ""REG008"", ""target_name"": ""중앙동""}, {""policy"": ""ambulance_new_base"", ""target_id"": ""REG026"", ""target_name"": ""쌍용2동""}]"
273,42,0.5670274627981051,4.86,11.594193548387098,16.454193548387096,5.46728885080252,13.264578960621222,18.73186781142374,11.18,29.62,"[18, 3, 4]","[{""policy"": ""ambulance_new_base"", ""target_id"": ""REG019"", ""target_name"": ""부성1동""}, {""policy"": ""ambulance_new_base"", ""target_id"": ""REG004"", ""target_name"": ""신안동""}, {""policy"": ""ambulance_new_base"", ""target_id"": ""REG005"", ""target_name"": ""원성1동""}]"
274,42,0.8203531608099794,4.857749997115542,11.594193548387098,16.451943545502637,5.213963152790644,13.264578960621222,18.478542113411866,11.18,29.62,"[0, 15, 24]","[{""policy"": ""ambulance_new_base"", ""target_id"": ""REG001"", ""target_name"": ""문성동""}, {""policy"": ""ambulance_new_base"", ""target_id"": ""REG016"", ""target_name"": ""풍세면""}, {""policy"": ""ambulance_new_base"", ""target_id"": ""REG025"", ""target_name"": ""쌍용1동""}]"
275,42,0.45381036848035095,5.270517278215435,11.138559464269987,16.409076742485425,5.864273417641426,12.980811488100068,18.845084905741494,11.18,29.62,"[44, 23, 17]","[{""policy"": ""hospital_upgrade"", ""target_id"": ""JDQ4MTYyMiM2MSMkMSMkMiMkOTkkMzgxMzUxIzIxIyQxIyQxIyQ3MiQzNjE4MzIjODEjJDEjJDYjJDgz"", ""target_name"": ""삼성스카이병원""}, {""policy"": ""ambulance_new_base"", ""target_id"": ""REG024"", ""target_name"": ""성정2동""}, {""policy"": ""ambulance_new_base"", ""target_id"": ""REG018"", ""target_name"": ""백석동""}]"
276,42,0.8229495755071206,5.599677419354838,10.499393399710375,16.09907081906521,6.034316313600623,12.441629385114107,18.475945698714725,11.18,29.62,"[48, 39, 50]","[{""policy"": ""hospital_upgrade"", ""target_id"": ""JDQ4MTYyMiM2MSMkMSMkMiMkOTkkMzgxMzUxIzIxIyQxIyQxIyQ5MiQyNjEwMDIjNjEjJDEjJDAjJDgz"", ""target_name"": ""두정이진병원""}, {""policy"": ""hospital_upgrade"", ""target_id"": ""JDQ4MTYyMiM2MSMkMSMkMiMkOTkkMzgxMzUxIzIxIyQxIyQ1IyQ4OSQyNjE4MzIjNTEjJDEjJDYjJDgz"", ""target_name"": ""아이본병원""}, {""policy"": ""hospital_upgrade"", ""target_id"": ""JDQ4MTYyMiM2MSMkMSMkMiMkOTkkMzgxMzUxIzIxIyQxIyQxIyQwMyQyNjE4MzIjODEjJDEjJDIjJDgz"", ""target_name"": ""서울대정병원""}]"
277,42,1.3775969180707897,4.934838709677419,10.848247068703982,15.7830857783814,5.225236898109038,12.696061458042019,17.921298356151055,10.85,29.62,"[14, 50, 18]","[{""policy"": ""ambulance_new_base"", ""target_id"": ""REG015"", ""target_name"": ""수신면""}, {""policy"": ""hospital_upgrade"", ""target_id"": ""JDQ4MTYyMiM2MSMkMSMkMiMkOTkkMzgxMzUxIzIxIyQxIyQxIyQwMyQyNjE4MzIjODEjJDEjJDIjJDgz"", ""target_name"": ""서울대정병원""}, {""policy"": ""ambulance_new_base"", ""target_id"": ""REG019"", ""target_name"": ""부성1동""}]"
278,42,0.6213990362391968,4.91678422203091,11.594193548387098,16.51097777041801,5.412917277361428,13.264578960621222,18.67749623798265,11.18,29.62,"[11, 29, 17]","[{""policy"": ""ambulance_new_base"", ""target_id"": ""REG012"", ""target_name"": ""병천면""}, {""policy"": ""ambulance_new_base"", ""target_id"": ""REG030"", ""target_name"": ""성환읍""}, {""policy"": ""ambulance_new_base"", ""target_id"": ""REG018"", ""target_name"": ""백석동""}]"
279,42,0.5492182357583779,5.445806451612902,11.101640188418845,16.547446640031744,5.756856683345245,12.992820355118223,18.749677038463467,11.18,29.62,"[27, 15, 52]","[{""policy"": ""ambulance_new_base"", ""target_id"": ""REG028"", ""target_name"": ""입장면""}, {""policy"": ""ambulance_new_base"", ""target_id"": ""REG016"", ""target_name"": ""풍세면""}, {""policy"": ""hospital_upgrade"", ""target_id"": ""JDQ4MTYyMiM2MSMkMSMkMiMkOTkkMzgxMzUxIzIxIyQyIyQ1IyQwMCQyNjEwMDIjNDEjJDEjJDgjJDgz"", ""target_name"": ""이화병원""}]"
280,42,1.2557595863406945,5.273225806451612,10.597533999962266,15.870759806413881,5.442917099876535,12.60021858800462,18.04313568788115,11.18,29.62,"[32, 34, 30]","[{""policy"": ""hospital_upgrade"", ""target_id"": ""JDQ4MTYyMiM2MSMkMSMkMiMkOTkkMzgxMzUxIzExIyQxIyQ3IyQ5OSQ0NjE0ODEjODEjJDEjJDYjJDgz"", ""target_name"": ""예일병원""}, {""policy"": ""hospital_upgrade"", ""target_id"": ""JDQ4MTYyMiM2MSMkMSMkMiMkOTkkMzgxMzUxIzIxIyQxIyQ1IyQ2MiQ0NjE0ODEjNjEjJDEjJDgjJDgz"", ""target_name"": ""천안해울병원""}, {""policy"": ""ambulance_new_base"", ""target_id"": ""REG031"", ""target_name"": ""직산읍""}]"
281,42,0.7343927085788273,5.366129032258064,11.013231528881516,16.379360561139578,5.665271053999609,12.899231511643416,18.564502565643018,11.18,29.62,"[12, 15, 43]","[{""policy"": ""ambulance_new_base"", ""target_id"": ""REG013"", ""target_name"": ""북면""}, {""policy"": ""ambulance_new_base"", ""target_id"": ""REG016"", ""target_name"": ""풍세면""}, {""policy"": ""hospital_upgrade"", ""target_id"": ""JDQ4MTYyMiM2MSMkMSMkMiMkOTkkMzgxMzUxIzIxIyQxIyQxIyQ3MiQyNjE0ODEjNDEjJDEjJDgjJDgz"", ""target_name"": ""천안재활병원""}]"
282,42,1.1554651103370652,4.928608429685765,10.975591027317092,15.904199457002857,5.3545050399817065,12.788925123903075,18.14343016388478,11.18,29.62,"[18, 46, 7]","[{""policy"": ""ambulance_new_base"", ""target_id"": ""REG019"", ""target_name"": ""부성1동""}, {""policy"": ""hospital_upgrade"", ""target_id"": ""JDQ4MTYyMiM2MSMkMSMkMiMkOTkkMzgxMzUxIzIxIyQxIyQxIyQ4OSQ0NjE0ODEjODEjJDEjJDIjJDgz"", ""target_name"": ""서울우리병원""}, {""policy"": ""ambulance_new_base"", ""target_id"": ""REG008"", ""target_name"": ""중앙동""}]"
283,42,0.7531665069205324,4.881290322580645,11.594193548387098,16.475483870967743,5.281149806680094,13.264578960621222,18.545728767301313,11.18,29.62,"[3, 29, 13]","[{""policy"": ""ambulance_new_base"", ""target_id"": ""REG004"", ""target_name"": ""신안동""}, {""policy"": ""ambulance_new_base"", ""target_id"": ""REG030"", ""target_name"": ""성환읍""}, {""policy"": ""ambulance_new_base"", ""target_id"": ""REG014"", ""target_name"": ""성남면""}]"
284,42,0.8819077255403229,5.426958862636138,10.623032386995813,16.049991249631955,5.965918408783474,12.451069139898053,18.416987548681522,11.18,29.62,"[33, 39, 23]","[{""policy"": ""hospital_upgrade"", ""target_id"": ""JDQ4MTYyMiM2MSMkMSMkMiMkOTkkMzgxMzUxIzExIyQyIyQ3IyQwMCQ0NjE0ODEjNjEjJDEjJDgjJDgz"", ""target_name"": ""천안우리병원""}, {""policy"": ""hospital_upgrade"", ""target_id"": ""JDQ4MTYyMiM2MSMkMSMkMiMkOTkkMzgxMzUxIzIxIyQxIyQ1IyQ4OSQyNjE4MzIjNTEjJDEjJDYjJDgz"", ""target_name"": ""아이본병원""}, {""policy"": ""ambulance_new_base"", ""target_id"": ""REG024"", ""target_name"": ""성정2동""}]"
285,42,0.8904554539058864,5.599677419354838,10.418013313737456,16.017690733092298,6.034316313600623,12.374123506715335,18.40843982031596,11.18,29.62,"[51, 48, 31]","[{""policy"": ""hospital_upgrade"", ""target_id"": ""JDQ4MTYyMiM2MSMkMSMkMiMkOTkkMzgxMzUxIzIxIyQxIyQxIyQxMyQyNjEyMjIjNzEjJDEjJDgjJDgz"", ""target_name"": ""SG삼성조은병원""}, {""policy"": ""hospital_upgrade"", ""target_id"": ""JDQ4MTYyMiM2MSMkMSMkMiMkOTkkMzgxMzUxIzIxIyQxIyQxIyQ5MiQyNjEwMDIjNjEjJDEjJDAjJDgz"", ""target_name"": ""두정이진병원""}, {""policy"": ""hospital_upgrade"", ""target_id"": ""JDQ4MTYyMiM2MSMkMSMkMiMkOTkkMzgxMzUxIzExIyQxIyQ3IyQ4OSQzNjE0ODEjODEjJDEjJDYjJDgz"", ""target_name"": ""새로나병원""}]"
286,42,0.8273632506765871,5.599677419354838,10.45953162067624,16.05920904003108,6.034316313600623,12.43721570994464,18.471532023545258,11.18,29.62,"[47, 34, 41]","[{""policy"": ""hospital_upgrade"", ""target_id"": ""JDQ4MTYyMiM2MSMkMSMkMiMkOTkkMzgxMzUxIzIxIyQxIyQxIyQ5MiQyNjE4MzIjNDEjJDEjJDgjJDgz"", ""target_name"": ""혜성산부인과병원""}, {""policy"": ""hospital_upgrade"", ""target_id"": ""JDQ4MTYyMiM2MSMkMSMkMiMkOTkkMzgxMzUxIzIxIyQxIyQ1IyQ2MiQ0NjE0ODEjNjEjJDEjJDgjJDgz"", ""target_name"": ""천안해울병원""}, {""policy"": ""hospital_upgrade"", ""target_id"": ""JDQ4MTYyMiM2MSMkMSMkMiMkOTkkMzgxMzUxIzIxIyQxIyQ1IyQ5OSQzNjEyMjIjNjEjJDEjJDQjJDgz"", ""target_name"": ""천안다나힐병원""}]"
287,42,0.6328266399582034,5.225991120700654,11.101640188418845,16.327631309119496,5.673248279145421,12.992820355118223,18.66606863426364,11.18,29.62,"[52, 23, 9]","[{""policy"": ""hospital_upgrade"", ""target_id"": ""JDQ4MTYyMiM2MSMkMSMkMiMkOTkkMzgxMzUxIzIxIyQyIyQ1IyQwMCQyNjEwMDIjNDEjJDEjJDgjJDgz"", ""target_name"": ""이화병원""}, {""policy"": ""ambulance_new_base"", ""target_id"": ""REG024"", ""target_name"": ""성정2동""}, {""policy"": ""ambulance_new_base"", ""target_id"": ""REG010"", ""target_name"": ""광덕면""}]"
288,42,0.8571142456134382,5.165577830856846,11.093193138623256,16.258770969480103,5.567665117960345,12.874115910648063,18.441781028608407,11.18,29.62,"[34, 22, 5]","[{""policy"": ""hospital_upgrade"", ""target_id"": ""JDQ4MTYyMiM2MSMkMSMkMiMkOTkkMzgxMzUxIzIxIyQxIyQ1IyQ2MiQ0NjE0ODEjNjEjJDEjJDgjJDgz"", ""target_name"": ""천안해울병원""}, {""policy"": ""ambulance_new_base"", ""target_id"": ""REG023"", ""target_name"": ""성정1동""}, {""policy"": ""ambulance_new_base"", ""target_id"": ""REG006"", ""target_name"": ""원성2동""}]"
289,42,1.0538152064232804,5.260793486616837,10.530463488199496,15.791256974816333,5.843096022653826,12.401984045144738,18.245080067798565,11.18,29.62,"[49, 39, 26]","[{""policy"": ""hospital_upgrade"", ""target_id"": ""JDQ4MTYyMiM2MSMkMSMkMiMkOTkkMzgxMzUxIzIxIyQxIyQxIyQwMyQyNjE0ODEjNTEjJDEjJDYjJDgz"", ""target_name"": ""천안21세기병원""}, {""policy"": ""hospital_upgrade"", ""target_id"": ""JDQ4MTYyMiM2MSMkMSMkMiMkOTkkMzgxMzUxIzIxIyQxIyQ1IyQ4OSQyNjE4MzIjNTEjJDEjJDYjJDgz"", ""target_name"": ""아이본병원""}, {""policy"": ""ambulance_new_base"", ""target_id"": ""REG027"", ""target_name"": ""쌍용3동""}]"
290,42,1.060907126881716,5.284148661359985,10.518238121507107,15.802386782867092,5.784166068643291,12.45382207869684,18.23798814734013,11.18,29.62,"[48, 1, 50]","[{""policy"": ""hospital_upgrade"", ""target_id"": ""JDQ4MTYyMiM2MSMkMSMkMiMkOTkkMzgxMzUxIzIxIyQxIyQxIyQ5MiQyNjEwMDIjNjEjJDEjJDAjJDgz"", ""target_name"": ""두정이진병원""}, {""policy"": ""ambulance_new_base"", ""target_id"": ""REG002"", ""target_name"": ""봉명동""}, {""policy"": ""hospital_upgrade"", ""target_id"": ""JDQ4MTYyMiM2MSMkMSMkMiMkOTkkMzgxMzUxIzIxIyQxIyQxIyQwMyQyNjE4MzIjODEjJDEjJDIjJDgz"", ""target_name"": ""서울대정병원""}]"
291,42,0.9342602300400067,5.062258064516128,11.101640188418845,16.16389825293497,5.371814689063616,12.992820355118223,18.36463504418184,10.85,29.62,"[52, 2, 14]","[{""policy"": ""hospital_upgrade"", ""target_id"": ""JDQ4MTYyMiM2MSMkMSMkMiMkOTkkMzgxMzUxIzIxIyQyIyQ1IyQwMCQyNjEwMDIjNDEjJDEjJDgjJDgz"", ""target_name"": ""이화병원""}, {""policy"": ""ambulance_new_base"", ""target_id"": ""REG003"", ""target_name"": ""신방동""}, {""policy"": ""ambulance_new_base"", ""target_id"": ""REG015"", ""target_name"": ""수신면""}]"
292,42,0.9290084671191536,5.008718661490889,10.912914642839256,15.921633304330149,5.63123646503516,12.738650342067533,18.36988680710269,11.18,29.62,"[24, 51, 3]","[{""policy"": ""ambulance_new_base"", ""target_id"": ""REG025"", ""target_name"": ""쌍용1동""}, {""policy"": ""hospital_upgrade"", ""target_id"": ""JDQ4MTYyMiM2MSMkMSMkMiMkOTkkMzgxMzUxIzIxIyQxIyQxIyQxMyQyNjEyMjIjNzEjJDEjJDgjJDgz"", ""target_name"": ""SG삼성조은병원""}, {""policy"": ""ambulance_new_base"", ""target_id"": ""REG004"", ""target_name"": ""신안동""}]"
293,42,0.6729296441600106,5.296451612903225,10.92879511789891,16.225246730802134,5.888629459354083,12.737336170707753,18.625965630061835,11.18,29.62,"[2, 16, 40]","[{""policy"": ""ambulance_new_base"", ""target_id"": ""REG003"", ""target_name"": ""신방동""}, {""policy"": ""ambulance_new_base"", ""target_id"": ""REG017"", ""target_name"": ""목천읍""}, {""policy"": ""hospital_upgrade"", ""target_id"": ""JDQ4MTYyMiM2MSMkMSMkMiMkOTkkMzgxMzUxIzIxIyQxIyQ1IyQ4OSQyNjEyMjIjNjEjJDEjJDQjJDgz"", ""target_name"": ""서울프라임병원""}]"
294,42,0.818151390084342,5.039648657496549,11.302330291013508,16.341978948510057,5.502947456042052,12.977796428095454,18.480743884137503,11.18,29.62,"[33, 5, 20]","[{""policy"": ""hospital_upgrade"", ""target_id"": ""JDQ4MTYyMiM2MSMkMSMkMiMkOTkkMzgxMzUxIzExIyQyIyQ3IyQwMCQ0NjE0ODEjNjEjJDEjJDgjJDgz"", ""target_name"": ""천안우리병원""}, {""policy"": ""ambulance_new_base"", ""target_id"": ""REG006"", ""target_name"": ""원성2동""}, {""policy"": ""ambulance_new_base"", ""target_id"": ""REG021"", ""target_name"": ""불당1동""}]"
295,42,0.701298041534848,5.426958862636138,10.650770546111563,16.0777294087477,5.965918408783474,12.631678823903524,18.597597232686997,11.18,29.62,"[23, 36, 45]","[{""policy"": ""ambulance_new_base"", ""target_id"": ""REG024"", ""target_name"": ""성정2동""}, {""policy"": ""hospital_upgrade"", ""target_id"": ""JDQ4MTYyMiM2MSMkMSMkMiMkOTkkMzgxMzUxIzIxIyQxIyQ1IyQ3OSQyNjE0ODEjNDEjJDEjJDgjJDgz"", ""target_name"": ""마디손병원""}, {""policy"": ""hospital_upgrade"", ""target_id"": ""JDQ4MTYyMiM2MSMkMSMkMiMkOTkkMzgxMzUxIzIxIyQxIyQxIyQ3OSQyNjEyMjIjNDEjJDEjJDgjJDgz"", ""target_name"": ""우리척병원""}]"
296,42,0.4722119555424449,5.116181703616743,11.594193548387098,16.710375252003843,5.562104358058184,13.264578960621222,18.8266833186794,11.18,29.62,"[25, 20, 15]","[{""policy"": ""ambulance_new_base"", ""target_id"": ""REG026"", ""target_name"": ""쌍용2동""}, {""policy"": ""ambulance_new_base"", ""target_id"": ""REG021"", ""target_name"": ""불당1동""}, {""policy"": ""ambulance_new_base"", ""target_id"": ""REG016"", ""target_name"": ""풍세면""}]"
297,42,0.8610715568213401,4.986473527649566,11.594193548387098,16.580667076036665,5.173244756779286,13.264578960621222,18.437823717400505,11.18,29.62,"[0, 15, 7]","[{""policy"": ""ambulance_new_base"", ""target_id"": ""REG001"", ""target_name"": ""문성동""}, {""policy"": ""ambulance_new_base"", ""target_id"": ""REG016"", ""target_name"": ""풍세면""}, {""policy"": ""ambulance_new_base"", ""target_id"": ""REG008"", ""target_name"": ""중앙동""}]"
298,42,0.856363055411844,5.158909095584586,11.138559464269987,16.297468559854575,5.461720730709933,12.980811488100068,18.44253221881,11.18,29.62,"[0, 8, 44]","[{""policy"": ""ambulance_new_base"", ""target_id"": ""REG001"", ""target_name"": ""문성동""}, {""policy"": ""ambulance_new_base"", ""target_id"": ""REG009"", ""target_name"": ""청룡동""}, {""policy"": ""hospital_upgrade"", ""target_id"": ""JDQ4MTYyMiM2MSMkMSMkMiMkOTkkMzgxMzUxIzIxIyQxIyQxIyQ3MiQzNjE4MzIjODEjJDEjJDYjJDgz"", ""target_name"": ""삼성스카이병원""}]"
299,42,0.8916155181169962,4.838258415534458,11.594193548387098,16.432451963921554,5.142700795483627,13.264578960621222,18.40727975610485,10.85,29.62,"[25, 1, 14]","[{""policy"": ""ambulance_new_base"", ""target_id"": ""REG026"", ""target_name"": ""쌍용2동""}, {""policy"": ""ambulance_new_base"", ""target_id"": ""REG002"", ""target_name"": ""봉명동""}, {""policy"": ""ambulance_new_base"", ""target_id"": ""REG015"", ""target_name"": ""수신면""}]"
300,42,0.3133105976333219,5.270424569925861,11.519141813354748,16.78956638328061,5.769993093363013,13.215591583225512,18.985584676588523,11.18,29.62,"[21, 41, 28]","[{""policy"": ""ambulance_new_base"", ""target_id"": ""REG022"", ""target_name"": ""불당2동""}, {""policy"": ""hospital_upgrade"", ""target_id"": ""JDQ4MTYyMiM2MSMkMSMkMiMkOTkkMzgxMzUxIzIxIyQxIyQ1IyQ5OSQzNjEyMjIjNjEjJDEjJDQjJDgz"", ""target_name"": ""천안다나힐병원""}, {""policy"": ""ambulance_new_base"", ""target_id"": ""REG029"", ""target_name"": ""성거읍""}]"
301,42,0.4595053690948099,5.301612903225806,11.594193548387098,16.895806451612902,5.574810944505814,13.264578960621222,18.839389905127035,11.18,29.62,"[12, 13, 27]","[{""policy"": ""ambulance_new_base"", ""target_id"": ""REG013"", ""target_name"": ""북면""}, {""policy"": ""ambulance_new_base"", ""target_id"": ""REG014"", ""target_name"": ""성남면""}, {""policy"": ""ambulance_new_base"", ""target_id"": ""REG028"", ""target_name"": ""입장면""}]"
302,42,0.6006927245570459,5.340047235525254,10.998184134035316,16.338231369560575,5.832114282702806,12.866088266961999,18.6982025496648,11.18,29.62,"[12, 47, 25]","[{""policy"": ""ambulance_new_base"", ""target_id"": ""REG013"", ""target_name"": ""북면""}, {""policy"": ""hospital_upgrade"", ""target_id"": ""JDQ4MTYyMiM2MSMkMSMkMiMkOTkkMzgxMzUxIzIxIyQxIyQxIyQ5MiQyNjE4MzIjNDEjJDEjJDgjJDgz"", ""target_name"": ""혜성산부인과병원""}, {""policy"": ""ambulance_new_base"", ""target_id"": ""REG026"", ""target_name"": ""쌍용2동""}]"
303,42,0.911154908165237,5.202268092998652,10.914895644369402,16.117163737368056,5.649888693632791,12.73785167242382,18.387740366056608,11.18,29.62,"[11, 39, 17]","[{""policy"": ""ambulance_new_base"", ""target_id"": ""REG012"", ""target_name"": ""병천면""}, {""policy"": ""hospital_upgrade"", ""target_id"": ""JDQ4MTYyMiM2MSMkMSMkMiMkOTkkMzgxMzUxIzIxIyQxIyQ1IyQ4OSQyNjE4MzIjNTEjJDEjJDYjJDgz"", ""target_name"": ""아이본병원""}, {""policy"": ""ambulance_new_base"", ""target_id"": ""REG018"", ""target_name"": ""백석동""}]"
304,42,0.551655750094767,5.26391820326719,10.998184134035316,16.262102337302508,5.881151257165084,12.866088266961999,18.747239524127078,11.18,29.62,"[2, 47, 25]","[{""policy"": ""ambulance_new_base"", ""target_id"": ""REG003"", ""target_name"": ""신방동""}, {""policy"": ""hospital_upgrade"", ""target_id"": ""JDQ4MTYyMiM2MSMkMSMkMiMkOTkkMzgxMzUxIzIxIyQxIyQxIyQ5MiQyNjE4MzIjNDEjJDEjJDgjJDgz"", ""target_name"": ""혜성산부인과병원""}, {""policy"": ""ambulance_new_base"", ""target_id"": ""REG026"", ""target_name"": ""쌍용2동""}]"
305,42,1.3693241413876152,5.249677419354838,10.511594984742585,15.761272404097424,5.442251364611085,12.487319768223147,17.92957113283423,11.18,29.62,"[10, 37, 44]","[{""policy"": ""ambulance_new_base"", ""target_id"": ""REG011"", ""target_name"": ""동면""}, {""policy"": ""hospital_upgrade"", ""target_id"": ""JDQ4MTYyMiM2MSMkMSMkMiMkOTkkMzgxMzUxIzIxIyQxIyQ1IyQ3OSQzNjE4MzIjODEjJDEjJDYjJDgz"", ""target_name"": ""앙즈로여성병원""}, {""policy"": ""hospital_upgrade"", ""target_id"": ""JDQ4MTYyMiM2MSMkMSMkMiMkOTkkMzgxMzUxIzIxIyQxIyQxIyQ3MiQzNjE4MzIjODEjJDEjJDYjJDgz"", ""target_name"": ""삼성스카이병원""}]"
306,42,0.6125969890650182,4.929576171621249,11.594193548387098,16.523769720008346,5.421719324535608,13.264578960621222,18.686298285156827,11.18,29.62,"[7, 16, 2]","[{""policy"": ""ambulance_new_base"", ""target_id"": ""REG008"", ""target_name"": ""중앙동""}, {""policy"": ""ambulance_new_base"", ""target_id"": ""REG017"", ""target_name"": ""목천읍""}, {""policy"": ""ambulance_new_base"", ""target_id"": ""REG003"", ""target_name"": ""신방동""}]"
307,42,1.0024390981780655,5.094749391013949,11.08868306517315,16.1834324561871,5.462012469716495,12.834443706327281,18.29645617604378,11.18,29.62,"[49, 0, 4]","[{""policy"": ""hospital_upgrade"", ""target_id"": ""JDQ4MTYyMiM2MSMkMSMkMiMkOTkkMzgxMzUxIzIxIyQxIyQxIyQwMyQyNjE0ODEjNTEjJDEjJDYjJDgz"", ""target_name"": ""천안21세기병원""}, {""policy"": ""ambulance_new_base"", ""target_id"": ""REG001"", ""target_name"": ""문성동""}, {""policy"": ""ambulance_new_base"", ""target_id"": ""REG005"", ""target_name"": ""원성1동""}]"
308,42,0.6888312153803682,4.9027125025419815,11.594193548387098,16.49690605092908,5.345485098220257,13.264578960621222,18.610064058841477,11.18,29.62,"[1, 7, 5]","[{""policy"": ""ambulance_new_base"", ""target_id"": ""REG002"", ""target_name"": ""봉명동""}, {""policy"": ""ambulance_new_base"", ""target_id"": ""REG008"", ""target_name"": ""중앙동""}, {""policy"": ""ambulance_new_base"", ""target_id"": ""REG006"", ""target_name"": ""원성2동""}]"
309,42,0.5045379389825193,4.954558956920251,11.594193548387098,16.54875250530735,5.529778374618108,13.264578960621222,18.794357335239326,11.18,29.62,"[4, 24, 12]","[{""policy"": ""ambulance_new_base"", ""target_id"": ""REG005"", ""target_name"": ""원성1동""}, {""policy"": ""ambulance_new_base"", ""target_id"": ""REG025"", ""target_name"": ""쌍용1동""}, {""policy"": ""ambulance_new_base"", ""target_id"": ""REG013"", ""target_name"": ""북면""}]"
310,42,1.1498470013281015,5.273225806451612,10.646147950512761,15.919373756964374,5.442917099876535,12.706131173017212,18.149048272893744,11.18,29.62,"[45, 30, 35]","[{""policy"": ""hospital_upgrade"", ""target_id"": ""JDQ4MTYyMiM2MSMkMSMkMiMkOTkkMzgxMzUxIzIxIyQxIyQxIyQ3OSQyNjEyMjIjNDEjJDEjJDgjJDgz"", ""target_name"": ""우리척병원""}, {""policy"": ""ambulance_new_base"", ""target_id"": ""REG031"", ""target_name"": ""직산읍""}, {""policy"": ""hospital_upgrade"", ""target_id"": ""JDQ4MTYyMiM2MSMkMSMkMiMkOTkkMzgxMzUxIzIxIyQxIyQ1IyQ2MiQzNjE4MzIjODEjJDEjJDIjJDgz"", ""target_name"": ""돋움병원""}]"
311,42,0.9794212674396015,5.107741935483871,11.138559464269987,16.246301399753857,5.338662518682174,12.980811488100068,18.319474006782244,10.85,29.62,"[28, 14, 44]","[{""policy"": ""ambulance_new_base"", ""target_id"": ""REG029"", ""target_name"": ""성거읍""}, {""policy"": ""ambulance_new_base"", ""target_id"": ""REG015"", ""target_name"": ""수신면""}, {""policy"": ""hospital_upgrade"", ""target_id"": ""JDQ4MTYyMiM2MSMkMSMkMiMkOTkkMzgxMzUxIzIxIyQxIyQxIyQ3MiQzNjE4MzIjODEjJDEjJDYjJDgz"", ""target_name"": ""삼성스카이병원""}]"
312,42,0.8120941809342668,5.453870967741936,10.793722543708792,16.247593511450727,5.852102069660146,12.634699023627435,18.48680109328758,11.18,29.62,"[8, 46, 40]","[{""policy"": ""ambulance_new_base"", ""target_id"": ""REG009"", ""target_name"": ""청룡동""}, {""policy"": ""hospital_upgrade"", ""target_id"": ""JDQ4MTYyMiM2MSMkMSMkMiMkOTkkMzgxMzUxIzIxIyQxIyQxIyQ4OSQ0NjE0ODEjODEjJDEjJDIjJDgz"", ""target_name"": ""서울우리병원""}, {""policy"": ""hospital_upgrade"", ""target_id"": ""JDQ4MTYyMiM2MSMkMSMkMiMkOTkkMzgxMzUxIzIxIyQxIyQ1IyQ4OSQyNjEyMjIjNjEjJDEjJDQjJDgz"", ""target_name"": ""서울프라임병원""}]"
313,42,1.1883072360183036,5.062580645161289,11.101640188418845,16.16422083358013,5.11776768308532,12.992820355118223,18.11058803820354,10.85,29.62,"[14, 13, 52]","[{""policy"": ""ambulance_new_base"", ""target_id"": ""REG015"", ""target_name"": ""수신면""}, {""policy"": ""ambulance_new_base"", ""target_id"": ""REG014"", ""target_name"": ""성남면""}, {""policy"": ""hospital_upgrade"", ""target_id"": ""JDQ4MTYyMiM2MSMkMSMkMiMkOTkkMzgxMzUxIzIxIyQyIyQ1IyQwMCQyNjEwMDIjNDEjJDEjJDgjJDgz"", ""target_name"": ""이화병원""}]"
314,42,0.8253648897039412,5.426958862636138,10.600289915441797,16.027248778077936,5.965918408783474,12.507611975734429,18.473530384517904,11.18,29.62,"[23, 50, 31]","[{""policy"": ""ambulance_new_base"", ""target_id"": ""REG024"", ""target_name"": ""성정2동""}, {""policy"": ""hospital_upgrade"", ""target_id"": ""JDQ4MTYyMiM2MSMkMSMkMiMkOTkkMzgxMzUxIzIxIyQxIyQxIyQwMyQyNjE4MzIjODEjJDEjJDIjJDgz"", ""target_name"": ""서울대정병원""}, {""policy"": ""hospital_upgrade"", ""target_id"": ""JDQ4MTYyMiM2MSMkMSMkMiMkOTkkMzgxMzUxIzExIyQxIyQ3IyQ4OSQzNjE0ODEjODEjJDEjJDYjJDgz"", ""target_name"": ""새로나병원""}]"
315,42,0.9221898403127398,5.085517714784202,10.922183961670516,16.00770167645472,5.639492669866266,12.737212764042843,18.376705433909105,11.18,29.62,"[18, 4, 38]","[{""policy"": ""ambulance_new_base"", ""target_id"": ""REG019"", ""target_name"": ""부성1동""}, {""policy"": ""ambulance_new_base"", ""target_id"": ""REG005"", ""target_name"": ""원성1동""}, {""policy"": ""hospital_upgrade"", ""target_id"": ""JDQ4MTYyMiM2MSMkMSMkMiMkOTkkMzgxMzUxIzIxIyQxIyQ1IyQ4OSQ0NjEwMDIjNTEjJDEjJDIjJDgz"", ""target_name"": ""천안리턴병원""}]"
316,42,0.7370780637870027,5.341935483870968,10.860143321295778,16.202078805166742,5.855477288972641,12.706339921462204,18.561817210434842,11.18,29.62,"[42, 28, 16]","[{""policy"": ""hospital_upgrade"", ""target_id"": ""JDQ4MTYyMiM2MSMkMSMkMiMkOTkkMzgxMzUxIzIxIyQxIyQxIyQ2MiQ0NjE0ODEjNDEjJDEjJDQjJDgz"", ""target_name"": ""연세나무병원""}, {""policy"": ""ambulance_new_base"", ""target_id"": ""REG029"", ""target_name"": ""성거읍""}, {""policy"": ""ambulance_new_base"", ""target_id"": ""REG017"", ""target_name"": ""목천읍""}]"
317,42,0.5602422590811642,5.204838709677419,11.594193548387098,16.799032258064514,5.474074054519461,13.264578960621222,18.73865301514068,11.18,29.62,"[15, 27, 11]","[{""policy"": ""ambulance_new_base"", ""target_id"": ""REG016"", ""target_name"": ""풍세면""}, {""policy"": ""ambulance_new_base"", ""target_id"": ""REG028"", ""target_name"": ""입장면""}, {""policy"": ""ambulance_new_base"", ""target_id"": ""REG012"", ""target_name"": ""병천면""}]"
318,42,0.8195250504936098,5.263259650268074,10.860143321295778,16.123402971563852,5.773030302266032,12.706339921462204,18.479370223728235,11.18,29.62,"[42, 16, 4]","[{""policy"": ""hospital_upgrade"", ""target_id"": ""JDQ4MTYyMiM2MSMkMSMkMiMkOTkkMzgxMzUxIzIxIyQxIyQxIyQ2MiQ0NjE0ODEjNDEjJDEjJDQjJDgz"", ""target_name"": ""연세나무병원""}, {""policy"": ""ambulance_new_base"", ""target_id"": ""REG017"", ""target_name"": ""목천읍""}, {""policy"": ""ambulance_new_base"", ""target_id"": ""REG005"", ""target_name"": ""원성1동""}]"
319,42,0.9519950873290455,5.038506164787426,10.856635269370763,15.895141434158187,5.647899111982846,12.699001074909956,18.3469001868928,11.18,29.62,"[20, 18, 37]","[{""policy"": ""ambulance_new_base"", ""target_id"": ""REG021"", ""target_name"": ""불당1동""}, {""policy"": ""ambulance_new_base"", ""target_id"": ""REG019"", ""target_name"": ""부성1동""}, {""policy"": ""hospital_upgrade"", ""target_id"": ""JDQ4MTYyMiM2MSMkMSMkMiMkOTkkMzgxMzUxIzIxIyQxIyQ1IyQ3OSQzNjE4MzIjODEjJDEjJDYjJDgz"", ""target_name"": ""앙즈로여성병원""}]"
320,42,0.9753042120414648,5.453870967741936,10.576052306114136,16.02992327385607,5.852102069660146,12.471488992520237,18.32359106218038,11.18,29.62,"[8, 34, 38]","[{""policy"": ""ambulance_new_base"", ""target_id"": ""REG009"", ""target_name"": ""청룡동""}, {""policy"": ""hospital_upgrade"", ""target_id"": ""JDQ4MTYyMiM2MSMkMSMkMiMkOTkkMzgxMzUxIzIxIyQxIyQ1IyQ2MiQ0NjE0ODEjNjEjJDEjJDgjJDgz"", ""target_name"": ""천안해울병원""}, {""policy"": ""hospital_upgrade"", ""target_id"": ""JDQ4MTYyMiM2MSMkMSMkMiMkOTkkMzgxMzUxIzIxIyQxIyQ1IyQ4OSQ0NjEwMDIjNTEjJDEjJDIjJDgz"", ""target_name"": ""천안리턴병원""}]"
321,42,0.9648629567558196,5.466774193548386,10.602634543139269,16.069408736687656,5.780631376307751,12.553400941158278,18.334032317466026,11.18,29.62,"[38, 43, 15]","[{""policy"": ""hospital_upgrade"", ""target_id"": ""JDQ4MTYyMiM2MSMkMSMkMiMkOTkkMzgxMzUxIzIxIyQxIyQ1IyQ4OSQ0NjEwMDIjNTEjJDEjJDIjJDgz"", ""target_name"": ""천안리턴병원""}, {""policy"": ""hospital_upgrade"", ""target_id"": ""JDQ4MTYyMiM2MSMkMSMkMiMkOTkkMzgxMzUxIzIxIyQxIyQxIyQ3MiQyNjE0ODEjNDEjJDEjJDgjJDgz"", ""target_name"": ""천안재활병원""}, {""policy"": ""ambulance_new_base"", ""target_id"": ""REG016"", ""target_name"": ""풍세면""}]"
322,42,0.9265814820770615,5.232801978072861,10.854052793875141,16.086854771948005,5.567406178782148,12.804907613362634,18.372313792144784,11.18,29.62,"[7, 31, 45]","[{""policy"": ""ambulance_new_base"", ""target_id"": ""REG008"", ""target_name"": ""중앙동""}, {""policy"": ""hospital_upgrade"", ""target_id"": ""JDQ4MTYyMiM2MSMkMSMkMiMkOTkkMzgxMzUxIzExIyQxIyQ3IyQ4OSQzNjE0ODEjODEjJDEjJDYjJDgz"", ""target_name"": ""새로나병원""}, {""policy"": ""hospital_upgrade"", ""target_id"": ""JDQ4MTYyMiM2MSMkMSMkMiMkOTkkMzgxMzUxIzIxIyQxIyQxIyQ3OSQyNjEyMjIjNDEjJDEjJDgjJDgz"", ""target_name"": ""우리척병원""}]"
323,42,1.1566681828332044,5.232801978072861,10.626367224523342,15.859169202596206,5.567406178782148,12.574820912606496,18.14222709138864,11.18,29.62,"[7, 39, 35]","[{""policy"": ""ambulance_new_base"", ""target_id"": ""REG008"", ""target_name"": ""중앙동""}, {""policy"": ""hospital_upgrade"", ""target_id"": ""JDQ4MTYyMiM2MSMkMSMkMiMkOTkkMzgxMzUxIzIxIyQxIyQ1IyQ4OSQyNjE4MzIjNTEjJDEjJDYjJDgz"", ""target_name"": ""아이본병원""}, {""policy"": ""hospital_upgrade"", ""target_id"": ""JDQ4MTYyMiM2MSMkMSMkMiMkOTkkMzgxMzUxIzIxIyQxIyQ1IyQ2MiQzNjE4MzIjODEjJDEjJDIjJDgz"", ""target_name"": ""돋움병원""}]"
324,42,0.42242191228298864,5.114987035003934,11.519141813354748,16.634128848358685,5.66088177871335,13.215591583225512,18.876473361938856,11.18,29.62,"[26, 41, 8]","[{""policy"": ""ambulance_new_base"", ""target_id"": ""REG027"", ""target_name"": ""쌍용3동""}, {""policy"": ""hospital_upgrade"", ""target_id"": ""JDQ4MTYyMiM2MSMkMSMkMiMkOTkkMzgxMzUxIzIxIyQxIyQ1IyQ5OSQzNjEyMjIjNjEjJDEjJDQjJDgz"", ""target_name"": ""천안다나힐병원""}, {""policy"": ""ambulance_new_base"", ""target_id"": ""REG009"", ""target_name"": ""청룡동""}]"
325,42,1.1168905289184359,5.128263934294264,11.033865820568307,16.162129754862573,5.32356462082625,12.858440124477161,18.18200474530341,11.18,29.62,"[48, 0, 13]","[{""policy"": ""hospital_upgrade"", ""target_id"": ""JDQ4MTYyMiM2MSMkMSMkMiMkOTkkMzgxMzUxIzIxIyQxIyQxIyQ5MiQyNjEwMDIjNjEjJDEjJDAjJDgz"", ""target_name"": ""두정이진병원""}, {""policy"": ""ambulance_new_base"", ""target_id"": ""REG001"", ""target_name"": ""문성동""}, {""policy"": ""ambulance_new_base"", ""target_id"": ""REG014"", ""target_name"": ""성남면""}]"
326,42,1.268462256282394,5.273225806451612,10.591123688927318,15.86434949537893,5.442917099876535,12.587515918062918,18.03043301793945,11.18,29.62,"[52, 50, 30]","[{""policy"": ""hospital_upgrade"", ""target_id"": ""JDQ4MTYyMiM2MSMkMSMkMiMkOTkkMzgxMzUxIzIxIyQyIyQ1IyQwMCQyNjEwMDIjNDEjJDEjJDgjJDgz"", ""target_name"": ""이화병원""}, {""policy"": ""hospital_upgrade"", ""target_id"": ""JDQ4MTYyMiM2MSMkMSMkMiMkOTkkMzgxMzUxIzIxIyQxIyQxIyQwMyQyNjE4MzIjODEjJDEjJDIjJDgz"", ""target_name"": ""서울대정병원""}, {""policy"": ""ambulance_new_base"", ""target_id"": ""REG031"", ""target_name"": ""직산읍""}]"
327,42,0.8945477579234229,5.104227392203557,10.975591027317092,16.07981841952065,5.615422392395345,12.788925123903075,18.404347516298422,11.18,29.62,"[46, 29, 4]","[{""policy"": ""hospital_upgrade"", ""target_id"": ""JDQ4MTYyMiM2MSMkMSMkMiMkOTkkMzgxMzUxIzIxIyQxIyQxIyQ4OSQ0NjE0ODEjODEjJDEjJDIjJDgz"", ""target_name"": ""서울우리병원""}, {""policy"": ""ambulance_new_base"", ""target_id"": ""REG030"", ""target_name"": ""성환읍""}, {""policy"": ""ambulance_new_base"", ""target_id"": ""REG005"", ""target_name"": ""원성1동""}]"
328,42,0.4798862595464293,5.432903225806451,11.098534409726106,16.531437635532562,5.82832737669764,12.990681637977776,18.819009014675416,11.18,29.62,"[8, 32, 27]","[{""policy"": ""ambulance_new_base"", ""target_id"": ""REG009"", ""target_name"": ""청룡동""}, {""policy"": ""hospital_upgrade"", ""target_id"": ""JDQ4MTYyMiM2MSMkMSMkMiMkOTkkMzgxMzUxIzExIyQxIyQ3IyQ5OSQ0NjE0ODEjODEjJDEjJDYjJDgz"", ""target_name"": ""예일병원""}, {""policy"": ""ambulance_new_base"", ""target_id"": ""REG028"", ""target_name"": ""입장면""}]"
329,42,0.6640813552069886,5.250184669087751,10.903044755594616,16.153229424682365,5.89959506093761,12.73521885807725,18.634813919014857,11.18,29.62,"[23, 36, 2]","[{""policy"": ""ambulance_new_base"", ""target_id"": ""REG024"", ""target_name"": ""성정2동""}, {""policy"": ""hospital_upgrade"", ""target_id"": ""JDQ4MTYyMiM2MSMkMSMkMiMkOTkkMzgxMzUxIzIxIyQxIyQ1IyQ3OSQyNjE0ODEjNDEjJDEjJDgjJDgz"", ""target_name"": ""마디손병원""}, {""policy"": ""ambulance_new_base"", ""target_id"": ""REG003"", ""target_name"": ""신방동""}]"
330,42,0.7031100489558391,5.310332609127683,11.055870298914312,16.366202908041995,5.678986385165704,12.916798840100302,18.595785225266006,11.18,29.62,"[15, 17, 35]","[{""policy"": ""ambulance_new_base"", ""target_id"": ""REG016"", ""target_name"": ""풍세면""}, {""policy"": ""ambulance_new_base"", ""target_id"": ""REG018"", ""target_name"": ""백석동""}, {""policy"": ""hospital_upgrade"", ""target_id"": ""JDQ4MTYyMiM2MSMkMSMkMiMkOTkkMzgxMzUxIzIxIyQxIyQ1IyQ2MiQzNjE4MzIjODEjJDEjJDIjJDgz"", ""target_name"": ""돋움병원""}]"
331,42,0.7493748164341341,4.926973611713618,11.594193548387098,16.521167160100717,5.284941497166493,13.264578960621222,18.54952045778771,11.18,29.62,"[2, 9, 0]","[{""policy"": ""ambulance_new_base"", ""target_id"": ""REG003"", ""target_name"": ""신방동""}, {""policy"": ""ambulance_new_base"", ""target_id"": ""REG010"", ""target_name"": ""광덕면""}, {""policy"": ""ambulance_new_base"", ""target_id"": ""REG001"", ""target_name"": ""문성동""}]"
332,42,0.8495368668827261,5.358709677419354,10.770682318375483,16.129391995794837,5.751533684774838,12.697824722564283,18.44935840733912,11.18,29.62,"[44, 11, 46]","[{""policy"": ""hospital_upgrade"", ""target_id"": ""JDQ4MTYyMiM2MSMkMSMkMiMkOTkkMzgxMzUxIzIxIyQxIyQxIyQ3MiQzNjE4MzIjODEjJDEjJDYjJDgz"", ""target_name"": ""삼성스카이병원""}, {""policy"": ""ambulance_new_base"", ""target_id"": ""REG012"", ""target_name"": ""병천면""}, {""policy"": ""hospital_upgrade"", ""target_id"": ""JDQ4MTYyMiM2MSMkMSMkMiMkOTkkMzgxMzUxIzIxIyQxIyQxIyQ4OSQ0NjE0ODEjODEjJDEjJDIjJDgz"", ""target_name"": ""서울우리병원""}]"
333,42,1.0070482304993291,5.398709677419355,10.664957489577072,16.063667166996428,5.74164618396257,12.550200859759947,18.291847043722516,11.18,29.62,"[31, 9, 51]","[{""policy"": ""hospital_upgrade"", ""target_id"": ""JDQ4MTYyMiM2MSMkMSMkMiMkOTkkMzgxMzUxIzExIyQxIyQ3IyQ4OSQzNjE0ODEjODEjJDEjJDYjJDgz"", ""target_name"": ""새로나병원""}, {""policy"": ""ambulance_new_base"", ""target_id"": ""REG010"", ""target_name"": ""광덕면""}, {""policy"": ""hospital_upgrade"", ""target_id"": ""JDQ4MTYyMiM2MSMkMSMkMiMkOTkkMzgxMzUxIzIxIyQxIyQxIyQxMyQyNjEyMjIjNzEjJDEjJDgjJDgz"", ""target_name"": ""SG삼성조은병원""}]"
334,42,0.8632741108320658,5.342699713174523,10.626367224523342,15.969066937697868,5.860800250783288,12.574820912606496,18.43562116338978,11.18,29.62,"[20, 35, 39]","[{""policy"": ""ambulance_new_base"", ""target_id"": ""REG021"", ""target_name"": ""불당1동""}, {""policy"": ""hospital_upgrade"", ""target_id"": ""JDQ4MTYyMiM2MSMkMSMkMiMkOTkkMzgxMzUxIzIxIyQxIyQ1IyQ2MiQzNjE4MzIjODEjJDEjJDIjJDgz"", ""target_name"": ""돋움병원""}, {""policy"": ""hospital_upgrade"", ""target_id"": ""JDQ4MTYyMiM2MSMkMSMkMiMkOTkkMzgxMzUxIzIxIyQxIyQ1IyQ4OSQyNjE4MzIjNTEjJDEjJDYjJDgz"", ""target_name"": ""아이본병원""}]"
335,42,1.3605158895408884,4.953548387096775,10.922183961670516,15.875732348767293,5.201166620638117,12.737212764042843,17.938379384680957,10.85,29.62,"[38, 29, 14]","[{""policy"": ""hospital_upgrade"", ""target_id"": ""JDQ4MTYyMiM2MSMkMSMkMiMkOTkkMzgxMzUxIzIxIyQxIyQ1IyQ4OSQ0NjEwMDIjNTEjJDEjJDIjJDgz"", ""target_name"": ""천안리턴병원""}, {""policy"": ""ambulance_new_base"", ""target_id"": ""REG030"", ""target_name"": ""성환읍""}, {""policy"": ""ambulance_new_base"", ""target_id"": ""REG015"", ""target_name"": ""수신면""}]"
336,42,1.1193449142592087,5.124403672597919,10.848247068703982,15.9726507413019,5.483488901920619,12.696061458042019,18.179550359962636,11.18,29.62,"[50, 7, 22]","[{""policy"": ""hospital_upgrade"", ""target_id"": ""JDQ4MTYyMiM2MSMkMSMkMiMkOTkkMzgxMzUxIzIxIyQxIyQxIyQwMyQyNjE4MzIjODEjJDEjJDIjJDgz"", ""target_name"": ""서울대정병원""}, {""policy"": ""ambulance_new_base"", ""target_id"": ""REG008"", ""target_name"": ""중앙동""}, {""policy"": ""ambulance_new_base"", ""target_id"": ""REG023"", ""target_name"": ""성정1동""}]"
337,42,0.9528204031095378,5.056144725317038,11.033865820568307,16.09001054588535,5.487634746635148,12.858440124477161,18.346074871112307,11.18,29.62,"[0, 48, 1]","[{""policy"": ""ambulance_new_base"", ""target_id"": ""REG001"", ""target_name"": ""문성동""}, {""policy"": ""hospital_upgrade"", ""target_id"": ""JDQ4MTYyMiM2MSMkMSMkMiMkOTkkMzgxMzUxIzIxIyQxIyQxIyQ5MiQyNjEwMDIjNjEjJDEjJDAjJDgz"", ""target_name"": ""두정이진병원""}, {""policy"": ""ambulance_new_base"", ""target_id"": ""REG002"", ""target_name"": ""봉명동""}]"
338,42,0.5983530428381592,4.870025604807766,11.594193548387098,16.46421915319486,5.435963270762468,13.264578960621222,18.700542231383686,11.18,29.62,"[22, 26, 21]","[{""policy"": ""ambulance_new_base"", ""target_id"": ""REG023"", ""target_name"": ""성정1동""}, {""policy"": ""ambulance_new_base"", ""target_id"": ""REG027"", ""target_name"": ""쌍용3동""}, {""policy"": ""ambulance_new_base"", ""target_id"": ""REG022"", ""target_name"": ""불당2동""}]"
339,42,0.8338630178750925,5.599677419354838,10.518064497618855,16.117741916973696,6.034316313600623,12.430715942746135,18.465032256346753,11.18,29.62,"[34, 39, 46]","[{""policy"": ""hospital_upgrade"", ""target_id"": ""JDQ4MTYyMiM2MSMkMSMkMiMkOTkkMzgxMzUxIzIxIyQxIyQ1IyQ2MiQ0NjE0ODEjNjEjJDEjJDgjJDgz"", ""target_name"": ""천안해울병원""}, {""policy"": ""hospital_upgrade"", ""target_id"": ""JDQ4MTYyMiM2MSMkMSMkMiMkOTkkMzgxMzUxIzIxIyQxIyQ1IyQ4OSQyNjE4MzIjNTEjJDEjJDYjJDgz"", ""target_name"": ""아이본병원""}, {""policy"": ""hospital_upgrade"", ""target_id"": ""JDQ4MTYyMiM2MSMkMSMkMiMkOTkkMzgxMzUxIzIxIyQxIyQxIyQ4OSQ0NjE0ODEjODEjJDEjJDIjJDgz"", ""target_name"": ""서울우리병원""}]"
340,42,1.0092240081390855,4.9642800891778975,11.093193138623256,16.057473227801154,5.415555355434698,12.874115910648063,18.28967126608276,11.18,29.62,"[34, 7, 24]","[{""policy"": ""hospital_upgrade"", ""target_id"": ""JDQ4MTYyMiM2MSMkMSMkMiMkOTkkMzgxMzUxIzIxIyQxIyQ1IyQ2MiQ0NjE0ODEjNjEjJDEjJDgjJDgz"", ""target_name"": ""천안해울병원""}, {""policy"": ""ambulance_new_base"", ""target_id"": ""REG008"", ""target_name"": ""중앙동""}, {""policy"": ""ambulance_new_base"", ""target_id"": ""REG025"", ""target_name"": ""쌍용1동""}]"
341,42,1.142400586006186,5.2222580645161285,10.903044755594616,16.125302820110743,5.421275830138409,12.73521885807725,18.15649468821566,11.18,29.62,"[36, 9, 13]","[{""policy"": ""hospital_upgrade"", ""target_id"": ""JDQ4MTYyMiM2MSMkMSMkMiMkOTkkMzgxMzUxIzIxIyQxIyQ1IyQ3OSQyNjE0ODEjNDEjJDEjJDgjJDgz"", ""target_name"": ""마디손병원""}, {""policy"": ""ambulance_new_base"", ""target_id"": ""REG010"", ""target_name"": ""광덕면""}, {""policy"": ""ambulance_new_base"", ""target_id"": ""REG014"", ""target_name"": ""성남면""}]"
342,42,0.851064782317998,5.599677419354838,10.475329109251778,16.075006528606618,6.034316313600623,12.41351417830323,18.447830491903847,11.18,29.62,"[51, 48, 43]","[{""policy"": ""hospital_upgrade"", ""target_id"": ""JDQ4MTYyMiM2MSMkMSMkMiMkOTkkMzgxMzUxIzIxIyQxIyQxIyQxMyQyNjEyMjIjNzEjJDEjJDgjJDgz"", ""target_name"": ""SG삼성조은병원""}, {""policy"": ""hospital_upgrade"", ""target_id"": ""JDQ4MTYyMiM2MSMkMSMkMiMkOTkkMzgxMzUxIzIxIyQxIyQxIyQ5MiQyNjEwMDIjNjEjJDEjJDAjJDgz"", ""target_name"": ""두정이진병원""}, {""policy"": ""hospital_upgrade"", ""target_id"": ""JDQ4MTYyMiM2MSMkMSMkMiMkOTkkMzgxMzUxIzIxIyQxIyQxIyQ3MiQyNjE0ODEjNDEjJDEjJDgjJDgz"", ""target_name"": ""천안재활병원""}]"
343,42,0.7845539396006522,5.108728689973412,10.975591027317092,16.084319717290505,5.725416210718118,12.788925123903075,18.514341334621193,11.18,29.62,"[17, 24, 46]","[{""policy"": ""ambulance_new_base"", ""target_id"": ""REG018"", ""target_name"": ""백석동""}, {""policy"": ""ambulance_new_base"", ""target_id"": ""REG025"", ""target_name"": ""쌍용1동""}, {""policy"": ""hospital_upgrade"", ""target_id"": ""JDQ4MTYyMiM2MSMkMSMkMiMkOTkkMzgxMzUxIzIxIyQxIyQxIyQ4OSQ0NjE0ODEjODEjJDEjJDIjJDgz"", ""target_name"": ""서울우리병원""}]"
344,42,0.7440660678642566,5.342699713174523,10.8466962068964,16.189395920070925,5.860800250783288,12.694028955574302,18.55482920635759,11.18,29.62,"[44, 20, 33]","[{""policy"": ""hospital_upgrade"", ""target_id"": ""JDQ4MTYyMiM2MSMkMSMkMiMkOTkkMzgxMzUxIzIxIyQxIyQxIyQ3MiQzNjE4MzIjODEjJDEjJDYjJDgz"", ""target_name"": ""삼성스카이병원""}, {""policy"": ""ambulance_new_base"", ""target_id"": ""REG021"", ""target_name"": ""불당1동""}, {""policy"": ""hospital_upgrade"", ""target_id"": ""JDQ4MTYyMiM2MSMkMSMkMiMkOTkkMzgxMzUxIzExIyQyIyQ3IyQwMCQ0NjE0ODEjNjEjJDEjJDgjJDgz"", ""target_name"": ""천안우리병원""}]"
345,42,0.9750124730349015,5.389711263171298,10.576052306114136,15.965763569285436,5.852393808666708,12.471488992520237,18.323882801186944,11.18,29.62,"[4, 38, 34]","[{""policy"": ""ambulance_new_base"", ""target_id"": ""REG005"", ""target_name"": ""원성1동""}, {""policy"": ""hospital_upgrade"", ""target_id"": ""JDQ4MTYyMiM2MSMkMSMkMiMkOTkkMzgxMzUxIzIxIyQxIyQ1IyQ4OSQ0NjEwMDIjNTEjJDEjJDIjJDgz"", ""target_name"": ""천안리턴병원""}, {""policy"": ""hospital_upgrade"", ""target_id"": ""JDQ4MTYyMiM2MSMkMSMkMiMkOTkkMzgxMzUxIzIxIyQxIyQ1IyQ2MiQ0NjE0ODEjNjEjJDEjJDgjJDgz"", ""target_name"": ""천안해울병원""}]"
346,42,1.4539941292005736,5.273225806451612,10.530463488199496,15.803689294651111,5.442917099876535,12.401984045144738,17.84490114502127,11.18,29.62,"[30, 39, 49]","[{""policy"": ""ambulance_new_base"", ""target_id"": ""REG031"", ""target_name"": ""직산읍""}, {""policy"": ""hospital_upgrade"", ""target_id"": ""JDQ4MTYyMiM2MSMkMSMkMiMkOTkkMzgxMzUxIzIxIyQxIyQ1IyQ4OSQyNjE4MzIjNTEjJDEjJDYjJDgz"", ""target_name"": ""아이본병원""}, {""policy"": ""hospital_upgrade"", ""target_id"": ""JDQ4MTYyMiM2MSMkMSMkMiMkOTkkMzgxMzUxIzIxIyQxIyQxIyQwMyQyNjE0ODEjNTEjJDEjJDYjJDgz"", ""target_name"": ""천안21세기병원""}]"
347,42,0.8853142527217237,5.599677419354838,10.390082847874055,15.989760267228897,6.034316313600623,12.379264707899502,18.41358102150012,11.18,29.62,"[39, 47, 37]","[{""policy"": ""hospital_upgrade"", ""target_id"": ""JDQ4MTYyMiM2MSMkMSMkMiMkOTkkMzgxMzUxIzIxIyQxIyQ1IyQ4OSQyNjE4MzIjNTEjJDEjJDYjJDgz"", ""target_name"": ""아이본병원""}, {""policy"": ""hospital_upgrade"", ""target_id"": ""JDQ4MTYyMiM2MSMkMSMkMiMkOTkkMzgxMzUxIzIxIyQxIyQxIyQ5MiQyNjE4MzIjNDEjJDEjJDgjJDgz"", ""target_name"": ""혜성산부인과병원""}, {""policy"": ""hospital_upgrade"", ""target_id"": ""JDQ4MTYyMiM2MSMkMSMkMiMkOTkkMzgxMzUxIzIxIyQxIyQ1IyQ3OSQzNjE4MzIjODEjJDEjJDYjJDgz"", ""target_name"": ""앙즈로여성병원""}]"
348,42,1.0763158756015017,4.957742430938862,10.92879511789891,15.886537548837774,5.485243227912592,12.737336170707753,18.222579398620343,11.18,29.62,"[26, 5, 40]","[{""policy"": ""ambulance_new_base"", ""target_id"": ""REG027"", ""target_name"": ""쌍용3동""}, {""policy"": ""ambulance_new_base"", ""target_id"": ""REG006"", ""target_name"": ""원성2동""}, {""policy"": ""hospital_upgrade"", ""target_id"": ""JDQ4MTYyMiM2MSMkMSMkMiMkOTkkMzgxMzUxIzIxIyQxIyQ1IyQ4OSQyNjEyMjIjNjEjJDEjJDQjJDgz"", ""target_name"": ""서울프라임병원""}]"
349,42,0.8991837549026691,5.067787210726447,10.922183961670516,15.989971172396967,5.662498755276337,12.737212764042843,18.399711519319176,11.18,29.62,"[38, 24, 21]","[{""policy"": ""hospital_upgrade"", ""target_id"": ""JDQ4MTYyMiM2MSMkMSMkMiMkOTkkMzgxMzUxIzIxIyQxIyQ1IyQ4OSQ0NjEwMDIjNTEjJDEjJDIjJDgz"", ""target_name"": ""천안리턴병원""}, {""policy"": ""ambulance_new_base"", ""target_id"": ""REG025"", ""target_name"": ""쌍용1동""}, {""policy"": ""ambulance_new_base"", ""target_id"": ""REG022"", ""target_name"": ""불당2동""}]"
350,42,1.1565467481406415,5.36265655090189,10.5232482152016,15.885904766103488,5.746462939276316,12.395885586804884,18.142348526081204,11.18,29.62,"[49, 51, 19]","[{""policy"": ""hospital_upgrade"", ""target_id"": ""JDQ4MTYyMiM2MSMkMSMkMiMkOTkkMzgxMzUxIzIxIyQxIyQxIyQwMyQyNjE0ODEjNTEjJDEjJDYjJDgz"", ""target_name"": ""천안21세기병원""}, {""policy"": ""hospital_upgrade"", ""target_id"": ""JDQ4MTYyMiM2MSMkMSMkMiMkOTkkMzgxMzUxIzIxIyQxIyQxIyQxMyQyNjEyMjIjNzEjJDEjJDgjJDgz"", ""target_name"": ""SG삼성조은병원""}, {""policy"": ""ambulance_new_base"", ""target_id"": ""REG020"", ""target_name"": ""부성2동""}]"
351,42,1.0301439366045955,5.599677419354838,10.278848851234628,15.87852627058947,6.034316313600623,12.23443502401663,18.26875133761725,11.18,29.62,"[47, 33, 46]","[{""policy"": ""hospital_upgrade"", ""target_id"": ""JDQ4MTYyMiM2MSMkMSMkMiMkOTkkMzgxMzUxIzIxIyQxIyQxIyQ5MiQyNjE4MzIjNDEjJDEjJDgjJDgz"", ""target_name"": ""혜성산부인과병원""}, {""policy"": ""hospital_upgrade"", ""target_id"": ""JDQ4MTYyMiM2MSMkMSMkMiMkOTkkMzgxMzUxIzExIyQyIyQ3IyQwMCQ0NjE0ODEjNjEjJDEjJDgjJDgz"", ""target_name"": ""천안우리병원""}, {""policy"": ""hospital_upgrade"", ""target_id"": ""JDQ4MTYyMiM2MSMkMSMkMiMkOTkkMzgxMzUxIzIxIyQxIyQxIyQ4OSQ0NjE0ODEjODEjJDEjJDIjJDgz"", ""target_name"": ""서울우리병원""}]"
352,42,0.5661619678445682,5.169032258064515,11.098534409726106,16.267566667790625,5.742051668399505,12.990681637977776,18.732733306377277,11.18,29.62,"[16, 32, 18]","[{""policy"": ""ambulance_new_base"", ""target_id"": ""REG017"", ""target_name"": ""목천읍""}, {""policy"": ""hospital_upgrade"", ""target_id"": ""JDQ4MTYyMiM2MSMkMSMkMiMkOTkkMzgxMzUxIzExIyQxIyQ3IyQ5OSQ0NjE0ODEjODEjJDEjJDYjJDgz"", ""target_name"": ""예일병원""}, {""policy"": ""ambulance_new_base"", ""target_id"": ""REG019"", ""target_name"": ""부성1동""}]"
353,42,0.843082415284826,4.869732151896209,11.594193548387098,16.463925700283305,5.191233898315798,13.264578960621222,18.45581285893702,11.18,29.62,"[19, 0, 21]","[{""policy"": ""ambulance_new_base"", ""target_id"": ""REG020"", ""target_name"": ""부성2동""}, {""policy"": ""ambulance_new_base"", ""target_id"": ""REG001"", ""target_name"": ""문성동""}, {""policy"": ""ambulance_new_base"", ""target_id"": ""REG022"", ""target_name"": ""불당2동""}]"
354,42,0.7053971082142567,5.094219760816495,10.998184134035316,16.092403894851813,5.72740989904559,12.866088266961999,18.59349816600759,11.18,29.62,"[26, 24, 47]","[{""policy"": ""ambulance_new_base"", ""target_id"": ""REG027"", ""target_name"": ""쌍용3동""}, {""policy"": ""ambulance_new_base"", ""target_id"": ""REG025"", ""target_name"": ""쌍용1동""}, {""policy"": ""hospital_upgrade"", ""target_id"": ""JDQ4MTYyMiM2MSMkMSMkMiMkOTkkMzgxMzUxIzIxIyQxIyQxIyQ5MiQyNjE4MzIjNDEjJDEjJDgjJDgz"", ""target_name"": ""혜성산부인과병원""}]"
355,42,0.6604200651479921,5.206850099288987,11.101640188418845,16.30849028770783,5.645654853955632,12.992820355118223,18.638475209073853,11.18,29.62,"[17, 52, 19]","[{""policy"": ""ambulance_new_base"", ""target_id"": ""REG018"", ""target_name"": ""백석동""}, {""policy"": ""hospital_upgrade"", ""target_id"": ""JDQ4MTYyMiM2MSMkMSMkMiMkOTkkMzgxMzUxIzIxIyQyIyQ1IyQwMCQyNjEwMDIjNDEjJDEjJDgjJDgz"", ""target_name"": ""이화병원""}, {""policy"": ""ambulance_new_base"", ""target_id"": ""REG020"", ""target_name"": ""부성2동""}]"
356,42,0.5004575120289161,5.007288642625065,11.594193548387098,16.60148219101216,5.5338588015717125,13.264578960621222,18.79843776219293,11.18,29.62,"[8, 17, 6]","[{""policy"": ""ambulance_new_base"", ""target_id"": ""REG009"", ""target_name"": ""청룡동""}, {""policy"": ""ambulance_new_base"", ""target_id"": ""REG018"", ""target_name"": ""백석동""}, {""policy"": ""ambulance_new_base"", ""target_id"": ""REG007"", ""target_name"": ""일봉동""}]"
357,42,0.4181185839452475,4.950932883390895,11.594193548387098,16.545126431777998,5.61619772965538,13.264578960621222,18.880776690276598,11.18,29.62,"[2, 17, 1]","[{""policy"": ""ambulance_new_base"", ""target_id"": ""REG003"", ""target_name"": ""신방동""}, {""policy"": ""ambulance_new_base"", ""target_id"": ""REG018"", ""target_name"": ""백석동""}, {""policy"": ""ambulance_new_base"", ""target_id"": ""REG002"", ""target_name"": ""봉명동""}]"
358,42,1.0652780660389176,4.845981202386542,11.594193548387098,16.44017475077364,4.969038247561708,13.264578960621222,18.233617208182928,11.18,29.62,"[12, 5, 10]","[{""policy"": ""ambulance_new_base"", ""target_id"": ""REG013"", ""target_name"": ""북면""}, {""policy"": ""ambulance_new_base"", ""target_id"": ""REG006"", ""target_name"": ""원성2동""}, {""policy"": ""ambulance_new_base"", ""target_id"": ""REG011"", ""target_name"": ""동면""}]"
359,42,0.7210944200228049,5.01,11.102009947137324,16.112009947137327,5.584443758528819,12.993357095670223,18.57780085419904,11.18,29.62,"[45, 18, 29]","[{""policy"": ""hospital_upgrade"", ""target_id"": ""JDQ4MTYyMiM2MSMkMSMkMiMkOTkkMzgxMzUxIzIxIyQxIyQxIyQ3OSQyNjEyMjIjNDEjJDEjJDgjJDgz"", ""target_name"": ""우리척병원""}, {""policy"": ""ambulance_new_base"", ""target_id"": ""REG019"", ""target_name"": ""부성1동""}, {""policy"": ""ambulance_new_base"", ""target_id"": ""REG030"", ""target_name"": ""성환읍""}]"
360,42,1.4532525812067973,5.048709677419355,10.848247068703982,15.896956746123335,5.149581234973032,12.696061458042019,17.845642693015048,11.18,29.62,"[10, 9, 50]","[{""policy"": ""ambulance_new_base"", ""target_id"": ""REG011"", ""target_name"": ""동면""}, {""policy"": ""ambulance_new_base"", ""target_id"": ""REG010"", ""target_name"": ""광덕면""}, {""policy"": ""hospital_upgrade"", ""target_id"": ""JDQ4MTYyMiM2MSMkMSMkMiMkOTkkMzgxMzUxIzIxIyQxIyQxIyQwMyQyNjE4MzIjODEjJDEjJDIjJDgz"", ""target_name"": ""서울대정병원""}]"
361,42,0.5453370650893241,5.088396080845728,11.101640188418845,16.19003626926457,5.760737854014302,12.992820355118223,18.75355820913252,11.18,29.62,"[24, 52, 2]","[{""policy"": ""ambulance_new_base"", ""target_id"": ""REG025"", ""target_name"": ""쌍용1동""}, {""policy"": ""hospital_upgrade"", ""target_id"": ""JDQ4MTYyMiM2MSMkMSMkMiMkOTkkMzgxMzUxIzIxIyQyIyQ1IyQwMCQyNjEwMDIjNDEjJDEjJDgjJDgz"", ""target_name"": ""이화병원""}, {""policy"": ""ambulance_new_base"", ""target_id"": ""REG003"", ""target_name"": ""신방동""}]"
362,42,0.5435463953857571,4.968956331109841,11.594193548387098,16.56314987949694,5.4907699182148715,13.264578960621222,18.755348878836088,11.18,29.62,"[25, 0, 2]","[{""policy"": ""ambulance_new_base"", ""target_id"": ""REG026"", ""target_name"": ""쌍용2동""}, {""policy"": ""ambulance_new_base"", ""target_id"": ""REG001"", ""target_name"": ""문성동""}, {""policy"": ""ambulance_new_base"", ""target_id"": ""REG003"", ""target_name"": ""신방동""}]"
363,42,0.7499229753548313,5.499032258064515,10.764007041540722,16.26303929960524,5.9189559912924805,12.630016307574536,18.548972298867014,11.18,29.62,"[12, 35, 33]","[{""policy"": ""ambulance_new_base"", ""target_id"": ""REG013"", ""target_name"": ""북면""}, {""policy"": ""hospital_upgrade"", ""target_id"": ""JDQ4MTYyMiM2MSMkMSMkMiMkOTkkMzgxMzUxIzIxIyQxIyQ1IyQ2MiQzNjE4MzIjODEjJDEjJDIjJDgz"", ""target_name"": ""돋움병원""}, {""policy"": ""hospital_upgrade"", ""target_id"": ""JDQ4MTYyMiM2MSMkMSMkMiMkOTkkMzgxMzUxIzExIyQyIyQ3IyQwMCQ0NjE0ODEjNjEjJDEjJDgjJDgz"", ""target_name"": ""천안우리병원""}]"
364,42,0.7935834708735392,5.019529589483316,11.594193548387098,16.613723137870412,5.240732842727085,13.264578960621222,18.505311803348306,11.18,29.62,"[12, 13, 5]","[{""policy"": ""ambulance_new_base"", ""target_id"": ""REG013"", ""target_name"": ""북면""}, {""policy"": ""ambulance_new_base"", ""target_id"": ""REG014"", ""target_name"": ""성남면""}, {""policy"": ""ambulance_new_base"", ""target_id"": ""REG006"", ""target_name"": ""원성2동""}]"
365,42,0.8981005064495093,5.466774193548386,10.639199850970995,16.10597404451938,5.780631376307751,12.620163391464589,18.400794767772336,11.18,29.62,"[15, 39, 52]","[{""policy"": ""ambulance_new_base"", ""target_id"": ""REG016"", ""target_name"": ""풍세면""}, {""policy"": ""hospital_upgrade"", ""target_id"": ""JDQ4MTYyMiM2MSMkMSMkMiMkOTkkMzgxMzUxIzIxIyQxIyQ1IyQ4OSQyNjE4MzIjNTEjJDEjJDYjJDgz"", ""target_name"": ""아이본병원""}, {""policy"": ""hospital_upgrade"", ""target_id"": ""JDQ4MTYyMiM2MSMkMSMkMiMkOTkkMzgxMzUxIzIxIyQyIyQ1IyQwMCQyNjEwMDIjNDEjJDEjJDgjJDgz"", ""target_name"": ""이화병원""}]"
366,42,0.6392673787618399,5.2966263636768645,11.08357146481617,16.380197828493035,5.6764635188593875,12.983164376600623,18.659627895460005,11.18,29.62,"[45, 52, 5]","[{""policy"": ""hospital_upgrade"", ""target_id"": ""JDQ4MTYyMiM2MSMkMSMkMiMkOTkkMzgxMzUxIzIxIyQxIyQxIyQ3OSQyNjEyMjIjNDEjJDEjJDgjJDgz"", ""target_name"": ""우리척병원""}, {""policy"": ""hospital_upgrade"", ""target_id"": ""JDQ4MTYyMiM2MSMkMSMkMiMkOTkkMzgxMzUxIzIxIyQyIyQ1IyQwMCQyNjEwMDIjNDEjJDEjJDgjJDgz"", ""target_name"": ""이화병원""}, {""policy"": ""ambulance_new_base"", ""target_id"": ""REG006"", ""target_name"": ""원성2동""}]"
367,42,0.8314858754019703,5.295483870967741,10.840725911910967,16.13620978287871,5.8214151748001814,12.645994224019693,18.467409398819875,11.18,29.62,"[49, 31, 18]","[{""policy"": ""hospital_upgrade"", ""target_id"": ""JDQ4MTYyMiM2MSMkMSMkMiMkOTkkMzgxMzUxIzIxIyQxIyQxIyQwMyQyNjE0ODEjNTEjJDEjJDYjJDgz"", ""target_name"": ""천안21세기병원""}, {""policy"": ""hospital_upgrade"", ""target_id"": ""JDQ4MTYyMiM2MSMkMSMkMiMkOTkkMzgxMzUxIzExIyQxIyQ3IyQ4OSQzNjE0ODEjODEjJDEjJDYjJDgz"", ""target_name"": ""새로나병원""}, {""policy"": ""ambulance_new_base"", ""target_id"": ""REG019"", ""target_name"": ""부성1동""}]"
368,42,0.9524124773632145,5.106350365169636,11.033865820568307,16.140216185737945,5.488042672381472,12.858440124477161,18.34648279685863,11.18,29.62,"[16, 48, 7]","[{""policy"": ""ambulance_new_base"", ""target_id"": ""REG017"", ""target_name"": ""목천읍""}, {""policy"": ""hospital_upgrade"", ""target_id"": ""JDQ4MTYyMiM2MSMkMSMkMiMkOTkkMzgxMzUxIzIxIyQxIyQxIyQ5MiQyNjEwMDIjNjEjJDEjJDAjJDgz"", ""target_name"": ""두정이진병원""}, {""policy"": ""ambulance_new_base"", ""target_id"": ""REG008"", ""target_name"": ""중앙동""}]"
369,42,0.8880479457293511,5.098663836828533,11.013231528881516,16.111895365710048,5.5116158168490825,12.899231511643416,18.410847328492494,11.18,29.62,"[21, 5, 43]","[{""policy"": ""ambulance_new_base"", ""target_id"": ""REG022"", ""target_name"": ""불당2동""}, {""policy"": ""ambulance_new_base"", ""target_id"": ""REG006"", ""target_name"": ""원성2동""}, {""policy"": ""hospital_upgrade"", ""target_id"": ""JDQ4MTYyMiM2MSMkMSMkMiMkOTkkMzgxMzUxIzIxIyQxIyQxIyQ3MiQyNjE0ODEjNDEjJDEjJDgjJDgz"", ""target_name"": ""천안재활병원""}]"
370,42,0.46144106335223256,5.211409390593878,11.346236395124912,16.55764578571879,5.761324732555982,13.076129478313634,18.837454210869613,11.18,29.62,"[28, 31, 20]","[{""policy"": ""ambulance_new_base"", ""target_id"": ""REG029"", ""target_name"": ""성거읍""}, {""policy"": ""hospital_upgrade"", ""target_id"": ""JDQ4MTYyMiM2MSMkMSMkMiMkOTkkMzgxMzUxIzExIyQxIyQ3IyQ4OSQzNjE0ODEjODEjJDEjJDYjJDgz"", ""target_name"": ""새로나병원""}, {""policy"": ""ambulance_new_base"", ""target_id"": ""REG021"", ""target_name"": ""불당1동""}]"
371,42,0.7095479704985337,4.878752505307348,11.594193548387098,16.472946053694447,5.3247683431020905,13.264578960621222,18.58934730372331,11.18,29.62,"[13, 24, 4]","[{""policy"": ""ambulance_new_base"", ""target_id"": ""REG014"", ""target_name"": ""성남면""}, {""policy"": ""ambulance_new_base"", ""target_id"": ""REG025"", ""target_name"": ""쌍용1동""}, {""policy"": ""ambulance_new_base"", ""target_id"": ""REG005"", ""target_name"": ""원성1동""}]"
372,42,1.2446000370262098,5.036204937998663,11.013231528881516,16.049436466880177,5.155063725552227,12.899231511643416,18.054295237195635,11.18,29.62,"[43, 30, 19]","[{""policy"": ""hospital_upgrade"", ""target_id"": ""JDQ4MTYyMiM2MSMkMSMkMiMkOTkkMzgxMzUxIzIxIyQxIyQxIyQ3MiQyNjE0ODEjNDEjJDEjJDgjJDgz"", ""target_name"": ""천안재활병원""}, {""policy"": ""ambulance_new_base"", ""target_id"": ""REG031"", ""target_name"": ""직산읍""}, {""policy"": ""ambulance_new_base"", ""target_id"": ""REG020"", ""target_name"": ""부성2동""}]"
373,42,1.0309441296909476,5.466774193548386,10.511594984742585,15.978369178290972,5.780631376307751,12.487319768223147,18.267951144530898,11.18,29.62,"[37, 44, 15]","[{""policy"": ""hospital_upgrade"", ""target_id"": ""JDQ4MTYyMiM2MSMkMSMkMiMkOTkkMzgxMzUxIzIxIyQxIyQ1IyQ3OSQzNjE4MzIjODEjJDEjJDYjJDgz"", ""target_name"": ""앙즈로여성병원""}, {""policy"": ""hospital_upgrade"", ""target_id"": ""JDQ4MTYyMiM2MSMkMSMkMiMkOTkkMzgxMzUxIzIxIyQxIyQxIyQ3MiQzNjE4MzIjODEjJDEjJDYjJDgz"", ""target_name"": ""삼성스카이병원""}, {""policy"": ""ambulance_new_base"", ""target_id"": ""REG016"", ""target_name"": ""풍세면""}]"
374,42,1.0586116474720413,5.039648657496549,10.92879511789891,15.96844377539546,5.502947456042052,12.737336170707753,18.240283626749804,11.18,29.62,"[40, 5, 20]","[{""policy"": ""hospital_upgrade"", ""target_id"": ""JDQ4MTYyMiM2MSMkMSMkMiMkOTkkMzgxMzUxIzIxIyQxIyQ1IyQ4OSQyNjEyMjIjNjEjJDEjJDQjJDgz"", ""target_name"": ""서울프라임병원""}, {""policy"": ""ambulance_new_base"", ""target_id"": ""REG006"", ""target_name"": ""원성2동""}, {""policy"": ""ambulance_new_base"", ""target_id"": ""REG021"", ""target_name"": ""불당1동""}]"
375,42,0.8468377791429944,5.072903225806451,11.346236395124912,16.419139620931364,5.37592801676522,13.076129478313634,18.45205749507885,11.18,29.62,"[10, 2, 31]","[{""policy"": ""ambulance_new_base"", ""target_id"": ""REG011"", ""target_name"": ""동면""}, {""policy"": ""ambulance_new_base"", ""target_id"": ""REG003"", ""target_name"": ""신방동""}, {""policy"": ""hospital_upgrade"", ""target_id"": ""JDQ4MTYyMiM2MSMkMSMkMiMkOTkkMzgxMzUxIzExIyQxIyQ3IyQ4OSQzNjE0ODEjODEjJDEjJDYjJDgz"", ""target_name"": ""새로나병원""}]"
376,42,0.7304492929137538,5.2088915173683485,10.998184134035316,16.207075651403667,5.702357714346094,12.866088266961999,18.56844598130809,11.18,29.62,"[12, 6, 47]","[{""policy"": ""ambulance_new_base"", ""target_id"": ""REG013"", ""target_name"": ""북면""}, {""policy"": ""ambulance_new_base"", ""target_id"": ""REG007"", ""target_name"": ""일봉동""}, {""policy"": ""hospital_upgrade"", ""target_id"": ""JDQ4MTYyMiM2MSMkMSMkMiMkOTkkMzgxMzUxIzIxIyQxIyQxIyQ5MiQyNjE4MzIjNDEjJDEjJDgjJDgz"", ""target_name"": ""혜성산부인과병원""}]"
377,42,0.9008938577865209,4.98523719606318,11.594193548387098,16.579430744450278,5.133422455814102,13.264578960621222,18.398001416435324,11.18,29.62,"[19, 13, 9]","[{""policy"": ""ambulance_new_base"", ""target_id"": ""REG020"", ""target_name"": ""부성2동""}, {""policy"": ""ambulance_new_base"", ""target_id"": ""REG014"", ""target_name"": ""성남면""}, {""policy"": ""ambulance_new_base"", ""target_id"": ""REG010"", ""target_name"": ""광덕면""}]"
378,42,0.7443003641741264,5.200747150571023,11.302330291013508,16.50307744158453,5.576798481952265,12.977796428095454,18.55459491004772,11.18,29.62,"[33, 21, 9]","[{""policy"": ""hospital_upgrade"", ""target_id"": ""JDQ4MTYyMiM2MSMkMSMkMiMkOTkkMzgxMzUxIzExIyQyIyQ3IyQwMCQ0NjE0ODEjNjEjJDEjJDgjJDgz"", ""target_name"": ""천안우리병원""}, {""policy"": ""ambulance_new_base"", ""target_id"": ""REG022"", ""target_name"": ""불당2동""}, {""policy"": ""ambulance_new_base"", ""target_id"": ""REG010"", ""target_name"": ""광덕면""}]"
379,42,0.8836842886643446,5.298064516129032,10.975591027317092,16.27365554344612,5.626285861654427,12.788925123903075,18.4152109855575,11.18,29.62,"[12, 9, 46]","[{""policy"": ""ambulance_new_base"", ""target_id"": ""REG013"", ""target_name"": ""북면""}, {""policy"": ""ambulance_new_base"", ""target_id"": ""REG010"", ""target_name"": ""광덕면""}, {""policy"": ""hospital_upgrade"", ""target_id"": ""JDQ4MTYyMiM2MSMkMSMkMiMkOTkkMzgxMzUxIzIxIyQxIyQxIyQ4OSQ0NjE0ODEjODEjJDEjJDIjJDgz"", ""target_name"": ""서울우리병원""}]"
380,42,0.8832548646064211,5.314193548387096,10.710791036294092,16.02498458468119,5.7973448973292605,12.618295512286169,18.415640409615424,11.18,29.62,"[29, 43, 46]","[{""policy"": ""ambulance_new_base"", ""target_id"": ""REG030"", ""target_name"": ""성환읍""}, {""policy"": ""hospital_upgrade"", ""target_id"": ""JDQ4MTYyMiM2MSMkMSMkMiMkOTkkMzgxMzUxIzIxIyQxIyQxIyQ3MiQyNjE0ODEjNDEjJDEjJDgjJDgz"", ""target_name"": ""천안재활병원""}, {""policy"": ""hospital_upgrade"", ""target_id"": ""JDQ4MTYyMiM2MSMkMSMkMiMkOTkkMzgxMzUxIzIxIyQxIyQxIyQ4OSQ0NjE0ODEjODEjJDEjJDIjJDgz"", ""target_name"": ""서울우리병원""}]"
381,42,0.5846218588556482,5.578709677419353,10.877676961536793,16.45638663895615,6.010541620638118,12.703731794728082,18.714273415366197,11.18,29.62,"[51, 38, 27]","[{""policy"": ""hospital_upgrade"", ""target_id"": ""JDQ4MTYyMiM2MSMkMSMkMiMkOTkkMzgxMzUxIzIxIyQxIyQxIyQxMyQyNjEyMjIjNzEjJDEjJDgjJDgz"", ""target_name"": ""SG삼성조은병원""}, {""policy"": ""hospital_upgrade"", ""target_id"": ""JDQ4MTYyMiM2MSMkMSMkMiMkOTkkMzgxMzUxIzIxIyQxIyQ1IyQ4OSQ0NjEwMDIjNTEjJDEjJDIjJDgz"", ""target_name"": ""천안리턴병원""}, {""policy"": ""ambulance_new_base"", ""target_id"": ""REG028"", ""target_name"": ""입장면""}]"
382,42,0.5512595035414947,5.220322580645162,11.594193548387098,16.81451612903226,5.483056810059132,13.264578960621222,18.74763577068035,11.18,29.62,"[8, 15, 12]","[{""policy"": ""ambulance_new_base"", ""target_id"": ""REG009"", ""target_name"": ""청룡동""}, {""policy"": ""ambulance_new_base"", ""target_id"": ""REG016"", ""target_name"": ""풍세면""}, {""policy"": ""ambulance_new_base"", ""target_id"": ""REG013"", ""target_name"": ""북면""}]"
383,42,1.0618599124933645,5.048263934294263,10.975591027317092,16.023854961611356,5.4481102378254045,12.788925123903075,18.23703536172848,11.18,29.62,"[46, 3, 0]","[{""policy"": ""hospital_upgrade"", ""target_id"": ""JDQ4MTYyMiM2MSMkMSMkMiMkOTkkMzgxMzUxIzIxIyQxIyQxIyQ4OSQ0NjE0ODEjODEjJDEjJDIjJDgz"", ""target_name"": ""서울우리병원""}, {""policy"": ""ambulance_new_base"", ""target_id"": ""REG004"", ""target_name"": ""신안동""}, {""policy"": ""ambulance_new_base"", ""target_id"": ""REG001"", ""target_name"": ""문성동""}]"
384,42,1.0591571731409424,4.900148325326515,11.101640188418845,16.00178851374536,5.2469177459626835,12.992820355118223,18.239738101080903,10.85,29.62,"[26, 52, 14]","[{""policy"": ""ambulance_new_base"", ""target_id"": ""REG027"", ""target_name"": ""쌍용3동""}, {""policy"": ""hospital_upgrade"", ""target_id"": ""JDQ4MTYyMiM2MSMkMSMkMiMkOTkkMzgxMzUxIzIxIyQyIyQ1IyQwMCQyNjEwMDIjNDEjJDEjJDgjJDgz"", ""target_name"": ""이화병원""}, {""policy"": ""ambulance_new_base"", ""target_id"": ""REG015"", ""target_name"": ""수신면""}]"
385,42,0.5626382047576541,5.321731971239039,11.013231528881516,16.334963500120555,5.837025557820782,12.899231511643416,18.73625706946419,11.18,29.62,"[43, 20, 27]","[{""policy"": ""hospital_upgrade"", ""target_id"": ""JDQ4MTYyMiM2MSMkMSMkMiMkOTkkMzgxMzUxIzIxIyQxIyQxIyQ3MiQyNjE0ODEjNDEjJDEjJDgjJDgz"", ""target_name"": ""천안재활병원""}, {""policy"": ""ambulance_new_base"", ""target_id"": ""REG021"", ""target_name"": ""불당1동""}, {""policy"": ""ambulance_new_base"", ""target_id"": ""REG028"", ""target_name"": ""입장면""}]"
386,42,0.7012580212498278,5.005343130271574,11.101640188418845,16.106983318690418,5.604816897853794,12.992820355118223,18.597637252972017,11.18,29.62,"[52, 18, 6]","[{""policy"": ""hospital_upgrade"", ""target_id"": ""JDQ4MTYyMiM2MSMkMSMkMiMkOTkkMzgxMzUxIzIxIyQyIyQ1IyQwMCQyNjEwMDIjNDEjJDEjJDgjJDgz"", ""target_name"": ""이화병원""}, {""policy"": ""ambulance_new_base"", ""target_id"": ""REG019"", ""target_name"": ""부성1동""}, {""policy"": ""ambulance_new_base"", ""target_id"": ""REG007"", ""target_name"": ""일봉동""}]"
387,42,0.5525316860447482,5.230726240632037,11.138559464269987,16.369285704902026,5.765552100077033,12.980811488100068,18.746363588177097,11.18,29.62,"[25, 4, 44]","[{""policy"": ""ambulance_new_base"", ""target_id"": ""REG026"", ""target_name"": ""쌍용2동""}, {""policy"": ""ambulance_new_base"", ""target_id"": ""REG005"", ""target_name"": ""원성1동""}, {""policy"": ""hospital_upgrade"", ""target_id"": ""JDQ4MTYyMiM2MSMkMSMkMiMkOTkkMzgxMzUxIzIxIyQxIyQxIyQ3MiQzNjE4MzIjODEjJDEjJDYjJDgz"", ""target_name"": ""삼성스카이병원""}]"
388,42,0.7070390345361481,4.931366228321245,11.594193548387098,16.52555977670834,5.327277279064476,13.264578960621222,18.591856239685697,11.18,29.62,"[19, 8, 29]","[{""policy"": ""ambulance_new_base"", ""target_id"": ""REG020"", ""target_name"": ""부성2동""}, {""policy"": ""ambulance_new_base"", ""target_id"": ""REG009"", ""target_name"": ""청룡동""}, {""policy"": ""ambulance_new_base"", ""target_id"": ""REG030"", ""target_name"": ""성환읍""}]"
389,42,0.9782384344827832,5.27741935483871,10.975591027317092,16.253010382155804,5.531731715835985,12.788925123903075,18.320656839739062,11.18,29.62,"[13, 46, 8]","[{""policy"": ""ambulance_new_base"", ""target_id"": ""REG014"", ""target_name"": ""성남면""}, {""policy"": ""hospital_upgrade"", ""target_id"": ""JDQ4MTYyMiM2MSMkMSMkMiMkOTkkMzgxMzUxIzIxIyQxIyQxIyQ4OSQ0NjE0ODEjODEjJDEjJDIjJDgz"", ""target_name"": ""서울우리병원""}, {""policy"": ""ambulance_new_base"", ""target_id"": ""REG009"", ""target_name"": ""청룡동""}]"
390,42,0.8049513570309266,5.163730227045768,11.033865820568307,16.197596047614077,5.6355037927137595,12.858440124477161,18.49394391719092,11.18,29.62,"[8, 48, 6]","[{""policy"": ""ambulance_new_base"", ""target_id"": ""REG009"", ""target_name"": ""청룡동""}, {""policy"": ""hospital_upgrade"", ""target_id"": ""JDQ4MTYyMiM2MSMkMSMkMiMkOTkkMzgxMzUxIzIxIyQxIyQxIyQ5MiQyNjEwMDIjNjEjJDEjJDAjJDgz"", ""target_name"": ""두정이진병원""}, {""policy"": ""ambulance_new_base"", ""target_id"": ""REG007"", ""target_name"": ""일봉동""}]"
391,42,0.859928055850741,5.3432258064516125,10.727633874054908,16.07085968050652,5.838491576775618,12.600475641595489,18.438967218371104,11.18,29.62,"[46, 3, 31]","[{""policy"": ""hospital_upgrade"", ""target_id"": ""JDQ4MTYyMiM2MSMkMSMkMiMkOTkkMzgxMzUxIzIxIyQxIyQxIyQ4OSQ0NjE0ODEjODEjJDEjJDIjJDgz"", ""target_name"": ""서울우리병원""}, {""policy"": ""ambulance_new_base"", ""target_id"": ""REG004"", ""target_name"": ""신안동""}, {""policy"": ""hospital_upgrade"", ""target_id"": ""JDQ4MTYyMiM2MSMkMSMkMiMkOTkkMzgxMzUxIzExIyQxIyQ3IyQ4OSQzNjE0ODEjODEjJDEjJDYjJDgz"", ""target_name"": ""새로나병원""}]"
392,42,0.2967662740071475,5.190441648658394,11.594193548387098,16.78463519704549,5.737550039593477,13.264578960621222,19.002129000214698,11.18,29.62,"[28, 20, 27]","[{""policy"": ""ambulance_new_base"", ""target_id"": ""REG029"", ""target_name"": ""성거읍""}, {""policy"": ""ambulance_new_base"", ""target_id"": ""REG021"", ""target_name"": ""불당1동""}, {""policy"": ""ambulance_new_base"", ""target_id"": ""REG028"", ""target_name"": ""입장면""}]"
393,42,1.082490033680532,5.232801978072861,10.790712324077521,16.02351430215038,5.567406178782148,12.648999061759165,18.216405240541313,11.18,29.62,"[42, 51, 7]","[{""policy"": ""hospital_upgrade"", ""target_id"": ""JDQ4MTYyMiM2MSMkMSMkMiMkOTkkMzgxMzUxIzIxIyQxIyQxIyQ2MiQ0NjE0ODEjNDEjJDEjJDQjJDgz"", ""target_name"": ""연세나무병원""}, {""policy"": ""hospital_upgrade"", ""target_id"": ""JDQ4MTYyMiM2MSMkMSMkMiMkOTkkMzgxMzUxIzIxIyQxIyQxIyQxMyQyNjEyMjIjNzEjJDEjJDgjJDgz"", ""target_name"": ""SG삼성조은병원""}, {""policy"": ""ambulance_new_base"", ""target_id"": ""REG008"", ""target_name"": ""중앙동""}]"
394,42,1.0606863717760326,5.028149405941166,10.856635269370763,15.88478467531193,5.539207827535858,12.699001074909956,18.238208902445812,11.18,29.62,"[19, 37, 24]","[{""policy"": ""ambulance_new_base"", ""target_id"": ""REG020"", ""target_name"": ""부성2동""}, {""policy"": ""hospital_upgrade"", ""target_id"": ""JDQ4MTYyMiM2MSMkMSMkMiMkOTkkMzgxMzUxIzIxIyQxIyQ1IyQ3OSQzNjE4MzIjODEjJDEjJDYjJDgz"", ""target_name"": ""앙즈로여성병원""}, {""policy"": ""ambulance_new_base"", ""target_id"": ""REG025"", ""target_name"": ""쌍용1동""}]"
395,42,0.8364950025267603,5.599677419354838,10.442170810206507,16.04184822956135,6.034316313600623,12.428083958094465,18.462400271695085,11.18,29.62,"[42, 36, 47]","[{""policy"": ""hospital_upgrade"", ""target_id"": ""JDQ4MTYyMiM2MSMkMSMkMiMkOTkkMzgxMzUxIzIxIyQxIyQxIyQ2MiQ0NjE0ODEjNDEjJDEjJDQjJDgz"", ""target_name"": ""연세나무병원""}, {""policy"": ""hospital_upgrade"", ""target_id"": ""JDQ4MTYyMiM2MSMkMSMkMiMkOTkkMzgxMzUxIzIxIyQxIyQ1IyQ3OSQyNjE0ODEjNDEjJDEjJDgjJDgz"", ""target_name"": ""마디손병원""}, {""policy"": ""hospital_upgrade"", ""target_id"": ""JDQ4MTYyMiM2MSMkMSMkMiMkOTkkMzgxMzUxIzIxIyQxIyQxIyQ5MiQyNjE4MzIjNDEjJDEjJDgjJDgz"", ""target_name"": ""혜성산부인과병원""}]"
396,42,0.6853633227903728,5.118709677419354,11.033865820568307,16.152575497987662,5.755091826954317,12.858440124477161,18.613531951431472,11.18,29.62,"[18, 48, 2]","[{""policy"": ""ambulance_new_base"", ""target_id"": ""REG019"", ""target_name"": ""부성1동""}, {""policy"": ""hospital_upgrade"", ""target_id"": ""JDQ4MTYyMiM2MSMkMSMkMiMkOTkkMzgxMzUxIzIxIyQxIyQxIyQ5MiQyNjEwMDIjNjEjJDEjJDAjJDgz"", ""target_name"": ""두정이진병원""}, {""policy"": ""ambulance_new_base"", ""target_id"": ""REG003"", ""target_name"": ""신방동""}]"
397,42,0.6085369597155648,5.422903225806452,10.84614348870792,16.26904671451437,5.967992965754759,12.722365348751524,18.69035831450628,11.18,29.62,"[33, 32, 2]","[{""policy"": ""hospital_upgrade"", ""target_id"": ""JDQ4MTYyMiM2MSMkMSMkMiMkOTkkMzgxMzUxIzExIyQyIyQ3IyQwMCQ0NjE0ODEjNjEjJDEjJDgjJDgz"", ""target_name"": ""천안우리병원""}, {""policy"": ""hospital_upgrade"", ""target_id"": ""JDQ4MTYyMiM2MSMkMSMkMiMkOTkkMzgxMzUxIzExIyQxIyQ3IyQ5OSQ0NjE0ODEjODEjJDEjJDYjJDgz"", ""target_name"": ""예일병원""}, {""policy"": ""ambulance_new_base"", ""target_id"": ""REG003"", ""target_name"": ""신방동""}]"
398,42,0.9969147818703838,5.358709677419354,10.602994034738755,15.961703712158108,5.751533684774838,12.550446807576627,18.30198049235146,11.18,29.62,"[11, 43, 40]","[{""policy"": ""ambulance_new_base"", ""target_id"": ""REG012"", ""target_name"": ""병천면""}, {""policy"": ""hospital_upgrade"", ""target_id"": ""JDQ4MTYyMiM2MSMkMSMkMiMkOTkkMzgxMzUxIzIxIyQxIyQxIyQ3MiQyNjE0ODEjNDEjJDEjJDgjJDgz"", ""target_name"": ""천안재활병원""}, {""policy"": ""hospital_upgrade"", ""target_id"": ""JDQ4MTYyMiM2MSMkMSMkMiMkOTkkMzgxMzUxIzIxIyQxIyQ1IyQ4OSQyNjEyMjIjNjEjJDEjJDQjJDgz"", ""target_name"": ""서울프라임병원""}]"
399,42,0.5730662457989446,5.1781027079612425,11.594193548387098,16.77229625634834,5.4612500678016795,13.264578960621222,18.7258290284229,11.18,29.62,"[27, 15, 22]","[{""policy"": ""ambulance_new_base"", ""target_id"": ""REG028"", ""target_name"": ""입장면""}, {""policy"": ""ambulance_new_base"", ""target_id"": ""REG016"", ""target_name"": ""풍세면""}, {""policy"": ""ambulance_new_base"", ""target_id"": ""REG023"", ""target_name"": ""성정1동""}]"
400,42,0.7616154626805169,5.173425224616844,11.101640188418845,16.275065413035684,5.5444594564231044,12.992820355118223,18.537279811541328,11.18,29.62,"[28, 52, 0]","[{""policy"": ""ambulance_new_base"", ""target_id"": ""REG029"", ""target_name"": ""성거읍""}, {""policy"": ""hospital_upgrade"", ""target_id"": ""JDQ4MTYyMiM2MSMkMSMkMiMkOTkkMzgxMzUxIzIxIyQyIyQ1IyQwMCQyNjEwMDIjNDEjJDEjJDgjJDgz"", ""target_name"": ""이화병원""}, {""policy"": ""ambulance_new_base"", ""target_id"": ""REG001"", ""target_name"": ""문성동""}]"
401,42,0.6444399113564678,5.145263279603281,11.138559464269987,16.28382274387327,5.673643874765313,12.980811488100068,18.654455362865377,11.18,29.62,"[44, 21, 3]","[{""policy"": ""hospital_upgrade"", ""target_id"": ""JDQ4MTYyMiM2MSMkMSMkMiMkOTkkMzgxMzUxIzIxIyQxIyQxIyQ3MiQzNjE4MzIjODEjJDEjJDYjJDgz"", ""target_name"": ""삼성스카이병원""}, {""policy"": ""ambulance_new_base"", ""target_id"": ""REG022"", ""target_name"": ""불당2동""}, {""policy"": ""ambulance_new_base"", ""target_id"": ""REG004"", ""target_name"": ""신안동""}]"
402,42,0.596901508426928,4.965795892392576,11.594193548387098,16.55998944077967,5.437414805173697,13.264578960621222,18.701993765794917,11.18,29.62,"[6, 22, 8]","[{""policy"": ""ambulance_new_base"", ""target_id"": ""REG007"", ""target_name"": ""일봉동""}, {""policy"": ""ambulance_new_base"", ""target_id"": ""REG023"", ""target_name"": ""성정1동""}, {""policy"": ""ambulance_new_base"", ""target_id"": ""REG009"", ""target_name"": ""청룡동""}]"
403,42,0.40074126219004924,5.103278477810291,11.594193548387098,16.69747202619739,5.6335750514105785,13.264578960621222,18.898154012031796,11.18,29.62,"[25, 20, 8]","[{""policy"": ""ambulance_new_base"", ""target_id"": ""REG026"", ""target_name"": ""쌍용2동""}, {""policy"": ""ambulance_new_base"", ""target_id"": ""REG021"", ""target_name"": ""불당1동""}, {""policy"": ""ambulance_new_base"", ""target_id"": ""REG009"", ""target_name"": ""청룡동""}]"
404,42,0.7715774049893618,5.275263279603281,10.922183961670516,16.197447241273796,5.7901051051896415,12.737212764042843,18.527317869232483,11.18,29.62,"[21, 16, 38]","[{""policy"": ""ambulance_new_base"", ""target_id"": ""REG022"", ""target_name"": ""불당2동""}, {""policy"": ""ambulance_new_base"", ""target_id"": ""REG017"", ""target_name"": ""목천읍""}, {""policy"": ""hospital_upgrade"", ""target_id"": ""JDQ4MTYyMiM2MSMkMSMkMiMkOTkkMzgxMzUxIzIxIyQxIyQ1IyQ4OSQ0NjEwMDIjNTEjJDEjJDIjJDgz"", ""target_name"": ""천안리턴병원""}]"
405,42,0.91590659276903,5.466774193548386,10.600639778655003,16.06741397220339,5.780631376307751,12.602357305145066,18.382988681452815,11.18,29.62,"[52, 15, 34]","[{""policy"": ""hospital_upgrade"", ""target_id"": ""JDQ4MTYyMiM2MSMkMSMkMiMkOTkkMzgxMzUxIzIxIyQyIyQ1IyQwMCQyNjEwMDIjNDEjJDEjJDgjJDgz"", ""target_name"": ""이화병원""}, {""policy"": ""ambulance_new_base"", ""target_id"": ""REG016"", ""target_name"": ""풍세면""}, {""policy"": ""hospital_upgrade"", ""target_id"": ""JDQ4MTYyMiM2MSMkMSMkMiMkOTkkMzgxMzUxIzIxIyQxIyQ1IyQ2MiQ0NjE0ODEjNjEjJDEjJDgjJDgz"", ""target_name"": ""천안해울병원""}]"
406,42,0.9642220966272497,5.265170274394114,10.600289915441797,15.865460189835913,5.8270612018601655,12.507611975734429,18.334673177594595,11.18,29.62,"[50, 24, 31]","[{""policy"": ""hospital_upgrade"", ""target_id"": ""JDQ4MTYyMiM2MSMkMSMkMiMkOTkkMzgxMzUxIzIxIyQxIyQxIyQwMyQyNjE4MzIjODEjJDEjJDIjJDgz"", ""target_name"": ""서울대정병원""}, {""policy"": ""ambulance_new_base"", ""target_id"": ""REG025"", ""target_name"": ""쌍용1동""}, {""policy"": ""hospital_upgrade"", ""target_id"": ""JDQ4MTYyMiM2MSMkMSMkMiMkOTkkMzgxMzUxIzExIyQxIyQ3IyQ4OSQzNjE0ODEjODEjJDEjJDYjJDgz"", ""target_name"": ""새로나병원""}]"
407,42,0.5740681527992741,5.05745319865517,11.594193548387098,16.651646747042264,5.460248160801349,13.264578960621222,18.72482712142257,11.18,29.62,"[28, 9, 4]","[{""policy"": ""ambulance_new_base"", ""target_id"": ""REG029"", ""target_name"": ""성거읍""}, {""policy"": ""ambulance_new_base"", ""target_id"": ""REG010"", ""target_name"": ""광덕면""}, {""policy"": ""ambulance_new_base"", ""target_id"": ""REG005"", ""target_name"": ""원성1동""}]"
408,42,1.023070010547766,5.096451612903225,11.013231528881516,16.10968314178474,5.37659375203067,12.899231511643416,18.27582526367408,11.18,29.62,"[30, 43, 2]","[{""policy"": ""ambulance_new_base"", ""target_id"": ""REG031"", ""target_name"": ""직산읍""}, {""policy"": ""hospital_upgrade"", ""target_id"": ""JDQ4MTYyMiM2MSMkMSMkMiMkOTkkMzgxMzUxIzIxIyQxIyQxIyQ3MiQyNjE0ODEjNDEjJDEjJDgjJDgz"", ""target_name"": ""천안재활병원""}, {""policy"": ""ambulance_new_base"", ""target_id"": ""REG003"", ""target_name"": ""신방동""}]"
409,42,1.2671916448489995,5.239032258064516,10.739862216285955,15.978894474350474,5.438138036909479,12.59356559246337,18.031703629372846,10.85,29.62,"[46, 14, 39]","[{""policy"": ""hospital_upgrade"", ""target_id"": ""JDQ4MTYyMiM2MSMkMSMkMiMkOTkkMzgxMzUxIzIxIyQxIyQxIyQ4OSQ0NjE0ODEjODEjJDEjJDIjJDgz"", ""target_name"": ""서울우리병원""}, {""policy"": ""ambulance_new_base"", ""target_id"": ""REG015"", ""target_name"": ""수신면""}, {""policy"": ""hospital_upgrade"", ""target_id"": ""JDQ4MTYyMiM2MSMkMSMkMiMkOTkkMzgxMzUxIzIxIyQxIyQ1IyQ4OSQyNjE4MzIjNTEjJDEjJDYjJDgz"", ""target_name"": ""아이본병원""}]"
410,42,0.7363909256236596,5.295668540055493,10.848247068703982,16.14391560875947,5.8664428905561685,12.696061458042019,18.562504348598186,11.18,29.62,"[50, 23, 28]","[{""policy"": ""hospital_upgrade"", ""target_id"": ""JDQ4MTYyMiM2MSMkMSMkMiMkOTkkMzgxMzUxIzIxIyQxIyQxIyQwMyQyNjE4MzIjODEjJDEjJDIjJDgz"", ""target_name"": ""서울대정병원""}, {""policy"": ""ambulance_new_base"", ""target_id"": ""REG024"", ""target_name"": ""성정2동""}, {""policy"": ""ambulance_new_base"", ""target_id"": ""REG029"", ""target_name"": ""성거읍""}]"
411,42,0.723752555557656,5.083946873482535,11.594193548387098,16.678140421869635,5.310563758042967,13.264578960621222,18.57514271866419,11.18,29.62,"[8, 15, 19]","[{""policy"": ""ambulance_new_base"", ""target_id"": ""REG009"", ""target_name"": ""청룡동""}, {""policy"": ""ambulance_new_base"", ""target_id"": ""REG016"", ""target_name"": ""풍세면""}, {""policy"": ""ambulance_new_base"", ""target_id"": ""REG020"", ""target_name"": ""부성2동""}]"
412,42,0.764362773810852,5.295483870967741,10.889972651521795,16.185456522489538,5.8214151748001814,12.713117325610817,18.534532500410993,11.18,29.62,"[39, 18, 38]","[{""policy"": ""hospital_upgrade"", ""target_id"": ""JDQ4MTYyMiM2MSMkMSMkMiMkOTkkMzgxMzUxIzIxIyQxIyQ1IyQ4OSQyNjE4MzIjNTEjJDEjJDYjJDgz"", ""target_name"": ""아이본병원""}, {""policy"": ""ambulance_new_base"", ""target_id"": ""REG019"", ""target_name"": ""부성1동""}, {""policy"": ""hospital_upgrade"", ""target_id"": ""JDQ4MTYyMiM2MSMkMSMkMiMkOTkkMzgxMzUxIzIxIyQxIyQ1IyQ4OSQ0NjEwMDIjNTEjJDEjJDIjJDgz"", ""target_name"": ""천안리턴병원""}]"
413,42,0.9751034160408381,4.9473181071051195,11.102009947137324,16.049328054242448,5.3304347625107855,12.993357095670223,18.323791858181007,11.18,29.62,"[45, 29, 7]","[{""policy"": ""hospital_upgrade"", ""target_id"": ""JDQ4MTYyMiM2MSMkMSMkMiMkOTkkMzgxMzUxIzIxIyQxIyQxIyQ3OSQyNjEyMjIjNDEjJDEjJDgjJDgz"", ""target_name"": ""우리척병원""}, {""policy"": ""ambulance_new_base"", ""target_id"": ""REG030"", ""target_name"": ""성환읍""}, {""policy"": ""ambulance_new_base"", ""target_id"": ""REG008"", ""target_name"": ""중앙동""}]"
414,42,0.9048052715991517,5.440692396815576,10.510944458203948,15.951636855019526,5.947474605010949,12.446615397611746,18.394090002622693,11.18,29.62,"[37, 48, 25]","[{""policy"": ""hospital_upgrade"", ""target_id"": ""JDQ4MTYyMiM2MSMkMSMkMiMkOTkkMzgxMzUxIzIxIyQxIyQ1IyQ3OSQzNjE4MzIjODEjJDEjJDYjJDgz"", ""target_name"": ""앙즈로여성병원""}, {""policy"": ""hospital_upgrade"", ""target_id"": ""JDQ4MTYyMiM2MSMkMSMkMiMkOTkkMzgxMzUxIzIxIyQxIyQxIyQ5MiQyNjEwMDIjNjEjJDEjJDAjJDgz"", ""target_name"": ""두정이진병원""}, {""policy"": ""ambulance_new_base"", ""target_id"": ""REG026"", ""target_name"": ""쌍용2동""}]"
415,42,0.7443003641741264,5.200747150571023,11.302330291013508,16.50307744158453,5.576798481952265,12.977796428095454,18.55459491004772,11.18,29.62,"[9, 21, 33]","[{""policy"": ""ambulance_new_base"", ""target_id"": ""REG010"", ""target_name"": ""광덕면""}, {""policy"": ""ambulance_new_base"", ""target_id"": ""REG022"", ""target_name"": ""불당2동""}, {""policy"": ""hospital_upgrade"", ""target_id"": ""JDQ4MTYyMiM2MSMkMSMkMiMkOTkkMzgxMzUxIzExIyQyIyQ3IyQwMCQ0NjE0ODEjNjEjJDEjJDgjJDgz"", ""target_name"": ""천안우리병원""}]"
416,42,0.41983210727247666,4.895068654007748,11.594193548387098,16.489262202394844,5.614484206328149,13.264578960621222,18.87906316694937,11.18,29.62,"[24, 23, 20]","[{""policy"": ""ambulance_new_base"", ""target_id"": ""REG025"", ""target_name"": ""쌍용1동""}, {""policy"": ""ambulance_new_base"", ""target_id"": ""REG024"", ""target_name"": ""성정2동""}, {""policy"": ""ambulance_new_base"", ""target_id"": ""REG021"", ""target_name"": ""불당1동""}]"
417,42,0.8418065352349835,5.233269678750596,10.860143321295778,16.09341300004637,5.750748817524661,12.706339921462204,18.45708873898686,11.18,29.62,"[4, 42, 17]","[{""policy"": ""ambulance_new_base"", ""target_id"": ""REG005"", ""target_name"": ""원성1동""}, {""policy"": ""hospital_upgrade"", ""target_id"": ""JDQ4MTYyMiM2MSMkMSMkMiMkOTkkMzgxMzUxIzIxIyQxIyQxIyQ2MiQ0NjE0ODEjNDEjJDEjJDQjJDgz"", ""target_name"": ""연세나무병원""}, {""policy"": ""ambulance_new_base"", ""target_id"": ""REG018"", ""target_name"": ""백석동""}]"
418,42,0.9602653941585331,5.599677419354838,10.354628491612955,15.954305910967792,6.034316313600623,12.304313566462689,18.338629880063312,11.18,29.62,"[38, 35, 33]","[{""policy"": ""hospital_upgrade"", ""target_id"": ""JDQ4MTYyMiM2MSMkMSMkMiMkOTkkMzgxMzUxIzIxIyQxIyQ1IyQ4OSQ0NjEwMDIjNTEjJDEjJDIjJDgz"", ""target_name"": ""천안리턴병원""}, {""policy"": ""hospital_upgrade"", ""target_id"": ""JDQ4MTYyMiM2MSMkMSMkMiMkOTkkMzgxMzUxIzIxIyQxIyQ1IyQ2MiQzNjE4MzIjODEjJDEjJDIjJDgz"", ""target_name"": ""돋움병원""}, {""policy"": ""hospital_upgrade"", ""target_id"": ""JDQ4MTYyMiM2MSMkMSMkMiMkOTkkMzgxMzUxIzExIyQyIyQ3IyQwMCQ0NjE0ODEjNjEjJDEjJDgjJDgz"", ""target_name"": ""천안우리병원""}]"
419,42,0.7411425797334168,5.473225806451612,10.607869111812725,16.081094918264338,5.9549528071999465,12.602799887288478,18.55775269448843,11.18,29.62,"[16, 42, 45]","[{""policy"": ""ambulance_new_base"", ""target_id"": ""REG017"", ""target_name"": ""목천읍""}, {""policy"": ""hospital_upgrade"", ""target_id"": ""JDQ4MTYyMiM2MSMkMSMkMiMkOTkkMzgxMzUxIzIxIyQxIyQxIyQ2MiQ0NjE0ODEjNDEjJDEjJDQjJDgz"", ""target_name"": ""연세나무병원""}, {""policy"": ""hospital_upgrade"", ""target_id"": ""JDQ4MTYyMiM2MSMkMSMkMiMkOTkkMzgxMzUxIzIxIyQxIyQxIyQ3OSQyNjEyMjIjNDEjJDEjJDgjJDgz"", ""target_name"": ""우리척병원""}]"
420,42,0.8073230540568979,5.599677419354838,10.404913355915303,16.004590775270145,6.034316313600623,12.457255906564324,18.491572220164947,11.18,29.62,"[48, 39, 45]","[{""policy"": ""hospital_upgrade"", ""target_id"": ""JDQ4MTYyMiM2MSMkMSMkMiMkOTkkMzgxMzUxIzIxIyQxIyQxIyQ5MiQyNjEwMDIjNjEjJDEjJDAjJDgz"", ""target_name"": ""두정이진병원""}, {""policy"": ""hospital_upgrade"", ""target_id"": ""JDQ4MTYyMiM2MSMkMSMkMiMkOTkkMzgxMzUxIzIxIyQxIyQ1IyQ4OSQyNjE4MzIjNTEjJDEjJDYjJDgz"", ""target_name"": ""아이본병원""}, {""policy"": ""hospital_upgrade"", ""target_id"": ""JDQ4MTYyMiM2MSMkMSMkMiMkOTkkMzgxMzUxIzIxIyQxIyQxIyQ3OSQyNjEyMjIjNDEjJDEjJDgjJDgz"", ""target_name"": ""우리척병원""}]"
421,42,0.931173616073437,5.398709677419355,10.753793308649993,16.152502986069347,5.74164618396257,12.626075474185841,18.367721658148408,11.18,29.62,"[9, 34, 46]","[{""policy"": ""ambulance_new_base"", ""target_id"": ""REG010"", ""target_name"": ""광덕면""}, {""policy"": ""hospital_upgrade"", ""target_id"": ""JDQ4MTYyMiM2MSMkMSMkMiMkOTkkMzgxMzUxIzIxIyQxIyQ1IyQ2MiQ0NjE0ODEjNjEjJDEjJDgjJDgz"", ""target_name"": ""천안해울병원""}, {""policy"": ""hospital_upgrade"", ""target_id"": ""JDQ4MTYyMiM2MSMkMSMkMiMkOTkkMzgxMzUxIzIxIyQxIyQxIyQ4OSQ0NjE0ODEjODEjJDEjJDIjJDgz"", ""target_name"": ""서울우리병원""}]"
422,42,1.589815699707021,4.872156816782539,10.914895644369402,15.787052461151942,4.971227902091005,12.73785167242382,17.709079574514824,10.85,29.62,"[39, 7, 14]","[{""policy"": ""hospital_upgrade"", ""target_id"": ""JDQ4MTYyMiM2MSMkMSMkMiMkOTkkMzgxMzUxIzIxIyQxIyQ1IyQ4OSQyNjE4MzIjNTEjJDEjJDYjJDgz"", ""target_name"": ""아이본병원""}, {""policy"": ""ambulance_new_base"", ""target_id"": ""REG008"", ""target_name"": ""중앙동""}, {""policy"": ""ambulance_new_base"", ""target_id"": ""REG015"", ""target_name"": ""수신면""}]"
423,42,1.0496084077676784,5.239032258064516,10.944247877877478,16.18328013594199,5.438138036909479,12.811148829544688,18.249286866454167,10.85,29.62,"[14, 35, 48]","[{""policy"": ""ambulance_new_base"", ""target_id"": ""REG015"", ""target_name"": ""수신면""}, {""policy"": ""hospital_upgrade"", ""target_id"": ""JDQ4MTYyMiM2MSMkMSMkMiMkOTkkMzgxMzUxIzIxIyQxIyQ1IyQ2MiQzNjE4MzIjODEjJDEjJDIjJDgz"", ""target_name"": ""돋움병원""}, {""policy"": ""hospital_upgrade"", ""target_id"": ""JDQ4MTYyMiM2MSMkMSMkMiMkOTkkMzgxMzUxIzIxIyQxIyQxIyQ5MiQyNjEwMDIjNjEjJDEjJDAjJDgz"", ""target_name"": ""두정이진병원""}]"
424,42,1.1216757215107833,5.118387096774193,11.08868306517315,16.20707016194734,5.34277584638378,12.834443706327281,18.177219552711062,11.18,29.62,"[10, 28, 49]","[{""policy"": ""ambulance_new_base"", ""target_id"": ""REG011"", ""target_name"": ""동면""}, {""policy"": ""ambulance_new_base"", ""target_id"": ""REG029"", ""target_name"": ""성거읍""}, {""policy"": ""hospital_upgrade"", ""target_id"": ""JDQ4MTYyMiM2MSMkMSMkMiMkOTkkMzgxMzUxIzIxIyQxIyQxIyQwMyQyNjE0ODEjNTEjJDEjJDYjJDgz"", ""target_name"": ""천안21세기병원""}]"
425,42,1.4539941292005736,5.273225806451612,10.530463488199496,15.803689294651111,5.442917099876535,12.401984045144738,17.84490114502127,11.18,29.62,"[39, 30, 49]","[{""policy"": ""hospital_upgrade"", ""target_id"": ""JDQ4MTYyMiM2MSMkMSMkMiMkOTkkMzgxMzUxIzIxIyQxIyQ1IyQ4OSQyNjE4MzIjNTEjJDEjJDYjJDgz"", ""target_name"": ""아이본병원""}, {""policy"": ""ambulance_new_base"", ""target_id"": ""REG031"", ""target_name"": ""직산읍""}, {""policy"": ""hospital_upgrade"", ""target_id"": ""JDQ4MTYyMiM2MSMkMSMkMiMkOTkkMzgxMzUxIzIxIyQxIyQxIyQwMyQyNjE0ODEjNTEjJDEjJDYjJDgz"", ""target_name"": ""천안21세기병원""}]"
426,42,0.6865163927506082,5.296774193548386,11.302330291013508,16.59910448456189,5.634582453375787,12.977796428095454,18.612378881471237,11.18,29.62,"[16, 33, 13]","[{""policy"": ""ambulance_new_base"", ""target_id"": ""REG017"", ""target_name"": ""목천읍""}, {""policy"": ""hospital_upgrade"", ""target_id"": ""JDQ4MTYyMiM2MSMkMSMkMiMkOTkkMzgxMzUxIzExIyQyIyQ3IyQwMCQ0NjE0ODEjNjEjJDEjJDgjJDgz"", ""target_name"": ""천안우리병원""}, {""policy"": ""ambulance_new_base"", ""target_id"": ""REG014"", ""target_name"": ""성남면""}]"
427,42,0.6257392164987294,5.578709677419353,10.802380359961548,16.3810900373809,6.010541620638118,12.662614437084999,18.673156057723116,11.18,29.62,"[27, 36, 50]","[{""policy"": ""ambulance_new_base"", ""target_id"": ""REG028"", ""target_name"": ""입장면""}, {""policy"": ""hospital_upgrade"", ""target_id"": ""JDQ4MTYyMiM2MSMkMSMkMiMkOTkkMzgxMzUxIzIxIyQxIyQ1IyQ3OSQyNjE0ODEjNDEjJDEjJDgjJDgz"", ""target_name"": ""마디손병원""}, {""policy"": ""hospital_upgrade"", ""target_id"": ""JDQ4MTYyMiM2MSMkMSMkMiMkOTkkMzgxMzUxIzIxIyQxIyQxIyQwMyQyNjE4MzIjODEjJDEjJDIjJDgz"", ""target_name"": ""서울대정병원""}]"
428,42,0.7400888131577972,5.15285833877934,11.093193138623256,16.246051477402595,5.6846905504159855,12.874115910648063,18.558806461064048,11.18,29.62,"[1, 34, 28]","[{""policy"": ""ambulance_new_base"", ""target_id"": ""REG002"", ""target_name"": ""봉명동""}, {""policy"": ""hospital_upgrade"", ""target_id"": ""JDQ4MTYyMiM2MSMkMSMkMiMkOTkkMzgxMzUxIzIxIyQxIyQ1IyQ2MiQ0NjE0ODEjNjEjJDEjJDgjJDgz"", ""target_name"": ""천안해울병원""}, {""policy"": ""ambulance_new_base"", ""target_id"": ""REG029"", ""target_name"": ""성거읍""}]"
429,42,0.8061220076295825,5.599677419354838,10.353215738812088,15.95289315816693,6.034316313600623,12.45845695299164,18.492773266592263,11.18,29.62,"[51, 35, 45]","[{""policy"": ""hospital_upgrade"", ""target_id"": ""JDQ4MTYyMiM2MSMkMSMkMiMkOTkkMzgxMzUxIzIxIyQxIyQxIyQxMyQyNjEyMjIjNzEjJDEjJDgjJDgz"", ""target_name"": ""SG삼성조은병원""}, {""policy"": ""hospital_upgrade"", ""target_id"": ""JDQ4MTYyMiM2MSMkMSMkMiMkOTkkMzgxMzUxIzIxIyQxIyQ1IyQ2MiQzNjE4MzIjODEjJDEjJDIjJDgz"", ""target_name"": ""돋움병원""}, {""policy"": ""hospital_upgrade"", ""target_id"": ""JDQ4MTYyMiM2MSMkMSMkMiMkOTkkMzgxMzUxIzIxIyQxIyQxIyQ3OSQyNjEyMjIjNDEjJDEjJDgjJDgz"", ""target_name"": ""우리척병원""}]"
430,42,1.018411999475557,5.131005933767694,11.08868306517315,16.219688998940843,5.446039568419004,12.834443706327281,18.280483274746288,11.18,29.62,"[22, 9, 49]","[{""policy"": ""ambulance_new_base"", ""target_id"": ""REG023"", ""target_name"": ""성정1동""}, {""policy"": ""ambulance_new_base"", ""target_id"": ""REG010"", ""target_name"": ""광덕면""}, {""policy"": ""hospital_upgrade"", ""target_id"": ""JDQ4MTYyMiM2MSMkMSMkMiMkOTkkMzgxMzUxIzIxIyQxIyQxIyQwMyQyNjE0ODEjNTEjJDEjJDYjJDgz"", ""target_name"": ""천안21세기병원""}]"
431,42,0.7155576262293657,5.473225806451612,10.646978430125897,16.12020423657751,5.9549528071999465,12.628384840792531,18.58333764799248,11.18,29.62,"[16, 45, 51]","[{""policy"": ""ambulance_new_base"", ""target_id"": ""REG017"", ""target_name"": ""목천읍""}, {""policy"": ""hospital_upgrade"", ""target_id"": ""JDQ4MTYyMiM2MSMkMSMkMiMkOTkkMzgxMzUxIzIxIyQxIyQxIyQ3OSQyNjEyMjIjNDEjJDEjJDgjJDgz"", ""target_name"": ""우리척병원""}, {""policy"": ""hospital_upgrade"", ""target_id"": ""JDQ4MTYyMiM2MSMkMSMkMiMkOTkkMzgxMzUxIzIxIyQxIyQxIyQxMyQyNjEyMjIjNzEjJDEjJDgjJDgz"", ""target_name"": ""SG삼성조은병원""}]"
432,42,0.5624355490833786,5.092451717675413,11.302330291013508,16.39478200868892,5.758663297043016,12.977796428095454,18.736459725138467,11.18,29.62,"[23, 24, 33]","[{""policy"": ""ambulance_new_base"", ""target_id"": ""REG024"", ""target_name"": ""성정2동""}, {""policy"": ""ambulance_new_base"", ""target_id"": ""REG025"", ""target_name"": ""쌍용1동""}, {""policy"": ""hospital_upgrade"", ""target_id"": ""JDQ4MTYyMiM2MSMkMSMkMiMkOTkkMzgxMzUxIzExIyQyIyQ3IyQwMCQ0NjE0ODEjNjEjJDEjJDgjJDgz"", ""target_name"": ""천안우리병원""}]"
433,42,0.3291954017141592,5.301069731216184,11.519141813354748,16.820211544570935,5.7541082892821755,13.215591583225512,18.969699872507686,11.18,29.62,"[41, 12, 21]","[{""policy"": ""hospital_upgrade"", ""target_id"": ""JDQ4MTYyMiM2MSMkMSMkMiMkOTkkMzgxMzUxIzIxIyQxIyQ1IyQ5OSQzNjEyMjIjNjEjJDEjJDQjJDgz"", ""target_name"": ""천안다나힐병원""}, {""policy"": ""ambulance_new_base"", ""target_id"": ""REG013"", ""target_name"": ""북면""}, {""policy"": ""ambulance_new_base"", ""target_id"": ""REG022"", ""target_name"": ""불당2동""}]"
434,42,0.7598456210870985,5.473225806451612,10.544474297822813,16.017700104274425,5.9549528071999465,12.584096845934802,18.539049653134747,11.18,29.62,"[47, 16, 44]","[{""policy"": ""hospital_upgrade"", ""target_id"": ""JDQ4MTYyMiM2MSMkMSMkMiMkOTkkMzgxMzUxIzIxIyQxIyQxIyQ5MiQyNjE4MzIjNDEjJDEjJDgjJDgz"", ""target_name"": ""혜성산부인과병원""}, {""policy"": ""ambulance_new_base"", ""target_id"": ""REG017"", ""target_name"": ""목천읍""}, {""policy"": ""hospital_upgrade"", ""target_id"": ""JDQ4MTYyMiM2MSMkMSMkMiMkOTkkMzgxMzUxIzIxIyQxIyQxIyQ3MiQzNjE4MzIjODEjJDEjJDYjJDgz"", ""target_name"": ""삼성스카이병원""}]"
435,42,0.8988419997034889,5.284148661359985,10.639099463186751,15.923248124546735,5.784166068643291,12.615887205875067,18.400053274518356,11.18,29.62,"[38, 1, 52]","[{""policy"": ""hospital_upgrade"", ""target_id"": ""JDQ4MTYyMiM2MSMkMSMkMiMkOTkkMzgxMzUxIzIxIyQxIyQ1IyQ4OSQ0NjEwMDIjNTEjJDEjJDIjJDgz"", ""target_name"": ""천안리턴병원""}, {""policy"": ""ambulance_new_base"", ""target_id"": ""REG002"", ""target_name"": ""봉명동""}, {""policy"": ""hospital_upgrade"", ""target_id"": ""JDQ4MTYyMiM2MSMkMSMkMiMkOTkkMzgxMzUxIzIxIyQyIyQ1IyQwMCQyNjEwMDIjNDEjJDEjJDgjJDgz"", ""target_name"": ""이화병원""}]"
436,42,0.9720606999092922,5.137641341137603,10.922183961670516,16.05982530280812,5.589621810269713,12.737212764042843,18.326834574312553,11.18,29.62,"[25, 38, 5]","[{""policy"": ""ambulance_new_base"", ""target_id"": ""REG026"", ""target_name"": ""쌍용2동""}, {""policy"": ""hospital_upgrade"", ""target_id"": ""JDQ4MTYyMiM2MSMkMSMkMiMkOTkkMzgxMzUxIzIxIyQxIyQ1IyQ4OSQ0NjEwMDIjNTEjJDEjJDIjJDgz"", ""target_name"": ""천안리턴병원""}, {""policy"": ""ambulance_new_base"", ""target_id"": ""REG006"", ""target_name"": ""원성2동""}]"
437,42,0.676483567604599,5.499032258064515,10.642672413101543,16.14170467116606,5.9189559912924805,12.703455715324765,18.622411706617246,11.18,29.62,"[35, 32, 12]","[{""policy"": ""hospital_upgrade"", ""target_id"": ""JDQ4MTYyMiM2MSMkMSMkMiMkOTkkMzgxMzUxIzIxIyQxIyQ1IyQ2MiQzNjE4MzIjODEjJDEjJDIjJDgz"", ""target_name"": ""돋움병원""}, {""policy"": ""hospital_upgrade"", ""target_id"": ""JDQ4MTYyMiM2MSMkMSMkMiMkOTkkMzgxMzUxIzExIyQxIyQ3IyQ5OSQ0NjE0ODEjODEjJDEjJDYjJDgz"", ""target_name"": ""예일병원""}, {""policy"": ""ambulance_new_base"", ""target_id"": ""REG013"", ""target_name"": ""북면""}]"
438,42,1.1702335678081752,4.929677419354838,11.594193548387098,16.523870967741935,4.864082745792449,13.264578960621222,18.12866170641367,10.85,29.62,"[14, 13, 15]","[{""policy"": ""ambulance_new_base"", ""target_id"": ""REG015"", ""target_name"": ""수신면""}, {""policy"": ""ambulance_new_base"", ""target_id"": ""REG014"", ""target_name"": ""성남면""}, {""policy"": ""ambulance_new_base"", ""target_id"": ""REG016"", ""target_name"": ""풍세면""}]"
439,42,0.6314337781036201,4.964618118312958,11.594193548387098,16.55881166670006,5.402882535497004,13.264578960621222,18.667461496118225,11.18,29.62,"[15, 21, 18]","[{""policy"": ""ambulance_new_base"", ""target_id"": ""REG016"", ""target_name"": ""풍세면""}, {""policy"": ""ambulance_new_base"", ""target_id"": ""REG022"", ""target_name"": ""불당2동""}, {""policy"": ""ambulance_new_base"", ""target_id"": ""REG019"", ""target_name"": ""부성1동""}]"
440,42,0.5738941796395807,5.466774193548386,11.026958212104976,16.493732405653365,5.780631376307751,12.944369718274512,18.725001094582264,11.18,29.62,"[45, 41, 15]","[{""policy"": ""hospital_upgrade"", ""target_id"": ""JDQ4MTYyMiM2MSMkMSMkMiMkOTkkMzgxMzUxIzIxIyQxIyQxIyQ3OSQyNjEyMjIjNDEjJDEjJDgjJDgz"", ""target_name"": ""우리척병원""}, {""policy"": ""hospital_upgrade"", ""target_id"": ""JDQ4MTYyMiM2MSMkMSMkMiMkOTkkMzgxMzUxIzIxIyQxIyQ1IyQ5OSQzNjEyMjIjNjEjJDEjJDQjJDgz"", ""target_name"": ""천안다나힐병원""}, {""policy"": ""ambulance_new_base"", ""target_id"": ""REG016"", ""target_name"": ""풍세면""}]"
441,42,0.6696058255965198,4.8237478052620055,11.594193548387098,16.417941353649102,5.364710488004103,13.264578960621222,18.629289448625325,11.18,29.62,"[2, 18, 0]","[{""policy"": ""ambulance_new_base"", ""target_id"": ""REG003"", ""target_name"": ""신방동""}, {""policy"": ""ambulance_new_base"", ""target_id"": ""REG019"", ""target_name"": ""부성1동""}, {""policy"": ""ambulance_new_base"", ""target_id"": ""REG001"", ""target_name"": ""문성동""}]"
442,42,0.8913608393179437,5.30953667865867,10.634807258790396,15.944343937449068,5.817718036654236,12.589816398249667,18.4075344349039,11.18,29.62,"[6, 44, 40]","[{""policy"": ""ambulance_new_base"", ""target_id"": ""REG007"", ""target_name"": ""일봉동""}, {""policy"": ""hospital_upgrade"", ""target_id"": ""JDQ4MTYyMiM2MSMkMSMkMiMkOTkkMzgxMzUxIzIxIyQxIyQxIyQ3MiQzNjE4MzIjODEjJDEjJDYjJDgz"", ""target_name"": ""삼성스카이병원""}, {""policy"": ""hospital_upgrade"", ""target_id"": ""JDQ4MTYyMiM2MSMkMSMkMiMkOTkkMzgxMzUxIzIxIyQxIyQ1IyQ4OSQyNjEyMjIjNjEjJDEjJDQjJDgz"", ""target_name"": ""서울프라임병원""}]"
443,42,0.7690291583322413,5.599677419354838,10.391917278297134,15.991594697651973,6.034316313600623,12.49554980228898,18.529866115889604,11.18,29.62,"[40, 32, 35]","[{""policy"": ""hospital_upgrade"", ""target_id"": ""JDQ4MTYyMiM2MSMkMSMkMiMkOTkkMzgxMzUxIzIxIyQxIyQ1IyQ4OSQyNjEyMjIjNjEjJDEjJDQjJDgz"", ""target_name"": ""서울프라임병원""}, {""policy"": ""hospital_upgrade"", ""target_id"": ""JDQ4MTYyMiM2MSMkMSMkMiMkOTkkMzgxMzUxIzExIyQxIyQ3IyQ5OSQ0NjE0ODEjODEjJDEjJDYjJDgz"", ""target_name"": ""예일병원""}, {""policy"": ""hospital_upgrade"", ""target_id"": ""JDQ4MTYyMiM2MSMkMSMkMiMkOTkkMzgxMzUxIzIxIyQxIyQ1IyQ2MiQzNjE4MzIjODEjJDEjJDIjJDgz"", ""target_name"": ""돋움병원""}]"
444,42,0.6280098846444595,5.18993799418319,11.101640188418845,16.29157818260203,5.678065034459167,12.992820355118223,18.670885389577386,11.18,29.62,"[23, 52, 19]","[{""policy"": ""ambulance_new_base"", ""target_id"": ""REG024"", ""target_name"": ""성정2동""}, {""policy"": ""hospital_upgrade"", ""target_id"": ""JDQ4MTYyMiM2MSMkMSMkMiMkOTkkMzgxMzUxIzIxIyQyIyQ1IyQwMCQyNjEwMDIjNDEjJDEjJDgjJDgz"", ""target_name"": ""이화병원""}, {""policy"": ""ambulance_new_base"", ""target_id"": ""REG020"", ""target_name"": ""부성2동""}]"
445,42,0.8385033250418736,5.138342209747083,11.033865820568307,16.172208030315392,5.601951824702814,12.858440124477161,18.46039194917997,11.18,29.62,"[1, 48, 8]","[{""policy"": ""ambulance_new_base"", ""target_id"": ""REG002"", ""target_name"": ""봉명동""}, {""policy"": ""hospital_upgrade"", ""target_id"": ""JDQ4MTYyMiM2MSMkMSMkMiMkOTkkMzgxMzUxIzIxIyQxIyQxIyQ5MiQyNjEwMDIjNjEjJDEjJDAjJDgz"", ""target_name"": ""두정이진병원""}, {""policy"": ""ambulance_new_base"", ""target_id"": ""REG009"", ""target_name"": ""청룡동""}]"
446,42,0.8898066015525252,5.599677419354838,10.348542310661193,15.948219730016032,6.034316313600623,12.374772359068693,18.40908867266932,11.18,29.62,"[49, 45, 31]","[{""policy"": ""hospital_upgrade"", ""target_id"": ""JDQ4MTYyMiM2MSMkMSMkMiMkOTkkMzgxMzUxIzIxIyQxIyQxIyQwMyQyNjE0ODEjNTEjJDEjJDYjJDgz"", ""target_name"": ""천안21세기병원""}, {""policy"": ""hospital_upgrade"", ""target_id"": ""JDQ4MTYyMiM2MSMkMSMkMiMkOTkkMzgxMzUxIzIxIyQxIyQxIyQ3OSQyNjEyMjIjNDEjJDEjJDgjJDgz"", ""target_name"": ""우리척병원""}, {""policy"": ""hospital_upgrade"", ""target_id"": ""JDQ4MTYyMiM2MSMkMSMkMiMkOTkkMzgxMzUxIzExIyQxIyQ3IyQ4OSQzNjE0ODEjODEjJDEjJDYjJDgz"", ""target_name"": ""새로나병원""}]"
447,42,0.8998573137623893,5.3432258064516125,10.593023926512162,15.936249732963772,5.838491576775618,12.560546383683837,18.399037960459456,11.18,29.62,"[49, 3, 32]","[{""policy"": ""hospital_upgrade"", ""target_id"": ""JDQ4MTYyMiM2MSMkMSMkMiMkOTkkMzgxMzUxIzIxIyQxIyQxIyQwMyQyNjE0ODEjNTEjJDEjJDYjJDgz"", ""target_name"": ""천안21세기병원""}, {""policy"": ""ambulance_new_base"", ""target_id"": ""REG004"", ""target_name"": ""신안동""}, {""policy"": ""hospital_upgrade"", ""target_id"": ""JDQ4MTYyMiM2MSMkMSMkMiMkOTkkMzgxMzUxIzExIyQxIyQ3IyQ5OSQ0NjE0ODEjODEjJDEjJDYjJDgz"", ""target_name"": ""예일병원""}]"
448,42,1.2387813889127557,5.138387096774193,10.92879511789891,16.067182214673103,5.322777714601337,12.737336170707753,18.06011388530909,10.85,29.62,"[40, 14, 12]","[{""policy"": ""hospital_upgrade"", ""target_id"": ""JDQ4MTYyMiM2MSMkMSMkMiMkOTkkMzgxMzUxIzIxIyQxIyQ1IyQ4OSQyNjEyMjIjNjEjJDEjJDQjJDgz"", ""target_name"": ""서울프라임병원""}, {""policy"": ""ambulance_new_base"", ""target_id"": ""REG015"", ""target_name"": ""수신면""}, {""policy"": ""ambulance_new_base"", ""target_id"": ""REG013"", ""target_name"": ""북면""}]"
449,42,0.7416435836160922,5.185991120700654,11.093193138623256,16.27918425932391,5.68313577995769,12.874115910648063,18.557251690605753,11.18,29.62,"[23, 34, 11]","[{""policy"": ""ambulance_new_base"", ""target_id"": ""REG024"", ""target_name"": ""성정2동""}, {""policy"": ""hospital_upgrade"", ""target_id"": ""JDQ4MTYyMiM2MSMkMSMkMiMkOTkkMzgxMzUxIzIxIyQxIyQ1IyQ2MiQ0NjE0ODEjNjEjJDEjJDgjJDgz"", ""target_name"": ""천안해울병원""}, {""policy"": ""ambulance_new_base"", ""target_id"": ""REG012"", ""target_name"": ""병천면""}]"
450,42,1.0878805850684365,5.113225806451613,10.860143321295778,15.973369127747391,5.504674767691207,12.706339921462204,18.21101468915341,11.18,29.62,"[29, 9, 42]","[{""policy"": ""ambulance_new_base"", ""target_id"": ""REG030"", ""target_name"": ""성환읍""}, {""policy"": ""ambulance_new_base"", ""target_id"": ""REG010"", ""target_name"": ""광덕면""}, {""policy"": ""hospital_upgrade"", ""target_id"": ""JDQ4MTYyMiM2MSMkMSMkMiMkOTkkMzgxMzUxIzIxIyQxIyQxIyQ2MiQ0NjE0ODEjNDEjJDEjJDQjJDgz"", ""target_name"": ""연세나무병원""}]"
451,42,0.3016775491251238,5.208756912944609,11.594193548387098,16.802950461331708,5.7326387644755,13.264578960621222,18.99721772509672,11.18,29.62,"[12, 25, 28]","[{""policy"": ""ambulance_new_base"", ""target_id"": ""REG013"", ""target_name"": ""북면""}, {""policy"": ""ambulance_new_base"", ""target_id"": ""REG026"", ""target_name"": ""쌍용2동""}, {""policy"": ""ambulance_new_base"", ""target_id"": ""REG029"", ""target_name"": ""성거읍""}]"
452,42,0.7006311625203594,5.599677419354838,10.562987675059768,16.162665094414606,6.034316313600623,12.563947798100864,18.598264111701486,11.18,29.62,"[52, 41, 34]","[{""policy"": ""hospital_upgrade"", ""target_id"": ""JDQ4MTYyMiM2MSMkMSMkMiMkOTkkMzgxMzUxIzIxIyQyIyQ1IyQwMCQyNjEwMDIjNDEjJDEjJDgjJDgz"", ""target_name"": ""이화병원""}, {""policy"": ""hospital_upgrade"", ""target_id"": ""JDQ4MTYyMiM2MSMkMSMkMiMkOTkkMzgxMzUxIzIxIyQxIyQ1IyQ5OSQzNjEyMjIjNjEjJDEjJDQjJDgz"", ""target_name"": ""천안다나힐병원""}, {""policy"": ""hospital_upgrade"", ""target_id"": ""JDQ4MTYyMiM2MSMkMSMkMiMkOTkkMzgxMzUxIzIxIyQxIyQ1IyQ2MiQ0NjE0ODEjNjEjJDEjJDgjJDgz"", ""target_name"": ""천안해울병원""}]"
453,42,0.8926171049468081,5.284148661359985,10.639555020809722,15.92370368216971,5.784166068643291,12.62211210063175,18.406278169275037,11.18,29.62,"[52, 1, 51]","[{""policy"": ""hospital_upgrade"", ""target_id"": ""JDQ4MTYyMiM2MSMkMSMkMiMkOTkkMzgxMzUxIzIxIyQyIyQ1IyQwMCQyNjEwMDIjNDEjJDEjJDgjJDgz"", ""target_name"": ""이화병원""}, {""policy"": ""ambulance_new_base"", ""target_id"": ""REG002"", ""target_name"": ""봉명동""}, {""policy"": ""hospital_upgrade"", ""target_id"": ""JDQ4MTYyMiM2MSMkMSMkMiMkOTkkMzgxMzUxIzIxIyQxIyQxIyQxMyQyNjEyMjIjNzEjJDEjJDgjJDgz"", ""target_name"": ""SG삼성조은병원""}]"
454,42,0.8554053665666821,5.389711263171298,10.646491748986543,16.036203012157845,5.852393808666708,12.591096098988457,18.443489907655163,11.18,29.62,"[38, 35, 4]","[{""policy"": ""hospital_upgrade"", ""target_id"": ""JDQ4MTYyMiM2MSMkMSMkMiMkOTkkMzgxMzUxIzIxIyQxIyQ1IyQ4OSQ0NjEwMDIjNTEjJDEjJDIjJDgz"", ""target_name"": ""천안리턴병원""}, {""policy"": ""hospital_upgrade"", ""target_id"": ""JDQ4MTYyMiM2MSMkMSMkMiMkOTkkMzgxMzUxIzIxIyQxIyQ1IyQ2MiQzNjE4MzIjODEjJDEjJDIjJDgz"", ""target_name"": ""돋움병원""}, {""policy"": ""ambulance_new_base"", ""target_id"": ""REG005"", ""target_name"": ""원성1동""}]"
455,42,0.8589770622472379,5.340322580645161,10.912914642839256,16.25323722348442,5.701267869907076,12.738650342067533,18.439918211974607,11.18,29.62,"[15, 16, 51]","[{""policy"": ""ambulance_new_base"", ""target_id"": ""REG016"", ""target_name"": ""풍세면""}, {""policy"": ""ambulance_new_base"", ""target_id"": ""REG017"", ""target_name"": ""목천읍""}, {""policy"": ""hospital_upgrade"", ""target_id"": ""JDQ4MTYyMiM2MSMkMSMkMiMkOTkkMzgxMzUxIzIxIyQxIyQxIyQxMyQyNjEyMjIjNzEjJDEjJDgjJDgz"", ""target_name"": ""SG삼성조은병원""}]"
456,42,0.823235998845707,4.874940698958119,11.594193548387098,16.469134247345217,5.211080314754915,13.264578960621222,18.475659275376138,11.18,29.62,"[21, 2, 10]","[{""policy"": ""ambulance_new_base"", ""target_id"": ""REG022"", ""target_name"": ""불당2동""}, {""policy"": ""ambulance_new_base"", ""target_id"": ""REG003"", ""target_name"": ""신방동""}, {""policy"": ""ambulance_new_base"", ""target_id"": ""REG011"", ""target_name"": ""동면""}]"
457,42,0.8419123265208697,5.139042286547038,10.922183961670516,16.061226248217555,5.719770183658134,12.737212764042843,18.456982947700975,11.18,29.62,"[38, 18, 17]","[{""policy"": ""hospital_upgrade"", ""target_id"": ""JDQ4MTYyMiM2MSMkMSMkMiMkOTkkMzgxMzUxIzIxIyQxIyQ1IyQ4OSQ0NjEwMDIjNTEjJDEjJDIjJDgz"", ""target_name"": ""천안리턴병원""}, {""policy"": ""ambulance_new_base"", ""target_id"": ""REG019"", ""target_name"": ""부성1동""}, {""policy"": ""ambulance_new_base"", ""target_id"": ""REG018"", ""target_name"": ""백석동""}]"
458,42,0.9016847022624432,5.599677419354838,10.29179685793669,15.89147427729153,6.034316313600623,12.362894258358784,18.397210571959402,11.18,29.62,"[47, 42, 43]","[{""policy"": ""hospital_upgrade"", ""target_id"": ""JDQ4MTYyMiM2MSMkMSMkMiMkOTkkMzgxMzUxIzIxIyQxIyQxIyQ5MiQyNjE4MzIjNDEjJDEjJDgjJDgz"", ""target_name"": ""혜성산부인과병원""}, {""policy"": ""hospital_upgrade"", ""target_id"": ""JDQ4MTYyMiM2MSMkMSMkMiMkOTkkMzgxMzUxIzIxIyQxIyQxIyQ2MiQ0NjE0ODEjNDEjJDEjJDQjJDgz"", ""target_name"": ""연세나무병원""}, {""policy"": ""hospital_upgrade"", ""target_id"": ""JDQ4MTYyMiM2MSMkMSMkMiMkOTkkMzgxMzUxIzIxIyQxIyQxIyQ3MiQyNjE0ODEjNDEjJDEjJDgjJDgz"", ""target_name"": ""천안재활병원""}]"
459,42,0.36823989152615866,5.115602938980975,11.594193548387098,16.70979648736807,5.666076422074469,13.264578960621222,18.930655382695686,11.18,29.62,"[20, 16, 12]","[{""policy"": ""ambulance_new_base"", ""target_id"": ""REG021"", ""target_name"": ""불당1동""}, {""policy"": ""ambulance_new_base"", ""target_id"": ""REG017"", ""target_name"": ""목천읍""}, {""policy"": ""ambulance_new_base"", ""target_id"": ""REG013"", ""target_name"": ""북면""}]"
460,42,0.9006773248007427,5.114987035003934,10.92879511789891,16.043782152902843,5.66088177871335,12.737336170707753,18.398217949421102,11.18,29.62,"[26, 8, 40]","[{""policy"": ""ambulance_new_base"", ""target_id"": ""REG027"", ""target_name"": ""쌍용3동""}, {""policy"": ""ambulance_new_base"", ""target_id"": ""REG009"", ""target_name"": ""청룡동""}, {""policy"": ""hospital_upgrade"", ""target_id"": ""JDQ4MTYyMiM2MSMkMSMkMiMkOTkkMzgxMzUxIzIxIyQxIyQ1IyQ4OSQyNjEyMjIjNjEjJDEjJDQjJDgz"", ""target_name"": ""서울프라임병원""}]"
461,42,1.3786797023667248,4.7298987522664095,11.594193548387098,16.324092300653508,4.6556366112339,13.264578960621222,17.92021557185512,11.18,29.62,"[13, 7, 30]","[{""policy"": ""ambulance_new_base"", ""target_id"": ""REG014"", ""target_name"": ""성남면""}, {""policy"": ""ambulance_new_base"", ""target_id"": ""REG008"", ""target_name"": ""중앙동""}, {""policy"": ""ambulance_new_base"", ""target_id"": ""REG031"", ""target_name"": ""직산읍""}]"
462,42,0.44350025527506887,5.11745319865517,11.594193548387098,16.711646747042263,5.590816058325554,13.264578960621222,18.855395018946776,11.18,29.62,"[8, 16, 4]","[{""policy"": ""ambulance_new_base"", ""target_id"": ""REG009"", ""target_name"": ""청룡동""}, {""policy"": ""ambulance_new_base"", ""target_id"": ""REG017"", ""target_name"": ""목천읍""}, {""policy"": ""ambulance_new_base"", ""target_id"": ""REG005"", ""target_name"": ""원성1동""}]"
463,42,0.8157777064786558,4.961612903225806,11.594193548387098,16.555806451612902,5.218538607121968,13.264578960621222,18.48311756774319,10.85,29.62,"[3, 27, 14]","[{""policy"": ""ambulance_new_base"", ""target_id"": ""REG004"", ""target_name"": ""신안동""}, {""policy"": ""ambulance_new_base"", ""target_id"": ""REG028"", ""target_name"": ""입장면""}, {""policy"": ""ambulance_new_base"", ""target_id"": ""REG015"", ""target_name"": ""수신면""}]"
464,42,0.6093688334870926,4.94733003617524,11.594193548387098,16.541523584562338,5.4249474801135324,13.264578960621222,18.689526440734753,11.18,29.62,"[0, 4, 23]","[{""policy"": ""ambulance_new_base"", ""target_id"": ""REG001"", ""target_name"": ""문성동""}, {""policy"": ""ambulance_new_base"", ""target_id"": ""REG005"", ""target_name"": ""원성1동""}, {""policy"": ""ambulance_new_base"", ""target_id"": ""REG024"", ""target_name"": ""성정2동""}]"
465,42,0.6157980138985479,4.89161395737571,11.594193548387098,16.485807505762807,5.418518299702079,13.264578960621222,18.683097260323297,11.18,29.62,"[5, 17, 1]","[{""policy"": ""ambulance_new_base"", ""target_id"": ""REG006"", ""target_name"": ""원성2동""}, {""policy"": ""ambulance_new_base"", ""target_id"": ""REG018"", ""target_name"": ""백석동""}, {""policy"": ""ambulance_new_base"", ""target_id"": ""REG002"", ""target_name"": ""봉명동""}]"
466,42,0.33284661247823877,5.297429383321232,11.519141813354748,16.81657119667598,5.750457078518099,13.215591583225512,18.966048661743606,11.18,29.62,"[17, 8, 41]","[{""policy"": ""ambulance_new_base"", ""target_id"": ""REG018"", ""target_name"": ""백석동""}, {""policy"": ""ambulance_new_base"", ""target_id"": ""REG009"", ""target_name"": ""청룡동""}, {""policy"": ""hospital_upgrade"", ""target_id"": ""JDQ4MTYyMiM2MSMkMSMkMiMkOTkkMzgxMzUxIzIxIyQxIyQ1IyQ5OSQzNjEyMjIjNjEjJDEjJDQjJDgz"", ""target_name"": ""천안다나힐병원""}]"
467,42,1.0757704860373032,4.982580645161289,11.138559464269987,16.121140109431277,5.242313300084474,12.980811488100068,18.223124788184542,10.85,29.62,"[3, 44, 14]","[{""policy"": ""ambulance_new_base"", ""target_id"": ""REG004"", ""target_name"": ""신안동""}, {""policy"": ""hospital_upgrade"", ""target_id"": ""JDQ4MTYyMiM2MSMkMSMkMiMkOTkkMzgxMzUxIzIxIyQxIyQxIyQ3MiQzNjE4MzIjODEjJDEjJDYjJDgz"", ""target_name"": ""삼성스카이병원""}, {""policy"": ""ambulance_new_base"", ""target_id"": ""REG015"", ""target_name"": ""수신면""}]"
468,42,0.45752004675746605,5.405991120700654,11.013231528881516,16.419222649582167,5.9421437158209685,12.899231511643416,18.84137522746438,11.18,29.62,"[23, 43, 27]","[{""policy"": ""ambulance_new_base"", ""target_id"": ""REG024"", ""target_name"": ""성정2동""}, {""policy"": ""hospital_upgrade"", ""target_id"": ""JDQ4MTYyMiM2MSMkMSMkMiMkOTkkMzgxMzUxIzIxIyQxIyQxIyQ3MiQyNjE0ODEjNDEjJDEjJDgjJDgz"", ""target_name"": ""천안재활병원""}, {""policy"": ""ambulance_new_base"", ""target_id"": ""REG028"", ""target_name"": ""입장면""}]"
469,42,0.3700873457459828,5.1062118091002535,11.594193548387098,16.70040535748735,5.664228967854643,13.264578960621222,18.928807928475862,11.18,29.62,"[21, 20, 28]","[{""policy"": ""ambulance_new_base"", ""target_id"": ""REG022"", ""target_name"": ""불당2동""}, {""policy"": ""ambulance_new_base"", ""target_id"": ""REG021"", ""target_name"": ""불당1동""}, {""policy"": ""ambulance_new_base"", ""target_id"": ""REG029"", ""target_name"": ""성거읍""}]"
470,42,0.9487426331636115,5.26678422203091,10.914895644369402,16.181679866400312,5.612300968634415,12.73785167242382,18.350152641058234,11.18,29.62,"[39, 17, 13]","[{""policy"": ""hospital_upgrade"", ""target_id"": ""JDQ4MTYyMiM2MSMkMSMkMiMkOTkkMzgxMzUxIzIxIyQxIyQ1IyQ4OSQyNjE4MzIjNTEjJDEjJDYjJDgz"", ""target_name"": ""아이본병원""}, {""policy"": ""ambulance_new_base"", ""target_id"": ""REG018"", ""target_name"": ""백석동""}, {""policy"": ""ambulance_new_base"", ""target_id"": ""REG014"", ""target_name"": ""성남면""}]"
471,42,0.684750724493675,5.578709677419353,10.733809640779084,16.312519318198436,6.010541620638118,12.603602929090055,18.61414454972817,11.18,29.62,"[37, 27, 39]","[{""policy"": ""hospital_upgrade"", ""target_id"": ""JDQ4MTYyMiM2MSMkMSMkMiMkOTkkMzgxMzUxIzIxIyQxIyQ1IyQ3OSQzNjE4MzIjODEjJDEjJDYjJDgz"", ""target_name"": ""앙즈로여성병원""}, {""policy"": ""ambulance_new_base"", ""target_id"": ""REG028"", ""target_name"": ""입장면""}, {""policy"": ""hospital_upgrade"", ""target_id"": ""JDQ4MTYyMiM2MSMkMSMkMiMkOTkkMzgxMzUxIzIxIyQxIyQ1IyQ4OSQyNjE4MzIjNTEjJDEjJDYjJDgz"", ""target_name"": ""아이본병원""}]"
472,42,0.6605314696365312,4.856553602183927,11.594193548387098,16.450747150571022,5.373784843964091,13.264578960621222,18.638363804585314,11.18,29.62,"[11, 18, 21]","[{""policy"": ""ambulance_new_base"", ""target_id"": ""REG012"", ""target_name"": ""병천면""}, {""policy"": ""ambulance_new_base"", ""target_id"": ""REG019"", ""target_name"": ""부성1동""}, {""policy"": ""ambulance_new_base"", ""target_id"": ""REG022"", ""target_name"": ""불당2동""}]"
473,42,0.9405518829718424,5.599677419354838,10.44924004670865,16.04891746606349,6.034316313600623,12.324027077649381,18.358343391250003,11.18,29.62,"[50, 39, 33]","[{""policy"": ""hospital_upgrade"", ""target_id"": ""JDQ4MTYyMiM2MSMkMSMkMiMkOTkkMzgxMzUxIzIxIyQxIyQxIyQwMyQyNjE4MzIjODEjJDEjJDIjJDgz"", ""target_name"": ""서울대정병원""}, {""policy"": ""hospital_upgrade"", ""target_id"": ""JDQ4MTYyMiM2MSMkMSMkMiMkOTkkMzgxMzUxIzIxIyQxIyQ1IyQ4OSQyNjE4MzIjNTEjJDEjJDYjJDgz"", ""target_name"": ""아이본병원""}, {""policy"": ""hospital_upgrade"", ""target_id"": ""JDQ4MTYyMiM2MSMkMSMkMiMkOTkkMzgxMzUxIzExIyQyIyQ3IyQwMCQ0NjE0ODEjNjEjJDEjJDgjJDgz"", ""target_name"": ""천안우리병원""}]"
474,42,0.5762376257140183,5.032301936815112,11.594193548387098,16.62649548520221,5.458078687886608,13.264578960621222,18.722657648507827,11.18,29.62,"[17, 9, 4]","[{""policy"": ""ambulance_new_base"", ""target_id"": ""REG018"", ""target_name"": ""백석동""}, {""policy"": ""ambulance_new_base"", ""target_id"": ""REG010"", ""target_name"": ""광덕면""}, {""policy"": ""ambulance_new_base"", ""target_id"": ""REG005"", ""target_name"": ""원성1동""}]"
475,42,0.8203871238298888,5.166451612903225,10.860143321295778,16.026594934199004,5.772168228929754,12.706339921462204,18.478508150391956,11.18,29.62,"[2, 3, 42]","[{""policy"": ""ambulance_new_base"", ""target_id"": ""REG003"", ""target_name"": ""신방동""}, {""policy"": ""ambulance_new_base"", ""target_id"": ""REG004"", ""target_name"": ""신안동""}, {""policy"": ""hospital_upgrade"", ""target_id"": ""JDQ4MTYyMiM2MSMkMSMkMiMkOTkkMzgxMzUxIzIxIyQxIyQxIyQ2MiQ0NjE0ODEjNDEjJDEjJDQjJDgz"", ""target_name"": ""연세나무병원""}]"
476,42,1.2441091367966557,5.232801978072861,10.507843211080171,15.740645189153033,5.567406178782148,12.487379958643041,18.05478613742519,11.18,29.62,"[50, 44, 7]","[{""policy"": ""hospital_upgrade"", ""target_id"": ""JDQ4MTYyMiM2MSMkMSMkMiMkOTkkMzgxMzUxIzIxIyQxIyQxIyQwMyQyNjE4MzIjODEjJDEjJDIjJDgz"", ""target_name"": ""서울대정병원""}, {""policy"": ""hospital_upgrade"", ""target_id"": ""JDQ4MTYyMiM2MSMkMSMkMiMkOTkkMzgxMzUxIzIxIyQxIyQxIyQ3MiQzNjE4MzIjODEjJDEjJDYjJDgz"", ""target_name"": ""삼성스카이병원""}, {""policy"": ""ambulance_new_base"", ""target_id"": ""REG008"", ""target_name"": ""중앙동""}]"
477,42,0.7672068705992672,5.225991120700654,11.033865820568307,16.25985694126896,5.673248279145421,12.858440124477161,18.531688403622578,11.18,29.62,"[48, 9, 23]","[{""policy"": ""hospital_upgrade"", ""target_id"": ""JDQ4MTYyMiM2MSMkMSMkMiMkOTkkMzgxMzUxIzIxIyQxIyQxIyQ5MiQyNjEwMDIjNjEjJDEjJDAjJDgz"", ""target_name"": ""두정이진병원""}, {""policy"": ""ambulance_new_base"", ""target_id"": ""REG010"", ""target_name"": ""광덕면""}, {""policy"": ""ambulance_new_base"", ""target_id"": ""REG024"", ""target_name"": ""성정2동""}]"
478,42,0.9040061876209364,5.599677419354838,10.40350506215202,16.003182481506858,6.034316313600623,12.360572773000285,18.39488908660091,11.18,29.62,"[44, 49, 51]","[{""policy"": ""hospital_upgrade"", ""target_id"": ""JDQ4MTYyMiM2MSMkMSMkMiMkOTkkMzgxMzUxIzIxIyQxIyQxIyQ3MiQzNjE4MzIjODEjJDEjJDYjJDgz"", ""target_name"": ""삼성스카이병원""}, {""policy"": ""hospital_upgrade"", ""target_id"": ""JDQ4MTYyMiM2MSMkMSMkMiMkOTkkMzgxMzUxIzIxIyQxIyQxIyQwMyQyNjE0ODEjNTEjJDEjJDYjJDgz"", ""target_name"": ""천안21세기병원""}, {""policy"": ""hospital_upgrade"", ""target_id"": ""JDQ4MTYyMiM2MSMkMSMkMiMkOTkkMzgxMzUxIzIxIyQxIyQxIyQxMyQyNjEyMjIjNzEjJDEjJDgjJDgz"", ""target_name"": ""SG삼성조은병원""}]"
479,42,0.6349653570986504,5.225991120700654,11.098534409726106,16.32452553042676,5.673248279145421,12.990681637977776,18.663929917123195,11.18,29.62,"[9, 32, 23]","[{""policy"": ""ambulance_new_base"", ""target_id"": ""REG010"", ""target_name"": ""광덕면""}, {""policy"": ""hospital_upgrade"", ""target_id"": ""JDQ4MTYyMiM2MSMkMSMkMiMkOTkkMzgxMzUxIzExIyQxIyQ3IyQ5OSQ0NjE0ODEjODEjJDEjJDYjJDgz"", ""target_name"": ""예일병원""}, {""policy"": ""ambulance_new_base"", ""target_id"": ""REG024"", ""target_name"": ""성정2동""}]"
480,42,0.970602724112581,5.466774193548386,10.796819807799562,16.263594001347947,5.780631376307751,12.547661173801513,18.328292550109264,11.18,29.62,"[15, 49, 33]","[{""policy"": ""ambulance_new_base"", ""target_id"": ""REG016"", ""target_name"": ""풍세면""}, {""policy"": ""hospital_upgrade"", ""target_id"": ""JDQ4MTYyMiM2MSMkMSMkMiMkOTkkMzgxMzUxIzIxIyQxIyQxIyQwMyQyNjE0ODEjNTEjJDEjJDYjJDgz"", ""target_name"": ""천안21세기병원""}, {""policy"": ""hospital_upgrade"", ""target_id"": ""JDQ4MTYyMiM2MSMkMSMkMiMkOTkkMzgxMzUxIzExIyQyIyQ3IyQwMCQ0NjE0ODEjNjEjJDEjJDgjJDgz"", ""target_name"": ""천안우리병원""}]"
481,42,1.154080043418979,5.019231676229747,10.914895644369402,15.934127320599153,5.406963558379047,12.73785167242382,18.144815230802866,11.18,29.62,"[39, 0, 29]","[{""policy"": ""hospital_upgrade"", ""target_id"": ""JDQ4MTYyMiM2MSMkMSMkMiMkOTkkMzgxMzUxIzIxIyQxIyQ1IyQ4OSQyNjE4MzIjNTEjJDEjJDYjJDgz"", ""target_name"": ""아이본병원""}, {""policy"": ""ambulance_new_base"", ""target_id"": ""REG001"", ""target_name"": ""문성동""}, {""policy"": ""ambulance_new_base"", ""target_id"": ""REG030"", ""target_name"": ""성환읍""}]"
482,42,0.8813043456259884,5.36265655090189,10.813555326452196,16.17621187735408,5.746462939276316,12.671127989319542,18.417590928595857,11.18,29.62,"[37, 42, 19]","[{""policy"": ""hospital_upgrade"", ""target_id"": ""JDQ4MTYyMiM2MSMkMSMkMiMkOTkkMzgxMzUxIzIxIyQxIyQ1IyQ3OSQzNjE4MzIjODEjJDEjJDYjJDgz"", ""target_name"": ""앙즈로여성병원""}, {""policy"": ""hospital_upgrade"", ""target_id"": ""JDQ4MTYyMiM2MSMkMSMkMiMkOTkkMzgxMzUxIzIxIyQxIyQxIyQ2MiQ0NjE0ODEjNDEjJDEjJDQjJDgz"", ""target_name"": ""연세나무병원""}, {""policy"": ""ambulance_new_base"", ""target_id"": ""REG020"", ""target_name"": ""부성2동""}]"
483,42,0.5202332951023081,5.401935483870967,11.08868306517315,16.490618549044118,5.944218272792253,12.834443706327281,18.778661979119537,11.18,29.62,"[49, 27, 2]","[{""policy"": ""hospital_upgrade"", ""target_id"": ""JDQ4MTYyMiM2MSMkMSMkMiMkOTkkMzgxMzUxIzIxIyQxIyQxIyQwMyQyNjE0ODEjNTEjJDEjJDYjJDgz"", ""target_name"": ""천안21세기병원""}, {""policy"": ""ambulance_new_base"", ""target_id"": ""REG028"", ""target_name"": ""입장면""}, {""policy"": ""ambulance_new_base"", ""target_id"": ""REG003"", ""target_name"": ""신방동""}]"
484,42,0.8015227882080644,5.088718661490889,11.098534409726106,16.187253071216997,5.506690848036006,12.990681637977776,18.49737248601378,11.18,29.62,"[32, 13, 24]","[{""policy"": ""hospital_upgrade"", ""target_id"": ""JDQ4MTYyMiM2MSMkMSMkMiMkOTkkMzgxMzUxIzExIyQxIyQ3IyQ5OSQ0NjE0ODEjODEjJDEjJDYjJDgz"", ""target_name"": ""예일병원""}, {""policy"": ""ambulance_new_base"", ""target_id"": ""REG014"", ""target_name"": ""성남면""}, {""policy"": ""ambulance_new_base"", ""target_id"": ""REG025"", ""target_name"": ""쌍용1동""}]"
485,42,1.2049504367628003,5.120174750773638,10.914895644369402,16.03507039514304,5.356093165035228,12.73785167242382,18.093944837459045,11.18,29.62,"[39, 13, 5]","[{""policy"": ""hospital_upgrade"", ""target_id"": ""JDQ4MTYyMiM2MSMkMSMkMiMkOTkkMzgxMzUxIzIxIyQxIyQ1IyQ4OSQyNjE4MzIjNTEjJDEjJDYjJDgz"", ""target_name"": ""아이본병원""}, {""policy"": ""ambulance_new_base"", ""target_id"": ""REG014"", ""target_name"": ""성남면""}, {""policy"": ""ambulance_new_base"", ""target_id"": ""REG006"", ""target_name"": ""원성2동""}]"
486,42,0.4552058249851214,5.065602938980976,11.594193548387098,16.659796487368073,5.579110488615505,13.264578960621222,18.843689449236724,11.18,29.62,"[8, 28, 20]","[{""policy"": ""ambulance_new_base"", ""target_id"": ""REG009"", ""target_name"": ""청룡동""}, {""policy"": ""ambulance_new_base"", ""target_id"": ""REG029"", ""target_name"": ""성거읍""}, {""policy"": ""ambulance_new_base"", ""target_id"": ""REG021"", ""target_name"": ""불당1동""}]"
487,42,0.42258721384937203,5.142762485110285,11.594193548387098,16.73695603349738,5.611729099751254,13.264578960621222,18.876308060372473,11.18,29.62,"[27, 8, 6]","[{""policy"": ""ambulance_new_base"", ""target_id"": ""REG028"", ""target_name"": ""입장면""}, {""policy"": ""ambulance_new_base"", ""target_id"": ""REG009"", ""target_name"": ""청룡동""}, {""policy"": ""ambulance_new_base"", ""target_id"": ""REG007"", ""target_name"": ""일봉동""}]"
488,42,0.7340381712739941,5.468387096774193,10.764007041540722,16.232394138314916,5.934840795373318,12.630016307574536,18.56485710294785,11.18,29.62,"[33, 28, 35]","[{""policy"": ""hospital_upgrade"", ""target_id"": ""JDQ4MTYyMiM2MSMkMSMkMiMkOTkkMzgxMzUxIzExIyQyIyQ3IyQwMCQ0NjE0ODEjNjEjJDEjJDgjJDgz"", ""target_name"": ""천안우리병원""}, {""policy"": ""ambulance_new_base"", ""target_id"": ""REG029"", ""target_name"": ""성거읍""}, {""policy"": ""hospital_upgrade"", ""target_id"": ""JDQ4MTYyMiM2MSMkMSMkMiMkOTkkMzgxMzUxIzIxIyQxIyQ1IyQ2MiQzNjE4MzIjODEjJDEjJDIjJDgz"", ""target_name"": ""돋움병원""}]"
489,42,0.8750410832536559,5.000521998810393,11.101640188418845,16.102162187229236,5.431033835849968,12.992820355118223,18.42385419096819,11.18,29.62,"[52, 0, 18]","[{""policy"": ""hospital_upgrade"", ""target_id"": ""JDQ4MTYyMiM2MSMkMSMkMiMkOTkkMzgxMzUxIzIxIyQyIyQ1IyQwMCQyNjEwMDIjNDEjJDEjJDgjJDgz"", ""target_name"": ""이화병원""}, {""policy"": ""ambulance_new_base"", ""target_id"": ""REG001"", ""target_name"": ""문성동""}, {""policy"": ""ambulance_new_base"", ""target_id"": ""REG019"", ""target_name"": ""부성1동""}]"
490,42,0.8981449862045103,5.599677419354838,10.310580007937734,15.910257427292574,6.034316313600623,12.366433974416715,18.400750288017335,11.18,29.62,"[40, 45, 34]","[{""policy"": ""hospital_upgrade"", ""target_id"": ""JDQ4MTYyMiM2MSMkMSMkMiMkOTkkMzgxMzUxIzIxIyQxIyQ1IyQ4OSQyNjEyMjIjNjEjJDEjJDQjJDgz"", ""target_name"": ""서울프라임병원""}, {""policy"": ""hospital_upgrade"", ""target_id"": ""JDQ4MTYyMiM2MSMkMSMkMiMkOTkkMzgxMzUxIzIxIyQxIyQxIyQ3OSQyNjEyMjIjNDEjJDEjJDgjJDgz"", ""target_name"": ""우리척병원""}, {""policy"": ""hospital_upgrade"", ""target_id"": ""JDQ4MTYyMiM2MSMkMSMkMiMkOTkkMzgxMzUxIzIxIyQxIyQ1IyQ2MiQ0NjE0ODEjNjEjJDEjJDgjJDgz"", ""target_name"": ""천안해울병원""}]"
491,42,1.127902974090194,5.2966263636768645,10.60536420753922,15.901990571216084,5.6764635188593875,12.494528781272265,18.17099230013165,11.18,29.62,"[42, 5, 46]","[{""policy"": ""hospital_upgrade"", ""target_id"": ""JDQ4MTYyMiM2MSMkMSMkMiMkOTkkMzgxMzUxIzIxIyQxIyQxIyQ2MiQ0NjE0ODEjNDEjJDEjJDQjJDgz"", ""target_name"": ""연세나무병원""}, {""policy"": ""ambulance_new_base"", ""target_id"": ""REG006"", ""target_name"": ""원성2동""}, {""policy"": ""hospital_upgrade"", ""target_id"": ""JDQ4MTYyMiM2MSMkMSMkMiMkOTkkMzgxMzUxIzIxIyQxIyQxIyQ4OSQ0NjE0ODEjODEjJDEjJDIjJDgz"", ""target_name"": ""서울우리병원""}]"
492,42,0.9162047880048654,5.265170274394114,10.676082023976006,15.941252298370122,5.8270612018601655,12.555629284356812,18.38269048621698,11.18,29.62,"[49, 24, 43]","[{""policy"": ""hospital_upgrade"", ""target_id"": ""JDQ4MTYyMiM2MSMkMSMkMiMkOTkkMzgxMzUxIzIxIyQxIyQxIyQwMyQyNjE0ODEjNTEjJDEjJDYjJDgz"", ""target_name"": ""천안21세기병원""}, {""policy"": ""ambulance_new_base"", ""target_id"": ""REG025"", ""target_name"": ""쌍용1동""}, {""policy"": ""hospital_upgrade"", ""target_id"": ""JDQ4MTYyMiM2MSMkMSMkMiMkOTkkMzgxMzUxIzIxIyQxIyQxIyQ3MiQyNjE0ODEjNDEjJDEjJDgjJDgz"", ""target_name"": ""천안재활병원""}]"
493,42,0.47126932855751136,5.043283070459391,11.594193548387098,16.637476618846488,5.563046985043116,13.264578960621222,18.827625945664334,11.18,29.62,"[25, 17, 11]","[{""policy"": ""ambulance_new_base"", ""target_id"": ""REG026"", ""target_name"": ""쌍용2동""}, {""policy"": ""ambulance_new_base"", ""target_id"": ""REG018"", ""target_name"": ""백석동""}, {""policy"": ""ambulance_new_base"", ""target_id"": ""REG012"", ""target_name"": ""병천면""}]"
494,42,1.0757151694749005,5.265806451612902,10.903044755594616,16.168851207207517,5.487961246669698,12.73521885807725,18.223180104746945,11.18,29.62,"[15, 36, 9]","[{""policy"": ""ambulance_new_base"", ""target_id"": ""REG016"", ""target_name"": ""풍세면""}, {""policy"": ""hospital_upgrade"", ""target_id"": ""JDQ4MTYyMiM2MSMkMSMkMiMkOTkkMzgxMzUxIzIxIyQxIyQ1IyQ3OSQyNjE0ODEjNDEjJDEjJDgjJDgz"", ""target_name"": ""마디손병원""}, {""policy"": ""ambulance_new_base"", ""target_id"": ""REG010"", ""target_name"": ""광덕면""}]"
495,42,0.7939223617025384,5.098663836828533,11.102009947137324,16.200673783965858,5.5116158168490825,12.993357095670223,18.504972912519307,11.18,29.62,"[5, 21, 45]","[{""policy"": ""ambulance_new_base"", ""target_id"": ""REG006"", ""target_name"": ""원성2동""}, {""policy"": ""ambulance_new_base"", ""target_id"": ""REG022"", ""target_name"": ""불당2동""}, {""policy"": ""hospital_upgrade"", ""target_id"": ""JDQ4MTYyMiM2MSMkMSMkMiMkOTkkMzgxMzUxIzIxIyQxIyQxIyQ3OSQyNjEyMjIjNDEjJDEjJDgjJDgz"", ""target_name"": ""우리척병원""}]"
496,42,0.4812925246108648,5.179779408635539,11.594193548387098,16.773972957022632,5.553023788989759,13.264578960621222,18.81760274961098,11.18,29.62,"[27, 9, 21]","[{""policy"": ""ambulance_new_base"", ""target_id"": ""REG028"", ""target_name"": ""입장면""}, {""policy"": ""ambulance_new_base"", ""target_id"": ""REG010"", ""target_name"": ""광덕면""}, {""policy"": ""ambulance_new_base"", ""target_id"": ""REG022"", ""target_name"": ""불당2동""}]"
497,42,0.8632201346849762,5.398709677419355,10.8466962068964,16.245405884315755,5.74164618396257,12.694028955574302,18.43567513953687,11.18,29.62,"[44, 9, 33]","[{""policy"": ""hospital_upgrade"", ""target_id"": ""JDQ4MTYyMiM2MSMkMSMkMiMkOTkkMzgxMzUxIzIxIyQxIyQxIyQ3MiQzNjE4MzIjODEjJDEjJDYjJDgz"", ""target_name"": ""삼성스카이병원""}, {""policy"": ""ambulance_new_base"", ""target_id"": ""REG010"", ""target_name"": ""광덕면""}, {""policy"": ""hospital_upgrade"", ""target_id"": ""JDQ4MTYyMiM2MSMkMSMkMiMkOTkkMzgxMzUxIzExIyQyIyQ3IyQwMCQ0NjE0ODEjNjEjJDEjJDgjJDgz"", ""target_name"": ""천안우리병원""}]"
498,42,0.3945848089544519,5.018064516129032,11.594193548387098,16.61225806451613,5.639731504646175,13.264578960621222,18.904310465267393,11.18,29.62,"[2, 18, 12]","[{""policy"": ""ambulance_new_base"", ""target_id"": ""REG003"", ""target_name"": ""신방동""}, {""policy"": ""ambulance_new_base"", ""target_id"": ""REG019"", ""target_name"": ""부성1동""}, {""policy"": ""ambulance_new_base"", ""target_id"": ""REG013"", ""target_name"": ""북면""}]"
499,42,0.8521505992601455,5.26678422203091,11.08868306517315,16.35546728720406,5.612300968634415,12.834443706327281,18.4467446749617,11.18,29.62,"[49, 17, 13]","[{""policy"": ""hospital_upgrade"", ""target_id"": ""JDQ4MTYyMiM2MSMkMSMkMiMkOTkkMzgxMzUxIzIxIyQxIyQxIyQwMyQyNjE0ODEjNTEjJDEjJDYjJDgz"", ""target_name"": ""천안21세기병원""}, {""policy"": ""ambulance_new_base"", ""target_id"": ""REG018"", ""target_name"": ""백석동""}, {""policy"": ""ambulance_new_base"", ""target_id"": ""REG014"", ""target_name"": ""성남면""}]"
500,42,1.0395430200444764,5.249677419354838,10.923132399002967,16.172809818357806,5.442251364611085,12.81710088956629,18.25935225417737,11.18,29.62,"[47, 41, 10]","[{""policy"": ""hospital_upgrade"", ""target_id"": ""JDQ4MTYyMiM2MSMkMSMkMiMkOTkkMzgxMzUxIzIxIyQxIyQxIyQ5MiQyNjE4MzIjNDEjJDEjJDgjJDgz"", ""target_name"": ""혜성산부인과병원""}, {""policy"": ""hospital_upgrade"", ""target_id"": ""JDQ4MTYyMiM2MSMkMSMkMiMkOTkkMzgxMzUxIzIxIyQxIyQ1IyQ5OSQzNjEyMjIjNjEjJDEjJDQjJDgz"", ""target_name"": ""천안다나힐병원""}, {""policy"": ""ambulance_new_base"", ""target_id"": ""REG011"", ""target_name"": ""동면""}]"
501,42,1.0476108427559652,5.2966263636768645,10.626367224523342,15.92299358820021,5.6764635188593875,12.574820912606496,18.25128443146588,11.18,29.62,"[5, 39, 35]","[{""policy"": ""ambulance_new_base"", ""target_id"": ""REG006"", ""target_name"": ""원성2동""}, {""policy"": ""hospital_upgrade"", ""target_id"": ""JDQ4MTYyMiM2MSMkMSMkMiMkOTkkMzgxMzUxIzIxIyQxIyQ1IyQ4OSQyNjE4MzIjNTEjJDEjJDYjJDgz"", ""target_name"": ""아이본병원""}, {""policy"": ""hospital_upgrade"", ""target_id"": ""JDQ4MTYyMiM2MSMkMSMkMiMkOTkkMzgxMzUxIzIxIyQxIyQ1IyQ2MiQzNjE4MzIjODEjJDEjJDIjJDgz"", ""target_name"": ""돋움병원""}]"
502,42,0.668815106987644,5.149207008838155,11.098534409726106,16.247741418564264,5.6393985292564235,12.990681637977776,18.6300801672342,11.18,29.62,"[32, 5, 23]","[{""policy"": ""hospital_upgrade"", ""target_id"": ""JDQ4MTYyMiM2MSMkMSMkMiMkOTkkMzgxMzUxIzExIyQxIyQ3IyQ5OSQ0NjE0ODEjODEjJDEjJDYjJDgz"", ""target_name"": ""예일병원""}, {""policy"": ""ambulance_new_base"", ""target_id"": ""REG006"", ""target_name"": ""원성2동""}, {""policy"": ""ambulance_new_base"", ""target_id"": ""REG024"", ""target_name"": ""성정2동""}]"
503,42,1.3022764962329454,5.249677419354838,10.591027005709202,15.840704425064043,5.442251364611085,12.554367413377818,17.9966187779889,11.18,29.62,"[44, 10, 51]","[{""policy"": ""hospital_upgrade"", ""target_id"": ""JDQ4MTYyMiM2MSMkMSMkMiMkOTkkMzgxMzUxIzIxIyQxIyQxIyQ3MiQzNjE4MzIjODEjJDEjJDYjJDgz"", ""target_name"": ""삼성스카이병원""}, {""policy"": ""ambulance_new_base"", ""target_id"": ""REG011"", ""target_name"": ""동면""}, {""policy"": ""hospital_upgrade"", ""target_id"": ""JDQ4MTYyMiM2MSMkMSMkMiMkOTkkMzgxMzUxIzIxIyQxIyQxIyQxMyQyNjEyMjIjNzEjJDEjJDgjJDgz"", ""target_name"": ""SG삼성조은병원""}]"
504,42,0.409964320527628,5.578709677419353,11.018218195319077,16.596927872738434,6.010541620638118,12.878389333056102,18.888930953694217,11.18,29.62,"[27, 35, 41]","[{""policy"": ""ambulance_new_base"", ""target_id"": ""REG028"", ""target_name"": ""입장면""}, {""policy"": ""hospital_upgrade"", ""target_id"": ""JDQ4MTYyMiM2MSMkMSMkMiMkOTkkMzgxMzUxIzIxIyQxIyQ1IyQ2MiQzNjE4MzIjODEjJDEjJDIjJDgz"", ""target_name"": ""돋움병원""}, {""policy"": ""hospital_upgrade"", ""target_id"": ""JDQ4MTYyMiM2MSMkMSMkMiMkOTkkMzgxMzUxIzIxIyQxIyQ1IyQ5OSQzNjEyMjIjNjEjJDEjJDQjJDgz"", ""target_name"": ""천안다나힐병원""}]"
505,42,0.644712592215221,4.914231740219308,11.594193548387098,16.508425288606404,5.389603721385408,13.264578960621222,18.654182682006624,11.18,29.62,"[11, 22, 2]","[{""policy"": ""ambulance_new_base"", ""target_id"": ""REG012"", ""target_name"": ""병천면""}, {""policy"": ""ambulance_new_base"", ""target_id"": ""REG023"", ""target_name"": ""성정1동""}, {""policy"": ""ambulance_new_base"", ""target_id"": ""REG003"", ""target_name"": ""신방동""}]"
506,42,0.8551361207203385,5.138718661490889,10.848247068703982,15.986965730194871,5.74769769545949,12.696061458042019,18.443759153501507,11.18,29.62,"[50, 24, 16]","[{""policy"": ""hospital_upgrade"", ""target_id"": ""JDQ4MTYyMiM2MSMkMSMkMiMkOTkkMzgxMzUxIzIxIyQxIyQxIyQwMyQyNjE4MzIjODEjJDEjJDIjJDgz"", ""target_name"": ""서울대정병원""}, {""policy"": ""ambulance_new_base"", ""target_id"": ""REG025"", ""target_name"": ""쌍용1동""}, {""policy"": ""ambulance_new_base"", ""target_id"": ""REG017"", ""target_name"": ""목천읍""}]"
507,42,0.7301427544731176,5.599677419354838,10.690676911603317,16.290354330958156,6.034316313600623,12.534436206148102,18.568752519748728,11.18,29.62,"[49, 41, 46]","[{""policy"": ""hospital_upgrade"", ""target_id"": ""JDQ4MTYyMiM2MSMkMSMkMiMkOTkkMzgxMzUxIzIxIyQxIyQxIyQwMyQyNjE0ODEjNTEjJDEjJDYjJDgz"", ""target_name"": ""천안21세기병원""}, {""policy"": ""hospital_upgrade"", ""target_id"": ""JDQ4MTYyMiM2MSMkMSMkMiMkOTkkMzgxMzUxIzIxIyQxIyQ1IyQ5OSQzNjEyMjIjNjEjJDEjJDQjJDgz"", ""target_name"": ""천안다나힐병원""}, {""policy"": ""hospital_upgrade"", ""target_id"": ""JDQ4MTYyMiM2MSMkMSMkMiMkOTkkMzgxMzUxIzIxIyQxIyQxIyQ4OSQ0NjE0ODEjODEjJDEjJDIjJDgz"", ""target_name"": ""서울우리병원""}]"
508,42,0.7007190516414106,5.134341873713611,11.08868306517315,16.22302493888676,5.763732516253151,12.834443706327281,18.598176222580435,11.18,29.62,"[26, 49, 16]","[{""policy"": ""ambulance_new_base"", ""target_id"": ""REG027"", ""target_name"": ""쌍용3동""}, {""policy"": ""hospital_upgrade"", ""target_id"": ""JDQ4MTYyMiM2MSMkMSMkMiMkOTkkMzgxMzUxIzIxIyQxIyQxIyQwMyQyNjE0ODEjNTEjJDEjJDYjJDgz"", ""target_name"": ""천안21세기병원""}, {""policy"": ""ambulance_new_base"", ""target_id"": ""REG017"", ""target_name"": ""목천읍""}]"
509,42,1.2732413192494505,5.239032258064516,10.591123688927318,15.830155946991834,5.438138036909479,12.587515918062918,18.025653954972395,10.85,29.62,"[14, 52, 50]","[{""policy"": ""ambulance_new_base"", ""target_id"": ""REG015"", ""target_name"": ""수신면""}, {""policy"": ""hospital_upgrade"", ""target_id"": ""JDQ4MTYyMiM2MSMkMSMkMiMkOTkkMzgxMzUxIzIxIyQyIyQ1IyQwMCQyNjEwMDIjNDEjJDEjJDgjJDgz"", ""target_name"": ""이화병원""}, {""policy"": ""hospital_upgrade"", ""target_id"": ""JDQ4MTYyMiM2MSMkMSMkMiMkOTkkMzgxMzUxIzIxIyQxIyQxIyQwMyQyNjE4MzIjODEjJDEjJDIjJDgz"", ""target_name"": ""서울대정병원""}]"
510,42,0.8139026539371379,5.016248100271297,11.519141813354748,16.535389913626048,5.2694010370591995,13.215591583225512,18.484992620284707,11.18,29.62,"[30, 20, 41]","[{""policy"": ""ambulance_new_base"", ""target_id"": ""REG031"", ""target_name"": ""직산읍""}, {""policy"": ""ambulance_new_base"", ""target_id"": ""REG021"", ""target_name"": ""불당1동""}, {""policy"": ""hospital_upgrade"", ""target_id"": ""JDQ4MTYyMiM2MSMkMSMkMiMkOTkkMzgxMzUxIzIxIyQxIyQ1IyQ5OSQzNjEyMjIjNjEjJDEjJDQjJDgz"", ""target_name"": ""천안다나힐병원""}]"
511,42,0.6489286677522337,5.232258064516128,11.302330291013508,16.534588355529635,5.672170178374162,12.977796428095454,18.64996660646961,11.18,29.62,"[11, 16, 33]","[{""policy"": ""ambulance_new_base"", ""target_id"": ""REG012"", ""target_name"": ""병천면""}, {""policy"": ""ambulance_new_base"", ""target_id"": ""REG017"", ""target_name"": ""목천읍""}, {""policy"": ""hospital_upgrade"", ""target_id"": ""JDQ4MTYyMiM2MSMkMSMkMiMkOTkkMzgxMzUxIzExIyQyIyQ3IyQwMCQ0NjE0ODEjNjEjJDEjJDgjJDgz"", ""target_name"": ""천안우리병원""}]"
512,42,0.678062037087944,5.2966263636768645,11.026958212104976,16.32358457578184,5.6764635188593875,12.944369718274512,18.6208332371339,11.18,29.62,"[45, 41, 5]","[{""policy"": ""hospital_upgrade"", ""target_id"": ""JDQ4MTYyMiM2MSMkMSMkMiMkOTkkMzgxMzUxIzIxIyQxIyQxIyQ3OSQyNjEyMjIjNDEjJDEjJDgjJDgz"", ""target_name"": ""우리척병원""}, {""policy"": ""hospital_upgrade"", ""target_id"": ""JDQ4MTYyMiM2MSMkMSMkMiMkOTkkMzgxMzUxIzIxIyQxIyQ1IyQ5OSQzNjEyMjIjNjEjJDEjJDQjJDgz"", ""target_name"": ""천안다나힐병원""}, {""policy"": ""ambulance_new_base"", ""target_id"": ""REG006"", ""target_name"": ""원성2동""}]"
513,42,0.797652675592726,5.01,11.055870298914312,16.065870298914312,5.584443758528819,12.916798840100302,18.50124259862912,11.18,29.62,"[35, 29, 18]","[{""policy"": ""hospital_upgrade"", ""target_id"": ""JDQ4MTYyMiM2MSMkMSMkMiMkOTkkMzgxMzUxIzIxIyQxIyQ1IyQ2MiQzNjE4MzIjODEjJDEjJDIjJDgz"", ""target_name"": ""돋움병원""}, {""policy"": ""ambulance_new_base"", ""target_id"": ""REG030"", ""target_name"": ""성환읍""}, {""policy"": ""ambulance_new_base"", ""target_id"": ""REG019"", ""target_name"": ""부성1동""}]"
514,42,0.631376525465047,5.331973675703178,11.227278555981158,16.559252231684336,5.7387096980570576,12.928809050699744,18.667518748756798,11.18,29.62,"[22, 33, 41]","[{""policy"": ""ambulance_new_base"", ""target_id"": ""REG023"", ""target_name"": ""성정1동""}, {""policy"": ""hospital_upgrade"", ""target_id"": ""JDQ4MTYyMiM2MSMkMSMkMiMkOTkkMzgxMzUxIzExIyQyIyQ3IyQwMCQ0NjE0ODEjNjEjJDEjJDgjJDgz"", ""target_name"": ""천안우리병원""}, {""policy"": ""hospital_upgrade"", ""target_id"": ""JDQ4MTYyMiM2MSMkMSMkMiMkOTkkMzgxMzUxIzIxIyQxIyQ1IyQ5OSQzNjEyMjIjNjEjJDEjJDQjJDgz"", ""target_name"": ""천안다나힐병원""}]"
515,42,0.6854805264093571,5.599677419354838,10.684271433749467,16.283948853104306,6.034316313600623,12.579098434211867,18.613414747812488,11.18,29.62,"[40, 38, 48]","[{""policy"": ""hospital_upgrade"", ""target_id"": ""JDQ4MTYyMiM2MSMkMSMkMiMkOTkkMzgxMzUxIzIxIyQxIyQ1IyQ4OSQyNjEyMjIjNjEjJDEjJDQjJDgz"", ""target_name"": ""서울프라임병원""}, {""policy"": ""hospital_upgrade"", ""target_id"": ""JDQ4MTYyMiM2MSMkMSMkMiMkOTkkMzgxMzUxIzIxIyQxIyQ1IyQ4OSQ0NjEwMDIjNTEjJDEjJDIjJDgz"", ""target_name"": ""천안리턴병원""}, {""policy"": ""hospital_upgrade"", ""target_id"": ""JDQ4MTYyMiM2MSMkMSMkMiMkOTkkMzgxMzUxIzIxIyQxIyQxIyQ5MiQyNjEwMDIjNjEjJDEjJDAjJDgz"", ""target_name"": ""두정이진병원""}]"
516,42,0.7439396879089699,4.93986208844259,11.594193548387098,16.534055636829684,5.290376625691655,13.264578960621222,18.554955586312875,10.85,29.62,"[16, 14, 23]","[{""policy"": ""ambulance_new_base"", ""target_id"": ""REG017"", ""target_name"": ""목천읍""}, {""policy"": ""ambulance_new_base"", ""target_id"": ""REG015"", ""target_name"": ""수신면""}, {""policy"": ""ambulance_new_base"", ""target_id"": ""REG024"", ""target_name"": ""성정2동""}]"
517,42,0.7487934233576361,4.8952461801347145,11.594193548387098,16.489439728521813,5.285522890242987,13.264578960621222,18.55010185086421,11.18,29.62,"[15, 19, 24]","[{""policy"": ""ambulance_new_base"", ""target_id"": ""REG016"", ""target_name"": ""풍세면""}, {""policy"": ""ambulance_new_base"", ""target_id"": ""REG020"", ""target_name"": ""부성2동""}, {""policy"": ""ambulance_new_base"", ""target_id"": ""REG025"", ""target_name"": ""쌍용1동""}]"
518,42,0.46669239895229,5.104914615418019,11.594193548387098,16.699108163805114,5.567623914648334,13.264578960621222,18.832202875269555,11.18,29.62,"[19, 28, 16]","[{""policy"": ""ambulance_new_base"", ""target_id"": ""REG020"", ""target_name"": ""부성2동""}, {""policy"": ""ambulance_new_base"", ""target_id"": ""REG029"", ""target_name"": ""성거읍""}, {""policy"": ""ambulance_new_base"", ""target_id"": ""REG017"", ""target_name"": ""목천읍""}]"
519,42,0.5831536293766213,4.974914615418019,11.594193548387098,16.569108163805115,5.4511626842240055,13.264578960621222,18.715741644845224,11.18,29.62,"[19, 28, 3]","[{""policy"": ""ambulance_new_base"", ""target_id"": ""REG020"", ""target_name"": ""부성2동""}, {""policy"": ""ambulance_new_base"", ""target_id"": ""REG029"", ""target_name"": ""성거읍""}, {""policy"": ""ambulance_new_base"", ""target_id"": ""REG004"", ""target_name"": ""신안동""}]"
520,42,0.9008007314656581,5.114987035003934,10.922183961670516,16.03717099667445,5.66088177871335,12.737212764042843,18.398094542756187,11.18,29.62,"[26, 8, 38]","[{""policy"": ""ambulance_new_base"", ""target_id"": ""REG027"", ""target_name"": ""쌍용3동""}, {""policy"": ""ambulance_new_base"", ""target_id"": ""REG009"", ""target_name"": ""청룡동""}, {""policy"": ""hospital_upgrade"", ""target_id"": ""JDQ4MTYyMiM2MSMkMSMkMiMkOTkkMzgxMzUxIzIxIyQxIyQ1IyQ4OSQ0NjEwMDIjNTEjJDEjJDIjJDgz"", ""target_name"": ""천안리턴병원""}]"
521,42,0.604959608391141,5.358709677419354,11.100907360674752,16.459617038094105,5.751533684774838,12.942401981055868,18.693935665830704,11.18,29.62,"[44, 41, 11]","[{""policy"": ""hospital_upgrade"", ""target_id"": ""JDQ4MTYyMiM2MSMkMSMkMiMkOTkkMzgxMzUxIzIxIyQxIyQxIyQ3MiQzNjE4MzIjODEjJDEjJDYjJDgz"", ""target_name"": ""삼성스카이병원""}, {""policy"": ""hospital_upgrade"", ""target_id"": ""JDQ4MTYyMiM2MSMkMSMkMiMkOTkkMzgxMzUxIzIxIyQxIyQ1IyQ5OSQzNjEyMjIjNjEjJDEjJDQjJDgz"", ""target_name"": ""천안다나힐병원""}, {""policy"": ""ambulance_new_base"", ""target_id"": ""REG012"", ""target_name"": ""병천면""}]"
522,42,0.8715112433650489,5.402258064516128,10.922183961670516,16.324442026186645,5.690171266813957,12.737212764042843,18.427384030856796,11.18,29.62,"[38, 13, 27]","[{""policy"": ""hospital_upgrade"", ""target_id"": ""JDQ4MTYyMiM2MSMkMSMkMiMkOTkkMzgxMzUxIzIxIyQxIyQ1IyQ4OSQ0NjEwMDIjNTEjJDEjJDIjJDgz"", ""target_name"": ""천안리턴병원""}, {""policy"": ""ambulance_new_base"", ""target_id"": ""REG014"", ""target_name"": ""성남면""}, {""policy"": ""ambulance_new_base"", ""target_id"": ""REG028"", ""target_name"": ""입장면""}]"
523,42,0.8789469504380101,5.398709677419355,10.837646287199869,16.23635596461922,5.74164618396257,12.678302139821266,18.419948323783835,11.18,29.62,"[9, 49, 48]","[{""policy"": ""ambulance_new_base"", ""target_id"": ""REG010"", ""target_name"": ""광덕면""}, {""policy"": ""hospital_upgrade"", ""target_id"": ""JDQ4MTYyMiM2MSMkMSMkMiMkOTkkMzgxMzUxIzIxIyQxIyQxIyQwMyQyNjE0ODEjNTEjJDEjJDYjJDgz"", ""target_name"": ""천안21세기병원""}, {""policy"": ""hospital_upgrade"", ""target_id"": ""JDQ4MTYyMiM2MSMkMSMkMiMkOTkkMzgxMzUxIzIxIyQxIyQxIyQ5MiQyNjEwMDIjNjEjJDEjJDAjJDgz"", ""target_name"": ""두정이진병원""}]"
524,42,0.8817869606686664,5.422903225806452,10.548712508653038,15.971615734459492,5.967992965754759,12.449115347798422,18.41710831355318,11.18,29.62,"[34, 2, 51]","[{""policy"": ""hospital_upgrade"", ""target_id"": ""JDQ4MTYyMiM2MSMkMSMkMiMkOTkkMzgxMzUxIzIxIyQxIyQ1IyQ2MiQ0NjE0ODEjNjEjJDEjJDgjJDgz"", ""target_name"": ""천안해울병원""}, {""policy"": ""ambulance_new_base"", ""target_id"": ""REG003"", ""target_name"": ""신방동""}, {""policy"": ""hospital_upgrade"", ""target_id"": ""JDQ4MTYyMiM2MSMkMSMkMiMkOTkkMzgxMzUxIzIxIyQxIyQxIyQxMyQyNjEyMjIjNzEjJDEjJDgjJDgz"", ""target_name"": ""SG삼성조은병원""}]"
525,42,0.8967163065363799,5.039648657496549,11.013231528881516,16.052880186378065,5.502947456042052,12.899231511643416,18.402178967685465,11.18,29.62,"[43, 20, 5]","[{""policy"": ""hospital_upgrade"", ""target_id"": ""JDQ4MTYyMiM2MSMkMSMkMiMkOTkkMzgxMzUxIzIxIyQxIyQxIyQ3MiQyNjE0ODEjNDEjJDEjJDgjJDgz"", ""target_name"": ""천안재활병원""}, {""policy"": ""ambulance_new_base"", ""target_id"": ""REG021"", ""target_name"": ""불당1동""}, {""policy"": ""ambulance_new_base"", ""target_id"": ""REG006"", ""target_name"": ""원성2동""}]"
526,42,1.195870257800781,5.019231676229747,10.848247068703982,15.86747874493373,5.406963558379047,12.696061458042019,18.103025016421064,11.18,29.62,"[0, 29, 50]","[{""policy"": ""ambulance_new_base"", ""target_id"": ""REG001"", ""target_name"": ""문성동""}, {""policy"": ""ambulance_new_base"", ""target_id"": ""REG030"", ""target_name"": ""성환읍""}, {""policy"": ""hospital_upgrade"", ""target_id"": ""JDQ4MTYyMiM2MSMkMSMkMiMkOTkkMzgxMzUxIzIxIyQxIyQxIyQwMyQyNjE4MzIjODEjJDEjJDIjJDgz"", ""target_name"": ""서울대정병원""}]"
527,42,0.7557546860922635,5.599677419354838,10.47134975444438,16.07102717379922,6.034316313600623,12.508824274528964,18.54314058812958,11.18,29.62,"[48, 47, 35]","[{""policy"": ""hospital_upgrade"", ""target_id"": ""JDQ4MTYyMiM2MSMkMSMkMiMkOTkkMzgxMzUxIzIxIyQxIyQxIyQ5MiQyNjEwMDIjNjEjJDEjJDAjJDgz"", ""target_name"": ""두정이진병원""}, {""policy"": ""hospital_upgrade"", ""target_id"": ""JDQ4MTYyMiM2MSMkMSMkMiMkOTkkMzgxMzUxIzIxIyQxIyQxIyQ5MiQyNjE4MzIjNDEjJDEjJDgjJDgz"", ""target_name"": ""혜성산부인과병원""}, {""policy"": ""hospital_upgrade"", ""target_id"": ""JDQ4MTYyMiM2MSMkMSMkMiMkOTkkMzgxMzUxIzIxIyQxIyQ1IyQ2MiQzNjE4MzIjODEjJDEjJDIjJDgz"", ""target_name"": ""돋움병원""}]"
528,42,0.878522524296784,5.1277070769392825,10.914895644369402,16.042602721308686,5.682521077501244,12.73785167242382,18.42037274992506,11.18,29.62,"[39, 17, 1]","[{""policy"": ""hospital_upgrade"", ""target_id"": ""JDQ4MTYyMiM2MSMkMSMkMiMkOTkkMzgxMzUxIzIxIyQxIyQ1IyQ4OSQyNjE4MzIjNTEjJDEjJDYjJDgz"", ""target_name"": ""아이본병원""}, {""policy"": ""ambulance_new_base"", ""target_id"": ""REG018"", ""target_name"": ""백석동""}, {""policy"": ""ambulance_new_base"", ""target_id"": ""REG002"", ""target_name"": ""봉명동""}]"
529,42,0.7942669798873574,4.990047235525255,11.594193548387098,16.584240783912353,5.240049333713268,13.264578960621222,18.504628294334488,11.18,29.62,"[10, 12, 25]","[{""policy"": ""ambulance_new_base"", ""target_id"": ""REG011"", ""target_name"": ""동면""}, {""policy"": ""ambulance_new_base"", ""target_id"": ""REG013"", ""target_name"": ""북면""}, {""policy"": ""ambulance_new_base"", ""target_id"": ""REG026"", ""target_name"": ""쌍용2동""}]"
530,42,0.6763401326172875,5.019231676229747,11.519141813354748,16.538373489584497,5.406963558379047,13.215591583225512,18.622555141604558,11.18,29.62,"[29, 0, 41]","[{""policy"": ""ambulance_new_base"", ""target_id"": ""REG030"", ""target_name"": ""성환읍""}, {""policy"": ""ambulance_new_base"", ""target_id"": ""REG001"", ""target_name"": ""문성동""}, {""policy"": ""hospital_upgrade"", ""target_id"": ""JDQ4MTYyMiM2MSMkMSMkMiMkOTkkMzgxMzUxIzIxIyQxIyQ1IyQ5OSQzNjEyMjIjNjEjJDEjJDQjJDgz"", ""target_name"": ""천안다나힐병원""}]"
531,42,0.5634060050477991,5.599677419354838,10.629861628603667,16.229539047958504,6.034316313600623,12.701172955573426,18.735489269174046,11.18,29.62,"[44, 52, 45]","[{""policy"": ""hospital_upgrade"", ""target_id"": ""JDQ4MTYyMiM2MSMkMSMkMiMkOTkkMzgxMzUxIzIxIyQxIyQxIyQ3MiQzNjE4MzIjODEjJDEjJDYjJDgz"", ""target_name"": ""삼성스카이병원""}, {""policy"": ""hospital_upgrade"", ""target_id"": ""JDQ4MTYyMiM2MSMkMSMkMiMkOTkkMzgxMzUxIzIxIyQyIyQ1IyQwMCQyNjEwMDIjNDEjJDEjJDgjJDgz"", ""target_name"": ""이화병원""}, {""policy"": ""hospital_upgrade"", ""target_id"": ""JDQ4MTYyMiM2MSMkMSMkMiMkOTkkMzgxMzUxIzIxIyQxIyQxIyQ3OSQyNjEyMjIjNDEjJDEjJDgjJDgz"", ""target_name"": ""우리척병원""}]"
532,42,0.8914785317434557,4.8512903225806445,11.594193548387098,16.445483870967742,5.1428377818571684,13.264578960621222,18.40741674247839,10.85,29.62,"[3, 28, 14]","[{""policy"": ""ambulance_new_base"", ""target_id"": ""REG004"", ""target_name"": ""신안동""}, {""policy"": ""ambulance_new_base"", ""target_id"": ""REG029"", ""target_name"": ""성거읍""}, {""policy"": ""ambulance_new_base"", ""target_id"": ""REG015"", ""target_name"": ""수신면""}]"
533,42,1.0780702015934729,5.124403672597919,10.92879511789891,16.05319879049683,5.483488901920619,12.737336170707753,18.220825072628372,11.18,29.62,"[7, 22, 40]","[{""policy"": ""ambulance_new_base"", ""target_id"": ""REG008"", ""target_name"": ""중앙동""}, {""policy"": ""ambulance_new_base"", ""target_id"": ""REG023"", ""target_name"": ""성정1동""}, {""policy"": ""hospital_upgrade"", ""target_id"": ""JDQ4MTYyMiM2MSMkMSMkMiMkOTkkMzgxMzUxIzIxIyQxIyQ1IyQ4OSQyNjEyMjIjNjEjJDEjJDQjJDgz"", ""target_name"": ""서울프라임병원""}]"
534,42,0.6650636338243388,5.478064516129031,10.912914642839256,16.39097915896829,5.895181298329975,12.738650342067533,18.633831640397506,11.18,29.62,"[51, 12, 27]","[{""policy"": ""hospital_upgrade"", ""target_id"": ""JDQ4MTYyMiM2MSMkMSMkMiMkOTkkMzgxMzUxIzIxIyQxIyQxIyQxMyQyNjEyMjIjNzEjJDEjJDgjJDgz"", ""target_name"": ""SG삼성조은병원""}, {""policy"": ""ambulance_new_base"", ""target_id"": ""REG013"", ""target_name"": ""북면""}, {""policy"": ""ambulance_new_base"", ""target_id"": ""REG028"", ""target_name"": ""입장면""}]"
535,42,0.7928929206251141,5.599677419354838,10.352894504993898,15.952571924348737,6.034316313600623,12.471686039996108,18.50600235359673,11.18,29.62,"[45, 44, 40]","[{""policy"": ""hospital_upgrade"", ""target_id"": ""JDQ4MTYyMiM2MSMkMSMkMiMkOTkkMzgxMzUxIzIxIyQxIyQxIyQ3OSQyNjEyMjIjNDEjJDEjJDgjJDgz"", ""target_name"": ""우리척병원""}, {""policy"": ""hospital_upgrade"", ""target_id"": ""JDQ4MTYyMiM2MSMkMSMkMiMkOTkkMzgxMzUxIzIxIyQxIyQxIyQ3MiQzNjE4MzIjODEjJDEjJDYjJDgz"", ""target_name"": ""삼성스카이병원""}, {""policy"": ""hospital_upgrade"", ""target_id"": ""JDQ4MTYyMiM2MSMkMSMkMiMkOTkkMzgxMzUxIzIxIyQxIyQ1IyQ4OSQyNjEyMjIjNjEjJDEjJDQjJDgz"", ""target_name"": ""서울프라임병원""}]"
536,42,1.3894546441306126,5.273225806451612,10.566069875998794,15.839295682450407,5.442917099876535,12.4665235302147,17.909440630091233,11.18,29.62,"[46, 30, 50]","[{""policy"": ""hospital_upgrade"", ""target_id"": ""JDQ4MTYyMiM2MSMkMSMkMiMkOTkkMzgxMzUxIzIxIyQxIyQxIyQ4OSQ0NjE0ODEjODEjJDEjJDIjJDgz"", ""target_name"": ""서울우리병원""}, {""policy"": ""ambulance_new_base"", ""target_id"": ""REG031"", ""target_name"": ""직산읍""}, {""policy"": ""hospital_upgrade"", ""target_id"": ""JDQ4MTYyMiM2MSMkMSMkMiMkOTkkMzgxMzUxIzIxIyQxIyQxIyQwMyQyNjE4MzIjODEjJDEjJDIjJDgz"", ""target_name"": ""서울대정병원""}]"
537,42,1.0572974761122609,5.039648657496549,10.912914642839256,15.952563300335806,5.502947456042052,12.738650342067533,18.241597798109584,11.18,29.62,"[5, 51, 20]","[{""policy"": ""ambulance_new_base"", ""target_id"": ""REG006"", ""target_name"": ""원성2동""}, {""policy"": ""hospital_upgrade"", ""target_id"": ""JDQ4MTYyMiM2MSMkMSMkMiMkOTkkMzgxMzUxIzIxIyQxIyQxIyQxMyQyNjEyMjIjNzEjJDEjJDgjJDgz"", ""target_name"": ""SG삼성조은병원""}, {""policy"": ""ambulance_new_base"", ""target_id"": ""REG021"", ""target_name"": ""불당1동""}]"
538,42,0.5595868503199668,4.87904124213605,11.594193548387098,16.473234790523147,5.47472946328066,13.264578960621222,18.73930842390188,11.18,29.62,"[24, 29, 12]","[{""policy"": ""ambulance_new_base"", ""target_id"": ""REG025"", ""target_name"": ""쌍용1동""}, {""policy"": ""ambulance_new_base"", ""target_id"": ""REG030"", ""target_name"": ""성환읍""}, {""policy"": ""ambulance_new_base"", ""target_id"": ""REG013"", ""target_name"": ""북면""}]"
539,42,1.006413045317064,5.599677419354838,10.262987304941763,15.862664724296602,6.034316313600623,12.25816591530416,18.29248222890478,11.18,29.62,"[37, 48, 31]","[{""policy"": ""hospital_upgrade"", ""target_id"": ""JDQ4MTYyMiM2MSMkMSMkMiMkOTkkMzgxMzUxIzIxIyQxIyQ1IyQ3OSQzNjE4MzIjODEjJDEjJDYjJDgz"", ""target_name"": ""앙즈로여성병원""}, {""policy"": ""hospital_upgrade"", ""target_id"": ""JDQ4MTYyMiM2MSMkMSMkMiMkOTkkMzgxMzUxIzIxIyQxIyQxIyQ5MiQyNjEwMDIjNjEjJDEjJDAjJDgz"", ""target_name"": ""두정이진병원""}, {""policy"": ""hospital_upgrade"", ""target_id"": ""JDQ4MTYyMiM2MSMkMSMkMiMkOTkkMzgxMzUxIzExIyQxIyQ3IyQ4OSQzNjE0ODEjODEjJDEjJDYjJDgz"", ""target_name"": ""새로나병원""}]"
540,42,0.627588403286893,4.807408795618382,11.594193548387098,16.40160234400548,5.406727910313732,13.264578960621222,18.671306870934952,11.18,29.62,"[6, 22, 18]","[{""policy"": ""ambulance_new_base"", ""target_id"": ""REG007"", ""target_name"": ""일봉동""}, {""policy"": ""ambulance_new_base"", ""target_id"": ""REG023"", ""target_name"": ""성정1동""}, {""policy"": ""ambulance_new_base"", ""target_id"": ""REG019"", ""target_name"": ""부성1동""}]"
541,42,0.604959608391141,5.358709677419354,11.100907360674752,16.459617038094105,5.751533684774838,12.942401981055868,18.693935665830704,11.18,29.62,"[41, 44, 11]","[{""policy"": ""hospital_upgrade"", ""target_id"": ""JDQ4MTYyMiM2MSMkMSMkMiMkOTkkMzgxMzUxIzIxIyQxIyQ1IyQ5OSQzNjEyMjIjNjEjJDEjJDQjJDgz"", ""target_name"": ""천안다나힐병원""}, {""policy"": ""hospital_upgrade"", ""target_id"": ""JDQ4MTYyMiM2MSMkMSMkMiMkOTkkMzgxMzUxIzIxIyQxIyQxIyQ3MiQzNjE4MzIjODEjJDEjJDYjJDgz"", ""target_name"": ""삼성스카이병원""}, {""policy"": ""ambulance_new_base"", ""target_id"": ""REG012"", ""target_name"": ""병천면""}]"
542,42,1.2049018856357918,5.112580645161291,10.903044755594616,16.015625400755905,5.3587745305088035,12.73521885807725,18.093993388586053,10.85,29.62,"[14, 36, 16]","[{""policy"": ""ambulance_new_base"", ""target_id"": ""REG015"", ""target_name"": ""수신면""}, {""policy"": ""hospital_upgrade"", ""target_id"": ""JDQ4MTYyMiM2MSMkMSMkMiMkOTkkMzgxMzUxIzIxIyQxIyQ1IyQ3OSQyNjE0ODEjNDEjJDEjJDgjJDgz"", ""target_name"": ""마디손병원""}, {""policy"": ""ambulance_new_base"", ""target_id"": ""REG017"", ""target_name"": ""목천읍""}]"
543,42,0.8761102360762756,5.027697048456759,11.08868306517315,16.116380113629912,5.588341331818286,12.834443706327281,18.42278503814557,11.18,29.62,"[3, 49, 1]","[{""policy"": ""ambulance_new_base"", ""target_id"": ""REG004"", ""target_name"": ""신안동""}, {""policy"": ""hospital_upgrade"", ""target_id"": ""JDQ4MTYyMiM2MSMkMSMkMiMkOTkkMzgxMzUxIzIxIyQxIyQxIyQwMyQyNjE0ODEjNTEjJDEjJDYjJDgz"", ""target_name"": ""천안21세기병원""}, {""policy"": ""ambulance_new_base"", ""target_id"": ""REG002"", ""target_name"": ""봉명동""}]"
544,42,0.8567922839562208,5.2053931899673165,10.903044755594616,16.10843794556193,5.706884132188376,12.73521885807725,18.442102990265624,11.18,29.62,"[36, 23, 22]","[{""policy"": ""hospital_upgrade"", ""target_id"": ""JDQ4MTYyMiM2MSMkMSMkMiMkOTkkMzgxMzUxIzIxIyQxIyQ1IyQ3OSQyNjE0ODEjNDEjJDEjJDgjJDgz"", ""target_name"": ""마디손병원""}, {""policy"": ""ambulance_new_base"", ""target_id"": ""REG024"", ""target_name"": ""성정2동""}, {""policy"": ""ambulance_new_base"", ""target_id"": ""REG023"", ""target_name"": ""성정1동""}]"
545,42,0.7955108092271352,5.30953667865867,10.845235985361072,16.154772664019745,5.817718036654236,12.685666428340475,18.50338446499471,11.18,29.62,"[31, 6, 34]","[{""policy"": ""hospital_upgrade"", ""target_id"": ""JDQ4MTYyMiM2MSMkMSMkMiMkOTkkMzgxMzUxIzExIyQxIyQ3IyQ4OSQzNjE0ODEjODEjJDEjJDYjJDgz"", ""target_name"": ""새로나병원""}, {""policy"": ""ambulance_new_base"", ""target_id"": ""REG007"", ""target_name"": ""일봉동""}, {""policy"": ""hospital_upgrade"", ""target_id"": ""JDQ4MTYyMiM2MSMkMSMkMiMkOTkkMzgxMzUxIzIxIyQxIyQ1IyQ2MiQ0NjE0ODEjNjEjJDEjJDgjJDgz"", ""target_name"": ""천안해울병원""}]"
546,42,0.7216829649719294,5.056027784524474,11.346236395124912,16.402264179649386,5.501082830936284,13.076129478313634,18.577212309249916,11.18,29.62,"[2, 31, 7]","[{""policy"": ""ambulance_new_base"", ""target_id"": ""REG003"", ""target_name"": ""신방동""}, {""policy"": ""hospital_upgrade"", ""target_id"": ""JDQ4MTYyMiM2MSMkMSMkMiMkOTkkMzgxMzUxIzExIyQxIyQ3IyQ4OSQzNjE0ODEjODEjJDEjJDYjJDgz"", ""target_name"": ""새로나병원""}, {""policy"": ""ambulance_new_base"", ""target_id"": ""REG008"", ""target_name"": ""중앙동""}]"
547,42,0.7256685527594442,5.578709677419353,10.596129705204897,16.17483938262425,6.010541620638118,12.562685100824284,18.5732267214624,11.18,29.62,"[27, 52, 49]","[{""policy"": ""ambulance_new_base"", ""target_id"": ""REG028"", ""target_name"": ""입장면""}, {""policy"": ""hospital_upgrade"", ""target_id"": ""JDQ4MTYyMiM2MSMkMSMkMiMkOTkkMzgxMzUxIzIxIyQyIyQ1IyQwMCQyNjEwMDIjNDEjJDEjJDgjJDgz"", ""target_name"": ""이화병원""}, {""policy"": ""hospital_upgrade"", ""target_id"": ""JDQ4MTYyMiM2MSMkMSMkMiMkOTkkMzgxMzUxIzIxIyQxIyQxIyQwMyQyNjE0ODEjNTEjJDEjJDYjJDgz"", ""target_name"": ""천안21세기병원""}]"
548,42,0.9965516807278938,4.7463503651696355,11.594193548387098,16.340543913556733,5.037764632872732,13.264578960621222,18.30234359349395,11.18,29.62,"[9, 7, 29]","[{""policy"": ""ambulance_new_base"", ""target_id"": ""REG010"", ""target_name"": ""광덕면""}, {""policy"": ""ambulance_new_base"", ""target_id"": ""REG008"", ""target_name"": ""중앙동""}, {""policy"": ""ambulance_new_base"", ""target_id"": ""REG030"", ""target_name"": ""성환읍""}]"
549,42,0.6742976173417965,5.074690879805896,11.594193548387098,16.668884428192992,5.360018696258829,13.264578960621222,18.62459765688005,11.18,29.62,"[5, 9, 27]","[{""policy"": ""ambulance_new_base"", ""target_id"": ""REG006"", ""target_name"": ""원성2동""}, {""policy"": ""ambulance_new_base"", ""target_id"": ""REG010"", ""target_name"": ""광덕면""}, {""policy"": ""ambulance_new_base"", ""target_id"": ""REG028"", ""target_name"": ""입장면""}]"
550,42,1.014537730802143,5.101731971239039,10.860143321295778,15.961875292534819,5.578017621957502,12.706339921462204,18.284357543419702,11.18,29.62,"[20, 42, 11]","[{""policy"": ""ambulance_new_base"", ""target_id"": ""REG021"", ""target_name"": ""불당1동""}, {""policy"": ""hospital_upgrade"", ""target_id"": ""JDQ4MTYyMiM2MSMkMSMkMiMkOTkkMzgxMzUxIzIxIyQxIyQxIyQ2MiQ0NjE0ODEjNDEjJDEjJDQjJDgz"", ""target_name"": ""연세나무병원""}, {""policy"": ""ambulance_new_base"", ""target_id"": ""REG012"", ""target_name"": ""병천면""}]"
551,42,0.8886820409661489,4.96261448897775,11.594193548387098,16.556808037364846,5.145634272634478,13.264578960621222,18.410213233255696,11.18,29.62,"[12, 30, 4]","[{""policy"": ""ambulance_new_base"", ""target_id"": ""REG013"", ""target_name"": ""북면""}, {""policy"": ""ambulance_new_base"", ""target_id"": ""REG031"", ""target_name"": ""직산읍""}, {""policy"": ""ambulance_new_base"", ""target_id"": ""REG005"", ""target_name"": ""원성1동""}]"
552,42,0.8215295752044511,5.599677419354838,10.395909189906629,15.995586609261471,6.034316313600623,12.443049385416774,18.477365699017394,11.18,29.62,"[33, 44, 45]","[{""policy"": ""hospital_upgrade"", ""target_id"": ""JDQ4MTYyMiM2MSMkMSMkMiMkOTkkMzgxMzUxIzExIyQyIyQ3IyQwMCQ0NjE0ODEjNjEjJDEjJDgjJDgz"", ""target_name"": ""천안우리병원""}, {""policy"": ""hospital_upgrade"", ""target_id"": ""JDQ4MTYyMiM2MSMkMSMkMiMkOTkkMzgxMzUxIzIxIyQxIyQxIyQ3MiQzNjE4MzIjODEjJDEjJDYjJDgz"", ""target_name"": ""삼성스카이병원""}, {""policy"": ""hospital_upgrade"", ""target_id"": ""JDQ4MTYyMiM2MSMkMSMkMiMkOTkkMzgxMzUxIzIxIyQxIyQxIyQ3OSQyNjEyMjIjNDEjJDEjJDgjJDgz"", ""target_name"": ""우리척병원""}]"
553,42,0.7025406388107562,4.874581475552531,11.594193548387098,16.468775023939628,5.331775674789867,13.264578960621222,18.59635463541109,11.18,29.62,"[22, 19, 6]","[{""policy"": ""ambulance_new_base"", ""target_id"": ""REG023"", ""target_name"": ""성정1동""}, {""policy"": ""ambulance_new_base"", ""target_id"": ""REG020"", ""target_name"": ""부성2동""}, {""policy"": ""ambulance_new_base"", ""target_id"": ""REG007"", ""target_name"": ""일봉동""}]"
554,42,0.583386672789814,5.341688808966405,11.101640188418845,16.443328997385247,5.72268824631381,12.992820355118223,18.71550860143203,11.18,29.62,"[27, 52, 19]","[{""policy"": ""ambulance_new_base"", ""target_id"": ""REG028"", ""target_name"": ""입장면""}, {""policy"": ""hospital_upgrade"", ""target_id"": ""JDQ4MTYyMiM2MSMkMSMkMiMkOTkkMzgxMzUxIzIxIyQyIyQ1IyQwMCQyNjEwMDIjNDEjJDEjJDgjJDgz"", ""target_name"": ""이화병원""}, {""policy"": ""ambulance_new_base"", ""target_id"": ""REG020"", ""target_name"": ""부성2동""}]"
555,42,0.9451708293611745,5.072903225806451,11.302330291013508,16.37523351681996,5.37592801676522,12.977796428095454,18.35372444486067,11.18,29.62,"[33, 2, 10]","[{""policy"": ""hospital_upgrade"", ""target_id"": ""JDQ4MTYyMiM2MSMkMSMkMiMkOTkkMzgxMzUxIzExIyQyIyQ3IyQwMCQ0NjE0ODEjNjEjJDEjJDgjJDgz"", ""target_name"": ""천안우리병원""}, {""policy"": ""ambulance_new_base"", ""target_id"": ""REG003"", ""target_name"": ""신방동""}, {""policy"": ""ambulance_new_base"", ""target_id"": ""REG011"", ""target_name"": ""동면""}]"
556,42,0.6759503239146056,5.445806451612902,10.998184134035316,16.44399058564822,5.756856683345245,12.866088266961999,18.62294495030724,11.18,29.62,"[47, 15, 27]","[{""policy"": ""hospital_upgrade"", ""target_id"": ""JDQ4MTYyMiM2MSMkMSMkMiMkOTkkMzgxMzUxIzIxIyQxIyQxIyQ5MiQyNjE4MzIjNDEjJDEjJDgjJDgz"", ""target_name"": ""혜성산부인과병원""}, {""policy"": ""ambulance_new_base"", ""target_id"": ""REG016"", ""target_name"": ""풍세면""}, {""policy"": ""ambulance_new_base"", ""target_id"": ""REG028"", ""target_name"": ""입장면""}]"
557,42,0.9202419240193223,5.466774193548386,10.709750720080834,16.17652491362922,5.780631376307751,12.59802197389477,18.378653350202523,11.18,29.62,"[15, 48, 40]","[{""policy"": ""ambulance_new_base"", ""target_id"": ""REG016"", ""target_name"": ""풍세면""}, {""policy"": ""hospital_upgrade"", ""target_id"": ""JDQ4MTYyMiM2MSMkMSMkMiMkOTkkMzgxMzUxIzIxIyQxIyQxIyQ5MiQyNjEwMDIjNjEjJDEjJDAjJDgz"", ""target_name"": ""두정이진병원""}, {""policy"": ""hospital_upgrade"", ""target_id"": ""JDQ4MTYyMiM2MSMkMSMkMiMkOTkkMzgxMzUxIzIxIyQxIyQ1IyQ4OSQyNjEyMjIjNjEjJDEjJDQjJDgz"", ""target_name"": ""서울프라임병원""}]"
558,42,1.149855808257385,4.679529589483316,11.594193548387098,16.273723137870412,4.88446050534324,13.264578960621222,18.14903946596446,10.85,29.62,"[3, 14, 5]","[{""policy"": ""ambulance_new_base"", ""target_id"": ""REG004"", ""target_name"": ""신안동""}, {""policy"": ""ambulance_new_base"", ""target_id"": ""REG015"", ""target_name"": ""수신면""}, {""policy"": ""ambulance_new_base"", ""target_id"": ""REG006"", ""target_name"": ""원성2동""}]"
559,42,0.95345641756332,5.453870967741936,10.538768492935347,15.992639460677285,5.852102069660146,12.493336786998384,18.345438856658525,11.18,29.62,"[38, 47, 8]","[{""policy"": ""hospital_upgrade"", ""target_id"": ""JDQ4MTYyMiM2MSMkMSMkMiMkOTkkMzgxMzUxIzIxIyQxIyQ1IyQ4OSQ0NjEwMDIjNTEjJDEjJDIjJDgz"", ""target_name"": ""천안리턴병원""}, {""policy"": ""hospital_upgrade"", ""target_id"": ""JDQ4MTYyMiM2MSMkMSMkMiMkOTkkMzgxMzUxIzIxIyQxIyQxIyQ5MiQyNjE4MzIjNDEjJDEjJDgjJDgz"", ""target_name"": ""혜성산부인과병원""}, {""policy"": ""ambulance_new_base"", ""target_id"": ""REG009"", ""target_name"": ""청룡동""}]"
560,42,1.230542822145658,5.273225806451612,10.632720385778095,15.905946192229708,5.442917099876535,12.625435352199656,18.068352452076187,11.18,29.62,"[45, 46, 30]","[{""policy"": ""hospital_upgrade"", ""target_id"": ""JDQ4MTYyMiM2MSMkMSMkMiMkOTkkMzgxMzUxIzIxIyQxIyQxIyQ3OSQyNjEyMjIjNDEjJDEjJDgjJDgz"", ""target_name"": ""우리척병원""}, {""policy"": ""hospital_upgrade"", ""target_id"": ""JDQ4MTYyMiM2MSMkMSMkMiMkOTkkMzgxMzUxIzIxIyQxIyQxIyQ4OSQ0NjE0ODEjODEjJDEjJDIjJDgz"", ""target_name"": ""서울우리병원""}, {""policy"": ""ambulance_new_base"", ""target_id"": ""REG031"", ""target_name"": ""직산읍""}]"
561,42,0.7200437931449599,5.426958862636138,10.639458954786235,16.066417817422373,5.965918408783474,12.612933072293414,18.578851481076885,11.18,29.62,"[23, 52, 40]","[{""policy"": ""ambulance_new_base"", ""target_id"": ""REG024"", ""target_name"": ""성정2동""}, {""policy"": ""hospital_upgrade"", ""target_id"": ""JDQ4MTYyMiM2MSMkMSMkMiMkOTkkMzgxMzUxIzIxIyQyIyQ1IyQwMCQyNjEwMDIjNDEjJDEjJDgjJDgz"", ""target_name"": ""이화병원""}, {""policy"": ""hospital_upgrade"", ""target_id"": ""JDQ4MTYyMiM2MSMkMSMkMiMkOTkkMzgxMzUxIzIxIyQxIyQ1IyQ4OSQyNjEyMjIjNjEjJDEjJDQjJDgz"", ""target_name"": ""서울프라임병원""}]"
562,42,0.7631836979874862,5.340322580645161,11.08868306517315,16.42900564581831,5.701267869907076,12.834443706327281,18.53571157623436,11.18,29.62,"[15, 49, 16]","[{""policy"": ""ambulance_new_base"", ""target_id"": ""REG016"", ""target_name"": ""풍세면""}, {""policy"": ""hospital_upgrade"", ""target_id"": ""JDQ4MTYyMiM2MSMkMSMkMiMkOTkkMzgxMzUxIzIxIyQxIyQxIyQwMyQyNjE0ODEjNTEjJDEjJDYjJDgz"", ""target_name"": ""천안21세기병원""}, {""policy"": ""ambulance_new_base"", ""target_id"": ""REG017"", ""target_name"": ""목천읍""}]"
563,42,1.3794635166274816,4.550148325326515,11.594193548387098,16.14434187371361,4.654852796973144,13.264578960621222,17.919431757594364,10.12,29.62,"[14, 26, 10]","[{""policy"": ""ambulance_new_base"", ""target_id"": ""REG015"", ""target_name"": ""수신면""}, {""policy"": ""ambulance_new_base"", ""target_id"": ""REG027"", ""target_name"": ""쌍용3동""}, {""policy"": ""ambulance_new_base"", ""target_id"": ""REG011"", ""target_name"": ""동면""}]"
564,42,0.7403702925379285,5.389711263171298,10.646147950512761,16.03585921368406,5.852393808666708,12.706131173017212,18.558524981683917,11.18,29.62,"[45, 35, 4]","[{""policy"": ""hospital_upgrade"", ""target_id"": ""JDQ4MTYyMiM2MSMkMSMkMiMkOTkkMzgxMzUxIzIxIyQxIyQxIyQ3OSQyNjEyMjIjNDEjJDEjJDgjJDgz"", ""target_name"": ""우리척병원""}, {""policy"": ""hospital_upgrade"", ""target_id"": ""JDQ4MTYyMiM2MSMkMSMkMiMkOTkkMzgxMzUxIzIxIyQxIyQ1IyQ2MiQzNjE4MzIjODEjJDEjJDIjJDgz"", ""target_name"": ""돋움병원""}, {""policy"": ""ambulance_new_base"", ""target_id"": ""REG005"", ""target_name"": ""원성1동""}]"
565,42,0.6057204188867047,5.288568936723186,11.013231528881516,16.3018004656047,5.793943343691731,12.899231511643416,18.69317485533514,11.18,29.62,"[27, 43, 6]","[{""policy"": ""ambulance_new_base"", ""target_id"": ""REG028"", ""target_name"": ""입장면""}, {""policy"": ""hospital_upgrade"", ""target_id"": ""JDQ4MTYyMiM2MSMkMSMkMiMkOTkkMzgxMzUxIzIxIyQxIyQxIyQ3MiQyNjE0ODEjNDEjJDEjJDgjJDgz"", ""target_name"": ""천안재활병원""}, {""policy"": ""ambulance_new_base"", ""target_id"": ""REG007"", ""target_name"": ""일봉동""}]"
566,42,1.1383035039313718,5.295483870967741,10.451960673164365,15.747444544132108,5.8214151748001814,12.339176595490292,18.160591770290473,11.18,29.62,"[49, 42, 18]","[{""policy"": ""hospital_upgrade"", ""target_id"": ""JDQ4MTYyMiM2MSMkMSMkMiMkOTkkMzgxMzUxIzIxIyQxIyQxIyQwMyQyNjE0ODEjNTEjJDEjJDYjJDgz"", ""target_name"": ""천안21세기병원""}, {""policy"": ""hospital_upgrade"", ""target_id"": ""JDQ4MTYyMiM2MSMkMSMkMiMkOTkkMzgxMzUxIzIxIyQxIyQxIyQ2MiQ0NjE0ODEjNDEjJDEjJDQjJDgz"", ""target_name"": ""연세나무병원""}, {""policy"": ""ambulance_new_base"", ""target_id"": ""REG019"", ""target_name"": ""부성1동""}]"
567,42,0.7011630083478089,5.466774193548386,10.923132399002967,16.389906592551355,5.780631376307751,12.81710088956629,18.597732265874036,11.18,29.62,"[15, 47, 41]","[{""policy"": ""ambulance_new_base"", ""target_id"": ""REG016"", ""target_name"": ""풍세면""}, {""policy"": ""hospital_upgrade"", ""target_id"": ""JDQ4MTYyMiM2MSMkMSMkMiMkOTkkMzgxMzUxIzIxIyQxIyQxIyQ5MiQyNjE4MzIjNDEjJDEjJDgjJDgz"", ""target_name"": ""혜성산부인과병원""}, {""policy"": ""hospital_upgrade"", ""target_id"": ""JDQ4MTYyMiM2MSMkMSMkMiMkOTkkMzgxMzUxIzIxIyQxIyQ1IyQ5OSQzNjEyMjIjNjEjJDEjJDQjJDgz"", ""target_name"": ""천안다나힐병원""}]"
568,42,0.813727180436107,5.578709677419353,10.510417862250454,16.08912753966981,6.010541620638118,12.474626473147627,18.485168093785738,11.18,29.62,"[47, 50, 27]","[{""policy"": ""hospital_upgrade"", ""target_id"": ""JDQ4MTYyMiM2MSMkMSMkMiMkOTkkMzgxMzUxIzIxIyQxIyQxIyQ5MiQyNjE4MzIjNDEjJDEjJDgjJDgz"", ""target_name"": ""혜성산부인과병원""}, {""policy"": ""hospital_upgrade"", ""target_id"": ""JDQ4MTYyMiM2MSMkMSMkMiMkOTkkMzgxMzUxIzIxIyQxIyQxIyQwMyQyNjE4MzIjODEjJDEjJDIjJDgz"", ""target_name"": ""서울대정병원""}, {""policy"": ""ambulance_new_base"", ""target_id"": ""REG028"", ""target_name"": ""입장면""}]"
569,42,0.9924012548705647,5.331973675703178,10.692376164127447,16.024349839830627,5.7387096980570576,12.567784321294225,18.30649401935128,11.18,29.62,"[40, 22, 36]","[{""policy"": ""hospital_upgrade"", ""target_id"": ""JDQ4MTYyMiM2MSMkMSMkMiMkOTkkMzgxMzUxIzIxIyQxIyQ1IyQ4OSQyNjEyMjIjNjEjJDEjJDQjJDgz"", ""target_name"": ""서울프라임병원""}, {""policy"": ""ambulance_new_base"", ""target_id"": ""REG023"", ""target_name"": ""성정1동""}, {""policy"": ""hospital_upgrade"", ""target_id"": ""JDQ4MTYyMiM2MSMkMSMkMiMkOTkkMzgxMzUxIzIxIyQxIyQ1IyQ3OSQyNjE0ODEjNDEjJDEjJDgjJDgz"", ""target_name"": ""마디손병원""}]"
570,42,0.5256814401556404,5.169981156455823,11.138559464269987,16.30854062072581,5.792402345966139,12.980811488100068,18.773213834066205,11.18,29.62,"[44, 20, 23]","[{""policy"": ""hospital_upgrade"", ""target_id"": ""JDQ4MTYyMiM2MSMkMSMkMiMkOTkkMzgxMzUxIzIxIyQxIyQxIyQ3MiQzNjE4MzIjODEjJDEjJDYjJDgz"", ""target_name"": ""삼성스카이병원""}, {""policy"": ""ambulance_new_base"", ""target_id"": ""REG021"", ""target_name"": ""불당1동""}, {""policy"": ""ambulance_new_base"", ""target_id"": ""REG024"", ""target_name"": ""성정2동""}]"
571,42,0.6827844694017777,4.851591230542873,11.594193548387098,16.44578477892997,5.351531844198849,13.264578960621222,18.616110804820067,11.18,29.62,"[6, 20, 9]","[{""policy"": ""ambulance_new_base"", ""target_id"": ""REG007"", ""target_name"": ""일봉동""}, {""policy"": ""ambulance_new_base"", ""target_id"": ""REG021"", ""target_name"": ""불당1동""}, {""policy"": ""ambulance_new_base"", ""target_id"": ""REG010"", ""target_name"": ""광덕면""}]"
572,42,0.48178353049208056,5.057741935483871,11.519141813354748,16.576883748838622,5.601520160504255,13.215591583225512,18.817111743729765,11.18,29.62,"[29, 3, 41]","[{""policy"": ""ambulance_new_base"", ""target_id"": ""REG030"", ""target_name"": ""성환읍""}, {""policy"": ""ambulance_new_base"", ""target_id"": ""REG004"", ""target_name"": ""신안동""}, {""policy"": ""hospital_upgrade"", ""target_id"": ""JDQ4MTYyMiM2MSMkMSMkMiMkOTkkMzgxMzUxIzIxIyQxIyQ1IyQ5OSQzNjEyMjIjNjEjJDEjJDQjJDgz"", ""target_name"": ""천안다나힐병원""}]"
573,42,0.7491259258988272,5.398709677419355,10.926963779020644,16.325673456439997,5.74164618396257,12.80812316436045,18.549769348323018,11.18,29.62,"[44, 9, 48]","[{""policy"": ""hospital_upgrade"", ""target_id"": ""JDQ4MTYyMiM2MSMkMSMkMiMkOTkkMzgxMzUxIzIxIyQxIyQxIyQ3MiQzNjE4MzIjODEjJDEjJDYjJDgz"", ""target_name"": ""삼성스카이병원""}, {""policy"": ""ambulance_new_base"", ""target_id"": ""REG010"", ""target_name"": ""광덕면""}, {""policy"": ""hospital_upgrade"", ""target_id"": ""JDQ4MTYyMiM2MSMkMSMkMiMkOTkkMzgxMzUxIzIxIyQxIyQxIyQ5MiQyNjEwMDIjNjEjJDEjJDAjJDgz"", ""target_name"": ""두정이진병원""}]"
574,42,0.5117279952984859,5.011890596843857,11.594193548387098,16.606084145230955,5.522588318302138,13.264578960621222,18.78716727892336,11.18,29.62,"[16, 1, 8]","[{""policy"": ""ambulance_new_base"", ""target_id"": ""REG017"", ""target_name"": ""목천읍""}, {""policy"": ""ambulance_new_base"", ""target_id"": ""REG002"", ""target_name"": ""봉명동""}, {""policy"": ""ambulance_new_base"", ""target_id"": ""REG009"", ""target_name"": ""청룡동""}]"
575,42,1.3427043470776283,5.239032258064516,10.549452146020696,15.788484404085214,5.438138036909479,12.518052890234742,17.956190927144217,10.85,29.62,"[50, 43, 14]","[{""policy"": ""hospital_upgrade"", ""target_id"": ""JDQ4MTYyMiM2MSMkMSMkMiMkOTkkMzgxMzUxIzIxIyQxIyQxIyQwMyQyNjE4MzIjODEjJDEjJDIjJDgz"", ""target_name"": ""서울대정병원""}, {""policy"": ""hospital_upgrade"", ""target_id"": ""JDQ4MTYyMiM2MSMkMSMkMiMkOTkkMzgxMzUxIzIxIyQxIyQxIyQ3MiQyNjE0ODEjNDEjJDEjJDgjJDgz"", ""target_name"": ""천안재활병원""}, {""policy"": ""ambulance_new_base"", ""target_id"": ""REG015"", ""target_name"": ""수신면""}]"
576,42,0.6430059723303465,5.260793486616837,11.035540903169801,16.29633438978664,5.843096022653826,12.812793279237676,18.6558893018915,11.18,29.62,"[26, 34, 49]","[{""policy"": ""ambulance_new_base"", ""target_id"": ""REG027"", ""target_name"": ""쌍용3동""}, {""policy"": ""hospital_upgrade"", ""target_id"": ""JDQ4MTYyMiM2MSMkMSMkMiMkOTkkMzgxMzUxIzIxIyQxIyQ1IyQ2MiQ0NjE0ODEjNjEjJDEjJDgjJDgz"", ""target_name"": ""천안해울병원""}, {""policy"": ""hospital_upgrade"", ""target_id"": ""JDQ4MTYyMiM2MSMkMSMkMiMkOTkkMzgxMzUxIzIxIyQxIyQxIyQwMyQyNjE0ODEjNTEjJDEjJDYjJDgz"", ""target_name"": ""천안21세기병원""}]"
577,42,0.4186550864253711,5.0367741935483865,11.594193548387098,16.630967741935486,5.615661227175254,13.264578960621222,18.880240187796474,11.18,29.62,"[12, 29, 2]","[{""policy"": ""ambulance_new_base"", ""target_id"": ""REG013"", ""target_name"": ""북면""}, {""policy"": ""ambulance_new_base"", ""target_id"": ""REG030"", ""target_name"": ""성환읍""}, {""policy"": ""ambulance_new_base"", ""target_id"": ""REG003"", ""target_name"": ""신방동""}]"
578,42,1.0688737077875459,4.976350365169635,11.033865820568307,16.010216185737946,5.371581441957143,12.858440124477161,18.2300215664343,11.18,29.62,"[48, 3, 7]","[{""policy"": ""hospital_upgrade"", ""target_id"": ""JDQ4MTYyMiM2MSMkMSMkMiMkOTkkMzgxMzUxIzIxIyQxIyQxIyQ5MiQyNjEwMDIjNjEjJDEjJDAjJDgz"", ""target_name"": ""두정이진병원""}, {""policy"": ""ambulance_new_base"", ""target_id"": ""REG004"", ""target_name"": ""신안동""}, {""policy"": ""ambulance_new_base"", ""target_id"": ""REG008"", ""target_name"": ""중앙동""}]"
579,42,0.9917349254141463,4.710297238652171,11.594193548387098,16.304490787039267,5.042581388186478,13.264578960621222,18.3071603488077,11.18,29.62,"[29, 7, 19]","[{""policy"": ""ambulance_new_base"", ""target_id"": ""REG030"", ""target_name"": ""성환읍""}, {""policy"": ""ambulance_new_base"", ""target_id"": ""REG008"", ""target_name"": ""중앙동""}, {""policy"": ""ambulance_new_base"", ""target_id"": ""REG020"", ""target_name"": ""부성2동""}]"
580,42,0.7010202754614347,5.578709677419353,10.801329881249666,16.38003955866902,6.010541620638118,12.587333378122295,18.59787499876041,11.18,29.62,"[34, 27, 33]","[{""policy"": ""hospital_upgrade"", ""target_id"": ""JDQ4MTYyMiM2MSMkMSMkMiMkOTkkMzgxMzUxIzIxIyQxIyQ1IyQ2MiQ0NjE0ODEjNjEjJDEjJDgjJDgz"", ""target_name"": ""천안해울병원""}, {""policy"": ""ambulance_new_base"", ""target_id"": ""REG028"", ""target_name"": ""입장면""}, {""policy"": ""hospital_upgrade"", ""target_id"": ""JDQ4MTYyMiM2MSMkMSMkMiMkOTkkMzgxMzUxIzExIyQyIyQ3IyQwMCQ0NjE0ODEjNjEjJDEjJDgjJDgz"", ""target_name"": ""천안우리병원""}]"
581,42,0.4070509509363873,5.440692396815576,11.026958212104976,16.467650608920554,5.947474605010949,12.944369718274512,18.891844323285458,11.18,29.62,"[25, 45, 41]","[{""policy"": ""ambulance_new_base"", ""target_id"": ""REG026"", ""target_name"": ""쌍용2동""}, {""policy"": ""hospital_upgrade"", ""target_id"": ""JDQ4MTYyMiM2MSMkMSMkMiMkOTkkMzgxMzUxIzIxIyQxIyQxIyQ3OSQyNjEyMjIjNDEjJDEjJDgjJDgz"", ""target_name"": ""우리척병원""}, {""policy"": ""hospital_upgrade"", ""target_id"": ""JDQ4MTYyMiM2MSMkMSMkMiMkOTkkMzgxMzUxIzIxIyQxIyQ1IyQ5OSQzNjEyMjIjNjEjJDEjJDQjJDgz"", ""target_name"": ""천안다나힐병원""}]"
582,42,0.8717501814304569,5.599677419354838,10.262906117840886,15.862583537195727,6.034316313600623,12.392828779190769,18.42714509279139,11.18,29.62,"[32, 50, 44]","[{""policy"": ""hospital_upgrade"", ""target_id"": ""JDQ4MTYyMiM2MSMkMSMkMiMkOTkkMzgxMzUxIzExIyQxIyQ3IyQ5OSQ0NjE0ODEjODEjJDEjJDYjJDgz"", ""target_name"": ""예일병원""}, {""policy"": ""hospital_upgrade"", ""target_id"": ""JDQ4MTYyMiM2MSMkMSMkMiMkOTkkMzgxMzUxIzIxIyQxIyQxIyQwMyQyNjE4MzIjODEjJDEjJDIjJDgz"", ""target_name"": ""서울대정병원""}, {""policy"": ""hospital_upgrade"", ""target_id"": ""JDQ4MTYyMiM2MSMkMSMkMiMkOTkkMzgxMzUxIzIxIyQxIyQxIyQ3MiQzNjE4MzIjODEjJDEjJDYjJDgz"", ""target_name"": ""삼성스카이병원""}]"
583,42,0.6266170082648266,4.927675184954064,11.594193548387098,16.52186873334116,5.4076993053357985,13.264578960621222,18.67227826595702,11.18,29.62,"[4, 25, 5]","[{""policy"": ""ambulance_new_base"", ""target_id"": ""REG005"", ""target_name"": ""원성1동""}, {""policy"": ""ambulance_new_base"", ""target_id"": ""REG026"", ""target_name"": ""쌍용2동""}, {""policy"": ""ambulance_new_base"", ""target_id"": ""REG006"", ""target_name"": ""원성2동""}]"
584,42,0.958675297575045,5.331973675703178,10.603309975464697,15.935283651167877,5.7387096980570576,12.601510278589746,18.3402199766468,11.18,29.62,"[32, 22, 50]","[{""policy"": ""hospital_upgrade"", ""target_id"": ""JDQ4MTYyMiM2MSMkMSMkMiMkOTkkMzgxMzUxIzExIyQxIyQ3IyQ5OSQ0NjE0ODEjODEjJDEjJDYjJDgz"", ""target_name"": ""예일병원""}, {""policy"": ""ambulance_new_base"", ""target_id"": ""REG023"", ""target_name"": ""성정1동""}, {""policy"": ""hospital_upgrade"", ""target_id"": ""JDQ4MTYyMiM2MSMkMSMkMiMkOTkkMzgxMzUxIzIxIyQxIyQxIyQwMyQyNjE4MzIjODEjJDEjJDIjJDgz"", ""target_name"": ""서울대정병원""}]"
585,42,0.8232045732605329,5.183085065755446,10.92879511789891,16.111880183654353,5.738354530253561,12.737336170707753,18.475690700961312,11.18,29.62,"[6, 16, 40]","[{""policy"": ""ambulance_new_base"", ""target_id"": ""REG007"", ""target_name"": ""일봉동""}, {""policy"": ""ambulance_new_base"", ""target_id"": ""REG017"", ""target_name"": ""목천읍""}, {""policy"": ""hospital_upgrade"", ""target_id"": ""JDQ4MTYyMiM2MSMkMSMkMiMkOTkkMzgxMzUxIzIxIyQxIyQ1IyQ4OSQyNjEyMjIjNjEjJDEjJDQjJDgz"", ""target_name"": ""서울프라임병원""}]"
586,42,0.6459309586821789,5.272258064516129,11.098534409726106,16.370792474242236,5.662282677561894,12.990681637977776,18.652964315539666,11.18,29.62,"[16, 32, 9]","[{""policy"": ""ambulance_new_base"", ""target_id"": ""REG017"", ""target_name"": ""목천읍""}, {""policy"": ""hospital_upgrade"", ""target_id"": ""JDQ4MTYyMiM2MSMkMSMkMiMkOTkkMzgxMzUxIzExIyQxIyQ3IyQ5OSQ0NjE0ODEjODEjJDEjJDYjJDgz"", ""target_name"": ""예일병원""}, {""policy"": ""ambulance_new_base"", ""target_id"": ""REG010"", ""target_name"": ""광덕면""}]"
587,42,0.8444358994166379,5.453870967741936,10.600639778655003,16.054510746396936,5.852102069660146,12.602357305145066,18.454459374805207,11.18,29.62,"[8, 52, 34]","[{""policy"": ""ambulance_new_base"", ""target_id"": ""REG009"", ""target_name"": ""청룡동""}, {""policy"": ""hospital_upgrade"", ""target_id"": ""JDQ4MTYyMiM2MSMkMSMkMiMkOTkkMzgxMzUxIzIxIyQyIyQ1IyQwMCQyNjEwMDIjNDEjJDEjJDgjJDgz"", ""target_name"": ""이화병원""}, {""policy"": ""hospital_upgrade"", ""target_id"": ""JDQ4MTYyMiM2MSMkMSMkMiMkOTkkMzgxMzUxIzIxIyQxIyQ1IyQ2MiQ0NjE0ODEjNjEjJDEjJDgjJDgz"", ""target_name"": ""천안해울병원""}]"
588,42,0.8342442638361938,5.358709677419354,10.889972651521795,16.24868232894115,5.751533684774838,12.713117325610817,18.46465101038565,11.18,29.62,"[39, 11, 38]","[{""policy"": ""hospital_upgrade"", ""target_id"": ""JDQ4MTYyMiM2MSMkMSMkMiMkOTkkMzgxMzUxIzIxIyQxIyQ1IyQ4OSQyNjE4MzIjNTEjJDEjJDYjJDgz"", ""target_name"": ""아이본병원""}, {""policy"": ""ambulance_new_base"", ""target_id"": ""REG012"", ""target_name"": ""병천면""}, {""policy"": ""hospital_upgrade"", ""target_id"": ""JDQ4MTYyMiM2MSMkMSMkMiMkOTkkMzgxMzUxIzIxIyQxIyQ1IyQ4OSQ0NjEwMDIjNTEjJDEjJDIjJDgz"", ""target_name"": ""천안리턴병원""}]"
589,42,0.8361088361399815,5.599677419354838,10.473331766309373,16.073009185664212,6.034316313600623,12.428470124481244,18.462786438081864,11.18,29.62,"[40, 48, 36]","[{""policy"": ""hospital_upgrade"", ""target_id"": ""JDQ4MTYyMiM2MSMkMSMkMiMkOTkkMzgxMzUxIzIxIyQxIyQ1IyQ4OSQyNjEyMjIjNjEjJDEjJDQjJDgz"", ""target_name"": ""서울프라임병원""}, {""policy"": ""hospital_upgrade"", ""target_id"": ""JDQ4MTYyMiM2MSMkMSMkMiMkOTkkMzgxMzUxIzIxIyQxIyQxIyQ5MiQyNjEwMDIjNjEjJDEjJDAjJDgz"", ""target_name"": ""두정이진병원""}, {""policy"": ""hospital_upgrade"", ""target_id"": ""JDQ4MTYyMiM2MSMkMSMkMiMkOTkkMzgxMzUxIzIxIyQxIyQ1IyQ3OSQyNjE0ODEjNDEjJDEjJDgjJDgz"", ""target_name"": ""마디손병원""}]"
590,42,1.1404722994121244,4.6312908180356365,11.594193548387098,16.225484366422734,4.893844014188503,13.264578960621222,18.15842297480972,11.18,29.62,"[5, 26, 30]","[{""policy"": ""ambulance_new_base"", ""target_id"": ""REG006"", ""target_name"": ""원성2동""}, {""policy"": ""ambulance_new_base"", ""target_id"": ""REG027"", ""target_name"": ""쌍용3동""}, {""policy"": ""ambulance_new_base"", ""target_id"": ""REG031"", ""target_name"": ""직산읍""}]"
591,42,0.7825679933896303,5.107853189012404,11.08868306517315,16.196536254185553,5.681883574504932,12.834443706327281,18.516327280832215,11.18,29.62,"[49, 1, 26]","[{""policy"": ""hospital_upgrade"", ""target_id"": ""JDQ4MTYyMiM2MSMkMSMkMiMkOTkkMzgxMzUxIzIxIyQxIyQxIyQwMyQyNjE0ODEjNTEjJDEjJDYjJDgz"", ""target_name"": ""천안21세기병원""}, {""policy"": ""ambulance_new_base"", ""target_id"": ""REG002"", ""target_name"": ""봉명동""}, {""policy"": ""ambulance_new_base"", ""target_id"": ""REG027"", ""target_name"": ""쌍용3동""}]"
592,42,1.0132120059101162,5.137641341137603,10.848247068703982,15.985888409841586,5.589621810269713,12.696061458042019,18.28568326831173,11.18,29.62,"[25, 50, 5]","[{""policy"": ""ambulance_new_base"", ""target_id"": ""REG026"", ""target_name"": ""쌍용2동""}, {""policy"": ""hospital_upgrade"", ""target_id"": ""JDQ4MTYyMiM2MSMkMSMkMiMkOTkkMzgxMzUxIzIxIyQxIyQxIyQwMyQyNjE4MzIjODEjJDEjJDIjJDgz"", ""target_name"": ""서울대정병원""}, {""policy"": ""ambulance_new_base"", ""target_id"": ""REG006"", ""target_name"": ""원성2동""}]"
593,42,0.929864980876463,5.401714892506506,10.539224050558321,15.940938943064829,5.869468611590318,12.499561681755065,18.369030293345382,11.18,29.62,"[51, 21, 47]","[{""policy"": ""hospital_upgrade"", ""target_id"": ""JDQ4MTYyMiM2MSMkMSMkMiMkOTkkMzgxMzUxIzIxIyQxIyQxIyQxMyQyNjEyMjIjNzEjJDEjJDgjJDgz"", ""target_name"": ""SG삼성조은병원""}, {""policy"": ""ambulance_new_base"", ""target_id"": ""REG022"", ""target_name"": ""불당2동""}, {""policy"": ""hospital_upgrade"", ""target_id"": ""JDQ4MTYyMiM2MSMkMSMkMiMkOTkkMzgxMzUxIzIxIyQxIyQxIyQ5MiQyNjE4MzIjNDEjJDEjJDgjJDgz"", ""target_name"": ""혜성산부인과병원""}]"
594,42,0.9785181415352326,5.172580645161289,11.101640188418845,16.274220833580134,5.327556777568392,12.992820355118223,18.320377132686612,11.18,29.62,"[30, 12, 52]","[{""policy"": ""ambulance_new_base"", ""target_id"": ""REG031"", ""target_name"": ""직산읍""}, {""policy"": ""ambulance_new_base"", ""target_id"": ""REG013"", ""target_name"": ""북면""}, {""policy"": ""hospital_upgrade"", ""target_id"": ""JDQ4MTYyMiM2MSMkMSMkMiMkOTkkMzgxMzUxIzIxIyQyIyQ1IyQwMCQyNjEwMDIjNDEjJDEjJDgjJDgz"", ""target_name"": ""이화병원""}]"
595,42,0.5265314356564517,5.422903225806452,10.85368303515666,16.27658626096311,5.967992965754759,12.804370872810635,18.772363838565393,11.18,29.62,"[2, 31, 52]","[{""policy"": ""ambulance_new_base"", ""target_id"": ""REG003"", ""target_name"": ""신방동""}, {""policy"": ""hospital_upgrade"", ""target_id"": ""JDQ4MTYyMiM2MSMkMSMkMiMkOTkkMzgxMzUxIzExIyQxIyQ3IyQ4OSQzNjE0ODEjODEjJDEjJDYjJDgz"", ""target_name"": ""새로나병원""}, {""policy"": ""hospital_upgrade"", ""target_id"": ""JDQ4MTYyMiM2MSMkMSMkMiMkOTkkMzgxMzUxIzIxIyQyIyQ1IyQwMCQyNjEwMDIjNDEjJDEjJDgjJDgz"", ""target_name"": ""이화병원""}]"
596,42,0.5537303070660542,5.267973840096877,10.998184134035316,16.266157974132195,5.879076700193799,12.866088266961999,18.74516496715579,11.18,29.62,"[25, 47, 23]","[{""policy"": ""ambulance_new_base"", ""target_id"": ""REG026"", ""target_name"": ""쌍용2동""}, {""policy"": ""hospital_upgrade"", ""target_id"": ""JDQ4MTYyMiM2MSMkMSMkMiMkOTkkMzgxMzUxIzIxIyQxIyQxIyQ5MiQyNjE4MzIjNDEjJDEjJDgjJDgz"", ""target_name"": ""혜성산부인과병원""}, {""policy"": ""ambulance_new_base"", ""target_id"": ""REG024"", ""target_name"": ""성정2동""}]"
597,42,0.8075163867319581,5.3432258064516125,10.786842463445131,16.130068269896743,5.838491576775618,12.652887310714268,18.491378887489887,11.18,29.62,"[36, 3, 42]","[{""policy"": ""hospital_upgrade"", ""target_id"": ""JDQ4MTYyMiM2MSMkMSMkMiMkOTkkMzgxMzUxIzIxIyQxIyQ1IyQ3OSQyNjE0ODEjNDEjJDEjJDgjJDgz"", ""target_name"": ""마디손병원""}, {""policy"": ""ambulance_new_base"", ""target_id"": ""REG004"", ""target_name"": ""신안동""}, {""policy"": ""hospital_upgrade"", ""target_id"": ""JDQ4MTYyMiM2MSMkMSMkMiMkOTkkMzgxMzUxIzIxIyQxIyQxIyQ2MiQ0NjE0ODEjNDEjJDEjJDQjJDgz"", ""target_name"": ""연세나무병원""}]"
598,42,0.8631361064998586,5.599677419354838,10.555268969264578,16.15494638861942,6.034316313600623,12.401442854121365,18.435759167721987,11.18,29.62,"[38, 33, 41]","[{""policy"": ""hospital_upgrade"", ""target_id"": ""JDQ4MTYyMiM2MSMkMSMkMiMkOTkkMzgxMzUxIzIxIyQxIyQ1IyQ4OSQ0NjEwMDIjNTEjJDEjJDIjJDgz"", ""target_name"": ""천안리턴병원""}, {""policy"": ""hospital_upgrade"", ""target_id"": ""JDQ4MTYyMiM2MSMkMSMkMiMkOTkkMzgxMzUxIzExIyQyIyQ3IyQwMCQ0NjE0ODEjNjEjJDEjJDgjJDgz"", ""target_name"": ""천안우리병원""}, {""policy"": ""hospital_upgrade"", ""target_id"": ""JDQ4MTYyMiM2MSMkMSMkMiMkOTkkMzgxMzUxIzIxIyQxIyQ1IyQ5OSQzNjEyMjIjNjEjJDEjJDQjJDgz"", ""target_name"": ""천안다나힐병원""}]"
599,42,0.9472453863324581,5.076958862636138,11.302330291013508,16.379289153649644,5.373853459793937,12.977796428095454,18.351649887889387,11.18,29.62,"[23, 33, 10]","[{""policy"": ""ambulance_new_base"", ""target_id"": ""REG024"", ""target_name"": ""성정2동""}, {""policy"": ""hospital_upgrade"", ""target_id"": ""JDQ4MTYyMiM2MSMkMSMkMiMkOTkkMzgxMzUxIzExIyQyIyQ3IyQwMCQ0NjE0ODEjNjEjJDEjJDgjJDgz"", ""target_name"": ""천안우리병원""}, {""policy"": ""ambulance_new_base"", ""target_id"": ""REG011"", ""target_name"": ""동면""}]"
600,42,0.7404833987367603,5.16258064516129,11.098534409726106,16.2611150548874,5.567730237507309,12.990681637977776,18.558411875485085,11.18,29.62,"[32, 18, 15]","[{""policy"": ""hospital_upgrade"", ""target_id"": ""JDQ4MTYyMiM2MSMkMSMkMiMkOTkkMzgxMzUxIzExIyQxIyQ3IyQ5OSQ0NjE0ODEjODEjJDEjJDYjJDgz"", ""target_name"": ""예일병원""}, {""policy"": ""ambulance_new_base"", ""target_id"": ""REG019"", ""target_name"": ""부성1동""}, {""policy"": ""ambulance_new_base"", ""target_id"": ""REG016"", ""target_name"": ""풍세면""}]"
601,42,0.8706877858933346,5.599677419354838,10.49827554619748,16.09795296555232,6.034316313600623,12.393891174727887,18.42820748832851,11.18,29.62,"[39, 34, 49]","[{""policy"": ""hospital_upgrade"", ""target_id"": ""JDQ4MTYyMiM2MSMkMSMkMiMkOTkkMzgxMzUxIzIxIyQxIyQ1IyQ4OSQyNjE4MzIjNTEjJDEjJDYjJDgz"", ""target_name"": ""아이본병원""}, {""policy"": ""hospital_upgrade"", ""target_id"": ""JDQ4MTYyMiM2MSMkMSMkMiMkOTkkMzgxMzUxIzIxIyQxIyQ1IyQ2MiQ0NjE0ODEjNjEjJDEjJDgjJDgz"", ""target_name"": ""천안해울병원""}, {""policy"": ""hospital_upgrade"", ""target_id"": ""JDQ4MTYyMiM2MSMkMSMkMiMkOTkkMzgxMzUxIzIxIyQxIyQxIyQwMyQyNjE0ODEjNTEjJDEjJDYjJDgz"", ""target_name"": ""천안21세기병원""}]"
602,42,0.696957236651599,5.027780127316081,11.346236395124912,16.374016522440996,5.525808559256616,13.076129478313634,18.601938037570246,11.18,29.62,"[18, 22, 31]","[{""policy"": ""ambulance_new_base"", ""target_id"": ""REG019"", ""target_name"": ""부성1동""}, {""policy"": ""ambulance_new_base"", ""target_id"": ""REG023"", ""target_name"": ""성정1동""}, {""policy"": ""hospital_upgrade"", ""target_id"": ""JDQ4MTYyMiM2MSMkMSMkMiMkOTkkMzgxMzUxIzExIyQxIyQ3IyQ4OSQzNjE0ODEjODEjJDEjJDYjJDgz"", ""target_name"": ""새로나병원""}]"
603,42,0.47044477759310865,4.779825744681354,11.594193548387098,16.37401929306845,5.563871536007521,13.264578960621222,18.828450496628736,11.18,29.62,"[26, 18, 2]","[{""policy"": ""ambulance_new_base"", ""target_id"": ""REG027"", ""target_name"": ""쌍용3동""}, {""policy"": ""ambulance_new_base"", ""target_id"": ""REG019"", ""target_name"": ""부성1동""}, {""policy"": ""ambulance_new_base"", ""target_id"": ""REG003"", ""target_name"": ""신방동""}]"
604,42,0.37495522660544367,5.16502337876517,11.594193548387098,16.759216927152266,5.659361086995184,13.264578960621222,18.9239400476164,11.18,29.62,"[23, 11, 27]","[{""policy"": ""ambulance_new_base"", ""target_id"": ""REG024"", ""target_name"": ""성정2동""}, {""policy"": ""ambulance_new_base"", ""target_id"": ""REG012"", ""target_name"": ""병천면""}, {""policy"": ""ambulance_new_base"", ""target_id"": ""REG028"", ""target_name"": ""입장면""}]"
605,42,0.4917593309057757,4.896117388057654,11.594193548387098,16.49031093644475,5.542556982694855,13.264578960621222,18.80713594331607,11.18,29.62,"[6, 20, 17]","[{""policy"": ""ambulance_new_base"", ""target_id"": ""REG007"", ""target_name"": ""일봉동""}, {""policy"": ""ambulance_new_base"", ""target_id"": ""REG021"", ""target_name"": ""불당1동""}, {""policy"": ""ambulance_new_base"", ""target_id"": ""REG018"", ""target_name"": ""백석동""}]"
606,42,1.0730295652462267,5.2966263636768645,10.666938491107217,15.963564854784083,5.6764635188593875,12.549402190116233,18.22586570897562,11.18,29.62,"[39, 5, 31]","[{""policy"": ""hospital_upgrade"", ""target_id"": ""JDQ4MTYyMiM2MSMkMSMkMiMkOTkkMzgxMzUxIzIxIyQxIyQ1IyQ4OSQyNjE4MzIjNTEjJDEjJDYjJDgz"", ""target_name"": ""아이본병원""}, {""policy"": ""ambulance_new_base"", ""target_id"": ""REG006"", ""target_name"": ""원성2동""}, {""policy"": ""hospital_upgrade"", ""target_id"": ""JDQ4MTYyMiM2MSMkMSMkMiMkOTkkMzgxMzUxIzExIyQxIyQ3IyQ4OSQzNjE0ODEjODEjJDEjJDYjJDgz"", ""target_name"": ""새로나병원""}]"
607,42,1.3987275786737747,4.953548387096775,10.856635269370763,15.810183656467537,5.201166620638117,12.699001074909956,17.90016769554807,10.85,29.62,"[14, 29, 37]","[{""policy"": ""ambulance_new_base"", ""target_id"": ""REG015"", ""target_name"": ""수신면""}, {""policy"": ""ambulance_new_base"", ""target_id"": ""REG030"", ""target_name"": ""성환읍""}, {""policy"": ""hospital_upgrade"", ""target_id"": ""JDQ4MTYyMiM2MSMkMSMkMiMkOTkkMzgxMzUxIzIxIyQxIyQ1IyQ3OSQzNjE4MzIjODEjJDEjJDYjJDgz"", ""target_name"": ""앙즈로여성병원""}]"
608,42,0.626762587128745,5.453870967741936,10.996213716973072,16.45008468471501,5.852102069660146,12.820030617432959,18.6721326870931,11.18,29.62,"[41, 8, 48]","[{""policy"": ""hospital_upgrade"", ""target_id"": ""JDQ4MTYyMiM2MSMkMSMkMiMkOTkkMzgxMzUxIzIxIyQxIyQ1IyQ5OSQzNjEyMjIjNjEjJDEjJDQjJDgz"", ""target_name"": ""천안다나힐병원""}, {""policy"": ""ambulance_new_base"", ""target_id"": ""REG009"", ""target_name"": ""청룡동""}, {""policy"": ""hospital_upgrade"", ""target_id"": ""JDQ4MTYyMiM2MSMkMSMkMiMkOTkkMzgxMzUxIzIxIyQxIyQxIyQ5MiQyNjEwMDIjNjEjJDEjJDAjJDgz"", ""target_name"": ""두정이진병원""}]"
609,42,0.5288459912522612,5.053354902947369,11.594193548387098,16.64754845133447,5.505470322348368,13.264578960621222,18.770049282969584,11.18,29.62,"[17, 20, 15]","[{""policy"": ""ambulance_new_base"", ""target_id"": ""REG018"", ""target_name"": ""백석동""}, {""policy"": ""ambulance_new_base"", ""target_id"": ""REG021"", ""target_name"": ""불당1동""}, {""policy"": ""ambulance_new_base"", ""target_id"": ""REG016"", ""target_name"": ""풍세면""}]"
610,42,0.8080505455358882,5.599677419354838,10.437744308345447,16.037421727700284,6.034316313600623,12.456528415085334,18.490844728685957,11.18,29.62,"[40, 37, 45]","[{""policy"": ""hospital_upgrade"", ""target_id"": ""JDQ4MTYyMiM2MSMkMSMkMiMkOTkkMzgxMzUxIzIxIyQxIyQ1IyQ4OSQyNjEyMjIjNjEjJDEjJDQjJDgz"", ""target_name"": ""서울프라임병원""}, {""policy"": ""hospital_upgrade"", ""target_id"": ""JDQ4MTYyMiM2MSMkMSMkMiMkOTkkMzgxMzUxIzIxIyQxIyQ1IyQ3OSQzNjE4MzIjODEjJDEjJDYjJDgz"", ""target_name"": ""앙즈로여성병원""}, {""policy"": ""hospital_upgrade"", ""target_id"": ""JDQ4MTYyMiM2MSMkMSMkMiMkOTkkMzgxMzUxIzIxIyQxIyQxIyQ3OSQyNjEyMjIjNDEjJDEjJDgjJDgz"", ""target_name"": ""우리척병원""}]"
611,42,0.918434229026559,5.398709677419355,10.780397635622666,16.17910731304202,5.74164618396257,12.638814861232715,18.380461045195286,11.18,29.62,"[42, 39, 9]","[{""policy"": ""hospital_upgrade"", ""target_id"": ""JDQ4MTYyMiM2MSMkMSMkMiMkOTkkMzgxMzUxIzIxIyQxIyQxIyQ2MiQ0NjE0ODEjNDEjJDEjJDQjJDgz"", ""target_name"": ""연세나무병원""}, {""policy"": ""hospital_upgrade"", ""target_id"": ""JDQ4MTYyMiM2MSMkMSMkMiMkOTkkMzgxMzUxIzIxIyQxIyQ1IyQ4OSQyNjE4MzIjNTEjJDEjJDYjJDgz"", ""target_name"": ""아이본병원""}, {""policy"": ""ambulance_new_base"", ""target_id"": ""REG010"", ""target_name"": ""광덕면""}]"
612,42,0.6677483355616367,4.9642800891778975,11.519141813354748,16.483421902532644,5.415555355434698,13.215591583225512,18.63114693866021,11.18,29.62,"[7, 24, 41]","[{""policy"": ""ambulance_new_base"", ""target_id"": ""REG008"", ""target_name"": ""중앙동""}, {""policy"": ""ambulance_new_base"", ""target_id"": ""REG025"", ""target_name"": ""쌍용1동""}, {""policy"": ""hospital_upgrade"", ""target_id"": ""JDQ4MTYyMiM2MSMkMSMkMiMkOTkkMzgxMzUxIzIxIyQxIyQ1IyQ5OSQzNjEyMjIjNjEjJDEjJDQjJDgz"", ""target_name"": ""천안다나힐병원""}]"
613,42,0.36823989152615866,5.115602938980975,11.594193548387098,16.70979648736807,5.666076422074469,13.264578960621222,18.930655382695686,11.18,29.62,"[20, 16, 12]","[{""policy"": ""ambulance_new_base"", ""target_id"": ""REG021"", ""target_name"": ""불당1동""}, {""policy"": ""ambulance_new_base"", ""target_id"": ""REG017"", ""target_name"": ""목천읍""}, {""policy"": ""ambulance_new_base"", ""target_id"": ""REG013"", ""target_name"": ""북면""}]"
614,42,0.8480280567018461,5.468387096774193,10.550164890170867,16.01855198694506,5.934840795373318,12.516026422146684,18.45086721752,11.18,29.62,"[43, 37, 28]","[{""policy"": ""hospital_upgrade"", ""target_id"": ""JDQ4MTYyMiM2MSMkMSMkMiMkOTkkMzgxMzUxIzIxIyQxIyQxIyQ3MiQyNjE0ODEjNDEjJDEjJDgjJDgz"", ""target_name"": ""천안재활병원""}, {""policy"": ""hospital_upgrade"", ""target_id"": ""JDQ4MTYyMiM2MSMkMSMkMiMkOTkkMzgxMzUxIzIxIyQxIyQ1IyQ3OSQzNjE4MzIjODEjJDEjJDYjJDgz"", ""target_name"": ""앙즈로여성병원""}, {""policy"": ""ambulance_new_base"", ""target_id"": ""REG029"", ""target_name"": ""성거읍""}]"
615,42,0.3370640200994899,5.183393127360535,11.594193548387098,16.777586675747635,5.697252293501137,13.264578960621222,18.961831254122355,11.18,29.62,"[21, 25, 12]","[{""policy"": ""ambulance_new_base"", ""target_id"": ""REG022"", ""target_name"": ""불당2동""}, {""policy"": ""ambulance_new_base"", ""target_id"": ""REG026"", ""target_name"": ""쌍용2동""}, {""policy"": ""ambulance_new_base"", ""target_id"": ""REG013"", ""target_name"": ""북면""}]"
616,42,1.0690308142041829,5.2966263636768645,10.602634543139269,15.899260906816133,5.6764635188593875,12.553400941158278,18.229864460017662,11.18,29.62,"[5, 43, 38]","[{""policy"": ""ambulance_new_base"", ""target_id"": ""REG006"", ""target_name"": ""원성2동""}, {""policy"": ""hospital_upgrade"", ""target_id"": ""JDQ4MTYyMiM2MSMkMSMkMiMkOTkkMzgxMzUxIzIxIyQxIyQxIyQ3MiQyNjE0ODEjNDEjJDEjJDgjJDgz"", ""target_name"": ""천안재활병원""}, {""policy"": ""hospital_upgrade"", ""target_id"": ""JDQ4MTYyMiM2MSMkMSMkMiMkOTkkMzgxMzUxIzIxIyQxIyQ1IyQ4OSQ0NjEwMDIjNTEjJDEjJDIjJDgz"", ""target_name"": ""천안리턴병원""}]"
617,42,1.45002393139373,4.971328514412855,10.860143321295778,15.831471835708633,5.142531421365914,12.706339921462204,17.848871342828115,10.85,29.62,"[42, 14, 22]","[{""policy"": ""hospital_upgrade"", ""target_id"": ""JDQ4MTYyMiM2MSMkMSMkMiMkOTkkMzgxMzUxIzIxIyQxIyQxIyQ2MiQ0NjE0ODEjNDEjJDEjJDQjJDgz"", ""target_name"": ""연세나무병원""}, {""policy"": ""ambulance_new_base"", ""target_id"": ""REG015"", ""target_name"": ""수신면""}, {""policy"": ""ambulance_new_base"", ""target_id"": ""REG023"", ""target_name"": ""성정1동""}]"
618,42,0.7773298739414969,5.094516129032257,11.101640188418845,16.196156317451102,5.528745045162128,12.992820355118223,18.52156540028035,11.18,29.62,"[9, 52, 18]","[{""policy"": ""ambulance_new_base"", ""target_id"": ""REG010"", ""target_name"": ""광덕면""}, {""policy"": ""hospital_upgrade"", ""target_id"": ""JDQ4MTYyMiM2MSMkMSMkMiMkOTkkMzgxMzUxIzIxIyQyIyQ1IyQwMCQyNjEwMDIjNDEjJDEjJDgjJDgz"", ""target_name"": ""이화병원""}, {""policy"": ""ambulance_new_base"", ""target_id"": ""REG019"", ""target_name"": ""부성1동""}]"
619,42,0.8025272505377643,5.1862581287538205,10.922183961670516,16.108442090424337,5.759155259641241,12.737212764042843,18.49636802368408,11.18,29.62,"[38, 20, 17]","[{""policy"": ""hospital_upgrade"", ""target_id"": ""JDQ4MTYyMiM2MSMkMSMkMiMkOTkkMzgxMzUxIzIxIyQxIyQ1IyQ4OSQ0NjEwMDIjNTEjJDEjJDIjJDgz"", ""target_name"": ""천안리턴병원""}, {""policy"": ""ambulance_new_base"", ""target_id"": ""REG021"", ""target_name"": ""불당1동""}, {""policy"": ""ambulance_new_base"", ""target_id"": ""REG018"", ""target_name"": ""백석동""}]"
620,42,0.8993998326171102,5.272258064516129,10.922183961670516,16.194442026186646,5.662282677561894,12.737212764042843,18.399495441604735,11.18,29.62,"[9, 16, 38]","[{""policy"": ""ambulance_new_base"", ""target_id"": ""REG010"", ""target_name"": ""광덕면""}, {""policy"": ""ambulance_new_base"", ""target_id"": ""REG017"", ""target_name"": ""목천읍""}, {""policy"": ""hospital_upgrade"", ""target_id"": ""JDQ4MTYyMiM2MSMkMSMkMiMkOTkkMzgxMzUxIzIxIyQxIyQ1IyQ4OSQ0NjEwMDIjNTEjJDEjJDIjJDgz"", ""target_name"": ""천안리턴병원""}]"
621,42,0.7277075090410214,4.771232835727992,11.594193548387098,16.365426384115086,5.306608804559602,13.264578960621222,18.571187765180824,11.18,29.62,"[18, 0, 6]","[{""policy"": ""ambulance_new_base"", ""target_id"": ""REG019"", ""target_name"": ""부성1동""}, {""policy"": ""ambulance_new_base"", ""target_id"": ""REG001"", ""target_name"": ""문성동""}, {""policy"": ""ambulance_new_base"", ""target_id"": ""REG007"", ""target_name"": ""일봉동""}]"
622,42,0.8253057841383331,5.229753325095438,11.138559464269987,16.368312789365426,5.492778001983444,12.980811488100068,18.473589490083512,11.18,29.62,"[44, 15, 19]","[{""policy"": ""hospital_upgrade"", ""target_id"": ""JDQ4MTYyMiM2MSMkMSMkMiMkOTkkMzgxMzUxIzIxIyQxIyQxIyQ3MiQzNjE4MzIjODEjJDEjJDYjJDgz"", ""target_name"": ""삼성스카이병원""}, {""policy"": ""ambulance_new_base"", ""target_id"": ""REG016"", ""target_name"": ""풍세면""}, {""policy"": ""ambulance_new_base"", ""target_id"": ""REG020"", ""target_name"": ""부성2동""}]"
623,42,0.746326717984914,5.322258064516128,10.914895644369402,16.237153708885533,5.814716883813112,12.73785167242382,18.55256855623693,11.18,29.62,"[39, 27, 3]","[{""policy"": ""hospital_upgrade"", ""target_id"": ""JDQ4MTYyMiM2MSMkMSMkMiMkOTkkMzgxMzUxIzIxIyQxIyQ1IyQ4OSQyNjE4MzIjNTEjJDEjJDYjJDgz"", ""target_name"": ""아이본병원""}, {""policy"": ""ambulance_new_base"", ""target_id"": ""REG028"", ""target_name"": ""입장면""}, {""policy"": ""ambulance_new_base"", ""target_id"": ""REG004"", ""target_name"": ""신안동""}]"
624,42,0.7512020812062801,5.440692396815576,10.597533999962266,16.038226396777848,5.947474605010949,12.60021858800462,18.547693193015565,11.18,29.62,"[34, 32, 25]","[{""policy"": ""hospital_upgrade"", ""target_id"": ""JDQ4MTYyMiM2MSMkMSMkMiMkOTkkMzgxMzUxIzIxIyQxIyQ1IyQ2MiQ0NjE0ODEjNjEjJDEjJDgjJDgz"", ""target_name"": ""천안해울병원""}, {""policy"": ""hospital_upgrade"", ""target_id"": ""JDQ4MTYyMiM2MSMkMSMkMiMkOTkkMzgxMzUxIzExIyQxIyQ3IyQ5OSQ0NjE0ODEjODEjJDEjJDYjJDgz"", ""target_name"": ""예일병원""}, {""policy"": ""ambulance_new_base"", ""target_id"": ""REG026"", ""target_name"": ""쌍용2동""}]"
625,42,0.9216332126017335,5.265170274394114,10.664957489577072,15.930127763971191,5.8270612018601655,12.550200859759947,18.37726206162011,11.18,29.62,"[24, 31, 51]","[{""policy"": ""ambulance_new_base"", ""target_id"": ""REG025"", ""target_name"": ""쌍용1동""}, {""policy"": ""hospital_upgrade"", ""target_id"": ""JDQ4MTYyMiM2MSMkMSMkMiMkOTkkMzgxMzUxIzExIyQxIyQ3IyQ4OSQzNjE0ODEjODEjJDEjJDYjJDgz"", ""target_name"": ""새로나병원""}, {""policy"": ""hospital_upgrade"", ""target_id"": ""JDQ4MTYyMiM2MSMkMSMkMiMkOTkkMzgxMzUxIzIxIyQxIyQxIyQxMyQyNjEyMjIjNzEjJDEjJDgjJDgz"", ""target_name"": ""SG삼성조은병원""}]"
626,42,0.7362510002080178,5.599677419354838,10.470670229868626,16.070347649223464,6.034316313600623,12.52832796041321,18.562644274013827,11.18,29.62,"[45, 48, 43]","[{""policy"": ""hospital_upgrade"", ""target_id"": ""JDQ4MTYyMiM2MSMkMSMkMiMkOTkkMzgxMzUxIzIxIyQxIyQxIyQ3OSQyNjEyMjIjNDEjJDEjJDgjJDgz"", ""target_name"": ""우리척병원""}, {""policy"": ""hospital_upgrade"", ""target_id"": ""JDQ4MTYyMiM2MSMkMSMkMiMkOTkkMzgxMzUxIzIxIyQxIyQxIyQ5MiQyNjEwMDIjNjEjJDEjJDAjJDgz"", ""target_name"": ""두정이진병원""}, {""policy"": ""hospital_upgrade"", ""target_id"": ""JDQ4MTYyMiM2MSMkMSMkMiMkOTkkMzgxMzUxIzIxIyQxIyQxIyQ3MiQyNjE0ODEjNDEjJDEjJDgjJDgz"", ""target_name"": ""천안재활병원""}]"
627,42,0.8085418335310592,5.122765314249041,10.92879511789891,16.051560432147948,5.753017269983032,12.737336170707753,18.490353440690786,11.18,29.62,"[40, 23, 18]","[{""policy"": ""hospital_upgrade"", ""target_id"": ""JDQ4MTYyMiM2MSMkMSMkMiMkOTkkMzgxMzUxIzIxIyQxIyQ1IyQ4OSQyNjEyMjIjNjEjJDEjJDQjJDgz"", ""target_name"": ""서울프라임병원""}, {""policy"": ""ambulance_new_base"", ""target_id"": ""REG024"", ""target_name"": ""성정2동""}, {""policy"": ""ambulance_new_base"", ""target_id"": ""REG019"", ""target_name"": ""부성1동""}]"
628,42,1.0686222612639789,4.819278911755002,11.594193548387098,16.4134724601421,4.965694052336647,13.264578960621222,18.230273012957866,11.18,29.62,"[25, 0, 30]","[{""policy"": ""ambulance_new_base"", ""target_id"": ""REG026"", ""target_name"": ""쌍용2동""}, {""policy"": ""ambulance_new_base"", ""target_id"": ""REG001"", ""target_name"": ""문성동""}, {""policy"": ""ambulance_new_base"", ""target_id"": ""REG031"", ""target_name"": ""직산읍""}]"
629,42,0.29010160260849815,5.1113197319321575,11.594193548387098,16.705513280319256,5.74421471099213,13.264578960621222,19.008793671613347,11.18,29.62,"[25, 23, 21]","[{""policy"": ""ambulance_new_base"", ""target_id"": ""REG026"", ""target_name"": ""쌍용2동""}, {""policy"": ""ambulance_new_base"", ""target_id"": ""REG024"", ""target_name"": ""성정2동""}, {""policy"": ""ambulance_new_base"", ""target_id"": ""REG022"", ""target_name"": ""불당2동""}]"
630,42,0.6700255232742265,5.468387096774193,10.8466962068964,16.31508330367059,5.934840795373318,12.694028955574302,18.62886975094762,11.18,29.62,"[33, 28, 44]","[{""policy"": ""hospital_upgrade"", ""target_id"": ""JDQ4MTYyMiM2MSMkMSMkMiMkOTkkMzgxMzUxIzExIyQyIyQ3IyQwMCQ0NjE0ODEjNjEjJDEjJDgjJDgz"", ""target_name"": ""천안우리병원""}, {""policy"": ""ambulance_new_base"", ""target_id"": ""REG029"", ""target_name"": ""성거읍""}, {""policy"": ""hospital_upgrade"", ""target_id"": ""JDQ4MTYyMiM2MSMkMSMkMiMkOTkkMzgxMzUxIzIxIyQxIyQxIyQ3MiQzNjE4MzIjODEjJDEjJDYjJDgz"", ""target_name"": ""삼성스카이병원""}]"
631,42,1.404207680359299,5.008709677419354,10.903044755594616,15.911754433013968,5.159468735785301,12.73521885807725,17.894687593862546,11.18,29.62,"[11, 36, 10]","[{""policy"": ""ambulance_new_base"", ""target_id"": ""REG012"", ""target_name"": ""병천면""}, {""policy"": ""hospital_upgrade"", ""target_id"": ""JDQ4MTYyMiM2MSMkMSMkMiMkOTkkMzgxMzUxIzIxIyQxIyQ1IyQ3OSQyNjE0ODEjNDEjJDEjJDgjJDgz"", ""target_name"": ""마디손병원""}, {""policy"": ""ambulance_new_base"", ""target_id"": ""REG011"", ""target_name"": ""동면""}]"
632,42,0.8226776930236994,5.599677419354838,10.345870654962093,15.945548074316932,6.034316313600623,12.441901267597526,18.476217581198146,11.18,29.62,"[43, 40, 52]","[{""policy"": ""hospital_upgrade"", ""target_id"": ""JDQ4MTYyMiM2MSMkMSMkMiMkOTkkMzgxMzUxIzIxIyQxIyQxIyQ3MiQyNjE0ODEjNDEjJDEjJDgjJDgz"", ""target_name"": ""천안재활병원""}, {""policy"": ""hospital_upgrade"", ""target_id"": ""JDQ4MTYyMiM2MSMkMSMkMiMkOTkkMzgxMzUxIzIxIyQxIyQ1IyQ4OSQyNjEyMjIjNjEjJDEjJDQjJDgz"", ""target_name"": ""서울프라임병원""}, {""policy"": ""hospital_upgrade"", ""target_id"": ""JDQ4MTYyMiM2MSMkMSMkMiMkOTkkMzgxMzUxIzIxIyQyIyQ1IyQwMCQyNjEwMDIjNDEjJDEjJDgjJDgz"", ""target_name"": ""이화병원""}]"
633,42,0.8744663576050087,5.163730227045768,10.975591027317092,16.13932125436286,5.6355037927137595,12.788925123903075,18.424428916616836,11.18,29.62,"[46, 8, 6]","[{""policy"": ""hospital_upgrade"", ""target_id"": ""JDQ4MTYyMiM2MSMkMSMkMiMkOTkkMzgxMzUxIzIxIyQxIyQxIyQ4OSQ0NjE0ODEjODEjJDEjJDIjJDgz"", ""target_name"": ""서울우리병원""}, {""policy"": ""ambulance_new_base"", ""target_id"": ""REG009"", ""target_name"": ""청룡동""}, {""policy"": ""ambulance_new_base"", ""target_id"": ""REG007"", ""target_name"": ""일봉동""}]"
634,42,1.2970605360868603,4.9820545518842,10.922183961670516,15.90423851355472,5.264621974092145,12.737212764042843,18.001834738134985,10.85,29.62,"[20, 38, 14]","[{""policy"": ""ambulance_new_base"", ""target_id"": ""REG021"", ""target_name"": ""불당1동""}, {""policy"": ""hospital_upgrade"", ""target_id"": ""JDQ4MTYyMiM2MSMkMSMkMiMkOTkkMzgxMzUxIzIxIyQxIyQ1IyQ4OSQ0NjEwMDIjNTEjJDEjJDIjJDgz"", ""target_name"": ""천안리턴병원""}, {""policy"": ""ambulance_new_base"", ""target_id"": ""REG015"", ""target_name"": ""수신면""}]"
635,42,0.8921997298256095,5.331973675703178,10.644174046974966,15.976147722678144,5.7387096980570576,12.66798584633918,18.406695544396236,11.18,29.62,"[32, 22, 48]","[{""policy"": ""hospital_upgrade"", ""target_id"": ""JDQ4MTYyMiM2MSMkMSMkMiMkOTkkMzgxMzUxIzExIyQxIyQ3IyQ5OSQ0NjE0ODEjODEjJDEjJDYjJDgz"", ""target_name"": ""예일병원""}, {""policy"": ""ambulance_new_base"", ""target_id"": ""REG023"", ""target_name"": ""성정1동""}, {""policy"": ""hospital_upgrade"", ""target_id"": ""JDQ4MTYyMiM2MSMkMSMkMiMkOTkkMzgxMzUxIzIxIyQxIyQxIyQ5MiQyNjEwMDIjNjEjJDEjJDAjJDgz"", ""target_name"": ""두정이진병원""}]"
636,42,0.5416099378277686,5.3354838709677415,11.346236395124912,16.681720266092654,5.681155858080445,13.076129478313634,18.757285336394077,11.18,29.62,"[31, 15, 28]","[{""policy"": ""hospital_upgrade"", ""target_id"": ""JDQ4MTYyMiM2MSMkMSMkMiMkOTkkMzgxMzUxIzExIyQxIyQ3IyQ4OSQzNjE0ODEjODEjJDEjJDYjJDgz"", ""target_name"": ""새로나병원""}, {""policy"": ""ambulance_new_base"", ""target_id"": ""REG016"", ""target_name"": ""풍세면""}, {""policy"": ""ambulance_new_base"", ""target_id"": ""REG029"", ""target_name"": ""성거읍""}]"
637,42,1.4015748660127265,5.008709677419354,10.914895644369402,15.92360532178876,5.159468735785301,12.73785167242382,17.89732040820912,11.18,29.62,"[39, 10, 11]","[{""policy"": ""hospital_upgrade"", ""target_id"": ""JDQ4MTYyMiM2MSMkMSMkMiMkOTkkMzgxMzUxIzIxIyQxIyQ1IyQ4OSQyNjE4MzIjNTEjJDEjJDYjJDgz"", ""target_name"": ""아이본병원""}, {""policy"": ""ambulance_new_base"", ""target_id"": ""REG011"", ""target_name"": ""동면""}, {""policy"": ""ambulance_new_base"", ""target_id"": ""REG012"", ""target_name"": ""병천면""}]"
638,42,0.8607552152687532,5.401714892506506,10.673185739997537,16.074900632504047,5.869468611590318,12.568671447362778,18.438140058953092,11.18,29.62,"[21, 39, 48]","[{""policy"": ""ambulance_new_base"", ""target_id"": ""REG022"", ""target_name"": ""불당2동""}, {""policy"": ""hospital_upgrade"", ""target_id"": ""JDQ4MTYyMiM2MSMkMSMkMiMkOTkkMzgxMzUxIzIxIyQxIyQ1IyQ4OSQyNjE4MzIjNTEjJDEjJDYjJDgz"", ""target_name"": ""아이본병원""}, {""policy"": ""hospital_upgrade"", ""target_id"": ""JDQ4MTYyMiM2MSMkMSMkMiMkOTkkMzgxMzUxIzIxIyQxIyQxIyQ5MiQyNjEwMDIjNjEjJDEjJDAjJDgz"", ""target_name"": ""두정이진병원""}]"
639,42,0.9493658671062235,5.30471554719749,10.64577819179428,15.950493738991769,5.64393497465041,12.705594432465213,18.34952940711562,11.18,29.62,"[52, 35, 0]","[{""policy"": ""hospital_upgrade"", ""target_id"": ""JDQ4MTYyMiM2MSMkMSMkMiMkOTkkMzgxMzUxIzIxIyQyIyQ1IyQwMCQyNjEwMDIjNDEjJDEjJDgjJDgz"", ""target_name"": ""이화병원""}, {""policy"": ""hospital_upgrade"", ""target_id"": ""JDQ4MTYyMiM2MSMkMSMkMiMkOTkkMzgxMzUxIzIxIyQxIyQ1IyQ2MiQzNjE4MzIjODEjJDEjJDIjJDgz"", ""target_name"": ""돋움병원""}, {""policy"": ""ambulance_new_base"", ""target_id"": ""REG001"", ""target_name"": ""문성동""}]"
640,42,0.8303443217440716,5.212903225806452,11.013231528881516,16.226134754687966,5.569319440834361,12.899231511643416,18.468550952477774,11.18,29.62,"[11, 8, 43]","[{""policy"": ""ambulance_new_base"", ""target_id"": ""REG012"", ""target_name"": ""병천면""}, {""policy"": ""ambulance_new_base"", ""target_id"": ""REG009"", ""target_name"": ""청룡동""}, {""policy"": ""hospital_upgrade"", ""target_id"": ""JDQ4MTYyMiM2MSMkMSMkMiMkOTkkMzgxMzUxIzIxIyQxIyQxIyQ3MiQyNjE0ODEjNDEjJDEjJDgjJDgz"", ""target_name"": ""천안재활병원""}]"
641,42,0.8749479073339472,5.599677419354838,10.407885679401968,16.007563098756812,6.034316313600623,12.389631053287278,18.423947366887898,11.18,29.62,"[47, 40, 46]","[{""policy"": ""hospital_upgrade"", ""target_id"": ""JDQ4MTYyMiM2MSMkMSMkMiMkOTkkMzgxMzUxIzIxIyQxIyQxIyQ5MiQyNjE4MzIjNDEjJDEjJDgjJDgz"", ""target_name"": ""혜성산부인과병원""}, {""policy"": ""hospital_upgrade"", ""target_id"": ""JDQ4MTYyMiM2MSMkMSMkMiMkOTkkMzgxMzUxIzIxIyQxIyQ1IyQ4OSQyNjEyMjIjNjEjJDEjJDQjJDgz"", ""target_name"": ""서울프라임병원""}, {""policy"": ""hospital_upgrade"", ""target_id"": ""JDQ4MTYyMiM2MSMkMSMkMiMkOTkkMzgxMzUxIzIxIyQxIyQxIyQ4OSQ0NjE0ODEjODEjJDEjJDIjJDgz"", ""target_name"": ""서울우리병원""}]"
642,42,0.9698801355635034,5.599677419354838,10.336761811336794,15.936439230691633,6.034316313600623,12.294698825057724,18.32901513865834,11.18,29.62,"[43, 34, 51]","[{""policy"": ""hospital_upgrade"", ""target_id"": ""JDQ4MTYyMiM2MSMkMSMkMiMkOTkkMzgxMzUxIzIxIyQxIyQxIyQ3MiQyNjE0ODEjNDEjJDEjJDgjJDgz"", ""target_name"": ""천안재활병원""}, {""policy"": ""hospital_upgrade"", ""target_id"": ""JDQ4MTYyMiM2MSMkMSMkMiMkOTkkMzgxMzUxIzIxIyQxIyQ1IyQ2MiQ0NjE0ODEjNjEjJDEjJDgjJDgz"", ""target_name"": ""천안해울병원""}, {""policy"": ""hospital_upgrade"", ""target_id"": ""JDQ4MTYyMiM2MSMkMSMkMiMkOTkkMzgxMzUxIzIxIyQxIyQxIyQxMyQyNjEyMjIjNzEjJDEjJDgjJDgz"", ""target_name"": ""SG삼성조은병원""}]"
643,42,1.2152182516356511,4.934838709677419,11.033865820568307,15.968704530245725,5.225236898109038,12.858440124477161,18.083677022586194,10.85,29.62,"[48, 14, 18]","[{""policy"": ""hospital_upgrade"", ""target_id"": ""JDQ4MTYyMiM2MSMkMSMkMiMkOTkkMzgxMzUxIzIxIyQxIyQxIyQ5MiQyNjEwMDIjNjEjJDEjJDAjJDgz"", ""target_name"": ""두정이진병원""}, {""policy"": ""ambulance_new_base"", ""target_id"": ""REG015"", ""target_name"": ""수신면""}, {""policy"": ""ambulance_new_base"", ""target_id"": ""REG019"", ""target_name"": ""부성1동""}]"
644,42,0.7799963117744575,5.029152395097037,11.594193548387098,16.623345943484132,5.254320001826167,13.264578960621222,18.518898962447388,11.18,29.62,"[0, 13, 22]","[{""policy"": ""ambulance_new_base"", ""target_id"": ""REG001"", ""target_name"": ""문성동""}, {""policy"": ""ambulance_new_base"", ""target_id"": ""REG014"", ""target_name"": ""성남면""}, {""policy"": ""ambulance_new_base"", ""target_id"": ""REG023"", ""target_name"": ""성정1동""}]"
645,42,0.7065599813892796,5.423225806451613,11.018218195319077,16.44144400177069,5.713945959776463,12.878389333056102,18.592335292832566,11.18,29.62,"[35, 13, 41]","[{""policy"": ""hospital_upgrade"", ""target_id"": ""JDQ4MTYyMiM2MSMkMSMkMiMkOTkkMzgxMzUxIzIxIyQxIyQ1IyQ2MiQzNjE4MzIjODEjJDEjJDIjJDgz"", ""target_name"": ""돋움병원""}, {""policy"": ""ambulance_new_base"", ""target_id"": ""REG014"", ""target_name"": ""성남면""}, {""policy"": ""hospital_upgrade"", ""target_id"": ""JDQ4MTYyMiM2MSMkMSMkMiMkOTkkMzgxMzUxIzIxIyQxIyQ1IyQ5OSQzNjEyMjIjNjEjJDEjJDQjJDgz"", ""target_name"": ""천안다나힐병원""}]"
646,42,1.2916425647388259,5.016248100271297,10.914895644369402,15.9311437446407,5.2694010370591995,12.73785167242382,18.00725270948302,11.18,29.62,"[39, 30, 20]","[{""policy"": ""hospital_upgrade"", ""target_id"": ""JDQ4MTYyMiM2MSMkMSMkMiMkOTkkMzgxMzUxIzIxIyQxIyQ1IyQ4OSQyNjE4MzIjNTEjJDEjJDYjJDgz"", ""target_name"": ""아이본병원""}, {""policy"": ""ambulance_new_base"", ""target_id"": ""REG031"", ""target_name"": ""직산읍""}, {""policy"": ""ambulance_new_base"", ""target_id"": ""REG021"", ""target_name"": ""불당1동""}]"
647,42,1.0353481264949593,5.358709677419354,10.547864409488213,15.906574086907566,5.751533684774838,12.51201346295205,18.263547147726886,11.18,29.62,"[35, 11, 42]","[{""policy"": ""hospital_upgrade"", ""target_id"": ""JDQ4MTYyMiM2MSMkMSMkMiMkOTkkMzgxMzUxIzIxIyQxIyQ1IyQ2MiQzNjE4MzIjODEjJDEjJDIjJDgz"", ""target_name"": ""돋움병원""}, {""policy"": ""ambulance_new_base"", ""target_id"": ""REG012"", ""target_name"": ""병천면""}, {""policy"": ""hospital_upgrade"", ""target_id"": ""JDQ4MTYyMiM2MSMkMSMkMiMkOTkkMzgxMzUxIzIxIyQxIyQxIyQ2MiQ0NjE0ODEjNDEjJDEjJDQjJDgz"", ""target_name"": ""연세나무병원""}]"
648,42,0.7216311605748054,5.01,11.101640188418845,16.111640188418843,5.584443758528819,12.992820355118223,18.57726411364704,11.18,29.62,"[18, 29, 52]","[{""policy"": ""ambulance_new_base"", ""target_id"": ""REG019"", ""target_name"": ""부성1동""}, {""policy"": ""ambulance_new_base"", ""target_id"": ""REG030"", ""target_name"": ""성환읍""}, {""policy"": ""hospital_upgrade"", ""target_id"": ""JDQ4MTYyMiM2MSMkMSMkMiMkOTkkMzgxMzUxIzIxIyQyIyQ1IyQwMCQyNjEwMDIjNDEjJDEjJDgjJDgz"", ""target_name"": ""이화병원""}]"
649,42,1.3570822278556989,5.249677419354838,10.539224050558321,15.78890146991316,5.442251364611085,12.499561681755065,17.941813046366146,11.18,29.62,"[10, 47, 51]","[{""policy"": ""ambulance_new_base"", ""target_id"": ""REG011"", ""target_name"": ""동면""}, {""policy"": ""hospital_upgrade"", ""target_id"": ""JDQ4MTYyMiM2MSMkMSMkMiMkOTkkMzgxMzUxIzIxIyQxIyQxIyQ5MiQyNjE4MzIjNDEjJDEjJDgjJDgz"", ""target_name"": ""혜성산부인과병원""}, {""policy"": ""hospital_upgrade"", ""target_id"": ""JDQ4MTYyMiM2MSMkMSMkMiMkOTkkMzgxMzUxIzIxIyQxIyQxIyQxMyQyNjEyMjIjNzEjJDEjJDgjJDgz"", ""target_name"": ""SG삼성조은병원""}]"
650,42,0.7576371705270297,5.389711263171298,10.839843909337052,16.229555172508352,5.852393808666708,12.688864295028113,18.541258103694815,11.18,29.62,"[39, 4, 41]","[{""policy"": ""hospital_upgrade"", ""target_id"": ""JDQ4MTYyMiM2MSMkMSMkMiMkOTkkMzgxMzUxIzIxIyQxIyQ1IyQ4OSQyNjE4MzIjNTEjJDEjJDYjJDgz"", ""target_name"": ""아이본병원""}, {""policy"": ""ambulance_new_base"", ""target_id"": ""REG005"", ""target_name"": ""원성1동""}, {""policy"": ""hospital_upgrade"", ""target_id"": ""JDQ4MTYyMiM2MSMkMSMkMiMkOTkkMzgxMzUxIzIxIyQxIyQ1IyQ5OSQzNjEyMjIjNjEjJDEjJDQjJDgz"", ""target_name"": ""천안다나힐병원""}]"
651,42,0.8112254316609047,5.297429383321232,10.922183961670516,16.21961334499175,5.750457078518099,12.737212764042843,18.48766984256094,11.18,29.62,"[8, 17, 38]","[{""policy"": ""ambulance_new_base"", ""target_id"": ""REG009"", ""target_name"": ""청룡동""}, {""policy"": ""ambulance_new_base"", ""target_id"": ""REG018"", ""target_name"": ""백석동""}, {""policy"": ""hospital_upgrade"", ""target_id"": ""JDQ4MTYyMiM2MSMkMSMkMiMkOTkkMzgxMzUxIzIxIyQxIyQ1IyQ4OSQ0NjEwMDIjNTEjJDEjJDIjJDgz"", ""target_name"": ""천안리턴병원""}]"
652,42,1.066949322568071,4.902903225806451,11.594193548387098,16.497096774193547,4.967366991032556,13.264578960621222,18.231945951653774,11.18,29.62,"[10, 9, 8]","[{""policy"": ""ambulance_new_base"", ""target_id"": ""REG011"", ""target_name"": ""동면""}, {""policy"": ""ambulance_new_base"", ""target_id"": ""REG010"", ""target_name"": ""광덕면""}, {""policy"": ""ambulance_new_base"", ""target_id"": ""REG009"", ""target_name"": ""청룡동""}]"
653,42,0.9932764059603798,5.026829182812383,10.914895644369402,15.941724827181789,5.567767195837645,12.73785167242382,18.305618868261465,11.18,29.62,"[22, 24, 39]","[{""policy"": ""ambulance_new_base"", ""target_id"": ""REG023"", ""target_name"": ""성정1동""}, {""policy"": ""ambulance_new_base"", ""target_id"": ""REG025"", ""target_name"": ""쌍용1동""}, {""policy"": ""hospital_upgrade"", ""target_id"": ""JDQ4MTYyMiM2MSMkMSMkMiMkOTkkMzgxMzUxIzIxIyQxIyQ1IyQ4OSQyNjE4MzIjNTEjJDEjJDYjJDgz"", ""target_name"": ""아이본병원""}]"
654,42,0.7725456857612798,5.599677419354838,10.466307200991139,16.06598462034598,6.034316313600623,12.492033274859944,18.526349588460565,11.18,29.62,"[36, 38, 32]","[{""policy"": ""hospital_upgrade"", ""target_id"": ""JDQ4MTYyMiM2MSMkMSMkMiMkOTkkMzgxMzUxIzIxIyQxIyQ1IyQ3OSQyNjE0ODEjNDEjJDEjJDgjJDgz"", ""target_name"": ""마디손병원""}, {""policy"": ""hospital_upgrade"", ""target_id"": ""JDQ4MTYyMiM2MSMkMSMkMiMkOTkkMzgxMzUxIzIxIyQxIyQ1IyQ4OSQ0NjEwMDIjNTEjJDEjJDIjJDgz"", ""target_name"": ""천안리턴병원""}, {""policy"": ""hospital_upgrade"", ""target_id"": ""JDQ4MTYyMiM2MSMkMSMkMiMkOTkkMzgxMzUxIzExIyQxIyQ3IyQ5OSQ0NjE0ODEjODEjJDEjJDYjJDgz"", ""target_name"": ""예일병원""}]"
655,42,0.7375249959239412,5.255908440893603,11.093193138623256,16.34910157951686,5.687254367649841,12.874115910648063,18.561370278297904,11.18,29.62,"[34, 8, 21]","[{""policy"": ""hospital_upgrade"", ""target_id"": ""JDQ4MTYyMiM2MSMkMSMkMiMkOTkkMzgxMzUxIzIxIyQxIyQ1IyQ2MiQ0NjE0ODEjNjEjJDEjJDgjJDgz"", ""target_name"": ""천안해울병원""}, {""policy"": ""ambulance_new_base"", ""target_id"": ""REG009"", ""target_name"": ""청룡동""}, {""policy"": ""ambulance_new_base"", ""target_id"": ""REG022"", ""target_name"": ""불당2동""}]"
656,42,0.9146857843083929,5.166774193548386,10.998184134035316,16.164958327583705,5.518121222951457,12.866088266961999,18.384209489913452,11.18,29.62,"[47, 3, 13]","[{""policy"": ""hospital_upgrade"", ""target_id"": ""JDQ4MTYyMiM2MSMkMSMkMiMkOTkkMzgxMzUxIzIxIyQxIyQxIyQ5MiQyNjE4MzIjNDEjJDEjJDgjJDgz"", ""target_name"": ""혜성산부인과병원""}, {""policy"": ""ambulance_new_base"", ""target_id"": ""REG004"", ""target_name"": ""신안동""}, {""policy"": ""ambulance_new_base"", ""target_id"": ""REG014"", ""target_name"": ""성남면""}]"
657,42,0.7180353240140533,5.389711263171298,10.902599954384401,16.2923112175557,5.852393808666708,12.728466141541084,18.580859950207792,11.18,29.62,"[39, 51, 4]","[{""policy"": ""hospital_upgrade"", ""target_id"": ""JDQ4MTYyMiM2MSMkMSMkMiMkOTkkMzgxMzUxIzIxIyQxIyQ1IyQ4OSQyNjE4MzIjNTEjJDEjJDYjJDgz"", ""target_name"": ""아이본병원""}, {""policy"": ""hospital_upgrade"", ""target_id"": ""JDQ4MTYyMiM2MSMkMSMkMiMkOTkkMzgxMzUxIzIxIyQxIyQxIyQxMyQyNjEyMjIjNzEjJDEjJDgjJDgz"", ""target_name"": ""SG삼성조은병원""}, {""policy"": ""ambulance_new_base"", ""target_id"": ""REG005"", ""target_name"": ""원성1동""}]"
658,42,0.8770611307530736,4.786818121939971,11.594193548387098,16.381011670327066,5.15725518284755,13.264578960621222,18.42183414346877,11.18,29.62,"[6, 10, 23]","[{""policy"": ""ambulance_new_base"", ""target_id"": ""REG007"", ""target_name"": ""일봉동""}, {""policy"": ""ambulance_new_base"", ""target_id"": ""REG011"", ""target_name"": ""동면""}, {""policy"": ""ambulance_new_base"", ""target_id"": ""REG024"", ""target_name"": ""성정2동""}]"
659,42,0.4667945247634684,4.967142049436125,11.594193548387098,16.561335597823224,5.567521788837157,13.264578960621222,18.832100749458377,11.18,29.62,"[24, 12, 20]","[{""policy"": ""ambulance_new_base"", ""target_id"": ""REG025"", ""target_name"": ""쌍용1동""}, {""policy"": ""ambulance_new_base"", ""target_id"": ""REG013"", ""target_name"": ""북면""}, {""policy"": ""ambulance_new_base"", ""target_id"": ""REG021"", ""target_name"": ""불당1동""}]"
660,42,0.9493396155522369,5.358709677419354,10.709750720080834,16.068460397500186,5.751533684774838,12.59802197389477,18.34955565866961,11.18,29.62,"[40, 48, 11]","[{""policy"": ""hospital_upgrade"", ""target_id"": ""JDQ4MTYyMiM2MSMkMSMkMiMkOTkkMzgxMzUxIzIxIyQxIyQ1IyQ4OSQyNjEyMjIjNjEjJDEjJDQjJDgz"", ""target_name"": ""서울프라임병원""}, {""policy"": ""hospital_upgrade"", ""target_id"": ""JDQ4MTYyMiM2MSMkMSMkMiMkOTkkMzgxMzUxIzIxIyQxIyQxIyQ5MiQyNjEwMDIjNjEjJDEjJDAjJDgz"", ""target_name"": ""두정이진병원""}, {""policy"": ""ambulance_new_base"", ""target_id"": ""REG012"", ""target_name"": ""병천면""}]"
661,42,0.7827171587751955,5.423225806451613,10.850577256463923,16.273803062915537,5.713945959776463,12.80223215567019,18.51617811544665,11.18,29.62,"[13, 31, 32]","[{""policy"": ""ambulance_new_base"", ""target_id"": ""REG014"", ""target_name"": ""성남면""}, {""policy"": ""hospital_upgrade"", ""target_id"": ""JDQ4MTYyMiM2MSMkMSMkMiMkOTkkMzgxMzUxIzExIyQxIyQ3IyQ4OSQzNjE0ODEjODEjJDEjJDYjJDgz"", ""target_name"": ""새로나병원""}, {""policy"": ""hospital_upgrade"", ""target_id"": ""JDQ4MTYyMiM2MSMkMSMkMiMkOTkkMzgxMzUxIzExIyQxIyQ3IyQ5OSQ0NjE0ODEjODEjJDEjJDYjJDgz"", ""target_name"": ""예일병원""}]"
662,42,1.1784487338177598,4.771511655492216,11.594193548387098,16.365705203879312,4.855867579782863,13.264578960621222,18.120446540404085,10.85,29.62,"[7, 14, 12]","[{""policy"": ""ambulance_new_base"", ""target_id"": ""REG008"", ""target_name"": ""중앙동""}, {""policy"": ""ambulance_new_base"", ""target_id"": ""REG015"", ""target_name"": ""수신면""}, {""policy"": ""ambulance_new_base"", ""target_id"": ""REG013"", ""target_name"": ""북면""}]"
663,42,0.7178427080670531,5.128811517074722,11.08868306517315,16.217494582247873,5.7466088598275125,12.834443706327281,18.581052566154792,11.18,29.62,"[20, 49, 26]","[{""policy"": ""ambulance_new_base"", ""target_id"": ""REG021"", ""target_name"": ""불당1동""}, {""policy"": ""hospital_upgrade"", ""target_id"": ""JDQ4MTYyMiM2MSMkMSMkMiMkOTkkMzgxMzUxIzIxIyQxIyQxIyQwMyQyNjE0ODEjNTEjJDEjJDYjJDgz"", ""target_name"": ""천안21세기병원""}, {""policy"": ""ambulance_new_base"", ""target_id"": ""REG027"", ""target_name"": ""쌍용3동""}]"
664,42,0.6976807174220028,5.401714892506506,10.671915281509014,16.073630174015523,5.869468611590318,12.731745945209527,18.601214556799842,11.18,29.62,"[32, 21, 43]","[{""policy"": ""hospital_upgrade"", ""target_id"": ""JDQ4MTYyMiM2MSMkMSMkMiMkOTkkMzgxMzUxIzExIyQxIyQ3IyQ5OSQ0NjE0ODEjODEjJDEjJDYjJDgz"", ""target_name"": ""예일병원""}, {""policy"": ""ambulance_new_base"", ""target_id"": ""REG022"", ""target_name"": ""불당2동""}, {""policy"": ""hospital_upgrade"", ""target_id"": ""JDQ4MTYyMiM2MSMkMSMkMiMkOTkkMzgxMzUxIzIxIyQxIyQxIyQ3MiQyNjE0ODEjNDEjJDEjJDgjJDgz"", ""target_name"": ""천안재활병원""}]"
665,42,0.4131241262701053,5.243904811558396,11.519141813354748,16.763046624913144,5.670179564726231,13.215591583225512,18.88577114795174,11.18,29.62,"[41, 4, 8]","[{""policy"": ""hospital_upgrade"", ""target_id"": ""JDQ4MTYyMiM2MSMkMSMkMiMkOTkkMzgxMzUxIzIxIyQxIyQ1IyQ5OSQzNjEyMjIjNjEjJDEjJDQjJDgz"", ""target_name"": ""천안다나힐병원""}, {""policy"": ""ambulance_new_base"", ""target_id"": ""REG005"", ""target_name"": ""원성1동""}, {""policy"": ""ambulance_new_base"", ""target_id"": ""REG009"", ""target_name"": ""청룡동""}]"
666,42,0.9917241609636669,5.212903225806452,10.914895644369402,16.127798870175855,5.569319440834361,12.73785167242382,18.30717111325818,11.18,29.62,"[39, 11, 8]","[{""policy"": ""hospital_upgrade"", ""target_id"": ""JDQ4MTYyMiM2MSMkMSMkMiMkOTkkMzgxMzUxIzIxIyQxIyQ1IyQ4OSQyNjE4MzIjNTEjJDEjJDYjJDgz"", ""target_name"": ""아이본병원""}, {""policy"": ""ambulance_new_base"", ""target_id"": ""REG012"", ""target_name"": ""병천면""}, {""policy"": ""ambulance_new_base"", ""target_id"": ""REG009"", ""target_name"": ""청룡동""}]"
667,42,0.7925873086529052,5.423225806451613,10.890602311007804,16.313828117459416,5.713945959776463,12.792362005792482,18.50630796556894,11.18,29.62,"[44, 31, 13]","[{""policy"": ""hospital_upgrade"", ""target_id"": ""JDQ4MTYyMiM2MSMkMSMkMiMkOTkkMzgxMzUxIzIxIyQxIyQxIyQ3MiQzNjE4MzIjODEjJDEjJDYjJDgz"", ""target_name"": ""삼성스카이병원""}, {""policy"": ""hospital_upgrade"", ""target_id"": ""JDQ4MTYyMiM2MSMkMSMkMiMkOTkkMzgxMzUxIzExIyQxIyQ3IyQ4OSQzNjE0ODEjODEjJDEjJDYjJDgz"", ""target_name"": ""새로나병원""}, {""policy"": ""ambulance_new_base"", ""target_id"": ""REG014"", ""target_name"": ""성남면""}]"
668,42,0.37288066963415645,5.160967741935483,11.594193548387098,16.75516129032258,5.661435643966469,13.264578960621222,18.92601460458769,11.18,29.62,"[11, 27, 2]","[{""policy"": ""ambulance_new_base"", ""target_id"": ""REG012"", ""target_name"": ""병천면""}, {""policy"": ""ambulance_new_base"", ""target_id"": ""REG028"", ""target_name"": ""입장면""}, {""policy"": ""ambulance_new_base"", ""target_id"": ""REG003"", ""target_name"": ""신방동""}]"
669,42,0.6353124249966129,5.142755395934929,11.594193548387098,16.736948944322027,5.39900388860401,13.264578960621222,18.663582849225232,11.18,29.62,"[27, 5, 15]","[{""policy"": ""ambulance_new_base"", ""target_id"": ""REG028"", ""target_name"": ""입장면""}, {""policy"": ""ambulance_new_base"", ""target_id"": ""REG006"", ""target_name"": ""원성2동""}, {""policy"": ""ambulance_new_base"", ""target_id"": ""REG016"", ""target_name"": ""풍세면""}]"
670,42,0.9324139558323559,5.30953667865867,10.674226808408333,15.983763487067003,5.817718036654236,12.548763281735253,18.36648131838949,11.18,29.62,"[6, 31, 38]","[{""policy"": ""ambulance_new_base"", ""target_id"": ""REG007"", ""target_name"": ""일봉동""}, {""policy"": ""hospital_upgrade"", ""target_id"": ""JDQ4MTYyMiM2MSMkMSMkMiMkOTkkMzgxMzUxIzExIyQxIyQ3IyQ4OSQzNjE0ODEjODEjJDEjJDYjJDgz"", ""target_name"": ""새로나병원""}, {""policy"": ""hospital_upgrade"", ""target_id"": ""JDQ4MTYyMiM2MSMkMSMkMiMkOTkkMzgxMzUxIzIxIyQxIyQ1IyQ4OSQ0NjEwMDIjNTEjJDEjJDIjJDgz"", ""target_name"": ""천안리턴병원""}]"
671,42,0.9462058748257789,5.150819912063961,11.033865820568307,16.184685732632268,5.494249274918911,12.858440124477161,18.352689399396066,11.18,29.62,"[8, 48, 5]","[{""policy"": ""ambulance_new_base"", ""target_id"": ""REG009"", ""target_name"": ""청룡동""}, {""policy"": ""hospital_upgrade"", ""target_id"": ""JDQ4MTYyMiM2MSMkMSMkMiMkOTkkMzgxMzUxIzIxIyQxIyQxIyQ5MiQyNjEwMDIjNjEjJDEjJDAjJDgz"", ""target_name"": ""두정이진병원""}, {""policy"": ""ambulance_new_base"", ""target_id"": ""REG006"", ""target_name"": ""원성2동""}]"
672,42,0.837583800107577,5.155199482154791,10.975591027317092,16.130790509471886,5.672386350211193,12.788925123903075,18.461311474114268,11.18,29.62,"[46, 2, 22]","[{""policy"": ""hospital_upgrade"", ""target_id"": ""JDQ4MTYyMiM2MSMkMSMkMiMkOTkkMzgxMzUxIzIxIyQxIyQxIyQ4OSQ0NjE0ODEjODEjJDEjJDIjJDgz"", ""target_name"": ""서울우리병원""}, {""policy"": ""ambulance_new_base"", ""target_id"": ""REG003"", ""target_name"": ""신방동""}, {""policy"": ""ambulance_new_base"", ""target_id"": ""REG023"", ""target_name"": ""성정1동""}]"
673,42,0.744827045104941,5.422903225806452,10.716180311234632,16.139083537041085,5.967992965754759,12.586075263362146,18.554068229116904,11.18,29.62,"[38, 50, 2]","[{""policy"": ""hospital_upgrade"", ""target_id"": ""JDQ4MTYyMiM2MSMkMSMkMiMkOTkkMzgxMzUxIzIxIyQxIyQ1IyQ4OSQ0NjEwMDIjNTEjJDEjJDIjJDgz"", ""target_name"": ""천안리턴병원""}, {""policy"": ""hospital_upgrade"", ""target_id"": ""JDQ4MTYyMiM2MSMkMSMkMiMkOTkkMzgxMzUxIzIxIyQxIyQxIyQwMyQyNjE4MzIjODEjJDEjJDIjJDgz"", ""target_name"": ""서울대정병원""}, {""policy"": ""ambulance_new_base"", ""target_id"": ""REG003"", ""target_name"": ""신방동""}]"
674,42,0.8828006284265086,5.466774193548386,10.662624329548988,16.129398523097375,5.780631376307751,12.635463269487586,18.416094645795337,11.18,29.62,"[15, 38, 32]","[{""policy"": ""ambulance_new_base"", ""target_id"": ""REG016"", ""target_name"": ""풍세면""}, {""policy"": ""hospital_upgrade"", ""target_id"": ""JDQ4MTYyMiM2MSMkMSMkMiMkOTkkMzgxMzUxIzIxIyQxIyQ1IyQ4OSQ0NjEwMDIjNTEjJDEjJDIjJDgz"", ""target_name"": ""천안리턴병원""}, {""policy"": ""hospital_upgrade"", ""target_id"": ""JDQ4MTYyMiM2MSMkMSMkMiMkOTkkMzgxMzUxIzExIyQxIyQ3IyQ5OSQ0NjE0ODEjODEjJDEjJDYjJDgz"", ""target_name"": ""예일병원""}]"
675,42,0.7632413312880217,5.37258064516129,10.848247068703982,16.22082771386527,5.839592484891805,12.696061458042019,18.535653942933823,11.18,29.62,"[50, 16, 12]","[{""policy"": ""hospital_upgrade"", ""target_id"": ""JDQ4MTYyMiM2MSMkMSMkMiMkOTkkMzgxMzUxIzIxIyQxIyQxIyQwMyQyNjE4MzIjODEjJDEjJDIjJDgz"", ""target_name"": ""서울대정병원""}, {""policy"": ""ambulance_new_base"", ""target_id"": ""REG017"", ""target_name"": ""목천읍""}, {""policy"": ""ambulance_new_base"", ""target_id"": ""REG013"", ""target_name"": ""북면""}]"
676,42,0.7982060437572507,4.889825744681353,11.594193548387098,16.48401929306845,5.236110269843378,13.264578960621222,18.500689230464594,11.18,29.62,"[26, 25, 30]","[{""policy"": ""ambulance_new_base"", ""target_id"": ""REG027"", ""target_name"": ""쌍용3동""}, {""policy"": ""ambulance_new_base"", ""target_id"": ""REG026"", ""target_name"": ""쌍용2동""}, {""policy"": ""ambulance_new_base"", ""target_id"": ""REG031"", ""target_name"": ""직산읍""}]"
677,42,0.6973038302770718,5.599677419354838,10.697312181131657,16.296989600486498,6.034316313600623,12.567275130344152,18.601591443944773,11.18,29.62,"[42, 40, 50]","[{""policy"": ""hospital_upgrade"", ""target_id"": ""JDQ4MTYyMiM2MSMkMSMkMiMkOTkkMzgxMzUxIzIxIyQxIyQxIyQ2MiQ0NjE0ODEjNDEjJDEjJDQjJDgz"", ""target_name"": ""연세나무병원""}, {""policy"": ""hospital_upgrade"", ""target_id"": ""JDQ4MTYyMiM2MSMkMSMkMiMkOTkkMzgxMzUxIzIxIyQxIyQ1IyQ4OSQyNjEyMjIjNjEjJDEjJDQjJDgz"", ""target_name"": ""서울프라임병원""}, {""policy"": ""hospital_upgrade"", ""target_id"": ""JDQ4MTYyMiM2MSMkMSMkMiMkOTkkMzgxMzUxIzIxIyQxIyQxIyQwMyQyNjE4MzIjODEjJDEjJDIjJDgz"", ""target_name"": ""서울대정병원""}]"
678,42,0.685622090336544,5.499032258064515,10.87110452141882,16.370136779483335,5.9189559912924805,12.694317192592823,18.6132731838853,11.18,29.62,"[39, 40, 12]","[{""policy"": ""hospital_upgrade"", ""target_id"": ""JDQ4MTYyMiM2MSMkMSMkMiMkOTkkMzgxMzUxIzIxIyQxIyQ1IyQ4OSQyNjE4MzIjNTEjJDEjJDYjJDgz"", ""target_name"": ""아이본병원""}, {""policy"": ""hospital_upgrade"", ""target_id"": ""JDQ4MTYyMiM2MSMkMSMkMiMkOTkkMzgxMzUxIzIxIyQxIyQ1IyQ4OSQyNjEyMjIjNjEjJDEjJDQjJDgz"", ""target_name"": ""서울프라임병원""}, {""policy"": ""ambulance_new_base"", ""target_id"": ""REG013"", ""target_name"": ""북면""}]"
679,42,0.6973740544296696,5.478064516129031,10.860143321295778,16.338207837424807,5.895181298329975,12.706339921462204,18.601521219792176,11.18,29.62,"[27, 42, 12]","[{""policy"": ""ambulance_new_base"", ""target_id"": ""REG028"", ""target_name"": ""입장면""}, {""policy"": ""hospital_upgrade"", ""target_id"": ""JDQ4MTYyMiM2MSMkMSMkMiMkOTkkMzgxMzUxIzIxIyQxIyQxIyQ2MiQ0NjE0ODEjNDEjJDEjJDQjJDgz"", ""target_name"": ""연세나무병원""}, {""policy"": ""ambulance_new_base"", ""target_id"": ""REG013"", ""target_name"": ""북면""}]"
680,42,0.7657017350942219,5.426958862636138,10.697312181131657,16.124271043767795,5.965918408783474,12.567275130344152,18.533193539127623,11.18,29.62,"[50, 23, 40]","[{""policy"": ""hospital_upgrade"", ""target_id"": ""JDQ4MTYyMiM2MSMkMSMkMiMkOTkkMzgxMzUxIzIxIyQxIyQxIyQwMyQyNjE4MzIjODEjJDEjJDIjJDgz"", ""target_name"": ""서울대정병원""}, {""policy"": ""ambulance_new_base"", ""target_id"": ""REG024"", ""target_name"": ""성정2동""}, {""policy"": ""hospital_upgrade"", ""target_id"": ""JDQ4MTYyMiM2MSMkMSMkMiMkOTkkMzgxMzUxIzIxIyQxIyQ1IyQ4OSQyNjEyMjIjNjEjJDEjJDQjJDgz"", ""target_name"": ""서울프라임병원""}]"
681,42,0.6296923149954132,5.453870967741936,10.923132399002967,16.377003366744905,5.852102069660146,12.81710088956629,18.669202959226432,11.18,29.62,"[47, 41, 8]","[{""policy"": ""hospital_upgrade"", ""target_id"": ""JDQ4MTYyMiM2MSMkMSMkMiMkOTkkMzgxMzUxIzIxIyQxIyQxIyQ5MiQyNjE4MzIjNDEjJDEjJDgjJDgz"", ""target_name"": ""혜성산부인과병원""}, {""policy"": ""hospital_upgrade"", ""target_id"": ""JDQ4MTYyMiM2MSMkMSMkMiMkOTkkMzgxMzUxIzIxIyQxIyQ1IyQ5OSQzNjEyMjIjNjEjJDEjJDQjJDgz"", ""target_name"": ""천안다나힐병원""}, {""policy"": ""ambulance_new_base"", ""target_id"": ""REG009"", ""target_name"": ""청룡동""}]"
682,42,0.6013286624682621,5.139042286547038,11.302330291013508,16.441372577560546,5.719770183658134,12.977796428095454,18.697566611753583,11.18,29.62,"[33, 17, 18]","[{""policy"": ""hospital_upgrade"", ""target_id"": ""JDQ4MTYyMiM2MSMkMSMkMiMkOTkkMzgxMzUxIzExIyQyIyQ3IyQwMCQ0NjE0ODEjNjEjJDEjJDgjJDgz"", ""target_name"": ""천안우리병원""}, {""policy"": ""ambulance_new_base"", ""target_id"": ""REG018"", ""target_name"": ""백석동""}, {""policy"": ""ambulance_new_base"", ""target_id"": ""REG019"", ""target_name"": ""부성1동""}]"
683,42,1.0045359842044803,5.102258064516128,10.912914642839256,16.015172707355386,5.555708947949833,12.738650342067533,18.294359290017365,11.18,29.62,"[11, 51, 3]","[{""policy"": ""ambulance_new_base"", ""target_id"": ""REG012"", ""target_name"": ""병천면""}, {""policy"": ""hospital_upgrade"", ""target_id"": ""JDQ4MTYyMiM2MSMkMSMkMiMkOTkkMzgxMzUxIzIxIyQxIyQxIyQxMyQyNjEyMjIjNzEjJDEjJDgjJDgz"", ""target_name"": ""SG삼성조은병원""}, {""policy"": ""ambulance_new_base"", ""target_id"": ""REG004"", ""target_name"": ""신안동""}]"
684,42,0.7985554966354478,5.401714892506506,10.638032936560965,16.03974782906747,5.869468611590318,12.63087116599608,18.500339777586397,11.18,29.62,"[32, 46, 21]","[{""policy"": ""hospital_upgrade"", ""target_id"": ""JDQ4MTYyMiM2MSMkMSMkMiMkOTkkMzgxMzUxIzExIyQxIyQ3IyQ5OSQ0NjE0ODEjODEjJDEjJDYjJDgz"", ""target_name"": ""예일병원""}, {""policy"": ""hospital_upgrade"", ""target_id"": ""JDQ4MTYyMiM2MSMkMSMkMiMkOTkkMzgxMzUxIzIxIyQxIyQxIyQ4OSQ0NjE0ODEjODEjJDEjJDIjJDgz"", ""target_name"": ""서울우리병원""}, {""policy"": ""ambulance_new_base"", ""target_id"": ""REG022"", ""target_name"": ""불당2동""}]"
685,42,0.9069125631678538,5.260793486616837,10.680837964636725,15.941631451253564,5.843096022653826,12.548886688400165,18.39198271105399,11.18,29.62,"[26, 31, 40]","[{""policy"": ""ambulance_new_base"", ""target_id"": ""REG027"", ""target_name"": ""쌍용3동""}, {""policy"": ""hospital_upgrade"", ""target_id"": ""JDQ4MTYyMiM2MSMkMSMkMiMkOTkkMzgxMzUxIzExIyQxIyQ3IyQ4OSQzNjE0ODEjODEjJDEjJDYjJDgz"", ""target_name"": ""새로나병원""}, {""policy"": ""hospital_upgrade"", ""target_id"": ""JDQ4MTYyMiM2MSMkMSMkMiMkOTkkMzgxMzUxIzIxIyQxIyQ1IyQ4OSQyNjEyMjIjNjEjJDEjJDQjJDgz"", ""target_name"": ""서울프라임병원""}]"
686,42,0.8989883591693761,5.265170274394114,10.728329015198552,15.993499289592668,5.8270612018601655,12.572845713192303,18.39990691505247,11.18,29.62,"[24, 49, 46]","[{""policy"": ""ambulance_new_base"", ""target_id"": ""REG025"", ""target_name"": ""쌍용1동""}, {""policy"": ""hospital_upgrade"", ""target_id"": ""JDQ4MTYyMiM2MSMkMSMkMiMkOTkkMzgxMzUxIzIxIyQxIyQxIyQwMyQyNjE0ODEjNTEjJDEjJDYjJDgz"", ""target_name"": ""천안21세기병원""}, {""policy"": ""hospital_upgrade"", ""target_id"": ""JDQ4MTYyMiM2MSMkMSMkMiMkOTkkMzgxMzUxIzIxIyQxIyQxIyQ4OSQ0NjE0ODEjODEjJDEjJDIjJDgz"", ""target_name"": ""서울우리병원""}]"
687,42,1.2346680612111491,5.149032258064516,10.92879511789891,16.077827375963423,5.326891042302942,12.737336170707753,18.064227213010696,11.18,29.62,"[10, 12, 40]","[{""policy"": ""ambulance_new_base"", ""target_id"": ""REG011"", ""target_name"": ""동면""}, {""policy"": ""ambulance_new_base"", ""target_id"": ""REG013"", ""target_name"": ""북면""}, {""policy"": ""hospital_upgrade"", ""target_id"": ""JDQ4MTYyMiM2MSMkMSMkMiMkOTkkMzgxMzUxIzIxIyQxIyQ1IyQ4OSQyNjEyMjIjNjEjJDEjJDQjJDgz"", ""target_name"": ""서울프라임병원""}]"
688,42,1.2355472009901227,5.14032258064516,11.093193138623256,16.233515719268418,5.189232162583663,12.874115910648063,18.063348073231722,11.18,29.62,"[30, 15, 34]","[{""policy"": ""ambulance_new_base"", ""target_id"": ""REG031"", ""target_name"": ""직산읍""}, {""policy"": ""ambulance_new_base"", ""target_id"": ""REG016"", ""target_name"": ""풍세면""}, {""policy"": ""hospital_upgrade"", ""target_id"": ""JDQ4MTYyMiM2MSMkMSMkMiMkOTkkMzgxMzUxIzIxIyQxIyQ1IyQ2MiQ0NjE0ODEjNjEjJDEjJDgjJDgz"", ""target_name"": ""천안해울병원""}]"
689,42,0.7417928683957662,5.135753933158489,11.033865820568307,16.169619753726796,5.698662281348919,12.858440124477161,18.55710240582608,11.18,29.62,"[24, 1, 48]","[{""policy"": ""ambulance_new_base"", ""target_id"": ""REG025"", ""target_name"": ""쌍용1동""}, {""policy"": ""ambulance_new_base"", ""target_id"": ""REG002"", ""target_name"": ""봉명동""}, {""policy"": ""hospital_upgrade"", ""target_id"": ""JDQ4MTYyMiM2MSMkMSMkMiMkOTkkMzgxMzUxIzIxIyQxIyQxIyQ5MiQyNjEwMDIjNjEjJDEjJDAjJDgz"", ""target_name"": ""두정이진병원""}]"
690,42,0.8456950252160169,5.187741935483871,10.903044755594616,16.090786691078485,5.717981390928584,12.73521885807725,18.45320024900583,11.18,29.62,"[29, 36, 16]","[{""policy"": ""ambulance_new_base"", ""target_id"": ""REG030"", ""target_name"": ""성환읍""}, {""policy"": ""hospital_upgrade"", ""target_id"": ""JDQ4MTYyMiM2MSMkMSMkMiMkOTkkMzgxMzUxIzIxIyQxIyQ1IyQ3OSQyNjE0ODEjNDEjJDEjJDgjJDgz"", ""target_name"": ""마디손병원""}, {""policy"": ""ambulance_new_base"", ""target_id"": ""REG017"", ""target_name"": ""목천읍""}]"
691,42,0.34197636440347523,4.915677524127027,11.594193548387098,16.509871072514127,5.692339949197153,13.264578960621222,18.95691890981837,11.18,29.62,"[24, 23, 2]","[{""policy"": ""ambulance_new_base"", ""target_id"": ""REG025"", ""target_name"": ""쌍용1동""}, {""policy"": ""ambulance_new_base"", ""target_id"": ""REG024"", ""target_name"": ""성정2동""}, {""policy"": ""ambulance_new_base"", ""target_id"": ""REG003"", ""target_name"": ""신방동""}]"
692,42,0.954263333860883,5.284148661359985,10.598242278707101,15.882390940067086,5.784166068643291,12.560465871717671,18.344631940360962,11.18,29.62,"[39, 44, 1]","[{""policy"": ""hospital_upgrade"", ""target_id"": ""JDQ4MTYyMiM2MSMkMSMkMiMkOTkkMzgxMzUxIzIxIyQxIyQ1IyQ4OSQyNjE4MzIjNTEjJDEjJDYjJDgz"", ""target_name"": ""아이본병원""}, {""policy"": ""hospital_upgrade"", ""target_id"": ""JDQ4MTYyMiM2MSMkMSMkMiMkOTkkMzgxMzUxIzIxIyQxIyQxIyQ3MiQzNjE4MzIjODEjJDEjJDYjJDgz"", ""target_name"": ""삼성스카이병원""}, {""policy"": ""ambulance_new_base"", ""target_id"": ""REG002"", ""target_name"": ""봉명동""}]"
693,42,0.8662048212552413,5.401714892506506,10.596499463923378,15.998214356429887,5.869468611590318,12.563221841376283,18.432690452966604,11.18,29.62,"[49, 45, 21]","[{""policy"": ""hospital_upgrade"", ""target_id"": ""JDQ4MTYyMiM2MSMkMSMkMiMkOTkkMzgxMzUxIzIxIyQxIyQxIyQwMyQyNjE0ODEjNTEjJDEjJDYjJDgz"", ""target_name"": ""천안21세기병원""}, {""policy"": ""hospital_upgrade"", ""target_id"": ""JDQ4MTYyMiM2MSMkMSMkMiMkOTkkMzgxMzUxIzIxIyQxIyQxIyQ3OSQyNjEyMjIjNDEjJDEjJDgjJDgz"", ""target_name"": ""우리척병원""}, {""policy"": ""ambulance_new_base"", ""target_id"": ""REG022"", ""target_name"": ""불당2동""}]"
694,42,0.9472120686298489,5.291935483870967,10.922183961670516,16.21411944554148,5.614470441549157,12.737212764042843,18.351683205591996,11.18,29.62,"[38, 13, 28]","[{""policy"": ""hospital_upgrade"", ""target_id"": ""JDQ4MTYyMiM2MSMkMSMkMiMkOTkkMzgxMzUxIzIxIyQxIyQ1IyQ4OSQ0NjEwMDIjNTEjJDEjJDIjJDgz"", ""target_name"": ""천안리턴병원""}, {""policy"": ""ambulance_new_base"", ""target_id"": ""REG014"", ""target_name"": ""성남면""}, {""policy"": ""ambulance_new_base"", ""target_id"": ""REG029"", ""target_name"": ""성거읍""}]"
695,42,0.9314743835719419,5.358709677419354,10.639099463186751,15.997809140606103,5.751533684774838,12.615887205875067,18.367420890649903,11.18,29.62,"[38, 11, 52]","[{""policy"": ""hospital_upgrade"", ""target_id"": ""JDQ4MTYyMiM2MSMkMSMkMiMkOTkkMzgxMzUxIzIxIyQxIyQ1IyQ4OSQ0NjEwMDIjNTEjJDEjJDIjJDgz"", ""target_name"": ""천안리턴병원""}, {""policy"": ""ambulance_new_base"", ""target_id"": ""REG012"", ""target_name"": ""병천면""}, {""policy"": ""hospital_upgrade"", ""target_id"": ""JDQ4MTYyMiM2MSMkMSMkMiMkOTkkMzgxMzUxIzIxIyQyIyQ1IyQwMCQyNjEwMDIjNDEjJDEjJDgjJDgz"", ""target_name"": ""이화병원""}]"
696,42,0.6540167525560925,5.227419354838709,11.101640188418845,16.32905954325755,5.6520581665475325,12.992820355118223,18.644878521665753,11.18,29.62,"[11, 52, 28]","[{""policy"": ""ambulance_new_base"", ""target_id"": ""REG012"", ""target_name"": ""병천면""}, {""policy"": ""hospital_upgrade"", ""target_id"": ""JDQ4MTYyMiM2MSMkMSMkMiMkOTkkMzgxMzUxIzIxIyQyIyQ1IyQwMCQyNjEwMDIjNDEjJDEjJDgjJDgz"", ""target_name"": ""이화병원""}, {""policy"": ""ambulance_new_base"", ""target_id"": ""REG029"", ""target_name"": ""성거읍""}]"
697,42,0.7846589015276457,5.499032258064515,10.736606512672083,16.2356387707366,5.9189559912924805,12.59528038140172,18.5142363726942,11.18,29.62,"[12, 42, 40]","[{""policy"": ""ambulance_new_base"", ""target_id"": ""REG013"", ""target_name"": ""북면""}, {""policy"": ""hospital_upgrade"", ""target_id"": ""JDQ4MTYyMiM2MSMkMSMkMiMkOTkkMzgxMzUxIzIxIyQxIyQxIyQ2MiQ0NjE0ODEjNDEjJDEjJDQjJDgz"", ""target_name"": ""연세나무병원""}, {""policy"": ""hospital_upgrade"", ""target_id"": ""JDQ4MTYyMiM2MSMkMSMkMiMkOTkkMzgxMzUxIzIxIyQxIyQ1IyQ4OSQyNjEyMjIjNjEjJDEjJDQjJDgz"", ""target_name"": ""서울프라임병원""}]"
698,42,0.9203127386785859,5.1277070769392825,10.848247068703982,15.975954145643263,5.682521077501244,12.696061458042019,18.37858253554326,11.18,29.62,"[1, 50, 17]","[{""policy"": ""ambulance_new_base"", ""target_id"": ""REG002"", ""target_name"": ""봉명동""}, {""policy"": ""hospital_upgrade"", ""target_id"": ""JDQ4MTYyMiM2MSMkMSMkMiMkOTkkMzgxMzUxIzIxIyQxIyQxIyQwMyQyNjE4MzIjODEjJDEjJDIjJDgz"", ""target_name"": ""서울대정병원""}, {""policy"": ""ambulance_new_base"", ""target_id"": ""REG018"", ""target_name"": ""백석동""}]"
699,42,0.9324887015913141,5.059605495223915,11.302330291013508,16.36193578623742,5.388610144535081,12.977796428095454,18.36640657263053,11.18,29.62,"[5, 33, 19]","[{""policy"": ""ambulance_new_base"", ""target_id"": ""REG006"", ""target_name"": ""원성2동""}, {""policy"": ""hospital_upgrade"", ""target_id"": ""JDQ4MTYyMiM2MSMkMSMkMiMkOTkkMzgxMzUxIzExIyQyIyQ3IyQwMCQ0NjE0ODEjNjEjJDEjJDgjJDgz"", ""target_name"": ""천안우리병원""}, {""policy"": ""ambulance_new_base"", ""target_id"": ""REG020"", ""target_name"": ""부성2동""}]"
700,42,0.46846919629341954,5.1166735992021195,11.594193548387098,16.710867147589216,5.565847117307207,13.264578960621222,18.830426077928426,11.18,29.62,"[5, 25, 27]","[{""policy"": ""ambulance_new_base"", ""target_id"": ""REG006"", ""target_name"": ""원성2동""}, {""policy"": ""ambulance_new_base"", ""target_id"": ""REG026"", ""target_name"": ""쌍용2동""}, {""policy"": ""ambulance_new_base"", ""target_id"": ""REG028"", ""target_name"": ""입장면""}]"
701,42,0.5619707757514547,5.216774193548387,11.302330291013508,16.519104484561897,5.759128070374942,12.977796428095454,18.73692449847039,11.18,29.62,"[33, 16, 3]","[{""policy"": ""hospital_upgrade"", ""target_id"": ""JDQ4MTYyMiM2MSMkMSMkMiMkOTkkMzgxMzUxIzExIyQyIyQ3IyQwMCQ0NjE0ODEjNjEjJDEjJDgjJDgz"", ""target_name"": ""천안우리병원""}, {""policy"": ""ambulance_new_base"", ""target_id"": ""REG017"", ""target_name"": ""목천읍""}, {""policy"": ""ambulance_new_base"", ""target_id"": ""REG004"", ""target_name"": ""신안동""}]"
702,42,0.5347685737031647,5.599677419354838,10.668290916423938,16.267968335778775,6.034316313600623,12.729810386918064,18.76412670051868,11.18,29.62,"[43, 52, 45]","[{""policy"": ""hospital_upgrade"", ""target_id"": ""JDQ4MTYyMiM2MSMkMSMkMiMkOTkkMzgxMzUxIzIxIyQxIyQxIyQ3MiQyNjE0ODEjNDEjJDEjJDgjJDgz"", ""target_name"": ""천안재활병원""}, {""policy"": ""hospital_upgrade"", ""target_id"": ""JDQ4MTYyMiM2MSMkMSMkMiMkOTkkMzgxMzUxIzIxIyQyIyQ1IyQwMCQyNjEwMDIjNDEjJDEjJDgjJDgz"", ""target_name"": ""이화병원""}, {""policy"": ""hospital_upgrade"", ""target_id"": ""JDQ4MTYyMiM2MSMkMSMkMiMkOTkkMzgxMzUxIzIxIyQxIyQxIyQ3OSQyNjEyMjIjNDEjJDEjJDgjJDgz"", ""target_name"": ""우리척병원""}]"
703,42,1.238132744964414,4.983085065755444,11.08868306517315,16.071768130928596,5.226318822930148,12.834443706327281,18.06076252925743,11.18,29.62,"[30, 6, 49]","[{""policy"": ""ambulance_new_base"", ""target_id"": ""REG031"", ""target_name"": ""직산읍""}, {""policy"": ""ambulance_new_base"", ""target_id"": ""REG007"", ""target_name"": ""일봉동""}, {""policy"": ""hospital_upgrade"", ""target_id"": ""JDQ4MTYyMiM2MSMkMSMkMiMkOTkkMzgxMzUxIzIxIyQxIyQxIyQwMyQyNjE0ODEjNTEjJDEjJDYjJDgz"", ""target_name"": ""천안21세기병원""}]"
704,42,1.0108401918936423,5.453870967741936,10.49267365082137,15.946544618563305,5.852102069660146,12.43595301266806,18.288055082328203,11.18,29.62,"[49, 8, 47]","[{""policy"": ""hospital_upgrade"", ""target_id"": ""JDQ4MTYyMiM2MSMkMSMkMiMkOTkkMzgxMzUxIzIxIyQxIyQxIyQwMyQyNjE0ODEjNTEjJDEjJDYjJDgz"", ""target_name"": ""천안21세기병원""}, {""policy"": ""ambulance_new_base"", ""target_id"": ""REG009"", ""target_name"": ""청룡동""}, {""policy"": ""hospital_upgrade"", ""target_id"": ""JDQ4MTYyMiM2MSMkMSMkMiMkOTkkMzgxMzUxIzIxIyQxIyQxIyQ5MiQyNjE4MzIjNDEjJDEjJDgjJDgz"", ""target_name"": ""혜성산부인과병원""}]"
705,42,0.8378925981083434,5.443235834934136,10.561348398612495,16.00458423354663,5.932671322458575,12.528331353654925,18.4610026761135,11.18,29.62,"[17, 43, 42]","[{""policy"": ""ambulance_new_base"", ""target_id"": ""REG018"", ""target_name"": ""백석동""}, {""policy"": ""hospital_upgrade"", ""target_id"": ""JDQ4MTYyMiM2MSMkMSMkMiMkOTkkMzgxMzUxIzIxIyQxIyQxIyQ3MiQyNjE0ODEjNDEjJDEjJDgjJDgz"", ""target_name"": ""천안재활병원""}, {""policy"": ""hospital_upgrade"", ""target_id"": ""JDQ4MTYyMiM2MSMkMSMkMiMkOTkkMzgxMzUxIzIxIyQxIyQxIyQ2MiQ0NjE0ODEjNDEjJDEjJDQjJDgz"", ""target_name"": ""연세나무병원""}]"
706,42,0.9905857308698423,4.749570522475132,11.594193548387098,16.34376407086223,5.043730582730785,13.264578960621222,18.308309543352003,11.18,29.62,"[6, 4, 10]","[{""policy"": ""ambulance_new_base"", ""target_id"": ""REG007"", ""target_name"": ""일봉동""}, {""policy"": ""ambulance_new_base"", ""target_id"": ""REG005"", ""target_name"": ""원성1동""}, {""policy"": ""ambulance_new_base"", ""target_id"": ""REG011"", ""target_name"": ""동면""}]"
707,42,0.7554367166523122,5.106204937998664,11.101640188418845,16.207845126417507,5.550638202451311,12.992820355118223,18.543458557569533,11.18,29.62,"[3, 19, 52]","[{""policy"": ""ambulance_new_base"", ""target_id"": ""REG004"", ""target_name"": ""신안동""}, {""policy"": ""ambulance_new_base"", ""target_id"": ""REG020"", ""target_name"": ""부성2동""}, {""policy"": ""hospital_upgrade"", ""target_id"": ""JDQ4MTYyMiM2MSMkMSMkMiMkOTkkMzgxMzUxIzIxIyQyIyQ1IyQwMCQyNjEwMDIjNDEjJDEjJDgjJDgz"", ""target_name"": ""이화병원""}]"
708,42,0.8160620436596844,4.73274049300667,11.594193548387098,16.326934041393766,5.218254269940941,13.264578960621222,18.48283323056216,11.18,29.62,"[3, 7, 1]","[{""policy"": ""ambulance_new_base"", ""target_id"": ""REG004"", ""target_name"": ""신안동""}, {""policy"": ""ambulance_new_base"", ""target_id"": ""REG008"", ""target_name"": ""중앙동""}, {""policy"": ""ambulance_new_base"", ""target_id"": ""REG002"", ""target_name"": ""봉명동""}]"
709,42,1.3388996043692707,5.063259650268072,10.856635269370763,15.919894919638834,5.26099459494262,12.699001074909956,17.959995669852574,11.18,29.62,"[30, 37, 4]","[{""policy"": ""ambulance_new_base"", ""target_id"": ""REG031"", ""target_name"": ""직산읍""}, {""policy"": ""hospital_upgrade"", ""target_id"": ""JDQ4MTYyMiM2MSMkMSMkMiMkOTkkMzgxMzUxIzIxIyQxIyQ1IyQ3OSQzNjE4MzIjODEjJDEjJDYjJDgz"", ""target_name"": ""앙즈로여성병원""}, {""policy"": ""ambulance_new_base"", ""target_id"": ""REG005"", ""target_name"": ""원성1동""}]"
710,42,0.7985554966354478,5.401714892506506,10.638032936560965,16.03974782906747,5.869468611590318,12.63087116599608,18.500339777586397,11.18,29.62,"[46, 21, 32]","[{""policy"": ""hospital_upgrade"", ""target_id"": ""JDQ4MTYyMiM2MSMkMSMkMiMkOTkkMzgxMzUxIzIxIyQxIyQxIyQ4OSQ0NjE0ODEjODEjJDEjJDIjJDgz"", ""target_name"": ""서울우리병원""}, {""policy"": ""ambulance_new_base"", ""target_id"": ""REG022"", ""target_name"": ""불당2동""}, {""policy"": ""hospital_upgrade"", ""target_id"": ""JDQ4MTYyMiM2MSMkMSMkMiMkOTkkMzgxMzUxIzExIyQxIyQ3IyQ5OSQ0NjE0ODEjODEjJDEjJDYjJDgz"", ""target_name"": ""예일병원""}]"
711,42,0.7495165628000109,5.311005933767694,11.08868306517315,16.399688998940846,5.714935005094552,12.834443706327281,18.549378711421834,11.18,29.62,"[27, 22, 49]","[{""policy"": ""ambulance_new_base"", ""target_id"": ""REG028"", ""target_name"": ""입장면""}, {""policy"": ""ambulance_new_base"", ""target_id"": ""REG023"", ""target_name"": ""성정1동""}, {""policy"": ""hospital_upgrade"", ""target_id"": ""JDQ4MTYyMiM2MSMkMSMkMiMkOTkkMzgxMzUxIzIxIyQxIyQxIyQwMyQyNjE0ODEjNTEjJDEjJDYjJDgz"", ""target_name"": ""천안21세기병원""}]"
712,42,1.0378678568879813,5.027780127316081,10.903044755594616,15.930824882910699,5.525808559256616,12.73521885807725,18.261027417333864,11.18,29.62,"[36, 18, 22]","[{""policy"": ""hospital_upgrade"", ""target_id"": ""JDQ4MTYyMiM2MSMkMSMkMiMkOTkkMzgxMzUxIzIxIyQxIyQ1IyQ3OSQyNjE0ODEjNDEjJDEjJDgjJDgz"", ""target_name"": ""마디손병원""}, {""policy"": ""ambulance_new_base"", ""target_id"": ""REG019"", ""target_name"": ""부성1동""}, {""policy"": ""ambulance_new_base"", ""target_id"": ""REG023"", ""target_name"": ""성정1동""}]"
713,42,0.6736455963090506,4.929715611187049,11.594193548387098,16.52390915957415,5.360670717291575,13.264578960621222,18.625249677912795,11.18,29.62,"[3, 8, 22]","[{""policy"": ""ambulance_new_base"", ""target_id"": ""REG004"", ""target_name"": ""신안동""}, {""policy"": ""ambulance_new_base"", ""target_id"": ""REG009"", ""target_name"": ""청룡동""}, {""policy"": ""ambulance_new_base"", ""target_id"": ""REG023"", ""target_name"": ""성정1동""}]"
714,42,0.6674322997749407,5.079456827990378,11.594193548387098,16.673650376377477,5.366884013825681,13.264578960621222,18.631462974446904,11.18,29.62,"[21, 13, 8]","[{""policy"": ""ambulance_new_base"", ""target_id"": ""REG022"", ""target_name"": ""불당2동""}, {""policy"": ""ambulance_new_base"", ""target_id"": ""REG014"", ""target_name"": ""성남면""}, {""policy"": ""ambulance_new_base"", ""target_id"": ""REG009"", ""target_name"": ""청룡동""}]"
715,42,0.8677572214439913,5.599677419354838,10.398928481911312,15.998605901266153,6.034316313600623,12.396821739177234,18.431138052777854,11.18,29.62,"[36, 43, 40]","[{""policy"": ""hospital_upgrade"", ""target_id"": ""JDQ4MTYyMiM2MSMkMSMkMiMkOTkkMzgxMzUxIzIxIyQxIyQ1IyQ3OSQyNjE0ODEjNDEjJDEjJDgjJDgz"", ""target_name"": ""마디손병원""}, {""policy"": ""hospital_upgrade"", ""target_id"": ""JDQ4MTYyMiM2MSMkMSMkMiMkOTkkMzgxMzUxIzIxIyQxIyQxIyQ3MiQyNjE0ODEjNDEjJDEjJDgjJDgz"", ""target_name"": ""천안재활병원""}, {""policy"": ""hospital_upgrade"", ""target_id"": ""JDQ4MTYyMiM2MSMkMSMkMiMkOTkkMzgxMzUxIzIxIyQxIyQ1IyQ4OSQyNjEyMjIjNjEjJDEjJDQjJDgz"", ""target_name"": ""서울프라임병원""}]"
716,42,0.9300012041504111,5.599677419354838,10.348618616355294,15.948296035710136,6.034316313600623,12.334577756470814,18.368894070071434,11.18,29.62,"[33, 34, 45]","[{""policy"": ""hospital_upgrade"", ""target_id"": ""JDQ4MTYyMiM2MSMkMSMkMiMkOTkkMzgxMzUxIzExIyQyIyQ3IyQwMCQ0NjE0ODEjNjEjJDEjJDgjJDgz"", ""target_name"": ""천안우리병원""}, {""policy"": ""hospital_upgrade"", ""target_id"": ""JDQ4MTYyMiM2MSMkMSMkMiMkOTkkMzgxMzUxIzIxIyQxIyQ1IyQ2MiQ0NjE0ODEjNjEjJDEjJDgjJDgz"", ""target_name"": ""천안해울병원""}, {""policy"": ""hospital_upgrade"", ""target_id"": ""JDQ4MTYyMiM2MSMkMSMkMiMkOTkkMzgxMzUxIzIxIyQxIyQxIyQ3OSQyNjEyMjIjNDEjJDEjJDgjJDgz"", ""target_name"": ""우리척병원""}]"
717,42,1.2961780378930925,5.249677419354838,10.598242278707101,15.84791969806194,5.442251364611085,12.560465871717671,18.002717236328753,11.18,29.62,"[10, 39, 44]","[{""policy"": ""ambulance_new_base"", ""target_id"": ""REG011"", ""target_name"": ""동면""}, {""policy"": ""hospital_upgrade"", ""target_id"": ""JDQ4MTYyMiM2MSMkMSMkMiMkOTkkMzgxMzUxIzIxIyQxIyQ1IyQ4OSQyNjE4MzIjNTEjJDEjJDYjJDgz"", ""target_name"": ""아이본병원""}, {""policy"": ""hospital_upgrade"", ""target_id"": ""JDQ4MTYyMiM2MSMkMSMkMiMkOTkkMzgxMzUxIzIxIyQxIyQxIyQ3MiQzNjE4MzIjODEjJDEjJDYjJDgz"", ""target_name"": ""삼성스카이병원""}]"
718,42,0.880540636186911,5.185991120700654,10.903044755594616,16.089035876295267,5.68313577995769,12.73521885807725,18.418354638034934,11.18,29.62,"[11, 36, 23]","[{""policy"": ""ambulance_new_base"", ""target_id"": ""REG012"", ""target_name"": ""병천면""}, {""policy"": ""hospital_upgrade"", ""target_id"": ""JDQ4MTYyMiM2MSMkMSMkMiMkOTkkMzgxMzUxIzIxIyQxIyQ1IyQ3OSQyNjE0ODEjNDEjJDEjJDgjJDgz"", ""target_name"": ""마디손병원""}, {""policy"": ""ambulance_new_base"", ""target_id"": ""REG024"", ""target_name"": ""성정2동""}]"
719,42,0.8832963375371072,5.163723137870413,11.101640188418845,16.265363326289254,5.422778581566516,12.992820355118223,18.415598936684738,11.18,29.62,"[52, 5, 15]","[{""policy"": ""hospital_upgrade"", ""target_id"": ""JDQ4MTYyMiM2MSMkMSMkMiMkOTkkMzgxMzUxIzIxIyQyIyQ1IyQwMCQyNjEwMDIjNDEjJDEjJDgjJDgz"", ""target_name"": ""이화병원""}, {""policy"": ""ambulance_new_base"", ""target_id"": ""REG006"", ""target_name"": ""원성2동""}, {""policy"": ""ambulance_new_base"", ""target_id"": ""REG016"", ""target_name"": ""풍세면""}]"
720,42,0.9347946841045562,4.797106802676071,11.594193548387098,16.39130035106317,5.099521629496069,13.264578960621222,18.36410059011729,10.85,29.62,"[29, 17, 14]","[{""policy"": ""ambulance_new_base"", ""target_id"": ""REG030"", ""target_name"": ""성환읍""}, {""policy"": ""ambulance_new_base"", ""target_id"": ""REG018"", ""target_name"": ""백석동""}, {""policy"": ""ambulance_new_base"", ""target_id"": ""REG015"", ""target_name"": ""수신면""}]"
721,42,0.666270341791634,5.1861672240902745,11.346236395124912,16.532403619215188,5.556495454116581,13.076129478313634,18.63262493243021,11.18,29.62,"[22, 8, 31]","[{""policy"": ""ambulance_new_base"", ""target_id"": ""REG023"", ""target_name"": ""성정1동""}, {""policy"": ""ambulance_new_base"", ""target_id"": ""REG009"", ""target_name"": ""청룡동""}, {""policy"": ""hospital_upgrade"", ""target_id"": ""JDQ4MTYyMiM2MSMkMSMkMiMkOTkkMzgxMzUxIzExIyQxIyQ3IyQ4OSQzNjE0ODEjODEjJDEjJDYjJDgz"", ""target_name"": ""새로나병원""}]"
722,42,0.8476033706324095,5.153095094237968,10.903044755594616,16.056139849832583,5.716073045512189,12.73521885807725,18.451291903589436,11.18,29.62,"[6, 36, 17]","[{""policy"": ""ambulance_new_base"", ""target_id"": ""REG007"", ""target_name"": ""일봉동""}, {""policy"": ""hospital_upgrade"", ""target_id"": ""JDQ4MTYyMiM2MSMkMSMkMiMkOTkkMzgxMzUxIzIxIyQxIyQ1IyQ3OSQyNjE0ODEjNDEjJDEjJDgjJDgz"", ""target_name"": ""마디손병원""}, {""policy"": ""ambulance_new_base"", ""target_id"": ""REG018"", ""target_name"": ""백석동""}]"
723,42,0.6605987635237653,5.468387096774193,10.642672413101543,16.111059509875737,5.934840795373318,12.703455715324765,18.63829651069808,11.18,29.62,"[32, 35, 28]","[{""policy"": ""hospital_upgrade"", ""target_id"": ""JDQ4MTYyMiM2MSMkMSMkMiMkOTkkMzgxMzUxIzExIyQxIyQ3IyQ5OSQ0NjE0ODEjODEjJDEjJDYjJDgz"", ""target_name"": ""예일병원""}, {""policy"": ""hospital_upgrade"", ""target_id"": ""JDQ4MTYyMiM2MSMkMSMkMiMkOTkkMzgxMzUxIzIxIyQxIyQ1IyQ2MiQzNjE4MzIjODEjJDEjJDIjJDgz"", ""target_name"": ""돋움병원""}, {""policy"": ""ambulance_new_base"", ""target_id"": ""REG029"", ""target_name"": ""성거읍""}]"
724,42,0.526777665399738,4.95723695530646,11.594193548387098,16.55143050369356,5.507538648200888,13.264578960621222,18.772117608822107,11.18,29.62,"[21, 22, 2]","[{""policy"": ""ambulance_new_base"", ""target_id"": ""REG022"", ""target_name"": ""불당2동""}, {""policy"": ""ambulance_new_base"", ""target_id"": ""REG023"", ""target_name"": ""성정1동""}, {""policy"": ""ambulance_new_base"", ""target_id"": ""REG003"", ""target_name"": ""신방동""}]"
725,42,0.9529451225470389,5.202268092998652,10.848247068703982,16.05051516170263,5.649888693632791,12.696061458042019,18.345950151674806,11.18,29.62,"[50, 17, 11]","[{""policy"": ""hospital_upgrade"", ""target_id"": ""JDQ4MTYyMiM2MSMkMSMkMiMkOTkkMzgxMzUxIzIxIyQxIyQxIyQwMyQyNjE4MzIjODEjJDEjJDIjJDgz"", ""target_name"": ""서울대정병원""}, {""policy"": ""ambulance_new_base"", ""target_id"": ""REG018"", ""target_name"": ""백석동""}, {""policy"": ""ambulance_new_base"", ""target_id"": ""REG012"", ""target_name"": ""병천면""}]"
726,42,0.8198708336703078,5.499032258064515,10.690018517828499,16.189050775893016,5.9189559912924805,12.560068449259058,18.479024440551537,11.18,29.62,"[37, 40, 12]","[{""policy"": ""hospital_upgrade"", ""target_id"": ""JDQ4MTYyMiM2MSMkMSMkMiMkOTkkMzgxMzUxIzIxIyQxIyQ1IyQ3OSQzNjE4MzIjODEjJDEjJDYjJDgz"", ""target_name"": ""앙즈로여성병원""}, {""policy"": ""hospital_upgrade"", ""target_id"": ""JDQ4MTYyMiM2MSMkMSMkMiMkOTkkMzgxMzUxIzIxIyQxIyQ1IyQ4OSQyNjEyMjIjNjEjJDEjJDQjJDgz"", ""target_name"": ""서울프라임병원""}, {""policy"": ""ambulance_new_base"", ""target_id"": ""REG013"", ""target_name"": ""북면""}]"
727,42,0.38669075278760445,5.00543898394063,11.594193548387098,16.59963253232773,5.647625560813022,13.264578960621222,18.91220452143424,11.18,29.62,"[23, 28, 1]","[{""policy"": ""ambulance_new_base"", ""target_id"": ""REG024"", ""target_name"": ""성정2동""}, {""policy"": ""ambulance_new_base"", ""target_id"": ""REG029"", ""target_name"": ""성거읍""}, {""policy"": ""ambulance_new_base"", ""target_id"": ""REG002"", ""target_name"": ""봉명동""}]"
728,42,0.4063819327823417,4.96292943823585,11.594193548387098,16.55712298662295,5.627934380818284,13.264578960621222,18.892513341439503,11.18,29.62,"[26, 28, 24]","[{""policy"": ""ambulance_new_base"", ""target_id"": ""REG027"", ""target_name"": ""쌍용3동""}, {""policy"": ""ambulance_new_base"", ""target_id"": ""REG029"", ""target_name"": ""성거읍""}, {""policy"": ""ambulance_new_base"", ""target_id"": ""REG025"", ""target_name"": ""쌍용1동""}]"
729,42,0.9903856756302005,5.599677419354838,10.317082571134458,15.916759990489298,6.034316313600623,12.27419328499102,18.308509598591645,11.18,29.62,"[36, 49, 48]","[{""policy"": ""hospital_upgrade"", ""target_id"": ""JDQ4MTYyMiM2MSMkMSMkMiMkOTkkMzgxMzUxIzIxIyQxIyQ1IyQ3OSQyNjE0ODEjNDEjJDEjJDgjJDgz"", ""target_name"": ""마디손병원""}, {""policy"": ""hospital_upgrade"", ""target_id"": ""JDQ4MTYyMiM2MSMkMSMkMiMkOTkkMzgxMzUxIzIxIyQxIyQxIyQwMyQyNjE0ODEjNTEjJDEjJDYjJDgz"", ""target_name"": ""천안21세기병원""}, {""policy"": ""hospital_upgrade"", ""target_id"": ""JDQ4MTYyMiM2MSMkMSMkMiMkOTkkMzgxMzUxIzIxIyQxIyQxIyQ5MiQyNjEwMDIjNjEjJDEjJDAjJDgz"", ""target_name"": ""두정이진병원""}]"
730,42,0.6189363989615586,5.260793486616837,11.13008127274018,16.390874759357015,5.843096022653826,12.836862852606464,18.679958875260287,11.18,29.62,"[26, 33, 31]","[{""policy"": ""ambulance_new_base"", ""target_id"": ""REG027"", ""target_name"": ""쌍용3동""}, {""policy"": ""hospital_upgrade"", ""target_id"": ""JDQ4MTYyMiM2MSMkMSMkMiMkOTkkMzgxMzUxIzExIyQyIyQ3IyQwMCQ0NjE0ODEjNjEjJDEjJDgjJDgz"", ""target_name"": ""천안우리병원""}, {""policy"": ""hospital_upgrade"", ""target_id"": ""JDQ4MTYyMiM2MSMkMSMkMiMkOTkkMzgxMzUxIzExIyQxIyQ3IyQ4OSQzNjE0ODEjODEjJDEjJDYjJDgz"", ""target_name"": ""새로나병원""}]"
731,42,0.577270715781701,4.855122538907114,11.594193548387098,16.44931608729421,5.457045597818927,13.264578960621222,18.721624558440144,11.18,29.62,"[6, 21, 3]","[{""policy"": ""ambulance_new_base"", ""target_id"": ""REG007"", ""target_name"": ""일봉동""}, {""policy"": ""ambulance_new_base"", ""target_id"": ""REG022"", ""target_name"": ""불당2동""}, {""policy"": ""ambulance_new_base"", ""target_id"": ""REG004"", ""target_name"": ""신안동""}]"
732,42,0.7130452506990963,5.094219760816495,11.033865820568307,16.128085581384806,5.72740989904559,12.858440124477161,18.58585002352275,11.18,29.62,"[48, 24, 26]","[{""policy"": ""hospital_upgrade"", ""target_id"": ""JDQ4MTYyMiM2MSMkMSMkMiMkOTkkMzgxMzUxIzIxIyQxIyQxIyQ5MiQyNjEwMDIjNjEjJDEjJDAjJDgz"", ""target_name"": ""두정이진병원""}, {""policy"": ""ambulance_new_base"", ""target_id"": ""REG025"", ""target_name"": ""쌍용1동""}, {""policy"": ""ambulance_new_base"", ""target_id"": ""REG027"", ""target_name"": ""쌍용3동""}]"
733,42,0.8326592485214519,5.133879951813469,10.912914642839256,16.046794594652724,5.72758568363286,12.738650342067533,18.466236025700393,11.18,29.62,"[28, 24, 51]","[{""policy"": ""ambulance_new_base"", ""target_id"": ""REG029"", ""target_name"": ""성거읍""}, {""policy"": ""ambulance_new_base"", ""target_id"": ""REG025"", ""target_name"": ""쌍용1동""}, {""policy"": ""hospital_upgrade"", ""target_id"": ""JDQ4MTYyMiM2MSMkMSMkMiMkOTkkMzgxMzUxIzIxIyQxIyQxIyQxMyQyNjEyMjIjNzEjJDEjJDgjJDgz"", ""target_name"": ""SG삼성조은병원""}]"
734,42,1.1796759589057118,4.804554320864469,11.594193548387098,16.398747869251565,4.854640354694916,13.264578960621222,18.119219315316133,11.18,29.62,"[9, 22, 30]","[{""policy"": ""ambulance_new_base"", ""target_id"": ""REG010"", ""target_name"": ""광덕면""}, {""policy"": ""ambulance_new_base"", ""target_id"": ""REG023"", ""target_name"": ""성정1동""}, {""policy"": ""ambulance_new_base"", ""target_id"": ""REG031"", ""target_name"": ""직산읍""}]"
735,42,0.8372821220599782,5.022835821889322,11.346236395124912,16.36907221701423,5.385483673848233,13.076129478313634,18.461613152161867,11.18,29.62,"[31, 4, 7]","[{""policy"": ""hospital_upgrade"", ""target_id"": ""JDQ4MTYyMiM2MSMkMSMkMiMkOTkkMzgxMzUxIzExIyQxIyQ3IyQ4OSQzNjE0ODEjODEjJDEjJDYjJDgz"", ""target_name"": ""새로나병원""}, {""policy"": ""ambulance_new_base"", ""target_id"": ""REG005"", ""target_name"": ""원성1동""}, {""policy"": ""ambulance_new_base"", ""target_id"": ""REG008"", ""target_name"": ""중앙동""}]"
736,42,1.1107027797813451,5.09495280725023,10.92879511789891,16.02374792514914,5.450856323732751,12.737336170707753,18.1881924944405,11.18,29.62,"[22, 40, 19]","[{""policy"": ""ambulance_new_base"", ""target_id"": ""REG023"", ""target_name"": ""성정1동""}, {""policy"": ""hospital_upgrade"", ""target_id"": ""JDQ4MTYyMiM2MSMkMSMkMiMkOTkkMzgxMzUxIzIxIyQxIyQ1IyQ4OSQyNjEyMjIjNjEjJDEjJDQjJDgz"", ""target_name"": ""서울프라임병원""}, {""policy"": ""ambulance_new_base"", ""target_id"": ""REG020"", ""target_name"": ""부성2동""}]"
737,42,1.0622929763270932,5.043180919424502,10.903044755594616,15.946225675019116,5.5013834398175065,12.73521885807725,18.236602297894752,11.18,29.62,"[36, 11, 1]","[{""policy"": ""hospital_upgrade"", ""target_id"": ""JDQ4MTYyMiM2MSMkMSMkMiMkOTkkMzgxMzUxIzIxIyQxIyQ1IyQ3OSQyNjE0ODEjNDEjJDEjJDgjJDgz"", ""target_name"": ""마디손병원""}, {""policy"": ""ambulance_new_base"", ""target_id"": ""REG012"", ""target_name"": ""병천면""}, {""policy"": ""ambulance_new_base"", ""target_id"": ""REG002"", ""target_name"": ""봉명동""}]"
738,42,0.9656392976581003,5.146322374704947,11.08868306517315,16.235005439878098,5.49881227023646,12.834443706327281,18.333255976563745,11.18,29.62,"[5, 7, 49]","[{""policy"": ""ambulance_new_base"", ""target_id"": ""REG006"", ""target_name"": ""원성2동""}, {""policy"": ""ambulance_new_base"", ""target_id"": ""REG008"", ""target_name"": ""중앙동""}, {""policy"": ""hospital_upgrade"", ""target_id"": ""JDQ4MTYyMiM2MSMkMSMkMiMkOTkkMzgxMzUxIzIxIyQxIyQxIyQwMyQyNjE0ODEjNTEjJDEjJDYjJDgz"", ""target_name"": ""천안21세기병원""}]"
739,42,1.0394783344503224,4.992699713174523,11.098534409726106,16.091234122900634,5.2687353017937495,12.990681637977776,18.259416939771523,11.18,29.62,"[32, 10, 20]","[{""policy"": ""hospital_upgrade"", ""target_id"": ""JDQ4MTYyMiM2MSMkMSMkMiMkOTkkMzgxMzUxIzExIyQxIyQ3IyQ5OSQ0NjE0ODEjODEjJDEjJDYjJDgz"", ""target_name"": ""예일병원""}, {""policy"": ""ambulance_new_base"", ""target_id"": ""REG011"", ""target_name"": ""동면""}, {""policy"": ""ambulance_new_base"", ""target_id"": ""REG021"", ""target_name"": ""불당1동""}]"
740,42,0.5181085310544304,5.275263279603281,11.098534409726106,16.37379768932939,5.7901051051896415,12.990681637977776,18.780786743167415,11.18,29.62,"[21, 16, 32]","[{""policy"": ""ambulance_new_base"", ""target_id"": ""REG022"", ""target_name"": ""불당2동""}, {""policy"": ""ambulance_new_base"", ""target_id"": ""REG017"", ""target_name"": ""목천읍""}, {""policy"": ""hospital_upgrade"", ""target_id"": ""JDQ4MTYyMiM2MSMkMSMkMiMkOTkkMzgxMzUxIzExIyQxIyQ3IyQ5OSQ0NjE0ODEjODEjJDEjJDYjJDgz"", ""target_name"": ""예일병원""}]"
741,42,1.0700631174684219,4.815382623234152,11.594193548387098,16.40957617162125,4.964253196132204,13.264578960621222,18.228832156753423,11.18,29.62,"[7, 11, 13]","[{""policy"": ""ambulance_new_base"", ""target_id"": ""REG008"", ""target_name"": ""중앙동""}, {""policy"": ""ambulance_new_base"", ""target_id"": ""REG012"", ""target_name"": ""병천면""}, {""policy"": ""ambulance_new_base"", ""target_id"": ""REG014"", ""target_name"": ""성남면""}]"
742,42,0.7962987424436214,5.294885945202674,10.92879511789891,16.223681063101584,5.765260361070471,12.737336170707753,18.502596531778224,11.18,29.62,"[25, 40, 8]","[{""policy"": ""ambulance_new_base"", ""target_id"": ""REG026"", ""target_name"": ""쌍용2동""}, {""policy"": ""hospital_upgrade"", ""target_id"": ""JDQ4MTYyMiM2MSMkMSMkMiMkOTkkMzgxMzUxIzIxIyQxIyQ1IyQ4OSQyNjEyMjIjNjEjJDEjJDQjJDgz"", ""target_name"": ""서울프라임병원""}, {""policy"": ""ambulance_new_base"", ""target_id"": ""REG009"", ""target_name"": ""청룡동""}]"
743,42,0.8284810376624989,5.295483870967741,10.790712324077521,16.086196195045265,5.8214151748001814,12.648999061759165,18.470414236559346,11.18,29.62,"[42, 51, 18]","[{""policy"": ""hospital_upgrade"", ""target_id"": ""JDQ4MTYyMiM2MSMkMSMkMiMkOTkkMzgxMzUxIzIxIyQxIyQxIyQ2MiQ0NjE0ODEjNDEjJDEjJDQjJDgz"", ""target_name"": ""연세나무병원""}, {""policy"": ""hospital_upgrade"", ""target_id"": ""JDQ4MTYyMiM2MSMkMSMkMiMkOTkkMzgxMzUxIzIxIyQxIyQxIyQxMyQyNjEyMjIjNzEjJDEjJDgjJDgz"", ""target_name"": ""SG삼성조은병원""}, {""policy"": ""ambulance_new_base"", ""target_id"": ""REG019"", ""target_name"": ""부성1동""}]"
744,42,1.1294497693157481,4.758387096774193,11.594193548387098,16.35258064516129,4.904866544284879,13.264578960621222,18.169445504906097,10.85,29.62,"[18, 14, 13]","[{""policy"": ""ambulance_new_base"", ""target_id"": ""REG019"", ""target_name"": ""부성1동""}, {""policy"": ""ambulance_new_base"", ""target_id"": ""REG015"", ""target_name"": ""수신면""}, {""policy"": ""ambulance_new_base"", ""target_id"": ""REG014"", ""target_name"": ""성남면""}]"
745,42,1.2162387192682083,5.273225806451612,10.662724717333234,15.935950523784848,5.442917099876535,12.639739455077105,18.082656554953637,11.18,29.62,"[30, 32, 39]","[{""policy"": ""ambulance_new_base"", ""target_id"": ""REG031"", ""target_name"": ""직산읍""}, {""policy"": ""hospital_upgrade"", ""target_id"": ""JDQ4MTYyMiM2MSMkMSMkMiMkOTkkMzgxMzUxIzExIyQxIyQ3IyQ5OSQ0NjE0ODEjODEjJDEjJDYjJDgz"", ""target_name"": ""예일병원""}, {""policy"": ""hospital_upgrade"", ""target_id"": ""JDQ4MTYyMiM2MSMkMSMkMiMkOTkkMzgxMzUxIzIxIyQxIyQ1IyQ4OSQyNjE4MzIjNTEjJDEjJDYjJDgz"", ""target_name"": ""아이본병원""}]"
746,42,0.9501449902829471,5.27565862174138,10.848247068703982,16.12390569044536,5.652688825896882,12.696061458042019,18.348750283938898,11.18,29.62,"[50, 27, 5]","[{""policy"": ""hospital_upgrade"", ""target_id"": ""JDQ4MTYyMiM2MSMkMSMkMiMkOTkkMzgxMzUxIzIxIyQxIyQxIyQwMyQyNjE4MzIjODEjJDEjJDIjJDgz"", ""target_name"": ""서울대정병원""}, {""policy"": ""ambulance_new_base"", ""target_id"": ""REG028"", ""target_name"": ""입장면""}, {""policy"": ""ambulance_new_base"", ""target_id"": ""REG006"", ""target_name"": ""원성2동""}]"
747,42,0.9343910223732159,5.401714892506506,10.513952631041532,15.91566752354804,5.869468611590318,12.495035640258315,18.36450425184863,11.18,29.62,"[44, 36, 21]","[{""policy"": ""hospital_upgrade"", ""target_id"": ""JDQ4MTYyMiM2MSMkMSMkMiMkOTkkMzgxMzUxIzIxIyQxIyQxIyQ3MiQzNjE4MzIjODEjJDEjJDYjJDgz"", ""target_name"": ""삼성스카이병원""}, {""policy"": ""hospital_upgrade"", ""target_id"": ""JDQ4MTYyMiM2MSMkMSMkMiMkOTkkMzgxMzUxIzIxIyQxIyQ1IyQ3OSQyNjE0ODEjNDEjJDEjJDgjJDgz"", ""target_name"": ""마디손병원""}, {""policy"": ""ambulance_new_base"", ""target_id"": ""REG022"", ""target_name"": ""불당2동""}]"
748,42,0.9793938415411532,4.8813662283212444,11.594193548387098,16.47555977670834,5.054922472059473,13.264578960621222,18.319501432680692,11.18,29.62,"[10, 19, 28]","[{""policy"": ""ambulance_new_base"", ""target_id"": ""REG011"", ""target_name"": ""동면""}, {""policy"": ""ambulance_new_base"", ""target_id"": ""REG020"", ""target_name"": ""부성2동""}, {""policy"": ""ambulance_new_base"", ""target_id"": ""REG029"", ""target_name"": ""성거읍""}]"
749,42,0.9666028204125965,5.225806451612902,11.08868306517315,16.31448951678605,5.497848747481966,12.834443706327281,18.33229245380925,11.18,29.62,"[49, 11, 15]","[{""policy"": ""hospital_upgrade"", ""target_id"": ""JDQ4MTYyMiM2MSMkMSMkMiMkOTkkMzgxMzUxIzIxIyQxIyQxIyQwMyQyNjE0ODEjNTEjJDEjJDYjJDgz"", ""target_name"": ""천안21세기병원""}, {""policy"": ""ambulance_new_base"", ""target_id"": ""REG012"", ""target_name"": ""병천면""}, {""policy"": ""ambulance_new_base"", ""target_id"": ""REG016"", ""target_name"": ""풍세면""}]"
750,42,0.7454609473754559,5.426958862636138,10.591123688927318,16.018082551563456,5.965918408783474,12.587515918062918,18.55343432684639,11.18,29.62,"[50, 23, 52]","[{""policy"": ""hospital_upgrade"", ""target_id"": ""JDQ4MTYyMiM2MSMkMSMkMiMkOTkkMzgxMzUxIzIxIyQxIyQxIyQwMyQyNjE4MzIjODEjJDEjJDIjJDgz"", ""target_name"": ""서울대정병원""}, {""policy"": ""ambulance_new_base"", ""target_id"": ""REG024"", ""target_name"": ""성정2동""}, {""policy"": ""hospital_upgrade"", ""target_id"": ""JDQ4MTYyMiM2MSMkMSMkMiMkOTkkMzgxMzUxIzIxIyQyIyQ1IyQwMCQyNjEwMDIjNDEjJDEjJDgjJDgz"", ""target_name"": ""이화병원""}]"
751,42,0.8544762962462791,5.314193548387096,10.77319533367163,16.087388882058725,5.7973448973292605,12.64707408064631,18.444418977975566,11.18,29.62,"[41, 50, 29]","[{""policy"": ""hospital_upgrade"", ""target_id"": ""JDQ4MTYyMiM2MSMkMSMkMiMkOTkkMzgxMzUxIzIxIyQxIyQ1IyQ5OSQzNjEyMjIjNjEjJDEjJDQjJDgz"", ""target_name"": ""천안다나힐병원""}, {""policy"": ""hospital_upgrade"", ""target_id"": ""JDQ4MTYyMiM2MSMkMSMkMiMkOTkkMzgxMzUxIzIxIyQxIyQxIyQwMyQyNjE4MzIjODEjJDEjJDIjJDgz"", ""target_name"": ""서울대정병원""}, {""policy"": ""ambulance_new_base"", ""target_id"": ""REG030"", ""target_name"": ""성환읍""}]"
752,42,0.6031174551978111,5.187741935483871,11.302330291013508,16.49007222649738,5.717981390928584,12.977796428095454,18.695777819024034,11.18,29.62,"[29, 33, 16]","[{""policy"": ""ambulance_new_base"", ""target_id"": ""REG030"", ""target_name"": ""성환읍""}, {""policy"": ""hospital_upgrade"", ""target_id"": ""JDQ4MTYyMiM2MSMkMSMkMiMkOTkkMzgxMzUxIzExIyQyIyQ3IyQwMCQ0NjE0ODEjNjEjJDEjJDgjJDgz"", ""target_name"": ""천안우리병원""}, {""policy"": ""ambulance_new_base"", ""target_id"": ""REG017"", ""target_name"": ""목천읍""}]"
753,42,0.9648337486113654,4.788535422100709,11.594193548387098,16.382728970487804,5.069482564989261,13.264578960621222,18.33406152561048,11.18,29.62,"[30, 8, 26]","[{""policy"": ""ambulance_new_base"", ""target_id"": ""REG031"", ""target_name"": ""직산읍""}, {""policy"": ""ambulance_new_base"", ""target_id"": ""REG009"", ""target_name"": ""청룡동""}, {""policy"": ""ambulance_new_base"", ""target_id"": ""REG027"", ""target_name"": ""쌍용3동""}]"
754,42,0.8632741108320658,5.342699713174523,10.626367224523342,15.969066937697868,5.860800250783288,12.574820912606496,18.43562116338978,11.18,29.62,"[35, 20, 39]","[{""policy"": ""hospital_upgrade"", ""target_id"": ""JDQ4MTYyMiM2MSMkMSMkMiMkOTkkMzgxMzUxIzIxIyQxIyQ1IyQ2MiQzNjE4MzIjODEjJDEjJDIjJDgz"", ""target_name"": ""돋움병원""}, {""policy"": ""ambulance_new_base"", ""target_id"": ""REG021"", ""target_name"": ""불당1동""}, {""policy"": ""hospital_upgrade"", ""target_id"": ""JDQ4MTYyMiM2MSMkMSMkMiMkOTkkMzgxMzUxIzIxIyQxIyQ1IyQ4OSQyNjE4MzIjNTEjJDEjJDYjJDgz"", ""target_name"": ""아이본병원""}]"
755,42,0.29026738611485925,5.22430556615032,11.594193548387098,16.818499114537417,5.744048927485765,13.264578960621222,19.008627888106986,11.18,29.62,"[17, 27, 21]","[{""policy"": ""ambulance_new_base"", ""target_id"": ""REG018"", ""target_name"": ""백석동""}, {""policy"": ""ambulance_new_base"", ""target_id"": ""REG028"", ""target_name"": ""입장면""}, {""policy"": ""ambulance_new_base"", ""target_id"": ""REG022"", ""target_name"": ""불당2동""}]"
756,42,0.5876666875515575,5.37774193548387,11.102009947137324,16.479751882621194,5.717871491000064,12.993357095670223,18.711228586670288,11.18,29.62,"[27, 9, 45]","[{""policy"": ""ambulance_new_base"", ""target_id"": ""REG028"", ""target_name"": ""입장면""}, {""policy"": ""ambulance_new_base"", ""target_id"": ""REG010"", ""target_name"": ""광덕면""}, {""policy"": ""hospital_upgrade"", ""target_id"": ""JDQ4MTYyMiM2MSMkMSMkMiMkOTkkMzgxMzUxIzIxIyQxIyQxIyQ3OSQyNjEyMjIjNDEjJDEjJDgjJDgz"", ""target_name"": ""우리척병원""}]"
757,42,0.7069587714128858,4.878884428192993,11.594193548387098,16.47307797658009,5.327357542187739,13.264578960621222,18.59193650280896,11.18,29.62,"[2, 11, 5]","[{""policy"": ""ambulance_new_base"", ""target_id"": ""REG003"", ""target_name"": ""신방동""}, {""policy"": ""ambulance_new_base"", ""target_id"": ""REG012"", ""target_name"": ""병천면""}, {""policy"": ""ambulance_new_base"", ""target_id"": ""REG006"", ""target_name"": ""원성2동""}]"
758,42,0.6422958928226912,4.951890596843857,11.594193548387098,16.546084145230953,5.392020420777933,13.264578960621222,18.656599381399154,11.18,29.62,"[9, 28, 1]","[{""policy"": ""ambulance_new_base"", ""target_id"": ""REG010"", ""target_name"": ""광덕면""}, {""policy"": ""ambulance_new_base"", ""target_id"": ""REG029"", ""target_name"": ""성거읍""}, {""policy"": ""ambulance_new_base"", ""target_id"": ""REG002"", ""target_name"": ""봉명동""}]"
759,42,0.9708932782034516,4.919207008838154,11.594193548387098,16.51340055722525,5.063423035397174,13.264578960621222,18.328001996018394,11.18,29.62,"[5, 13, 9]","[{""policy"": ""ambulance_new_base"", ""target_id"": ""REG006"", ""target_name"": ""원성2동""}, {""policy"": ""ambulance_new_base"", ""target_id"": ""REG014"", ""target_name"": ""성남면""}, {""policy"": ""ambulance_new_base"", ""target_id"": ""REG010"", ""target_name"": ""광덕면""}]"
760,42,1.1397831340370672,4.982580645161289,11.055870298914312,16.038450944075603,5.242313300084474,12.916798840100302,18.159112140184778,10.85,29.62,"[35, 3, 14]","[{""policy"": ""hospital_upgrade"", ""target_id"": ""JDQ4MTYyMiM2MSMkMSMkMiMkOTkkMzgxMzUxIzIxIyQxIyQ1IyQ2MiQzNjE4MzIjODEjJDEjJDIjJDgz"", ""target_name"": ""돋움병원""}, {""policy"": ""ambulance_new_base"", ""target_id"": ""REG004"", ""target_name"": ""신안동""}, {""policy"": ""ambulance_new_base"", ""target_id"": ""REG015"", ""target_name"": ""수신면""}]"
761,42,1.3744416055029127,5.273225806451612,10.515471668057154,15.78869747450877,5.442917099876535,12.4815365688424,17.924453668718932,11.18,29.62,"[30, 42, 47]","[{""policy"": ""ambulance_new_base"", ""target_id"": ""REG031"", ""target_name"": ""직산읍""}, {""policy"": ""hospital_upgrade"", ""target_id"": ""JDQ4MTYyMiM2MSMkMSMkMiMkOTkkMzgxMzUxIzIxIyQxIyQxIyQ2MiQ0NjE0ODEjNDEjJDEjJDQjJDgz"", ""target_name"": ""연세나무병원""}, {""policy"": ""hospital_upgrade"", ""target_id"": ""JDQ4MTYyMiM2MSMkMSMkMiMkOTkkMzgxMzUxIzIxIyQxIyQxIyQ5MiQyNjE4MzIjNDEjJDEjJDgjJDgz"", ""target_name"": ""혜성산부인과병원""}]"
762,42,0.9054144876595238,5.150819912063961,11.013231528881516,16.164051440945475,5.494249274918911,12.899231511643416,18.39348078656232,11.18,29.62,"[43, 8, 5]","[{""policy"": ""hospital_upgrade"", ""target_id"": ""JDQ4MTYyMiM2MSMkMSMkMiMkOTkkMzgxMzUxIzIxIyQxIyQxIyQ3MiQyNjE0ODEjNDEjJDEjJDgjJDgz"", ""target_name"": ""천안재활병원""}, {""policy"": ""ambulance_new_base"", ""target_id"": ""REG009"", ""target_name"": ""청룡동""}, {""policy"": ""ambulance_new_base"", ""target_id"": ""REG006"", ""target_name"": ""원성2동""}]"
763,42,0.6989606541638516,5.185991120700654,11.055870298914312,16.241861419614967,5.68313577995769,12.916798840100302,18.599934620057994,11.18,29.62,"[35, 11, 23]","[{""policy"": ""hospital_upgrade"", ""target_id"": ""JDQ4MTYyMiM2MSMkMSMkMiMkOTkkMzgxMzUxIzIxIyQxIyQ1IyQ2MiQzNjE4MzIjODEjJDEjJDIjJDgz"", ""target_name"": ""돋움병원""}, {""policy"": ""ambulance_new_base"", ""target_id"": ""REG012"", ""target_name"": ""병천면""}, {""policy"": ""ambulance_new_base"", ""target_id"": ""REG024"", ""target_name"": ""성정2동""}]"
764,42,0.822461680801176,5.170507249732912,10.860143321295778,16.03065057102869,5.770093671958469,12.706339921462204,18.47643359342067,11.18,29.62,"[3, 42, 23]","[{""policy"": ""ambulance_new_base"", ""target_id"": ""REG004"", ""target_name"": ""신안동""}, {""policy"": ""hospital_upgrade"", ""target_id"": ""JDQ4MTYyMiM2MSMkMSMkMiMkOTkkMzgxMzUxIzIxIyQxIyQxIyQ2MiQ0NjE0ODEjNDEjJDEjJDQjJDgz"", ""target_name"": ""연세나무병원""}, {""policy"": ""ambulance_new_base"", ""target_id"": ""REG024"", ""target_name"": ""성정2동""}]"
765,42,0.7517777865119442,4.789942513147346,11.594193548387098,16.384136061534445,5.282538527088681,13.264578960621222,18.5471174877099,11.18,29.62,"[29, 0, 6]","[{""policy"": ""ambulance_new_base"", ""target_id"": ""REG030"", ""target_name"": ""성환읍""}, {""policy"": ""ambulance_new_base"", ""target_id"": ""REG001"", ""target_name"": ""문성동""}, {""policy"": ""ambulance_new_base"", ""target_id"": ""REG007"", ""target_name"": ""일봉동""}]"
766,42,0.8142702441315599,5.157751963966394,10.975591027317092,16.133342991283488,5.695699906187213,12.788925123903075,18.484625030090285,11.18,29.62,"[17, 46, 29]","[{""policy"": ""ambulance_new_base"", ""target_id"": ""REG018"", ""target_name"": ""백석동""}, {""policy"": ""hospital_upgrade"", ""target_id"": ""JDQ4MTYyMiM2MSMkMSMkMiMkOTkkMzgxMzUxIzIxIyQxIyQxIyQ4OSQ0NjE0ODEjODEjJDEjJDIjJDgz"", ""target_name"": ""서울우리병원""}, {""policy"": ""ambulance_new_base"", ""target_id"": ""REG030"", ""target_name"": ""성환읍""}]"
767,42,1.25384402232228,5.249677419354838,10.607869111812725,15.857546531167564,5.442251364611085,12.602799887288478,18.045051251899565,11.18,29.62,"[42, 45, 10]","[{""policy"": ""hospital_upgrade"", ""target_id"": ""JDQ4MTYyMiM2MSMkMSMkMiMkOTkkMzgxMzUxIzIxIyQxIyQxIyQ2MiQ0NjE0ODEjNDEjJDEjJDQjJDgz"", ""target_name"": ""연세나무병원""}, {""policy"": ""hospital_upgrade"", ""target_id"": ""JDQ4MTYyMiM2MSMkMSMkMiMkOTkkMzgxMzUxIzIxIyQxIyQxIyQ3OSQyNjEyMjIjNDEjJDEjJDgjJDgz"", ""target_name"": ""우리척병원""}, {""policy"": ""ambulance_new_base"", ""target_id"": ""REG011"", ""target_name"": ""동면""}]"
768,42,1.3098745338411,5.249677419354838,10.655087602332431,15.904765021687266,5.442251364611085,12.54676937576966,17.989020740380745,11.18,29.62,"[36, 10, 31]","[{""policy"": ""hospital_upgrade"", ""target_id"": ""JDQ4MTYyMiM2MSMkMSMkMiMkOTkkMzgxMzUxIzIxIyQxIyQ1IyQ3OSQyNjE0ODEjNDEjJDEjJDgjJDgz"", ""target_name"": ""마디손병원""}, {""policy"": ""ambulance_new_base"", ""target_id"": ""REG011"", ""target_name"": ""동면""}, {""policy"": ""hospital_upgrade"", ""target_id"": ""JDQ4MTYyMiM2MSMkMSMkMiMkOTkkMzgxMzUxIzExIyQxIyQ3IyQ4OSQzNjE0ODEjODEjJDEjJDYjJDgz"", ""target_name"": ""새로나병원""}]"
769,42,0.6075805973821957,5.155208525847835,11.138559464269987,16.293767990117825,5.710503188739586,12.980811488100068,18.69131467683965,11.18,29.62,"[29, 25, 44]","[{""policy"": ""ambulance_new_base"", ""target_id"": ""REG030"", ""target_name"": ""성환읍""}, {""policy"": ""ambulance_new_base"", ""target_id"": ""REG026"", ""target_name"": ""쌍용2동""}, {""policy"": ""hospital_upgrade"", ""target_id"": ""JDQ4MTYyMiM2MSMkMSMkMiMkOTkkMzgxMzUxIzIxIyQxIyQxIyQ3MiQzNjE4MzIjODEjJDEjJDYjJDgz"", ""target_name"": ""삼성스카이병원""}]"
770,42,1.0223512759782345,5.028149405941166,10.92879511789891,15.956944523840075,5.539207827535858,12.737336170707753,18.27654399824361,11.18,29.62,"[40, 24, 19]","[{""policy"": ""hospital_upgrade"", ""target_id"": ""JDQ4MTYyMiM2MSMkMSMkMiMkOTkkMzgxMzUxIzIxIyQxIyQ1IyQ4OSQyNjEyMjIjNjEjJDEjJDQjJDgz"", ""target_name"": ""서울프라임병원""}, {""policy"": ""ambulance_new_base"", ""target_id"": ""REG025"", ""target_name"": ""쌍용1동""}, {""policy"": ""ambulance_new_base"", ""target_id"": ""REG020"", ""target_name"": ""부성2동""}]"
771,42,0.9897540282983677,5.119852170128477,10.856635269370763,15.97648743949924,5.610140171013523,12.699001074909956,18.309141245923477,11.18,29.62,"[5, 37, 2]","[{""policy"": ""ambulance_new_base"", ""target_id"": ""REG006"", ""target_name"": ""원성2동""}, {""policy"": ""hospital_upgrade"", ""target_id"": ""JDQ4MTYyMiM2MSMkMSMkMiMkOTkkMzgxMzUxIzIxIyQxIyQ1IyQ3OSQzNjE4MzIjODEjJDEjJDYjJDgz"", ""target_name"": ""앙즈로여성병원""}, {""policy"": ""ambulance_new_base"", ""target_id"": ""REG003"", ""target_name"": ""신방동""}]"
772,42,1.132642580294629,5.000521998810393,10.903044755594616,15.903566754405007,5.431033835849968,12.73521885807725,18.166252693927216,11.18,29.62,"[18, 0, 36]","[{""policy"": ""ambulance_new_base"", ""target_id"": ""REG019"", ""target_name"": ""부성1동""}, {""policy"": ""ambulance_new_base"", ""target_id"": ""REG001"", ""target_name"": ""문성동""}, {""policy"": ""hospital_upgrade"", ""target_id"": ""JDQ4MTYyMiM2MSMkMSMkMiMkOTkkMzgxMzUxIzIxIyQxIyQ1IyQ3OSQyNjE0ODEjNDEjJDEjJDgjJDgz"", ""target_name"": ""마디손병원""}]"
773,42,0.6309275793124378,5.402258064516128,11.302330291013508,16.704588355529637,5.690171266813957,12.977796428095454,18.667967694909407,11.18,29.62,"[27, 13, 33]","[{""policy"": ""ambulance_new_base"", ""target_id"": ""REG028"", ""target_name"": ""입장면""}, {""policy"": ""ambulance_new_base"", ""target_id"": ""REG014"", ""target_name"": ""성남면""}, {""policy"": ""hospital_upgrade"", ""target_id"": ""JDQ4MTYyMiM2MSMkMSMkMiMkOTkkMzgxMzUxIzExIyQyIyQ3IyQwMCQ0NjE0ODEjNjEjJDEjJDgjJDgz"", ""target_name"": ""천안우리병원""}]"
774,42,0.649538792351013,5.578709677419353,10.780397635622666,16.35910731304202,6.010541620638118,12.638814861232715,18.649356481870832,11.18,29.62,"[42, 27, 39]","[{""policy"": ""hospital_upgrade"", ""target_id"": ""JDQ4MTYyMiM2MSMkMSMkMiMkOTkkMzgxMzUxIzIxIyQxIyQxIyQ2MiQ0NjE0ODEjNDEjJDEjJDQjJDgz"", ""target_name"": ""연세나무병원""}, {""policy"": ""ambulance_new_base"", ""target_id"": ""REG028"", ""target_name"": ""입장면""}, {""policy"": ""hospital_upgrade"", ""target_id"": ""JDQ4MTYyMiM2MSMkMSMkMiMkOTkkMzgxMzUxIzIxIyQxIyQ1IyQ4OSQyNjE4MzIjNTEjJDEjJDYjJDgz"", ""target_name"": ""아이본병원""}]"
775,42,0.695398007538099,5.119852170128477,11.102009947137324,16.221862117265804,5.610140171013523,12.993357095670223,18.603497266683746,11.18,29.62,"[2, 45, 5]","[{""policy"": ""ambulance_new_base"", ""target_id"": ""REG003"", ""target_name"": ""신방동""}, {""policy"": ""hospital_upgrade"", ""target_id"": ""JDQ4MTYyMiM2MSMkMSMkMiMkOTkkMzgxMzUxIzIxIyQxIyQxIyQ3OSQyNjEyMjIjNDEjJDEjJDgjJDgz"", ""target_name"": ""우리척병원""}, {""policy"": ""ambulance_new_base"", ""target_id"": ""REG006"", ""target_name"": ""원성2동""}]"
776,42,1.4411296700922236,5.096774193548386,10.903044755594616,15.999818949143,5.122546746052374,12.73521885807725,17.85776560412962,11.18,29.62,"[36, 13, 30]","[{""policy"": ""hospital_upgrade"", ""target_id"": ""JDQ4MTYyMiM2MSMkMSMkMiMkOTkkMzgxMzUxIzIxIyQxIyQ1IyQ3OSQyNjE0ODEjNDEjJDEjJDgjJDgz"", ""target_name"": ""마디손병원""}, {""policy"": ""ambulance_new_base"", ""target_id"": ""REG014"", ""target_name"": ""성남면""}, {""policy"": ""ambulance_new_base"", ""target_id"": ""REG031"", ""target_name"": ""직산읍""}]"
777,42,1.1579493150710292,5.032258064516128,11.138559464269987,16.170817528786117,5.16013447105075,12.980811488100068,18.140945959150816,11.18,29.62,"[30, 44, 11]","[{""policy"": ""ambulance_new_base"", ""target_id"": ""REG031"", ""target_name"": ""직산읍""}, {""policy"": ""hospital_upgrade"", ""target_id"": ""JDQ4MTYyMiM2MSMkMSMkMiMkOTkkMzgxMzUxIzIxIyQxIyQxIyQ3MiQzNjE4MzIjODEjJDEjJDYjJDgz"", ""target_name"": ""삼성스카이병원""}, {""policy"": ""ambulance_new_base"", ""target_id"": ""REG012"", ""target_name"": ""병천면""}]"
778,42,0.6394403365822754,4.990780994387483,11.594193548387098,16.58497454277458,5.3948759770183505,13.264578960621222,18.65945493763957,11.18,29.62,"[9, 4, 21]","[{""policy"": ""ambulance_new_base"", ""target_id"": ""REG010"", ""target_name"": ""광덕면""}, {""policy"": ""ambulance_new_base"", ""target_id"": ""REG005"", ""target_name"": ""원성1동""}, {""policy"": ""ambulance_new_base"", ""target_id"": ""REG022"", ""target_name"": ""불당2동""}]"
779,42,0.5740122591885211,5.295668540055493,11.033865820568307,16.3295343606238,5.8664428905561685,12.858440124477161,18.724883015033324,11.18,29.62,"[23, 48, 28]","[{""policy"": ""ambulance_new_base"", ""target_id"": ""REG024"", ""target_name"": ""성정2동""}, {""policy"": ""hospital_upgrade"", ""target_id"": ""JDQ4MTYyMiM2MSMkMSMkMiMkOTkkMzgxMzUxIzIxIyQxIyQxIyQ5MiQyNjEwMDIjNjEjJDEjJDAjJDgz"", ""target_name"": ""두정이진병원""}, {""policy"": ""ambulance_new_base"", ""target_id"": ""REG029"", ""target_name"": ""성거읍""}]"
780,42,0.8126467255719447,5.2837478052620055,10.998184134035316,16.281931939297323,5.620160281687904,12.866088266961999,18.4862485486499,11.18,29.62,"[0, 27, 47]","[{""policy"": ""ambulance_new_base"", ""target_id"": ""REG001"", ""target_name"": ""문성동""}, {""policy"": ""ambulance_new_base"", ""target_id"": ""REG028"", ""target_name"": ""입장면""}, {""policy"": ""hospital_upgrade"", ""target_id"": ""JDQ4MTYyMiM2MSMkMSMkMiMkOTkkMzgxMzUxIzIxIyQxIyQxIyQ5MiQyNjE4MzIjNDEjJDEjJDgjJDgz"", ""target_name"": ""혜성산부인과병원""}]"
781,42,0.8931141507437346,5.260793486616837,10.596129705204897,15.856923191821737,5.843096022653826,12.562685100824284,18.40578112347811,11.18,29.62,"[52, 49, 26]","[{""policy"": ""hospital_upgrade"", ""target_id"": ""JDQ4MTYyMiM2MSMkMSMkMiMkOTkkMzgxMzUxIzIxIyQyIyQ1IyQwMCQyNjEwMDIjNDEjJDEjJDgjJDgz"", ""target_name"": ""이화병원""}, {""policy"": ""hospital_upgrade"", ""target_id"": ""JDQ4MTYyMiM2MSMkMSMkMiMkOTkkMzgxMzUxIzIxIyQxIyQxIyQwMyQyNjE0ODEjNTEjJDEjJDYjJDgz"", ""target_name"": ""천안21세기병원""}, {""policy"": ""ambulance_new_base"", ""target_id"": ""REG027"", ""target_name"": ""쌍용3동""}]"
782,42,0.6857103783441723,5.599677419354838,10.708886647931475,16.308564067286312,6.034316313600623,12.578868582277051,18.613184895877673,11.18,29.62,"[51, 37, 38]","[{""policy"": ""hospital_upgrade"", ""target_id"": ""JDQ4MTYyMiM2MSMkMSMkMiMkOTkkMzgxMzUxIzIxIyQxIyQxIyQxMyQyNjEyMjIjNzEjJDEjJDgjJDgz"", ""target_name"": ""SG삼성조은병원""}, {""policy"": ""hospital_upgrade"", ""target_id"": ""JDQ4MTYyMiM2MSMkMSMkMiMkOTkkMzgxMzUxIzIxIyQxIyQ1IyQ3OSQzNjE4MzIjODEjJDEjJDYjJDgz"", ""target_name"": ""앙즈로여성병원""}, {""policy"": ""hospital_upgrade"", ""target_id"": ""JDQ4MTYyMiM2MSMkMSMkMiMkOTkkMzgxMzUxIzIxIyQxIyQ1IyQ4OSQ0NjEwMDIjNTEjJDEjJDIjJDgz"", ""target_name"": ""천안리턴병원""}]"
783,42,1.4433650803945284,5.008709677419354,10.848247068703982,15.856956746123334,5.159468735785301,12.696061458042019,17.855530193827317,11.18,29.62,"[11, 10, 50]","[{""policy"": ""ambulance_new_base"", ""target_id"": ""REG012"", ""target_name"": ""병천면""}, {""policy"": ""ambulance_new_base"", ""target_id"": ""REG011"", ""target_name"": ""동면""}, {""policy"": ""hospital_upgrade"", ""target_id"": ""JDQ4MTYyMiM2MSMkMSMkMiMkOTkkMzgxMzUxIzIxIyQxIyQxIyQwMyQyNjE4MzIjODEjJDEjJDIjJDgz"", ""target_name"": ""서울대정병원""}]"
784,42,0.832018856653697,5.3432258064516125,10.646978430125897,15.99020423657751,5.838491576775618,12.628384840792531,18.466876417568148,11.18,29.62,"[45, 51, 3]","[{""policy"": ""hospital_upgrade"", ""target_id"": ""JDQ4MTYyMiM2MSMkMSMkMiMkOTkkMzgxMzUxIzIxIyQxIyQxIyQ3OSQyNjEyMjIjNDEjJDEjJDgjJDgz"", ""target_name"": ""우리척병원""}, {""policy"": ""hospital_upgrade"", ""target_id"": ""JDQ4MTYyMiM2MSMkMSMkMiMkOTkkMzgxMzUxIzIxIyQxIyQxIyQxMyQyNjEyMjIjNzEjJDEjJDgjJDgz"", ""target_name"": ""SG삼성조은병원""}, {""policy"": ""ambulance_new_base"", ""target_id"": ""REG004"", ""target_name"": ""신안동""}]"
785,42,0.6737818845564902,5.440692396815576,10.750226980773132,16.190919377588713,5.947474605010949,12.67763878465441,18.625113389665355,11.18,29.62,"[47, 25, 31]","[{""policy"": ""hospital_upgrade"", ""target_id"": ""JDQ4MTYyMiM2MSMkMSMkMiMkOTkkMzgxMzUxIzIxIyQxIyQxIyQ5MiQyNjE4MzIjNDEjJDEjJDgjJDgz"", ""target_name"": ""혜성산부인과병원""}, {""policy"": ""ambulance_new_base"", ""target_id"": ""REG026"", ""target_name"": ""쌍용2동""}, {""policy"": ""hospital_upgrade"", ""target_id"": ""JDQ4MTYyMiM2MSMkMSMkMiMkOTkkMzgxMzUxIzExIyQxIyQ3IyQ4OSQzNjE0ODEjODEjJDEjJDYjJDgz"", ""target_name"": ""새로나병원""}]"
786,42,0.6104059511586399,4.8295031640361925,11.594193548387098,16.42369671242329,5.423910362441987,13.264578960621222,18.688489323063205,11.18,29.62,"[29, 8, 26]","[{""policy"": ""ambulance_new_base"", ""target_id"": ""REG030"", ""target_name"": ""성환읍""}, {""policy"": ""ambulance_new_base"", ""target_id"": ""REG009"", ""target_name"": ""청룡동""}, {""policy"": ""ambulance_new_base"", ""target_id"": ""REG027"", ""target_name"": ""쌍용3동""}]"
787,42,0.7870765268433288,5.3432258064516125,10.821428023480433,16.164653829932046,5.838491576775618,12.673327170602901,18.511818747378516,11.18,29.62,"[3, 36, 37]","[{""policy"": ""ambulance_new_base"", ""target_id"": ""REG004"", ""target_name"": ""신안동""}, {""policy"": ""hospital_upgrade"", ""target_id"": ""JDQ4MTYyMiM2MSMkMSMkMiMkOTkkMzgxMzUxIzIxIyQxIyQ1IyQ3OSQyNjE0ODEjNDEjJDEjJDgjJDgz"", ""target_name"": ""마디손병원""}, {""policy"": ""hospital_upgrade"", ""target_id"": ""JDQ4MTYyMiM2MSMkMSMkMiMkOTkkMzgxMzUxIzIxIyQxIyQ1IyQ3OSQzNjE4MzIjODEjJDEjJDYjJDgz"", ""target_name"": ""앙즈로여성병원""}]"
788,42,0.47596385052999324,5.419724654880093,11.013231528881516,16.432956183761608,5.923699912048443,12.899231511643416,18.822931423691852,11.18,29.62,"[43, 27, 25]","[{""policy"": ""hospital_upgrade"", ""target_id"": ""JDQ4MTYyMiM2MSMkMSMkMiMkOTkkMzgxMzUxIzIxIyQxIyQxIyQ3MiQyNjE0ODEjNDEjJDEjJDgjJDgz"", ""target_name"": ""천안재활병원""}, {""policy"": ""ambulance_new_base"", ""target_id"": ""REG028"", ""target_name"": ""입장면""}, {""policy"": ""ambulance_new_base"", ""target_id"": ""REG026"", ""target_name"": ""쌍용2동""}]"
789,42,0.5332734536571202,5.452258064516128,11.08868306517315,16.540941129689276,5.931178114237441,12.834443706327281,18.765621820564725,11.18,29.62,"[16, 27, 49]","[{""policy"": ""ambulance_new_base"", ""target_id"": ""REG017"", ""target_name"": ""목천읍""}, {""policy"": ""ambulance_new_base"", ""target_id"": ""REG028"", ""target_name"": ""입장면""}, {""policy"": ""hospital_upgrade"", ""target_id"": ""JDQ4MTYyMiM2MSMkMSMkMiMkOTkkMzgxMzUxIzIxIyQxIyQxIyQwMyQyNjE0ODEjNTEjJDEjJDYjJDgz"", ""target_name"": ""천안21세기병원""}]"
790,42,1.1035815049929063,5.0471277929070375,10.856635269370763,15.903763062277799,5.496312694318984,12.699001074909956,18.19531376922894,11.18,29.62,"[1, 37, 19]","[{""policy"": ""ambulance_new_base"", ""target_id"": ""REG002"", ""target_name"": ""봉명동""}, {""policy"": ""hospital_upgrade"", ""target_id"": ""JDQ4MTYyMiM2MSMkMSMkMiMkOTkkMzgxMzUxIzIxIyQxIyQ1IyQ3OSQzNjE4MzIjODEjJDEjJDYjJDgz"", ""target_name"": ""앙즈로여성병원""}, {""policy"": ""ambulance_new_base"", ""target_id"": ""REG020"", ""target_name"": ""부성2동""}]"
791,42,1.098002199728473,5.1216888089664065,10.922183961670516,16.043872770636924,5.463680310450531,12.737212764042843,18.200893074493372,11.18,29.62,"[19, 38, 11]","[{""policy"": ""ambulance_new_base"", ""target_id"": ""REG020"", ""target_name"": ""부성2동""}, {""policy"": ""hospital_upgrade"", ""target_id"": ""JDQ4MTYyMiM2MSMkMSMkMiMkOTkkMzgxMzUxIzIxIyQxIyQ1IyQ4OSQ0NjEwMDIjNTEjJDEjJDIjJDgz"", ""target_name"": ""천안리턴병원""}, {""policy"": ""ambulance_new_base"", ""target_id"": ""REG012"", ""target_name"": ""병천면""}]"
792,42,0.7034070198389912,5.578709677419353,10.693310264460738,16.27201994188009,6.010541620638118,12.584946633744737,18.595488254382854,11.18,29.62,"[27, 38, 48]","[{""policy"": ""ambulance_new_base"", ""target_id"": ""REG028"", ""target_name"": ""입장면""}, {""policy"": ""hospital_upgrade"", ""target_id"": ""JDQ4MTYyMiM2MSMkMSMkMiMkOTkkMzgxMzUxIzIxIyQxIyQ1IyQ4OSQ0NjEwMDIjNTEjJDEjJDIjJDgz"", ""target_name"": ""천안리턴병원""}, {""policy"": ""hospital_upgrade"", ""target_id"": ""JDQ4MTYyMiM2MSMkMSMkMiMkOTkkMzgxMzUxIzIxIyQxIyQxIyQ5MiQyNjEwMDIjNjEjJDEjJDAjJDgz"", ""target_name"": ""두정이진병원""}]"
793,42,0.5468164207563184,5.599677419354838,10.829052651174143,16.42873007052898,6.034316313600623,12.71776253986491,18.752078853465527,11.18,29.62,"[34, 48, 44]","[{""policy"": ""hospital_upgrade"", ""target_id"": ""JDQ4MTYyMiM2MSMkMSMkMiMkOTkkMzgxMzUxIzIxIyQxIyQ1IyQ2MiQ0NjE0ODEjNjEjJDEjJDgjJDgz"", ""target_name"": ""천안해울병원""}, {""policy"": ""hospital_upgrade"", ""target_id"": ""JDQ4MTYyMiM2MSMkMSMkMiMkOTkkMzgxMzUxIzIxIyQxIyQxIyQ5MiQyNjEwMDIjNjEjJDEjJDAjJDgz"", ""target_name"": ""두정이진병원""}, {""policy"": ""hospital_upgrade"", ""target_id"": ""JDQ4MTYyMiM2MSMkMSMkMiMkOTkkMzgxMzUxIzIxIyQxIyQxIyQ3MiQzNjE4MzIjODEjJDEjJDYjJDgz"", ""target_name"": ""삼성스카이병원""}]"
794,42,0.8294924753527404,5.499032258064515,10.602994034738755,16.10202629280327,5.9189559912924805,12.550446807576627,18.469402798869105,11.18,29.62,"[43, 12, 40]","[{""policy"": ""hospital_upgrade"", ""target_id"": ""JDQ4MTYyMiM2MSMkMSMkMiMkOTkkMzgxMzUxIzIxIyQxIyQxIyQ3MiQyNjE0ODEjNDEjJDEjJDgjJDgz"", ""target_name"": ""천안재활병원""}, {""policy"": ""ambulance_new_base"", ""target_id"": ""REG013"", ""target_name"": ""북면""}, {""policy"": ""hospital_upgrade"", ""target_id"": ""JDQ4MTYyMiM2MSMkMSMkMiMkOTkkMzgxMzUxIzIxIyQxIyQ1IyQ4OSQyNjEyMjIjNjEjJDEjJDQjJDgz"", ""target_name"": ""서울프라임병원""}]"
795,42,0.7507288846633919,5.080826874096364,11.033865820568307,16.114692694664672,5.689726265081296,12.858440124477161,18.548166389558453,11.18,29.62,"[48, 6, 24]","[{""policy"": ""hospital_upgrade"", ""target_id"": ""JDQ4MTYyMiM2MSMkMSMkMiMkOTkkMzgxMzUxIzIxIyQxIyQxIyQ5MiQyNjEwMDIjNjEjJDEjJDAjJDgz"", ""target_name"": ""두정이진병원""}, {""policy"": ""ambulance_new_base"", ""target_id"": ""REG007"", ""target_name"": ""일봉동""}, {""policy"": ""ambulance_new_base"", ""target_id"": ""REG025"", ""target_name"": ""쌍용1동""}]"
796,42,0.8273008173822625,5.599677419354838,10.39338727077609,15.993064690130929,6.034316313600623,12.437278143238961,18.471594456839583,11.18,29.62,"[52, 35, 33]","[{""policy"": ""hospital_upgrade"", ""target_id"": ""JDQ4MTYyMiM2MSMkMSMkMiMkOTkkMzgxMzUxIzIxIyQyIyQ1IyQwMCQyNjEwMDIjNDEjJDEjJDgjJDgz"", ""target_name"": ""이화병원""}, {""policy"": ""hospital_upgrade"", ""target_id"": ""JDQ4MTYyMiM2MSMkMSMkMiMkOTkkMzgxMzUxIzIxIyQxIyQ1IyQ2MiQzNjE4MzIjODEjJDEjJDIjJDgz"", ""target_name"": ""돋움병원""}, {""policy"": ""hospital_upgrade"", ""target_id"": ""JDQ4MTYyMiM2MSMkMSMkMiMkOTkkMzgxMzUxIzExIyQyIyQ3IyQwMCQ0NjE0ODEjNjEjJDEjJDgjJDgz"", ""target_name"": ""천안우리병원""}]"
797,42,0.8253092409984006,5.122007519519639,11.055870298914312,16.17787781843395,5.556787193123142,12.916798840100302,18.473586033223445,11.18,29.62,"[22, 4, 35]","[{""policy"": ""ambulance_new_base"", ""target_id"": ""REG023"", ""target_name"": ""성정1동""}, {""policy"": ""ambulance_new_base"", ""target_id"": ""REG005"", ""target_name"": ""원성1동""}, {""policy"": ""hospital_upgrade"", ""target_id"": ""JDQ4MTYyMiM2MSMkMSMkMiMkOTkkMzgxMzUxIzIxIyQxIyQ1IyQ2MiQzNjE4MzIjODEjJDEjJDIjJDgz"", ""target_name"": ""돋움병원""}]"
798,42,0.3768332343677301,5.060332609127683,11.594193548387098,16.65452615751478,5.657483079232895,13.264578960621222,18.922062039854115,11.18,29.62,"[3, 17, 16]","[{""policy"": ""ambulance_new_base"", ""target_id"": ""REG004"", ""target_name"": ""신안동""}, {""policy"": ""ambulance_new_base"", ""target_id"": ""REG018"", ""target_name"": ""백석동""}, {""policy"": ""ambulance_new_base"", ""target_id"": ""REG017"", ""target_name"": ""목천읍""}]"
799,42,1.0183717698288817,5.232801978072861,10.889972651521795,16.12277462959466,5.567406178782148,12.713117325610817,18.280523504392963,11.18,29.62,"[7, 39, 38]","[{""policy"": ""ambulance_new_base"", ""target_id"": ""REG008"", ""target_name"": ""중앙동""}, {""policy"": ""hospital_upgrade"", ""target_id"": ""JDQ4MTYyMiM2MSMkMSMkMiMkOTkkMzgxMzUxIzIxIyQxIyQ1IyQ4OSQyNjE4MzIjNTEjJDEjJDYjJDgz"", ""target_name"": ""아이본병원""}, {""policy"": ""hospital_upgrade"", ""target_id"": ""JDQ4MTYyMiM2MSMkMSMkMiMkOTkkMzgxMzUxIzIxIyQxIyQ1IyQ4OSQ0NjEwMDIjNTEjJDEjJDIjJDgz"", ""target_name"": ""천안리턴병원""}]"
800,42,0.6355627086205367,5.1277070769392825,11.138559464269987,16.266266541209273,5.682521077501244,12.980811488100068,18.66333256560131,11.18,29.62,"[17, 1, 44]","[{""policy"": ""ambulance_new_base"", ""target_id"": ""REG018"", ""target_name"": ""백석동""}, {""policy"": ""ambulance_new_base"", ""target_id"": ""REG002"", ""target_name"": ""봉명동""}, {""policy"": ""hospital_upgrade"", ""target_id"": ""JDQ4MTYyMiM2MSMkMSMkMiMkOTkkMzgxMzUxIzIxIyQxIyQxIyQ3MiQzNjE4MzIjODEjJDEjJDYjJDgz"", ""target_name"": ""삼성스카이병원""}]"
801,42,0.6948612003358186,5.157697048456759,11.013231528881516,16.170928577338277,5.704802562242615,12.899231511643416,18.604034073886027,11.18,29.62,"[16, 1, 43]","[{""policy"": ""ambulance_new_base"", ""target_id"": ""REG017"", ""target_name"": ""목천읍""}, {""policy"": ""ambulance_new_base"", ""target_id"": ""REG002"", ""target_name"": ""봉명동""}, {""policy"": ""hospital_upgrade"", ""target_id"": ""JDQ4MTYyMiM2MSMkMSMkMiMkOTkkMzgxMzUxIzIxIyQxIyQxIyQ3MiQyNjE0ODEjNDEjJDEjJDgjJDgz"", ""target_name"": ""천안재활병원""}]"
802,42,0.8453245432137315,5.423225806451613,10.895298522653325,16.318524329104935,5.713945959776463,12.739624771231655,18.453570731008114,11.18,29.62,"[13, 34, 48]","[{""policy"": ""ambulance_new_base"", ""target_id"": ""REG014"", ""target_name"": ""성남면""}, {""policy"": ""hospital_upgrade"", ""target_id"": ""JDQ4MTYyMiM2MSMkMSMkMiMkOTkkMzgxMzUxIzIxIyQxIyQ1IyQ2MiQ0NjE0ODEjNjEjJDEjJDgjJDgz"", ""target_name"": ""천안해울병원""}, {""policy"": ""hospital_upgrade"", ""target_id"": ""JDQ4MTYyMiM2MSMkMSMkMiMkOTkkMzgxMzUxIzIxIyQxIyQxIyQ5MiQyNjEwMDIjNjEjJDEjJDAjJDgz"", ""target_name"": ""두정이진병원""}]"
803,42,1.0104473782568952,5.295483870967741,10.561133858994586,15.856617729962327,5.8214151748001814,12.46703272116477,18.28844789596495,11.18,29.62,"[36, 18, 46]","[{""policy"": ""hospital_upgrade"", ""target_id"": ""JDQ4MTYyMiM2MSMkMSMkMiMkOTkkMzgxMzUxIzIxIyQxIyQ1IyQ3OSQyNjE0ODEjNDEjJDEjJDgjJDgz"", ""target_name"": ""마디손병원""}, {""policy"": ""ambulance_new_base"", ""target_id"": ""REG019"", ""target_name"": ""부성1동""}, {""policy"": ""hospital_upgrade"", ""target_id"": ""JDQ4MTYyMiM2MSMkMSMkMiMkOTkkMzgxMzUxIzIxIyQxIyQxIyQ4OSQ0NjE0ODEjODEjJDEjJDIjJDgz"", ""target_name"": ""서울우리병원""}]"
804,42,1.2453026554500966,4.726350365169636,11.594193548387098,16.320543913556733,4.7890136581505285,13.264578960621222,18.05359261877175,10.85,29.62,"[8, 14, 7]","[{""policy"": ""ambulance_new_base"", ""target_id"": ""REG009"", ""target_name"": ""청룡동""}, {""policy"": ""ambulance_new_base"", ""target_id"": ""REG015"", ""target_name"": ""수신면""}, {""policy"": ""ambulance_new_base"", ""target_id"": ""REG008"", ""target_name"": ""중앙동""}]"
805,42,0.38239714301955985,5.001472162529639,11.594193548387098,16.595665710916734,5.651919170581067,13.264578960621222,18.916498131202285,11.18,29.62,"[2, 28, 6]","[{""policy"": ""ambulance_new_base"", ""target_id"": ""REG003"", ""target_name"": ""신방동""}, {""policy"": ""ambulance_new_base"", ""target_id"": ""REG029"", ""target_name"": ""성거읍""}, {""policy"": ""ambulance_new_base"", ""target_id"": ""REG007"", ""target_name"": ""일봉동""}]"
806,42,1.096040073410979,4.735382623234153,11.594193548387098,16.329576171621248,4.938276240189648,13.264578960621222,18.202855200810866,11.18,29.62,"[10, 7, 23]","[{""policy"": ""ambulance_new_base"", ""target_id"": ""REG011"", ""target_name"": ""동면""}, {""policy"": ""ambulance_new_base"", ""target_id"": ""REG008"", ""target_name"": ""중앙동""}, {""policy"": ""ambulance_new_base"", ""target_id"": ""REG024"", ""target_name"": ""성정2동""}]"
807,42,1.145881588207338,5.218064516129032,10.912914642839256,16.130979158968287,5.414363343946974,12.738650342067533,18.153013686014507,10.85,29.62,"[51, 14, 27]","[{""policy"": ""hospital_upgrade"", ""target_id"": ""JDQ4MTYyMiM2MSMkMSMkMiMkOTkkMzgxMzUxIzIxIyQxIyQxIyQxMyQyNjEyMjIjNzEjJDEjJDgjJDgz"", ""target_name"": ""SG삼성조은병원""}, {""policy"": ""ambulance_new_base"", ""target_id"": ""REG015"", ""target_name"": ""수신면""}, {""policy"": ""ambulance_new_base"", ""target_id"": ""REG028"", ""target_name"": ""입장면""}]"
808,42,0.8112734902537895,5.284148661359985,10.642672413101543,15.926821074461532,5.784166068643291,12.703455715324765,18.487621783968056,11.18,29.62,"[35, 32, 1]","[{""policy"": ""hospital_upgrade"", ""target_id"": ""JDQ4MTYyMiM2MSMkMSMkMiMkOTkkMzgxMzUxIzIxIyQxIyQ1IyQ2MiQzNjE4MzIjODEjJDEjJDIjJDgz"", ""target_name"": ""돋움병원""}, {""policy"": ""hospital_upgrade"", ""target_id"": ""JDQ4MTYyMiM2MSMkMSMkMiMkOTkkMzgxMzUxIzExIyQxIyQ3IyQ5OSQ0NjE0ODEjODEjJDEjJDYjJDgz"", ""target_name"": ""예일병원""}, {""policy"": ""ambulance_new_base"", ""target_id"": ""REG002"", ""target_name"": ""봉명동""}]"
809,42,0.8933888288399139,5.473225806451612,10.63693186052532,16.11015766697693,5.9549528071999465,12.450553638181985,18.40550644538193,11.18,29.62,"[33, 40, 16]","[{""policy"": ""hospital_upgrade"", ""target_id"": ""JDQ4MTYyMiM2MSMkMSMkMiMkOTkkMzgxMzUxIzExIyQyIyQ3IyQwMCQ0NjE0ODEjNjEjJDEjJDgjJDgz"", ""target_name"": ""천안우리병원""}, {""policy"": ""hospital_upgrade"", ""target_id"": ""JDQ4MTYyMiM2MSMkMSMkMiMkOTkkMzgxMzUxIzIxIyQxIyQ1IyQ4OSQyNjEyMjIjNjEjJDEjJDQjJDgz"", ""target_name"": ""서울프라임병원""}, {""policy"": ""ambulance_new_base"", ""target_id"": ""REG017"", ""target_name"": ""목천읍""}]"
810,42,0.7478166823773371,4.980844579455553,11.594193548387098,16.57503812784265,5.286499631223287,13.264578960621222,18.551078591844508,11.18,29.62,"[13, 0, 23]","[{""policy"": ""ambulance_new_base"", ""target_id"": ""REG014"", ""target_name"": ""성남면""}, {""policy"": ""ambulance_new_base"", ""target_id"": ""REG001"", ""target_name"": ""문성동""}, {""policy"": ""ambulance_new_base"", ""target_id"": ""REG024"", ""target_name"": ""성정2동""}]"
811,42,0.7801223591314823,5.216248100271297,10.92879511789891,16.14504321817021,5.781436744382612,12.737336170707753,18.518772915090363,11.18,29.62,"[20, 16, 40]","[{""policy"": ""ambulance_new_base"", ""target_id"": ""REG021"", ""target_name"": ""불당1동""}, {""policy"": ""ambulance_new_base"", ""target_id"": ""REG017"", ""target_name"": ""목천읍""}, {""policy"": ""hospital_upgrade"", ""target_id"": ""JDQ4MTYyMiM2MSMkMSMkMiMkOTkkMzgxMzUxIzIxIyQxIyQ1IyQ4OSQyNjEyMjIjNjEjJDEjJDQjJDgz"", ""target_name"": ""서울프라임병원""}]"
812,42,0.6710963650727706,5.231366228321244,11.138559464269987,16.36992569259123,5.64698742104901,12.980811488100068,18.627798909149075,11.18,29.62,"[28, 44, 19]","[{""policy"": ""ambulance_new_base"", ""target_id"": ""REG029"", ""target_name"": ""성거읍""}, {""policy"": ""hospital_upgrade"", ""target_id"": ""JDQ4MTYyMiM2MSMkMSMkMiMkOTkkMzgxMzUxIzIxIyQxIyQxIyQ3MiQzNjE4MzIjODEjJDEjJDYjJDgz"", ""target_name"": ""삼성스카이병원""}, {""policy"": ""ambulance_new_base"", ""target_id"": ""REG020"", ""target_name"": ""부성2동""}]"
813,42,0.9070198393604478,4.989192105909896,11.302330291013508,16.291522396923405,5.414079006765945,12.977796428095454,18.391875434861397,11.18,29.62,"[7, 33, 1]","[{""policy"": ""ambulance_new_base"", ""target_id"": ""REG008"", ""target_name"": ""중앙동""}, {""policy"": ""hospital_upgrade"", ""target_id"": ""JDQ4MTYyMiM2MSMkMSMkMiMkOTkkMzgxMzUxIzExIyQyIyQ3IyQwMCQ0NjE0ODEjNjEjJDEjJDgjJDgz"", ""target_name"": ""천안우리병원""}, {""policy"": ""ambulance_new_base"", ""target_id"": ""REG002"", ""target_name"": ""봉명동""}]"
814,42,0.6810190792067665,5.175532091282475,11.138559464269987,16.314091555552466,5.63706470691501,12.980811488100068,18.61787619501508,11.18,29.62,"[44, 17, 22]","[{""policy"": ""hospital_upgrade"", ""target_id"": ""JDQ4MTYyMiM2MSMkMSMkMiMkOTkkMzgxMzUxIzIxIyQxIyQxIyQ3MiQzNjE4MzIjODEjJDEjJDYjJDgz"", ""target_name"": ""삼성스카이병원""}, {""policy"": ""ambulance_new_base"", ""target_id"": ""REG018"", ""target_name"": ""백석동""}, {""policy"": ""ambulance_new_base"", ""target_id"": ""REG023"", ""target_name"": ""성정1동""}]"
815,42,0.8566850673054738,5.389711263171298,10.634807258790396,16.024518521961696,5.852393808666708,12.589816398249667,18.44221020691637,11.18,29.62,"[40, 4, 44]","[{""policy"": ""hospital_upgrade"", ""target_id"": ""JDQ4MTYyMiM2MSMkMSMkMiMkOTkkMzgxMzUxIzIxIyQxIyQ1IyQ4OSQyNjEyMjIjNjEjJDEjJDQjJDgz"", ""target_name"": ""서울프라임병원""}, {""policy"": ""ambulance_new_base"", ""target_id"": ""REG005"", ""target_name"": ""원성1동""}, {""policy"": ""hospital_upgrade"", ""target_id"": ""JDQ4MTYyMiM2MSMkMSMkMiMkOTkkMzgxMzUxIzIxIyQxIyQxIyQ3MiQzNjE4MzIjODEjJDEjJDYjJDgz"", ""target_name"": ""삼성스카이병원""}]"
816,42,1.0071172298441269,5.284148661359985,10.600289915441797,15.884438576801783,5.784166068643291,12.507611975734429,18.29177804437772,11.18,29.62,"[31, 50, 1]","[{""policy"": ""hospital_upgrade"", ""target_id"": ""JDQ4MTYyMiM2MSMkMSMkMiMkOTkkMzgxMzUxIzExIyQxIyQ3IyQ4OSQzNjE0ODEjODEjJDEjJDYjJDgz"", ""target_name"": ""새로나병원""}, {""policy"": ""hospital_upgrade"", ""target_id"": ""JDQ4MTYyMiM2MSMkMSMkMiMkOTkkMzgxMzUxIzIxIyQxIyQxIyQwMyQyNjE4MzIjODEjJDEjJDIjJDgz"", ""target_name"": ""서울대정병원""}, {""policy"": ""ambulance_new_base"", ""target_id"": ""REG002"", ""target_name"": ""봉명동""}]"
817,42,1.226058213684933,5.239032258064516,10.793722543708792,16.03275480177331,5.438138036909479,12.634699023627435,18.072837060536912,10.85,29.62,"[46, 14, 40]","[{""policy"": ""hospital_upgrade"", ""target_id"": ""JDQ4MTYyMiM2MSMkMSMkMiMkOTkkMzgxMzUxIzIxIyQxIyQxIyQ4OSQ0NjE0ODEjODEjJDEjJDIjJDgz"", ""target_name"": ""서울우리병원""}, {""policy"": ""ambulance_new_base"", ""target_id"": ""REG015"", ""target_name"": ""수신면""}, {""policy"": ""hospital_upgrade"", ""target_id"": ""JDQ4MTYyMiM2MSMkMSMkMiMkOTkkMzgxMzUxIzIxIyQxIyQ1IyQ4OSQyNjEyMjIjNjEjJDEjJDQjJDgz"", ""target_name"": ""서울프라임병원""}]"
818,42,1.3002108536285277,5.239032258064516,10.593023926512162,15.832056184576675,5.438138036909479,12.560546383683837,17.998684420593317,10.85,29.62,"[32, 14, 49]","[{""policy"": ""hospital_upgrade"", ""target_id"": ""JDQ4MTYyMiM2MSMkMSMkMiMkOTkkMzgxMzUxIzExIyQxIyQ3IyQ5OSQ0NjE0ODEjODEjJDEjJDYjJDgz"", ""target_name"": ""예일병원""}, {""policy"": ""ambulance_new_base"", ""target_id"": ""REG015"", ""target_name"": ""수신면""}, {""policy"": ""hospital_upgrade"", ""target_id"": ""JDQ4MTYyMiM2MSMkMSMkMiMkOTkkMzgxMzUxIzIxIyQxIyQxIyQwMyQyNjE0ODEjNTEjJDEjJDYjJDgz"", ""target_name"": ""천안21세기병원""}]"
819,42,0.9197546078814405,5.185882357353503,10.856635269370763,16.042517626724266,5.680139591430452,12.699001074909956,18.379140666340405,11.18,29.62,"[37, 19, 2]","[{""policy"": ""hospital_upgrade"", ""target_id"": ""JDQ4MTYyMiM2MSMkMSMkMiMkOTkkMzgxMzUxIzIxIyQxIyQ1IyQ3OSQzNjE4MzIjODEjJDEjJDYjJDgz"", ""target_name"": ""앙즈로여성병원""}, {""policy"": ""ambulance_new_base"", ""target_id"": ""REG020"", ""target_name"": ""부성2동""}, {""policy"": ""ambulance_new_base"", ""target_id"": ""REG003"", ""target_name"": ""신방동""}]"
820,42,1.01661344633467,5.211834236137377,10.912914642839256,16.124748878976636,5.543631485819643,12.738650342067533,18.282281827887175,11.18,29.62,"[51, 27, 7]","[{""policy"": ""hospital_upgrade"", ""target_id"": ""JDQ4MTYyMiM2MSMkMSMkMiMkOTkkMzgxMzUxIzIxIyQxIyQxIyQxMyQyNjEyMjIjNzEjJDEjJDgjJDgz"", ""target_name"": ""SG삼성조은병원""}, {""policy"": ""ambulance_new_base"", ""target_id"": ""REG028"", ""target_name"": ""입장면""}, {""policy"": ""ambulance_new_base"", ""target_id"": ""REG008"", ""target_name"": ""중앙동""}]"
821,42,1.2999160724771421,5.0397112631712995,10.912914642839256,15.952625906010557,5.26032885967717,12.738650342067533,17.998979201744703,11.18,29.62,"[51, 10, 4]","[{""policy"": ""hospital_upgrade"", ""target_id"": ""JDQ4MTYyMiM2MSMkMSMkMiMkOTkkMzgxMzUxIzIxIyQxIyQxIyQxMyQyNjEyMjIjNzEjJDEjJDgjJDgz"", ""target_name"": ""SG삼성조은병원""}, {""policy"": ""ambulance_new_base"", ""target_id"": ""REG011"", ""target_name"": ""동면""}, {""policy"": ""ambulance_new_base"", ""target_id"": ""REG005"", ""target_name"": ""원성1동""}]"
822,42,0.6786852568653536,5.149207008838155,11.138559464269987,16.287766473108142,5.6393985292564235,12.980811488100068,18.62021001735649,11.18,29.62,"[44, 23, 5]","[{""policy"": ""hospital_upgrade"", ""target_id"": ""JDQ4MTYyMiM2MSMkMSMkMiMkOTkkMzgxMzUxIzIxIyQxIyQxIyQ3MiQzNjE4MzIjODEjJDEjJDYjJDgz"", ""target_name"": ""삼성스카이병원""}, {""policy"": ""ambulance_new_base"", ""target_id"": ""REG024"", ""target_name"": ""성정2동""}, {""policy"": ""ambulance_new_base"", ""target_id"": ""REG006"", ""target_name"": ""원성2동""}]"
823,42,0.7488824674575874,4.84484677130909,11.594193548387098,16.439040319696186,5.285433846143038,13.264578960621222,18.550012806764258,11.18,29.62,"[24, 0, 8]","[{""policy"": ""ambulance_new_base"", ""target_id"": ""REG025"", ""target_name"": ""쌍용1동""}, {""policy"": ""ambulance_new_base"", ""target_id"": ""REG001"", ""target_name"": ""문성동""}, {""policy"": ""ambulance_new_base"", ""target_id"": ""REG009"", ""target_name"": ""청룡동""}]"
824,42,0.6427981418135218,4.8467165795527825,11.594193548387098,16.44091012793988,5.391518171787103,13.264578960621222,18.656097132408323,11.18,29.62,"[0, 6, 24]","[{""policy"": ""ambulance_new_base"", ""target_id"": ""REG001"", ""target_name"": ""문성동""}, {""policy"": ""ambulance_new_base"", ""target_id"": ""REG007"", ""target_name"": ""일봉동""}, {""policy"": ""ambulance_new_base"", ""target_id"": ""REG025"", ""target_name"": ""쌍용1동""}]"
825,42,1.0412867516622768,5.599677419354838,10.191329241462688,15.791006660817523,6.034316313600623,12.223292208958945,18.25760852255957,11.18,29.62,"[52, 49, 37]","[{""policy"": ""hospital_upgrade"", ""target_id"": ""JDQ4MTYyMiM2MSMkMSMkMiMkOTkkMzgxMzUxIzIxIyQyIyQ1IyQwMCQyNjEwMDIjNDEjJDEjJDgjJDgz"", ""target_name"": ""이화병원""}, {""policy"": ""hospital_upgrade"", ""target_id"": ""JDQ4MTYyMiM2MSMkMSMkMiMkOTkkMzgxMzUxIzIxIyQxIyQxIyQwMyQyNjE0ODEjNTEjJDEjJDYjJDgz"", ""target_name"": ""천안21세기병원""}, {""policy"": ""hospital_upgrade"", ""target_id"": ""JDQ4MTYyMiM2MSMkMSMkMiMkOTkkMzgxMzUxIzIxIyQxIyQ1IyQ3OSQzNjE4MzIjODEjJDEjJDYjJDgz"", ""target_name"": ""앙즈로여성병원""}]"
826,42,0.3350875613694555,5.0539520470836505,11.594193548387098,16.648145595470748,5.699228752231169,13.264578960621222,18.96380771285239,11.18,29.62,"[4, 25, 2]","[{""policy"": ""ambulance_new_base"", ""target_id"": ""REG005"", ""target_name"": ""원성1동""}, {""policy"": ""ambulance_new_base"", ""target_id"": ""REG026"", ""target_name"": ""쌍용2동""}, {""policy"": ""ambulance_new_base"", ""target_id"": ""REG003"", ""target_name"": ""신방동""}]"
827,42,1.0700136658266999,5.30471554719749,10.693310264460738,15.998025811658227,5.64393497465041,12.584946633744737,18.228881608395145,11.18,29.62,"[0, 38, 48]","[{""policy"": ""ambulance_new_base"", ""target_id"": ""REG001"", ""target_name"": ""문성동""}, {""policy"": ""hospital_upgrade"", ""target_id"": ""JDQ4MTYyMiM2MSMkMSMkMiMkOTkkMzgxMzUxIzIxIyQxIyQ1IyQ4OSQ0NjEwMDIjNTEjJDEjJDIjJDgz"", ""target_name"": ""천안리턴병원""}, {""policy"": ""hospital_upgrade"", ""target_id"": ""JDQ4MTYyMiM2MSMkMSMkMiMkOTkkMzgxMzUxIzIxIyQxIyQxIyQ5MiQyNjEwMDIjNjEjJDEjJDAjJDgz"", ""target_name"": ""두정이진병원""}]"
828,42,1.2560511823752734,5.423225806451613,10.440064420572567,15.863290227024178,5.713945959776463,12.328898132070108,18.042844091846572,11.18,29.62,"[49, 50, 13]","[{""policy"": ""hospital_upgrade"", ""target_id"": ""JDQ4MTYyMiM2MSMkMSMkMiMkOTkkMzgxMzUxIzIxIyQxIyQxIyQwMyQyNjE0ODEjNTEjJDEjJDYjJDgz"", ""target_name"": ""천안21세기병원""}, {""policy"": ""hospital_upgrade"", ""target_id"": ""JDQ4MTYyMiM2MSMkMSMkMiMkOTkkMzgxMzUxIzIxIyQxIyQxIyQwMyQyNjE4MzIjODEjJDEjJDIjJDgz"", ""target_name"": ""서울대정병원""}, {""policy"": ""ambulance_new_base"", ""target_id"": ""REG014"", ""target_name"": ""성남면""}]"
829,42,0.9594734363385555,5.453870967741936,10.511594984742585,15.96546595248452,5.852102069660146,12.487319768223147,18.33942183788329,11.18,29.62,"[8, 37, 44]","[{""policy"": ""ambulance_new_base"", ""target_id"": ""REG009"", ""target_name"": ""청룡동""}, {""policy"": ""hospital_upgrade"", ""target_id"": ""JDQ4MTYyMiM2MSMkMSMkMiMkOTkkMzgxMzUxIzIxIyQxIyQ1IyQ3OSQzNjE4MzIjODEjJDEjJDYjJDgz"", ""target_name"": ""앙즈로여성병원""}, {""policy"": ""hospital_upgrade"", ""target_id"": ""JDQ4MTYyMiM2MSMkMSMkMiMkOTkkMzgxMzUxIzIxIyQxIyQxIyQ3MiQzNjE4MzIjODEjJDEjJDYjJDgz"", ""target_name"": ""삼성스카이병원""}]"
830,42,1.0322478436524456,5.041069731216184,11.102009947137324,16.143079678353512,5.273290334899174,12.993357095670223,18.2666474305694,10.85,29.62,"[21, 14, 45]","[{""policy"": ""ambulance_new_base"", ""target_id"": ""REG022"", ""target_name"": ""불당2동""}, {""policy"": ""ambulance_new_base"", ""target_id"": ""REG015"", ""target_name"": ""수신면""}, {""policy"": ""hospital_upgrade"", ""target_id"": ""JDQ4MTYyMiM2MSMkMSMkMiMkOTkkMzgxMzUxIzIxIyQxIyQxIyQ3OSQyNjEyMjIjNDEjJDEjJDgjJDgz"", ""target_name"": ""우리척병원""}]"
831,42,0.5092770355072496,5.452258064516128,11.033865820568307,16.486123885084435,5.931178114237441,12.858440124477161,18.789618238714596,11.18,29.62,"[27, 16, 48]","[{""policy"": ""ambulance_new_base"", ""target_id"": ""REG028"", ""target_name"": ""입장면""}, {""policy"": ""ambulance_new_base"", ""target_id"": ""REG017"", ""target_name"": ""목천읍""}, {""policy"": ""hospital_upgrade"", ""target_id"": ""JDQ4MTYyMiM2MSMkMSMkMiMkOTkkMzgxMzUxIzIxIyQxIyQxIyQ5MiQyNjEwMDIjNjEjJDEjJDAjJDgz"", ""target_name"": ""두정이진병원""}]"
832,42,1.0757151694749005,5.265806451612902,10.903044755594616,16.168851207207517,5.487961246669698,12.73521885807725,18.223180104746945,11.18,29.62,"[36, 15, 9]","[{""policy"": ""hospital_upgrade"", ""target_id"": ""JDQ4MTYyMiM2MSMkMSMkMiMkOTkkMzgxMzUxIzIxIyQxIyQ1IyQ3OSQyNjE0ODEjNDEjJDEjJDgjJDgz"", ""target_name"": ""마디손병원""}, {""policy"": ""ambulance_new_base"", ""target_id"": ""REG016"", ""target_name"": ""풍세면""}, {""policy"": ""ambulance_new_base"", ""target_id"": ""REG010"", ""target_name"": ""광덕면""}]"
833,42,0.9364160976423896,5.057215842206781,10.912914642839256,15.970130485046036,5.623828834511925,12.738650342067533,18.362479176579455,11.18,29.62,"[29, 51, 20]","[{""policy"": ""ambulance_new_base"", ""target_id"": ""REG030"", ""target_name"": ""성환읍""}, {""policy"": ""hospital_upgrade"", ""target_id"": ""JDQ4MTYyMiM2MSMkMSMkMiMkOTkkMzgxMzUxIzIxIyQxIyQxIyQxMyQyNjEyMjIjNzEjJDEjJDgjJDgz"", ""target_name"": ""SG삼성조은병원""}, {""policy"": ""ambulance_new_base"", ""target_id"": ""REG021"", ""target_name"": ""불당1동""}]"
834,42,0.8903882913516696,5.064202532458631,11.093193138623256,16.157395671081886,5.534391072222112,12.874115910648063,18.408506982870176,11.18,29.62,"[34, 9, 24]","[{""policy"": ""hospital_upgrade"", ""target_id"": ""JDQ4MTYyMiM2MSMkMSMkMiMkOTkkMzgxMzUxIzIxIyQxIyQ1IyQ2MiQ0NjE0ODEjNjEjJDEjJDgjJDgz"", ""target_name"": ""천안해울병원""}, {""policy"": ""ambulance_new_base"", ""target_id"": ""REG010"", ""target_name"": ""광덕면""}, {""policy"": ""ambulance_new_base"", ""target_id"": ""REG025"", ""target_name"": ""쌍용1동""}]"
835,42,0.7994440190952652,4.847321005260663,11.594193548387098,16.44151455364776,5.23487229450536,13.264578960621222,18.49945125512658,11.18,29.62,"[26, 19, 13]","[{""policy"": ""ambulance_new_base"", ""target_id"": ""REG027"", ""target_name"": ""쌍용3동""}, {""policy"": ""ambulance_new_base"", ""target_id"": ""REG020"", ""target_name"": ""부성2동""}, {""policy"": ""ambulance_new_base"", ""target_id"": ""REG014"", ""target_name"": ""성남면""}]"
836,42,0.9209078141461866,5.310332609127683,10.856635269370763,16.166967878498447,5.678986385165704,12.699001074909956,18.37798746007566,11.18,29.62,"[37, 17, 15]","[{""policy"": ""hospital_upgrade"", ""target_id"": ""JDQ4MTYyMiM2MSMkMSMkMiMkOTkkMzgxMzUxIzIxIyQxIyQ1IyQ3OSQzNjE4MzIjODEjJDEjJDYjJDgz"", ""target_name"": ""앙즈로여성병원""}, {""policy"": ""ambulance_new_base"", ""target_id"": ""REG018"", ""target_name"": ""백석동""}, {""policy"": ""ambulance_new_base"", ""target_id"": ""REG016"", ""target_name"": ""풍세면""}]"
837,42,0.8575364660674474,4.992432815289766,11.302330291013508,16.294763106303275,5.463562380058946,12.977796428095454,18.441358808154398,11.18,29.62,"[18, 33, 5]","[{""policy"": ""ambulance_new_base"", ""target_id"": ""REG019"", ""target_name"": ""부성1동""}, {""policy"": ""hospital_upgrade"", ""target_id"": ""JDQ4MTYyMiM2MSMkMSMkMiMkOTkkMzgxMzUxIzExIyQyIyQ3IyQwMCQ0NjE0ODEjNjEjJDEjJDgjJDgz"", ""target_name"": ""천안우리병원""}, {""policy"": ""ambulance_new_base"", ""target_id"": ""REG006"", ""target_name"": ""원성2동""}]"
838,42,0.8401243989213114,4.896774193548387,11.594193548387098,16.490967741935485,5.194191914679315,13.264578960621222,18.458770875300534,11.18,29.62,"[11, 13, 29]","[{""policy"": ""ambulance_new_base"", ""target_id"": ""REG012"", ""target_name"": ""병천면""}, {""policy"": ""ambulance_new_base"", ""target_id"": ""REG014"", ""target_name"": ""성남면""}, {""policy"": ""ambulance_new_base"", ""target_id"": ""REG030"", ""target_name"": ""성환읍""}]"
839,42,0.793219981349754,5.245273308085804,10.914895644369402,16.16016895245521,5.7678236204482705,12.73785167242382,18.50567529287209,11.18,29.62,"[39, 17, 21]","[{""policy"": ""hospital_upgrade"", ""target_id"": ""JDQ4MTYyMiM2MSMkMSMkMiMkOTkkMzgxMzUxIzIxIyQxIyQ1IyQ4OSQyNjE4MzIjNTEjJDEjJDYjJDgz"", ""target_name"": ""아이본병원""}, {""policy"": ""ambulance_new_base"", ""target_id"": ""REG018"", ""target_name"": ""백석동""}, {""policy"": ""ambulance_new_base"", ""target_id"": ""REG022"", ""target_name"": ""불당2동""}]"
840,42,0.3760833959897987,5.064034367588908,11.594193548387098,16.658227915976006,5.658232917610825,13.264578960621222,18.922811878232046,11.18,29.62,"[28, 25, 6]","[{""policy"": ""ambulance_new_base"", ""target_id"": ""REG029"", ""target_name"": ""성거읍""}, {""policy"": ""ambulance_new_base"", ""target_id"": ""REG026"", ""target_name"": ""쌍용2동""}, {""policy"": ""ambulance_new_base"", ""target_id"": ""REG007"", ""target_name"": ""일봉동""}]"
841,42,1.0059911069014298,5.295483870967741,10.576052306114136,15.871536177081877,5.8214151748001814,12.471488992520237,18.292904167320415,11.18,29.62,"[38, 18, 34]","[{""policy"": ""hospital_upgrade"", ""target_id"": ""JDQ4MTYyMiM2MSMkMSMkMiMkOTkkMzgxMzUxIzIxIyQxIyQ1IyQ4OSQ0NjEwMDIjNTEjJDEjJDIjJDgz"", ""target_name"": ""천안리턴병원""}, {""policy"": ""ambulance_new_base"", ""target_id"": ""REG019"", ""target_name"": ""부성1동""}, {""policy"": ""hospital_upgrade"", ""target_id"": ""JDQ4MTYyMiM2MSMkMSMkMiMkOTkkMzgxMzUxIzIxIyQxIyQ1IyQ2MiQ0NjE0ODEjNjEjJDEjJDgjJDgz"", ""target_name"": ""천안해울병원""}]"
842,42,0.8670354549973638,5.599677419354838,10.455021547226135,16.054698966580975,6.034316313600623,12.397543505623858,18.43185981922448,11.18,29.62,"[49, 47, 41]","[{""policy"": ""hospital_upgrade"", ""target_id"": ""JDQ4MTYyMiM2MSMkMSMkMiMkOTkkMzgxMzUxIzIxIyQxIyQxIyQwMyQyNjE0ODEjNTEjJDEjJDYjJDgz"", ""target_name"": ""천안21세기병원""}, {""policy"": ""hospital_upgrade"", ""target_id"": ""JDQ4MTYyMiM2MSMkMSMkMiMkOTkkMzgxMzUxIzIxIyQxIyQxIyQ5MiQyNjE4MzIjNDEjJDEjJDgjJDgz"", ""target_name"": ""혜성산부인과병원""}, {""policy"": ""hospital_upgrade"", ""target_id"": ""JDQ4MTYyMiM2MSMkMSMkMiMkOTkkMzgxMzUxIzIxIyQxIyQ1IyQ5OSQzNjEyMjIjNjEjJDEjJDQjJDgz"", ""target_name"": ""천안다나힐병원""}]"
843,42,1.0801875142239794,5.124403672597919,10.903044755594616,16.027448428192532,5.483488901920619,12.73521885807725,18.218707759997866,11.18,29.62,"[7, 36, 22]","[{""policy"": ""ambulance_new_base"", ""target_id"": ""REG008"", ""target_name"": ""중앙동""}, {""policy"": ""hospital_upgrade"", ""target_id"": ""JDQ4MTYyMiM2MSMkMSMkMiMkOTkkMzgxMzUxIzIxIyQxIyQ1IyQ3OSQyNjE0ODEjNDEjJDEjJDgjJDgz"", ""target_name"": ""마디손병원""}, {""policy"": ""ambulance_new_base"", ""target_id"": ""REG023"", ""target_name"": ""성정1동""}]"
844,42,0.8682603499693222,5.136498848428481,10.848247068703982,15.98474591713246,5.734573466210507,12.696061458042019,18.430634924252523,11.18,29.62,"[18, 50, 25]","[{""policy"": ""ambulance_new_base"", ""target_id"": ""REG019"", ""target_name"": ""부성1동""}, {""policy"": ""hospital_upgrade"", ""target_id"": ""JDQ4MTYyMiM2MSMkMSMkMiMkOTkkMzgxMzUxIzIxIyQxIyQxIyQwMyQyNjE4MzIjODEjJDEjJDIjJDgz"", ""target_name"": ""서울대정병원""}, {""policy"": ""ambulance_new_base"", ""target_id"": ""REG026"", ""target_name"": ""쌍용2동""}]"
845,42,0.9144205346658438,4.957742430938862,11.013231528881516,15.970973959820379,5.485243227912592,12.899231511643416,18.384474739556,11.18,29.62,"[5, 43, 26]","[{""policy"": ""ambulance_new_base"", ""target_id"": ""REG006"", ""target_name"": ""원성2동""}, {""policy"": ""hospital_upgrade"", ""target_id"": ""JDQ4MTYyMiM2MSMkMSMkMiMkOTkkMzgxMzUxIzIxIyQxIyQxIyQ3MiQyNjE0ODEjNDEjJDEjJDgjJDgz"", ""target_name"": ""천안재활병원""}, {""policy"": ""ambulance_new_base"", ""target_id"": ""REG027"", ""target_name"": ""쌍용3동""}]"
846,42,0.6349653570986504,5.225991120700654,11.098534409726106,16.32452553042676,5.673248279145421,12.990681637977776,18.663929917123195,11.18,29.62,"[32, 9, 23]","[{""policy"": ""hospital_upgrade"", ""target_id"": ""JDQ4MTYyMiM2MSMkMSMkMiMkOTkkMzgxMzUxIzExIyQxIyQ3IyQ5OSQ0NjE0ODEjODEjJDEjJDYjJDgz"", ""target_name"": ""예일병원""}, {""policy"": ""ambulance_new_base"", ""target_id"": ""REG010"", ""target_name"": ""광덕면""}, {""policy"": ""ambulance_new_base"", ""target_id"": ""REG024"", ""target_name"": ""성정2동""}]"
847,42,0.7924178511070501,5.3432258064516125,10.644174046974966,15.987399853426577,5.838491576775618,12.66798584633918,18.506477423114795,11.18,29.62,"[48, 32, 3]","[{""policy"": ""hospital_upgrade"", ""target_id"": ""JDQ4MTYyMiM2MSMkMSMkMiMkOTkkMzgxMzUxIzIxIyQxIyQxIyQ5MiQyNjEwMDIjNjEjJDEjJDAjJDgz"", ""target_name"": ""두정이진병원""}, {""policy"": ""hospital_upgrade"", ""target_id"": ""JDQ4MTYyMiM2MSMkMSMkMiMkOTkkMzgxMzUxIzExIyQxIyQ3IyQ5OSQ0NjE0ODEjODEjJDEjJDYjJDgz"", ""target_name"": ""예일병원""}, {""policy"": ""ambulance_new_base"", ""target_id"": ""REG004"", ""target_name"": ""신안동""}]"
848,42,0.8543113968810374,5.119852170128477,11.08868306517315,16.208535235301625,5.610140171013523,12.834443706327281,18.444583877340808,11.18,29.62,"[49, 2, 5]","[{""policy"": ""hospital_upgrade"", ""target_id"": ""JDQ4MTYyMiM2MSMkMSMkMiMkOTkkMzgxMzUxIzIxIyQxIyQxIyQwMyQyNjE0ODEjNTEjJDEjJDYjJDgz"", ""target_name"": ""천안21세기병원""}, {""policy"": ""ambulance_new_base"", ""target_id"": ""REG003"", ""target_name"": ""신방동""}, {""policy"": ""ambulance_new_base"", ""target_id"": ""REG006"", ""target_name"": ""원성2동""}]"
849,42,1.0631707168110012,5.0825906736438125,11.013231528881516,16.095822202525326,5.3364930457674316,12.899231511643416,18.235724557410844,10.85,29.62,"[14, 43, 17]","[{""policy"": ""ambulance_new_base"", ""target_id"": ""REG015"", ""target_name"": ""수신면""}, {""policy"": ""hospital_upgrade"", ""target_id"": ""JDQ4MTYyMiM2MSMkMSMkMiMkOTkkMzgxMzUxIzIxIyQxIyQxIyQ3MiQyNjE0ODEjNDEjJDEjJDgjJDgz"", ""target_name"": ""천안재활병원""}, {""policy"": ""ambulance_new_base"", ""target_id"": ""REG018"", ""target_name"": ""백석동""}]"
850,42,1.7141718442343716,4.889032258064515,10.912914642839256,15.801946900903774,4.846073087919942,12.738650342067533,17.584723429987474,10.12,29.62,"[51, 14, 10]","[{""policy"": ""hospital_upgrade"", ""target_id"": ""JDQ4MTYyMiM2MSMkMSMkMiMkOTkkMzgxMzUxIzIxIyQxIyQxIyQxMyQyNjEyMjIjNzEjJDEjJDgjJDgz"", ""target_name"": ""SG삼성조은병원""}, {""policy"": ""ambulance_new_base"", ""target_id"": ""REG015"", ""target_name"": ""수신면""}, {""policy"": ""ambulance_new_base"", ""target_id"": ""REG011"", ""target_name"": ""동면""}]"
851,42,0.7965404460723633,5.237502131680899,10.912914642839256,16.150416774520153,5.763704486081949,12.738650342067533,18.502354828149482,11.18,29.62,"[51, 21, 20]","[{""policy"": ""hospital_upgrade"", ""target_id"": ""JDQ4MTYyMiM2MSMkMSMkMiMkOTkkMzgxMzUxIzIxIyQxIyQxIyQxMyQyNjEyMjIjNzEjJDEjJDgjJDgz"", ""target_name"": ""SG삼성조은병원""}, {""policy"": ""ambulance_new_base"", ""target_id"": ""REG022"", ""target_name"": ""불당2동""}, {""policy"": ""ambulance_new_base"", ""target_id"": ""REG021"", ""target_name"": ""불당1동""}]"
852,42,0.362931002476639,5.10681806584737,11.594193548387098,16.701011614234467,5.671385311123984,13.264578960621222,18.935964271745206,11.18,29.62,"[4, 16, 17]","[{""policy"": ""ambulance_new_base"", ""target_id"": ""REG005"", ""target_name"": ""원성1동""}, {""policy"": ""ambulance_new_base"", ""target_id"": ""REG017"", ""target_name"": ""목천읍""}, {""policy"": ""ambulance_new_base"", ""target_id"": ""REG018"", ""target_name"": ""백석동""}]"
853,42,1.1285325151081977,4.8758064516129025,11.594193548387098,16.47,4.905783798492429,13.264578960621222,18.170362759113647,11.18,29.62,"[11, 10, 15]","[{""policy"": ""ambulance_new_base"", ""target_id"": ""REG012"", ""target_name"": ""병천면""}, {""policy"": ""ambulance_new_base"", ""target_id"": ""REG011"", ""target_name"": ""동면""}, {""policy"": ""ambulance_new_base"", ""target_id"": ""REG016"", ""target_name"": ""풍세면""}]"
854,42,1.1485819673515536,5.295483870967741,10.440064420572567,15.735548291540306,5.8214151748001814,12.328898132070108,18.15031330687029,11.18,29.62,"[49, 18, 50]","[{""policy"": ""hospital_upgrade"", ""target_id"": ""JDQ4MTYyMiM2MSMkMSMkMiMkOTkkMzgxMzUxIzIxIyQxIyQxIyQwMyQyNjE0ODEjNTEjJDEjJDYjJDgz"", ""target_name"": ""천안21세기병원""}, {""policy"": ""ambulance_new_base"", ""target_id"": ""REG019"", ""target_name"": ""부성1동""}, {""policy"": ""hospital_upgrade"", ""target_id"": ""JDQ4MTYyMiM2MSMkMSMkMiMkOTkkMzgxMzUxIzIxIyQxIyQxIyQwMyQyNjE4MzIjODEjJDEjJDIjJDgz"", ""target_name"": ""서울대정병원""}]"
855,42,0.8570190819069943,5.578709677419353,10.56702846828279,16.145738145702143,6.010541620638118,12.431334571676732,18.44187619231485,11.18,29.62,"[27, 49, 40]","[{""policy"": ""ambulance_new_base"", ""target_id"": ""REG028"", ""target_name"": ""입장면""}, {""policy"": ""hospital_upgrade"", ""target_id"": ""JDQ4MTYyMiM2MSMkMSMkMiMkOTkkMzgxMzUxIzIxIyQxIyQxIyQwMyQyNjE0ODEjNTEjJDEjJDYjJDgz"", ""target_name"": ""천안21세기병원""}, {""policy"": ""hospital_upgrade"", ""target_id"": ""JDQ4MTYyMiM2MSMkMSMkMiMkOTkkMzgxMzUxIzIxIyQxIyQ1IyQ4OSQyNjEyMjIjNjEjJDEjJDQjJDgz"", ""target_name"": ""서울프라임병원""}]"
856,42,0.7660865048534085,5.3432258064516125,10.87110452141882,16.214330327870435,5.838491576775618,12.694317192592823,18.532808769368437,11.18,29.62,"[39, 3, 40]","[{""policy"": ""hospital_upgrade"", ""target_id"": ""JDQ4MTYyMiM2MSMkMSMkMiMkOTkkMzgxMzUxIzIxIyQxIyQ1IyQ4OSQyNjE4MzIjNTEjJDEjJDYjJDgz"", ""target_name"": ""아이본병원""}, {""policy"": ""ambulance_new_base"", ""target_id"": ""REG004"", ""target_name"": ""신안동""}, {""policy"": ""hospital_upgrade"", ""target_id"": ""JDQ4MTYyMiM2MSMkMSMkMiMkOTkkMzgxMzUxIzIxIyQxIyQ1IyQ4OSQyNjEyMjIjNjEjJDEjJDQjJDgz"", ""target_name"": ""서울프라임병원""}]"
857,42,0.9755790780966578,5.064202532458631,10.975591027317092,16.039793559775728,5.534391072222112,12.788925123903075,18.323316196125187,11.18,29.62,"[9, 24, 46]","[{""policy"": ""ambulance_new_base"", ""target_id"": ""REG010"", ""target_name"": ""광덕면""}, {""policy"": ""ambulance_new_base"", ""target_id"": ""REG025"", ""target_name"": ""쌍용1동""}, {""policy"": ""hospital_upgrade"", ""target_id"": ""JDQ4MTYyMiM2MSMkMSMkMiMkOTkkMzgxMzUxIzIxIyQxIyQxIyQ4OSQ0NjE0ODEjODEjJDEjJDIjJDgz"", ""target_name"": ""서울우리병원""}]"
858,42,0.6609760315311668,5.599677419354838,10.733809640779084,16.333487060133923,6.034316313600623,12.603602929090055,18.63791924269068,11.18,29.62,"[37, 39, 42]","[{""policy"": ""hospital_upgrade"", ""target_id"": ""JDQ4MTYyMiM2MSMkMSMkMiMkOTkkMzgxMzUxIzIxIyQxIyQ1IyQ3OSQzNjE4MzIjODEjJDEjJDYjJDgz"", ""target_name"": ""앙즈로여성병원""}, {""policy"": ""hospital_upgrade"", ""target_id"": ""JDQ4MTYyMiM2MSMkMSMkMiMkOTkkMzgxMzUxIzIxIyQxIyQ1IyQ4OSQyNjE4MzIjNTEjJDEjJDYjJDgz"", ""target_name"": ""아이본병원""}, {""policy"": ""hospital_upgrade"", ""target_id"": ""JDQ4MTYyMiM2MSMkMSMkMiMkOTkkMzgxMzUxIzIxIyQxIyQxIyQ2MiQ0NjE0ODEjNDEjJDEjJDQjJDgz"", ""target_name"": ""연세나무병원""}]"
859,42,0.7931838639158677,5.004341873713611,11.033865820568307,16.03820769428192,5.647271285828822,12.858440124477161,18.505711410305977,11.18,29.62,"[26, 48, 3]","[{""policy"": ""ambulance_new_base"", ""target_id"": ""REG027"", ""target_name"": ""쌍용3동""}, {""policy"": ""hospital_upgrade"", ""target_id"": ""JDQ4MTYyMiM2MSMkMSMkMiMkOTkkMzgxMzUxIzIxIyQxIyQxIyQ5MiQyNjEwMDIjNjEjJDEjJDAjJDgz"", ""target_name"": ""두정이진병원""}, {""policy"": ""ambulance_new_base"", ""target_id"": ""REG004"", ""target_name"": ""신안동""}]"
860,42,0.7657017350942219,5.426958862636138,10.697312181131657,16.124271043767795,5.965918408783474,12.567275130344152,18.533193539127623,11.18,29.62,"[23, 40, 50]","[{""policy"": ""ambulance_new_base"", ""target_id"": ""REG024"", ""target_name"": ""성정2동""}, {""policy"": ""hospital_upgrade"", ""target_id"": ""JDQ4MTYyMiM2MSMkMSMkMiMkOTkkMzgxMzUxIzIxIyQxIyQ1IyQ4OSQyNjEyMjIjNjEjJDEjJDQjJDgz"", ""target_name"": ""서울프라임병원""}, {""policy"": ""hospital_upgrade"", ""target_id"": ""JDQ4MTYyMiM2MSMkMSMkMiMkOTkkMzgxMzUxIzIxIyQxIyQxIyQwMyQyNjE4MzIjODEjJDEjJDIjJDgz"", ""target_name"": ""서울대정병원""}]"
861,42,1.4535514614827783,4.872156816782539,11.093193138623256,15.965349955405793,4.971227902091005,12.874115910648063,17.845343812739067,10.85,29.62,"[7, 34, 14]","[{""policy"": ""ambulance_new_base"", ""target_id"": ""REG008"", ""target_name"": ""중앙동""}, {""policy"": ""hospital_upgrade"", ""target_id"": ""JDQ4MTYyMiM2MSMkMSMkMiMkOTkkMzgxMzUxIzIxIyQxIyQ1IyQ2MiQ0NjE0ODEjNjEjJDEjJDgjJDgz"", ""target_name"": ""천안해울병원""}, {""policy"": ""ambulance_new_base"", ""target_id"": ""REG015"", ""target_name"": ""수신면""}]"
862,42,0.6504984462015138,5.599677419354838,10.75547464277506,16.355152062129896,6.034316313600623,12.614080514419713,18.64839682802033,11.18,29.62,"[39, 38, 42]","[{""policy"": ""hospital_upgrade"", ""target_id"": ""JDQ4MTYyMiM2MSMkMSMkMiMkOTkkMzgxMzUxIzIxIyQxIyQ1IyQ4OSQyNjE4MzIjNTEjJDEjJDYjJDgz"", ""target_name"": ""아이본병원""}, {""policy"": ""hospital_upgrade"", ""target_id"": ""JDQ4MTYyMiM2MSMkMSMkMiMkOTkkMzgxMzUxIzIxIyQxIyQ1IyQ4OSQ0NjEwMDIjNTEjJDEjJDIjJDgz"", ""target_name"": ""천안리턴병원""}, {""policy"": ""hospital_upgrade"", ""target_id"": ""JDQ4MTYyMiM2MSMkMSMkMiMkOTkkMzgxMzUxIzIxIyQxIyQxIyQ2MiQ0NjE0ODEjNDEjJDEjJDQjJDgz"", ""target_name"": ""연세나무병원""}]"
863,42,0.6878889022683943,4.95659993822974,11.138559464269987,16.09515940249973,5.630194883853385,12.980811488100068,18.61100637195345,11.18,29.62,"[18, 44, 26]","[{""policy"": ""ambulance_new_base"", ""target_id"": ""REG019"", ""target_name"": ""부성1동""}, {""policy"": ""hospital_upgrade"", ""target_id"": ""JDQ4MTYyMiM2MSMkMSMkMiMkOTkkMzgxMzUxIzIxIyQxIyQxIyQ3MiQzNjE4MzIjODEjJDEjJDYjJDgz"", ""target_name"": ""삼성스카이병원""}, {""policy"": ""ambulance_new_base"", ""target_id"": ""REG027"", ""target_name"": ""쌍용3동""}]"
864,42,1.3295434812806555,5.041069731216184,10.848247068703982,15.889316799920165,5.273290334899174,12.696061458042019,17.96935179294119,10.85,29.62,"[50, 14, 21]","[{""policy"": ""hospital_upgrade"", ""target_id"": ""JDQ4MTYyMiM2MSMkMSMkMiMkOTkkMzgxMzUxIzIxIyQxIyQxIyQwMyQyNjE4MzIjODEjJDEjJDIjJDgz"", ""target_name"": ""서울대정병원""}, {""policy"": ""ambulance_new_base"", ""target_id"": ""REG015"", ""target_name"": ""수신면""}, {""policy"": ""ambulance_new_base"", ""target_id"": ""REG022"", ""target_name"": ""불당2동""}]"
865,42,0.5624355490833786,5.092451717675413,11.302330291013508,16.39478200868892,5.758663297043016,12.977796428095454,18.736459725138467,11.18,29.62,"[24, 23, 33]","[{""policy"": ""ambulance_new_base"", ""target_id"": ""REG025"", ""target_name"": ""쌍용1동""}, {""policy"": ""ambulance_new_base"", ""target_id"": ""REG024"", ""target_name"": ""성정2동""}, {""policy"": ""hospital_upgrade"", ""target_id"": ""JDQ4MTYyMiM2MSMkMSMkMiMkOTkkMzgxMzUxIzExIyQyIyQ3IyQwMCQ0NjE0ODEjNjEjJDEjJDgjJDgz"", ""target_name"": ""천안우리병원""}]"
866,42,0.752890150882056,5.074995969522863,11.138559464269987,16.213555433792852,5.565193635239722,12.980811488100068,18.54600512333979,11.18,29.62,"[22, 44, 20]","[{""policy"": ""ambulance_new_base"", ""target_id"": ""REG023"", ""target_name"": ""성정1동""}, {""policy"": ""hospital_upgrade"", ""target_id"": ""JDQ4MTYyMiM2MSMkMSMkMiMkOTkkMzgxMzUxIzIxIyQxIyQxIyQ3MiQzNjE4MzIjODEjJDEjJDYjJDgz"", ""target_name"": ""삼성스카이병원""}, {""policy"": ""ambulance_new_base"", ""target_id"": ""REG021"", ""target_name"": ""불당1동""}]"
867,42,1.1600702712801976,5.038064516129031,11.102009947137324,16.14007446326636,5.145467907271427,12.993357095670223,18.138825002941648,10.85,29.62,"[9, 14, 45]","[{""policy"": ""ambulance_new_base"", ""target_id"": ""REG010"", ""target_name"": ""광덕면""}, {""policy"": ""ambulance_new_base"", ""target_id"": ""REG015"", ""target_name"": ""수신면""}, {""policy"": ""hospital_upgrade"", ""target_id"": ""JDQ4MTYyMiM2MSMkMSMkMiMkOTkkMzgxMzUxIzIxIyQxIyQxIyQ3OSQyNjEyMjIjNDEjJDEjJDgjJDgz"", ""target_name"": ""우리척병원""}]"
868,42,0.793219981349754,5.245273308085804,10.914895644369402,16.16016895245521,5.7678236204482705,12.73785167242382,18.50567529287209,11.18,29.62,"[21, 39, 17]","[{""policy"": ""ambulance_new_base"", ""target_id"": ""REG022"", ""target_name"": ""불당2동""}, {""policy"": ""hospital_upgrade"", ""target_id"": ""JDQ4MTYyMiM2MSMkMSMkMiMkOTkkMzgxMzUxIzIxIyQxIyQ1IyQ4OSQyNjE4MzIjNTEjJDEjJDYjJDgz"", ""target_name"": ""아이본병원""}, {""policy"": ""ambulance_new_base"", ""target_id"": ""REG018"", ""target_name"": ""백석동""}]"
869,42,0.43814090617015466,4.891013017178062,11.594193548387098,16.48520656556516,5.596175407430472,13.264578960621222,18.86075436805169,11.18,29.62,"[21, 24, 2]","[{""policy"": ""ambulance_new_base"", ""target_id"": ""REG022"", ""target_name"": ""불당2동""}, {""policy"": ""ambulance_new_base"", ""target_id"": ""REG025"", ""target_name"": ""쌍용1동""}, {""policy"": ""ambulance_new_base"", ""target_id"": ""REG003"", ""target_name"": ""신방동""}]"
870,42,0.3353793003760188,5.118111751654287,11.594193548387098,16.712305300041386,5.698937013224607,13.264578960621222,18.963515973845826,11.18,29.62,"[2, 25, 8]","[{""policy"": ""ambulance_new_base"", ""target_id"": ""REG003"", ""target_name"": ""신방동""}, {""policy"": ""ambulance_new_base"", ""target_id"": ""REG026"", ""target_name"": ""쌍용2동""}, {""policy"": ""ambulance_new_base"", ""target_id"": ""REG009"", ""target_name"": ""청룡동""}]"
871,42,0.6971795040819515,5.314193548387096,10.85368303515666,16.167876583543755,5.7973448973292605,12.804370872810635,18.601715770139894,11.18,29.62,"[52, 31, 29]","[{""policy"": ""hospital_upgrade"", ""target_id"": ""JDQ4MTYyMiM2MSMkMSMkMiMkOTkkMzgxMzUxIzIxIyQyIyQ1IyQwMCQyNjEwMDIjNDEjJDEjJDgjJDgz"", ""target_name"": ""이화병원""}, {""policy"": ""hospital_upgrade"", ""target_id"": ""JDQ4MTYyMiM2MSMkMSMkMiMkOTkkMzgxMzUxIzExIyQxIyQ3IyQ4OSQzNjE0ODEjODEjJDEjJDYjJDgz"", ""target_name"": ""새로나병원""}, {""policy"": ""ambulance_new_base"", ""target_id"": ""REG030"", ""target_name"": ""성환읍""}]"
872,42,0.9066146440407472,5.423225806451613,10.820848989755353,16.244074796206963,5.713945959776463,12.678334670404636,18.392280630181098,11.18,29.62,"[42, 50, 13]","[{""policy"": ""hospital_upgrade"", ""target_id"": ""JDQ4MTYyMiM2MSMkMSMkMiMkOTkkMzgxMzUxIzIxIyQxIyQxIyQ2MiQ0NjE0ODEjNDEjJDEjJDQjJDgz"", ""target_name"": ""연세나무병원""}, {""policy"": ""hospital_upgrade"", ""target_id"": ""JDQ4MTYyMiM2MSMkMSMkMiMkOTkkMzgxMzUxIzIxIyQxIyQxIyQwMyQyNjE4MzIjODEjJDEjJDIjJDgz"", ""target_name"": ""서울대정병원""}, {""policy"": ""ambulance_new_base"", ""target_id"": ""REG014"", ""target_name"": ""성남면""}]"
873,42,1.108844419810481,4.965831614459488,10.92879511789891,15.894626732358399,5.452714683703614,12.737336170707753,18.190050854411364,11.18,29.62,"[0, 40, 26]","[{""policy"": ""ambulance_new_base"", ""target_id"": ""REG001"", ""target_name"": ""문성동""}, {""policy"": ""hospital_upgrade"", ""target_id"": ""JDQ4MTYyMiM2MSMkMSMkMiMkOTkkMzgxMzUxIzIxIyQxIyQ1IyQ4OSQyNjEyMjIjNjEjJDEjJDQjJDgz"", ""target_name"": ""서울프라임병원""}, {""policy"": ""ambulance_new_base"", ""target_id"": ""REG027"", ""target_name"": ""쌍용3동""}]"
874,42,1.2073634179179713,5.086995526459958,10.860143321295778,15.947138847755737,5.3851919348416715,12.706339921462204,18.091531856303874,11.18,29.62,"[42, 8, 7]","[{""policy"": ""hospital_upgrade"", ""target_id"": ""JDQ4MTYyMiM2MSMkMSMkMiMkOTkkMzgxMzUxIzIxIyQxIyQxIyQ2MiQ0NjE0ODEjNDEjJDEjJDQjJDgz"", ""target_name"": ""연세나무병원""}, {""policy"": ""ambulance_new_base"", ""target_id"": ""REG009"", ""target_name"": ""청룡동""}, {""policy"": ""ambulance_new_base"", ""target_id"": ""REG008"", ""target_name"": ""중앙동""}]"
875,42,0.39705008447592505,5.2219354838709675,11.594193548387098,16.816129032258065,5.637266229124697,13.264578960621222,18.90184518974592,11.18,29.62,"[8, 28, 12]","[{""policy"": ""ambulance_new_base"", ""target_id"": ""REG009"", ""target_name"": ""청룡동""}, {""policy"": ""ambulance_new_base"", ""target_id"": ""REG029"", ""target_name"": ""성거읍""}, {""policy"": ""ambulance_new_base"", ""target_id"": ""REG013"", ""target_name"": ""북면""}]"
876,42,0.6367052764962011,5.011290322580645,11.594193548387098,16.605483870967745,5.397611037104424,13.264578960621222,18.662189997725644,11.18,29.62,"[13, 16, 29]","[{""policy"": ""ambulance_new_base"", ""target_id"": ""REG014"", ""target_name"": ""성남면""}, {""policy"": ""ambulance_new_base"", ""target_id"": ""REG017"", ""target_name"": ""목천읍""}, {""policy"": ""ambulance_new_base"", ""target_id"": ""REG030"", ""target_name"": ""성환읍""}]"
877,42,0.9692446272009043,4.992432815289766,10.998184134035316,15.990616949325085,5.463562380058946,12.866088266961999,18.32965064702094,11.18,29.62,"[18, 47, 5]","[{""policy"": ""ambulance_new_base"", ""target_id"": ""REG019"", ""target_name"": ""부성1동""}, {""policy"": ""hospital_upgrade"", ""target_id"": ""JDQ4MTYyMiM2MSMkMSMkMiMkOTkkMzgxMzUxIzIxIyQxIyQxIyQ5MiQyNjE4MzIjNDEjJDEjJDgjJDgz"", ""target_name"": ""혜성산부인과병원""}, {""policy"": ""ambulance_new_base"", ""target_id"": ""REG006"", ""target_name"": ""원성2동""}]"
878,42,1.0455551931931417,5.166774193548386,10.903044755594616,16.069818949143002,5.518121222951457,12.73521885807725,18.253340081028703,11.18,29.62,"[36, 3, 13]","[{""policy"": ""hospital_upgrade"", ""target_id"": ""JDQ4MTYyMiM2MSMkMSMkMiMkOTkkMzgxMzUxIzIxIyQxIyQ1IyQ3OSQyNjE0ODEjNDEjJDEjJDgjJDgz"", ""target_name"": ""마디손병원""}, {""policy"": ""ambulance_new_base"", ""target_id"": ""REG004"", ""target_name"": ""신안동""}, {""policy"": ""ambulance_new_base"", ""target_id"": ""REG014"", ""target_name"": ""성남면""}]"
879,42,1.241290507747287,5.103747805262006,10.860143321295778,15.963891126557781,5.3512648450123566,12.706339921462204,18.057604766474558,11.18,29.62,"[0, 42, 9]","[{""policy"": ""ambulance_new_base"", ""target_id"": ""REG001"", ""target_name"": ""문성동""}, {""policy"": ""hospital_upgrade"", ""target_id"": ""JDQ4MTYyMiM2MSMkMSMkMiMkOTkkMzgxMzUxIzIxIyQxIyQxIyQ2MiQ0NjE0ODEjNDEjJDEjJDQjJDgz"", ""target_name"": ""연세나무병원""}, {""policy"": ""ambulance_new_base"", ""target_id"": ""REG010"", ""target_name"": ""광덕면""}]"
880,42,0.7652755820638326,4.9514386479071595,11.594193548387098,16.545632196294257,5.269040731536795,13.264578960621222,18.533619692158013,11.18,29.62,"[13, 15, 26]","[{""policy"": ""ambulance_new_base"", ""target_id"": ""REG014"", ""target_name"": ""성남면""}, {""policy"": ""ambulance_new_base"", ""target_id"": ""REG016"", ""target_name"": ""풍세면""}, {""policy"": ""ambulance_new_base"", ""target_id"": ""REG027"", ""target_name"": ""쌍용3동""}]"
881,42,0.6692993532809979,4.8745532833573915,11.594193548387098,16.468746831744486,5.3650169603196245,13.264578960621222,18.629595920940847,11.18,29.62,"[6, 19, 21]","[{""policy"": ""ambulance_new_base"", ""target_id"": ""REG007"", ""target_name"": ""일봉동""}, {""policy"": ""ambulance_new_base"", ""target_id"": ""REG020"", ""target_name"": ""부성2동""}, {""policy"": ""ambulance_new_base"", ""target_id"": ""REG022"", ""target_name"": ""불당2동""}]"
882,42,0.8842623484132126,5.2222580645161285,11.102009947137324,16.324268011653455,5.421275830138409,12.993357095670223,18.414632925808633,11.18,29.62,"[13, 9, 45]","[{""policy"": ""ambulance_new_base"", ""target_id"": ""REG014"", ""target_name"": ""성남면""}, {""policy"": ""ambulance_new_base"", ""target_id"": ""REG010"", ""target_name"": ""광덕면""}, {""policy"": ""hospital_upgrade"", ""target_id"": ""JDQ4MTYyMiM2MSMkMSMkMiMkOTkkMzgxMzUxIzIxIyQxIyQxIyQ3OSQyNjEyMjIjNDEjJDEjJDgjJDgz"", ""target_name"": ""우리척병원""}]"
883,42,0.9096424818125257,4.8266434813347425,11.594193548387098,16.420837029721838,5.124673831788101,13.264578960621222,18.38925279240932,11.18,29.62,"[30, 6, 17]","[{""policy"": ""ambulance_new_base"", ""target_id"": ""REG031"", ""target_name"": ""직산읍""}, {""policy"": ""ambulance_new_base"", ""target_id"": ""REG007"", ""target_name"": ""일봉동""}, {""policy"": ""ambulance_new_base"", ""target_id"": ""REG018"", ""target_name"": ""백석동""}]"
884,42,0.6487633617034589,4.881022731199481,11.594193548387098,16.47521627958658,5.385552951897168,13.264578960621222,18.650131912518386,11.18,29.62,"[24, 22, 8]","[{""policy"": ""ambulance_new_base"", ""target_id"": ""REG025"", ""target_name"": ""쌍용1동""}, {""policy"": ""ambulance_new_base"", ""target_id"": ""REG023"", ""target_name"": ""성정1동""}, {""policy"": ""ambulance_new_base"", ""target_id"": ""REG009"", ""target_name"": ""청룡동""}]"
885,42,0.696794639326999,5.599677419354838,10.692376164127447,16.292053583482286,6.034316313600623,12.567784321294225,18.602100634894846,11.18,29.62,"[40, 36, 51]","[{""policy"": ""hospital_upgrade"", ""target_id"": ""JDQ4MTYyMiM2MSMkMSMkMiMkOTkkMzgxMzUxIzIxIyQxIyQ1IyQ4OSQyNjEyMjIjNjEjJDEjJDQjJDgz"", ""target_name"": ""서울프라임병원""}, {""policy"": ""hospital_upgrade"", ""target_id"": ""JDQ4MTYyMiM2MSMkMSMkMiMkOTkkMzgxMzUxIzIxIyQxIyQ1IyQ3OSQyNjE0ODEjNDEjJDEjJDgjJDgz"", ""target_name"": ""마디손병원""}, {""policy"": ""hospital_upgrade"", ""target_id"": ""JDQ4MTYyMiM2MSMkMSMkMiMkOTkkMzgxMzUxIzIxIyQxIyQxIyQxMyQyNjEyMjIjNzEjJDEjJDgjJDgz"", ""target_name"": ""SG삼성조은병원""}]"
886,42,0.6909795349349928,5.264240783912351,11.138559464269987,16.40280024818234,5.627104251186788,12.980811488100068,18.607915739286852,11.18,29.62,"[44, 13, 25]","[{""policy"": ""hospital_upgrade"", ""target_id"": ""JDQ4MTYyMiM2MSMkMSMkMiMkOTkkMzgxMzUxIzIxIyQxIyQxIyQ3MiQzNjE4MzIjODEjJDEjJDYjJDgz"", ""target_name"": ""삼성스카이병원""}, {""policy"": ""ambulance_new_base"", ""target_id"": ""REG014"", ""target_name"": ""성남면""}, {""policy"": ""ambulance_new_base"", ""target_id"": ""REG026"", ""target_name"": ""쌍용2동""}]"
887,42,0.9420925529763906,5.389711263171298,10.535657836107278,15.925369099278578,5.852393808666708,12.50440891257875,18.356802721245455,11.18,29.62,"[47, 4, 46]","[{""policy"": ""hospital_upgrade"", ""target_id"": ""JDQ4MTYyMiM2MSMkMSMkMiMkOTkkMzgxMzUxIzIxIyQxIyQxIyQ5MiQyNjE4MzIjNDEjJDEjJDgjJDgz"", ""target_name"": ""혜성산부인과병원""}, {""policy"": ""ambulance_new_base"", ""target_id"": ""REG005"", ""target_name"": ""원성1동""}, {""policy"": ""hospital_upgrade"", ""target_id"": ""JDQ4MTYyMiM2MSMkMSMkMiMkOTkkMzgxMzUxIzIxIyQxIyQxIyQ4OSQ0NjE0ODEjODEjJDEjJDIjJDgz"", ""target_name"": ""서울우리병원""}]"
888,42,1.1038860524519727,5.599677419354838,10.127699507570483,15.727376926925324,6.034316313600623,12.160692908169253,18.195009221769872,11.18,29.62,"[50, 47, 34]","[{""policy"": ""hospital_upgrade"", ""target_id"": ""JDQ4MTYyMiM2MSMkMSMkMiMkOTkkMzgxMzUxIzIxIyQxIyQxIyQwMyQyNjE4MzIjODEjJDEjJDIjJDgz"", ""target_name"": ""서울대정병원""}, {""policy"": ""hospital_upgrade"", ""target_id"": ""JDQ4MTYyMiM2MSMkMSMkMiMkOTkkMzgxMzUxIzIxIyQxIyQxIyQ5MiQyNjE4MzIjNDEjJDEjJDgjJDgz"", ""target_name"": ""혜성산부인과병원""}, {""policy"": ""hospital_upgrade"", ""target_id"": ""JDQ4MTYyMiM2MSMkMSMkMiMkOTkkMzgxMzUxIzIxIyQxIyQ1IyQ2MiQ0NjE0ODEjNjEjJDEjJDgjJDgz"", ""target_name"": ""천안해울병원""}]"
889,42,0.8216247477450906,5.169032258064515,10.903044755594616,16.07207701365913,5.742051668399505,12.73521885807725,18.477270526476754,11.18,29.62,"[16, 36, 18]","[{""policy"": ""ambulance_new_base"", ""target_id"": ""REG017"", ""target_name"": ""목천읍""}, {""policy"": ""hospital_upgrade"", ""target_id"": ""JDQ4MTYyMiM2MSMkMSMkMiMkOTkkMzgxMzUxIzIxIyQxIyQ1IyQ3OSQyNjE0ODEjNDEjJDEjJDgjJDgz"", ""target_name"": ""마디손병원""}, {""policy"": ""ambulance_new_base"", ""target_id"": ""REG019"", ""target_name"": ""부성1동""}]"
890,42,0.8362761574005191,4.925263279603281,11.594193548387098,16.51945682799038,5.198040156200104,13.264578960621222,18.462619116821326,11.18,29.62,"[21, 10, 16]","[{""policy"": ""ambulance_new_base"", ""target_id"": ""REG022"", ""target_name"": ""불당2동""}, {""policy"": ""ambulance_new_base"", ""target_id"": ""REG011"", ""target_name"": ""동면""}, {""policy"": ""ambulance_new_base"", ""target_id"": ""REG017"", ""target_name"": ""목천읍""}]"
891,42,0.7725595113916448,5.264240783912351,11.013231528881516,16.27747231279387,5.627104251186788,12.899231511643416,18.5263357628302,11.18,29.62,"[43, 13, 25]","[{""policy"": ""hospital_upgrade"", ""target_id"": ""JDQ4MTYyMiM2MSMkMSMkMiMkOTkkMzgxMzUxIzIxIyQxIyQxIyQ3MiQyNjE0ODEjNDEjJDEjJDgjJDgz"", ""target_name"": ""천안재활병원""}, {""policy"": ""ambulance_new_base"", ""target_id"": ""REG014"", ""target_name"": ""성남면""}, {""policy"": ""ambulance_new_base"", ""target_id"": ""REG026"", ""target_name"": ""쌍용2동""}]"
892,42,0.853547298394961,4.84,11.594193548387098,16.434193548387096,5.180769015205666,13.264578960621222,18.445347975826884,11.18,29.62,"[2, 30, 3]","[{""policy"": ""ambulance_new_base"", ""target_id"": ""REG003"", ""target_name"": ""신방동""}, {""policy"": ""ambulance_new_base"", ""target_id"": ""REG031"", ""target_name"": ""직산읍""}, {""policy"": ""ambulance_new_base"", ""target_id"": ""REG004"", ""target_name"": ""신안동""}]"
893,42,0.6479472681908724,5.1401847792561615,11.346236395124912,16.486421174381075,5.5748185277173405,13.076129478313634,18.650948006030973,11.18,29.62,"[31, 5, 17]","[{""policy"": ""hospital_upgrade"", ""target_id"": ""JDQ4MTYyMiM2MSMkMSMkMiMkOTkkMzgxMzUxIzExIyQxIyQ3IyQ4OSQzNjE0ODEjODEjJDEjJDYjJDgz"", ""target_name"": ""새로나병원""}, {""policy"": ""ambulance_new_base"", ""target_id"": ""REG006"", ""target_name"": ""원성2동""}, {""policy"": ""ambulance_new_base"", ""target_id"": ""REG018"", ""target_name"": ""백석동""}]"
894,42,0.799427384908828,5.389711263171298,10.77319533367163,16.16290659684293,5.852393808666708,12.64707408064631,18.499467889313017,11.18,29.62,"[4, 41, 50]","[{""policy"": ""ambulance_new_base"", ""target_id"": ""REG005"", ""target_name"": ""원성1동""}, {""policy"": ""hospital_upgrade"", ""target_id"": ""JDQ4MTYyMiM2MSMkMSMkMiMkOTkkMzgxMzUxIzIxIyQxIyQ1IyQ5OSQzNjEyMjIjNjEjJDEjJDQjJDgz"", ""target_name"": ""천안다나힐병원""}, {""policy"": ""hospital_upgrade"", ""target_id"": ""JDQ4MTYyMiM2MSMkMSMkMiMkOTkkMzgxMzUxIzIxIyQxIyQxIyQwMyQyNjE4MzIjODEjJDEjJDIjJDgz"", ""target_name"": ""서울대정병원""}]"
895,42,0.4897488832005692,5.249084929423194,11.102009947137324,16.35109487656052,5.815789295351055,12.993357095670223,18.809146391021276,11.18,29.62,"[25, 45, 20]","[{""policy"": ""ambulance_new_base"", ""target_id"": ""REG026"", ""target_name"": ""쌍용2동""}, {""policy"": ""hospital_upgrade"", ""target_id"": ""JDQ4MTYyMiM2MSMkMSMkMiMkOTkkMzgxMzUxIzIxIyQxIyQxIyQ3OSQyNjEyMjIjNDEjJDEjJDgjJDgz"", ""target_name"": ""우리척병원""}, {""policy"": ""ambulance_new_base"", ""target_id"": ""REG021"", ""target_name"": ""불당1동""}]"
896,42,0.7733557168690481,5.2362049379986635,11.033865820568307,16.27007075856697,5.66709943287564,12.858440124477161,18.525539557352797,11.18,29.62,"[16, 48, 19]","[{""policy"": ""ambulance_new_base"", ""target_id"": ""REG017"", ""target_name"": ""목천읍""}, {""policy"": ""hospital_upgrade"", ""target_id"": ""JDQ4MTYyMiM2MSMkMSMkMiMkOTkkMzgxMzUxIzIxIyQxIyQxIyQ5MiQyNjEwMDIjNjEjJDEjJDAjJDgz"", ""target_name"": ""두정이진병원""}, {""policy"": ""ambulance_new_base"", ""target_id"": ""REG020"", ""target_name"": ""부성2동""}]"
897,42,0.6058503146311764,5.294055636829686,11.138559464269987,16.432615101099675,5.7122334714906025,12.980811488100068,18.69304495959067,11.18,29.62,"[15, 44, 23]","[{""policy"": ""ambulance_new_base"", ""target_id"": ""REG016"", ""target_name"": ""풍세면""}, {""policy"": ""hospital_upgrade"", ""target_id"": ""JDQ4MTYyMiM2MSMkMSMkMiMkOTkkMzgxMzUxIzIxIyQxIyQxIyQ3MiQzNjE4MzIjODEjJDEjJDYjJDgz"", ""target_name"": ""삼성스카이병원""}, {""policy"": ""ambulance_new_base"", ""target_id"": ""REG024"", ""target_name"": ""성정2동""}]"
898,42,0.632747010851908,4.9877419354838715,11.594193548387098,16.581935483870968,5.401569302748715,13.264578960621222,18.666148263369937,11.18,29.62,"[13, 18, 28]","[{""policy"": ""ambulance_new_base"", ""target_id"": ""REG014"", ""target_name"": ""성남면""}, {""policy"": ""ambulance_new_base"", ""target_id"": ""REG019"", ""target_name"": ""부성1동""}, {""policy"": ""ambulance_new_base"", ""target_id"": ""REG029"", ""target_name"": ""성거읍""}]"
899,42,1.4140951811715645,5.048709677419355,10.903044755594616,15.951754433013967,5.149581234973032,12.73521885807725,17.88480009305028,11.18,29.62,"[10, 36, 9]","[{""policy"": ""ambulance_new_base"", ""target_id"": ""REG011"", ""target_name"": ""동면""}, {""policy"": ""hospital_upgrade"", ""target_id"": ""JDQ4MTYyMiM2MSMkMSMkMiMkOTkkMzgxMzUxIzIxIyQxIyQ1IyQ3OSQyNjE0ODEjNDEjJDEjJDgjJDgz"", ""target_name"": ""마디손병원""}, {""policy"": ""ambulance_new_base"", ""target_id"": ""REG010"", ""target_name"": ""광덕면""}]"
900,42,0.4636105362669767,5.1862581287538205,11.346236395124912,16.532494523878736,5.759155259641241,13.076129478313634,18.83528473795487,11.18,29.62,"[17, 20, 31]","[{""policy"": ""ambulance_new_base"", ""target_id"": ""REG018"", ""target_name"": ""백석동""}, {""policy"": ""ambulance_new_base"", ""target_id"": ""REG021"", ""target_name"": ""불당1동""}, {""policy"": ""hospital_upgrade"", ""target_id"": ""JDQ4MTYyMiM2MSMkMSMkMiMkOTkkMzgxMzUxIzExIyQxIyQ3IyQ4OSQzNjE0ODEjODEjJDEjJDYjJDgz"", ""target_name"": ""새로나병원""}]"
901,42,0.5827592211185184,5.578709677419353,10.64577819179428,16.224487869213633,6.010541620638118,12.705594432465213,18.716136053103327,11.18,29.62,"[27, 35, 52]","[{""policy"": ""ambulance_new_base"", ""target_id"": ""REG028"", ""target_name"": ""입장면""}, {""policy"": ""hospital_upgrade"", ""target_id"": ""JDQ4MTYyMiM2MSMkMSMkMiMkOTkkMzgxMzUxIzIxIyQxIyQ1IyQ2MiQzNjE4MzIjODEjJDEjJDIjJDgz"", ""target_name"": ""돋움병원""}, {""policy"": ""hospital_upgrade"", ""target_id"": ""JDQ4MTYyMiM2MSMkMSMkMiMkOTkkMzgxMzUxIzIxIyQyIyQ1IyQwMCQyNjEwMDIjNDEjJDEjJDgjJDgz"", ""target_name"": ""이화병원""}]"
902,42,0.7299877939247672,5.229753325095438,11.346236395124912,16.575989720220353,5.492778001983444,13.076129478313634,18.568907480297078,11.18,29.62,"[31, 15, 19]","[{""policy"": ""hospital_upgrade"", ""target_id"": ""JDQ4MTYyMiM2MSMkMSMkMiMkOTkkMzgxMzUxIzExIyQxIyQ3IyQ4OSQzNjE0ODEjODEjJDEjJDYjJDgz"", ""target_name"": ""새로나병원""}, {""policy"": ""ambulance_new_base"", ""target_id"": ""REG016"", ""target_name"": ""풍세면""}, {""policy"": ""ambulance_new_base"", ""target_id"": ""REG020"", ""target_name"": ""부성2동""}]"
903,42,0.4940579072017641,5.155665710916735,11.594193548387098,16.74985925930383,5.54025840639886,13.264578960621222,18.80483736702008,11.18,29.62,"[15, 27, 6]","[{""policy"": ""ambulance_new_base"", ""target_id"": ""REG016"", ""target_name"": ""풍세면""}, {""policy"": ""ambulance_new_base"", ""target_id"": ""REG028"", ""target_name"": ""입장면""}, {""policy"": ""ambulance_new_base"", ""target_id"": ""REG007"", ""target_name"": ""일봉동""}]"
904,42,0.9359686655389154,5.039032258064515,10.92879511789891,15.967827375963425,5.625590437975176,12.737336170707753,18.36292660868293,11.18,29.62,"[18, 40, 3]","[{""policy"": ""ambulance_new_base"", ""target_id"": ""REG019"", ""target_name"": ""부성1동""}, {""policy"": ""hospital_upgrade"", ""target_id"": ""JDQ4MTYyMiM2MSMkMSMkMiMkOTkkMzgxMzUxIzIxIyQxIyQ1IyQ4OSQyNjEyMjIjNjEjJDEjJDQjJDgz"", ""target_name"": ""서울프라임병원""}, {""policy"": ""ambulance_new_base"", ""target_id"": ""REG004"", ""target_name"": ""신안동""}]"
905,42,0.7014400417635294,5.468387096774193,10.802380359961548,16.27076745673574,5.934840795373318,12.662614437084999,18.597455232458316,11.18,29.62,"[50, 36, 28]","[{""policy"": ""hospital_upgrade"", ""target_id"": ""JDQ4MTYyMiM2MSMkMSMkMiMkOTkkMzgxMzUxIzIxIyQxIyQxIyQwMyQyNjE4MzIjODEjJDEjJDIjJDgz"", ""target_name"": ""서울대정병원""}, {""policy"": ""hospital_upgrade"", ""target_id"": ""JDQ4MTYyMiM2MSMkMSMkMiMkOTkkMzgxMzUxIzIxIyQxIyQ1IyQ3OSQyNjE0ODEjNDEjJDEjJDgjJDgz"", ""target_name"": ""마디손병원""}, {""policy"": ""ambulance_new_base"", ""target_id"": ""REG029"", ""target_name"": ""성거읍""}]"
906,42,0.6093688334870926,4.94733003617524,11.594193548387098,16.541523584562338,5.4249474801135324,13.264578960621222,18.689526440734753,11.18,29.62,"[23, 4, 0]","[{""policy"": ""ambulance_new_base"", ""target_id"": ""REG024"", ""target_name"": ""성정2동""}, {""policy"": ""ambulance_new_base"", ""target_id"": ""REG005"", ""target_name"": ""원성1동""}, {""policy"": ""ambulance_new_base"", ""target_id"": ""REG001"", ""target_name"": ""문성동""}]"
907,42,0.9455970269710221,5.078324355003106,10.856635269370763,15.93495962437387,5.6542971723408675,12.699001074909956,18.353298247250823,11.18,29.62,"[6, 1, 37]","[{""policy"": ""ambulance_new_base"", ""target_id"": ""REG007"", ""target_name"": ""일봉동""}, {""policy"": ""ambulance_new_base"", ""target_id"": ""REG002"", ""target_name"": ""봉명동""}, {""policy"": ""hospital_upgrade"", ""target_id"": ""JDQ4MTYyMiM2MSMkMSMkMiMkOTkkMzgxMzUxIzIxIyQxIyQ1IyQ3OSQzNjE4MzIjODEjJDEjJDYjJDgz"", ""target_name"": ""앙즈로여성병원""}]"
908,42,0.7961304101019735,5.230726240632037,10.922183961670516,16.152910202302557,5.765552100077033,12.737212764042843,18.50276486411987,11.18,29.62,"[25, 4, 38]","[{""policy"": ""ambulance_new_base"", ""target_id"": ""REG026"", ""target_name"": ""쌍용2동""}, {""policy"": ""ambulance_new_base"", ""target_id"": ""REG005"", ""target_name"": ""원성1동""}, {""policy"": ""hospital_upgrade"", ""target_id"": ""JDQ4MTYyMiM2MSMkMSMkMiMkOTkkMzgxMzUxIzIxIyQxIyQ1IyQ4OSQ0NjEwMDIjNTEjJDEjJDIjJDgz"", ""target_name"": ""천안리턴병원""}]"
909,42,1.2954317906614712,5.273225806451612,10.593023926512162,15.866249732963775,5.442917099876535,12.560546383683837,18.003463483560374,11.18,29.62,"[49, 30, 32]","[{""policy"": ""hospital_upgrade"", ""target_id"": ""JDQ4MTYyMiM2MSMkMSMkMiMkOTkkMzgxMzUxIzIxIyQxIyQxIyQwMyQyNjE0ODEjNTEjJDEjJDYjJDgz"", ""target_name"": ""천안21세기병원""}, {""policy"": ""ambulance_new_base"", ""target_id"": ""REG031"", ""target_name"": ""직산읍""}, {""policy"": ""hospital_upgrade"", ""target_id"": ""JDQ4MTYyMiM2MSMkMSMkMiMkOTkkMzgxMzUxIzExIyQxIyQ3IyQ5OSQ0NjE0ODEjODEjJDEjJDYjJDgz"", ""target_name"": ""예일병원""}]"
910,42,1.2792371162456782,5.273225806451612,10.6183668031703,15.891592609621911,5.442917099876535,12.576741058099634,18.019658157976167,11.18,29.62,"[38, 44, 30]","[{""policy"": ""hospital_upgrade"", ""target_id"": ""JDQ4MTYyMiM2MSMkMSMkMiMkOTkkMzgxMzUxIzIxIyQxIyQ1IyQ4OSQ0NjEwMDIjNTEjJDEjJDIjJDgz"", ""target_name"": ""천안리턴병원""}, {""policy"": ""hospital_upgrade"", ""target_id"": ""JDQ4MTYyMiM2MSMkMSMkMiMkOTkkMzgxMzUxIzIxIyQxIyQxIyQ3MiQzNjE4MzIjODEjJDEjJDYjJDgz"", ""target_name"": ""삼성스카이병원""}, {""policy"": ""ambulance_new_base"", ""target_id"": ""REG031"", ""target_name"": ""직산읍""}]"
911,42,0.5804763706023657,4.871281348248026,11.594193548387098,16.465474896635126,5.453839942998263,13.264578960621222,18.71841890361948,11.18,29.62,"[2, 5, 1]","[{""policy"": ""ambulance_new_base"", ""target_id"": ""REG003"", ""target_name"": ""신방동""}, {""policy"": ""ambulance_new_base"", ""target_id"": ""REG006"", ""target_name"": ""원성2동""}, {""policy"": ""ambulance_new_base"", ""target_id"": ""REG002"", ""target_name"": ""봉명동""}]"
912,42,0.7362187377172624,5.212903225806452,11.102009947137324,16.31491317294378,5.569319440834361,12.993357095670223,18.562676536504583,11.18,29.62,"[11, 8, 45]","[{""policy"": ""ambulance_new_base"", ""target_id"": ""REG012"", ""target_name"": ""병천면""}, {""policy"": ""ambulance_new_base"", ""target_id"": ""REG009"", ""target_name"": ""청룡동""}, {""policy"": ""hospital_upgrade"", ""target_id"": ""JDQ4MTYyMiM2MSMkMSMkMiMkOTkkMzgxMzUxIzIxIyQxIyQxIyQ3OSQyNjEyMjIjNDEjJDEjJDgjJDgz"", ""target_name"": ""우리척병원""}]"
913,42,0.5002164788355365,4.938370869490823,11.594193548387098,16.53256441787792,5.534099834765089,13.264578960621222,18.79867879538631,11.18,29.62,"[1, 21, 24]","[{""policy"": ""ambulance_new_base"", ""target_id"": ""REG002"", ""target_name"": ""봉명동""}, {""policy"": ""ambulance_new_base"", ""target_id"": ""REG022"", ""target_name"": ""불당2동""}, {""policy"": ""ambulance_new_base"", ""target_id"": ""REG025"", ""target_name"": ""쌍용1동""}]"
914,42,0.6928967811603712,5.443235834934136,10.821428023480433,16.26466385841457,5.932671322458575,12.673327170602901,18.605998493061474,11.18,29.62,"[36, 37, 17]","[{""policy"": ""hospital_upgrade"", ""target_id"": ""JDQ4MTYyMiM2MSMkMSMkMiMkOTkkMzgxMzUxIzIxIyQxIyQ1IyQ3OSQyNjE0ODEjNDEjJDEjJDgjJDgz"", ""target_name"": ""마디손병원""}, {""policy"": ""hospital_upgrade"", ""target_id"": ""JDQ4MTYyMiM2MSMkMSMkMiMkOTkkMzgxMzUxIzIxIyQxIyQ1IyQ3OSQzNjE4MzIjODEjJDEjJDYjJDgz"", ""target_name"": ""앙즈로여성병원""}, {""policy"": ""ambulance_new_base"", ""target_id"": ""REG018"", ""target_name"": ""백석동""}]"
915,42,0.7209229164016335,5.050827330433297,11.055870298914312,16.10669762934761,5.661173517719911,12.916798840100302,18.57797235782021,11.18,29.62,"[35, 4, 26]","[{""policy"": ""hospital_upgrade"", ""target_id"": ""JDQ4MTYyMiM2MSMkMSMkMiMkOTkkMzgxMzUxIzIxIyQxIyQ1IyQ2MiQzNjE4MzIjODEjJDEjJDIjJDgz"", ""target_name"": ""돋움병원""}, {""policy"": ""ambulance_new_base"", ""target_id"": ""REG005"", ""target_name"": ""원성1동""}, {""policy"": ""ambulance_new_base"", ""target_id"": ""REG027"", ""target_name"": ""쌍용3동""}]"
916,42,1.3013536505018344,5.0397112631712995,10.922183961670516,15.961895224841816,5.26032885967717,12.737212764042843,17.99754162372001,11.18,29.62,"[4, 10, 38]","[{""policy"": ""ambulance_new_base"", ""target_id"": ""REG005"", ""target_name"": ""원성1동""}, {""policy"": ""ambulance_new_base"", ""target_id"": ""REG011"", ""target_name"": ""동면""}, {""policy"": ""hospital_upgrade"", ""target_id"": ""JDQ4MTYyMiM2MSMkMSMkMiMkOTkkMzgxMzUxIzIxIyQxIyQ1IyQ4OSQ0NjEwMDIjNTEjJDEjJDIjJDgz"", ""target_name"": ""천안리턴병원""}]"
917,42,1.0434018761577342,5.252903225806451,10.848247068703982,16.10115029451043,5.559431940022092,12.696061458042019,18.25549339806411,11.18,29.62,"[9, 50, 8]","[{""policy"": ""ambulance_new_base"", ""target_id"": ""REG010"", ""target_name"": ""광덕면""}, {""policy"": ""hospital_upgrade"", ""target_id"": ""JDQ4MTYyMiM2MSMkMSMkMiMkOTkkMzgxMzUxIzIxIyQxIyQxIyQwMyQyNjE4MzIjODEjJDEjJDIjJDgz"", ""target_name"": ""서울대정병원""}, {""policy"": ""ambulance_new_base"", ""target_id"": ""REG009"", ""target_name"": ""청룡동""}]"
918,42,0.5505956175340536,5.232258064516128,11.346236395124912,16.578494459641043,5.672170178374162,13.076129478313634,18.74829965668779,11.18,29.62,"[16, 31, 11]","[{""policy"": ""ambulance_new_base"", ""target_id"": ""REG017"", ""target_name"": ""목천읍""}, {""policy"": ""hospital_upgrade"", ""target_id"": ""JDQ4MTYyMiM2MSMkMSMkMiMkOTkkMzgxMzUxIzExIyQxIyQ3IyQ4OSQzNjE0ODEjODEjJDEjJDYjJDgz"", ""target_name"": ""새로나병원""}, {""policy"": ""ambulance_new_base"", ""target_id"": ""REG012"", ""target_name"": ""병천면""}]"
919,42,0.6099282051917925,5.166451612903225,11.055870298914312,16.222321911817538,5.772168228929754,12.916798840100302,18.688967069030053,11.18,29.62,"[35, 2, 3]","[{""policy"": ""hospital_upgrade"", ""target_id"": ""JDQ4MTYyMiM2MSMkMSMkMiMkOTkkMzgxMzUxIzIxIyQxIyQ1IyQ2MiQzNjE4MzIjODEjJDEjJDIjJDgz"", ""target_name"": ""돋움병원""}, {""policy"": ""ambulance_new_base"", ""target_id"": ""REG003"", ""target_name"": ""신방동""}, {""policy"": ""ambulance_new_base"", ""target_id"": ""REG004"", ""target_name"": ""신안동""}]"
920,42,0.9323585235142247,5.127941353649103,10.975591027317092,16.103532380966193,5.577611626804545,12.788925123903075,18.36653675070762,11.18,29.62,"[2, 46, 0]","[{""policy"": ""ambulance_new_base"", ""target_id"": ""REG003"", ""target_name"": ""신방동""}, {""policy"": ""hospital_upgrade"", ""target_id"": ""JDQ4MTYyMiM2MSMkMSMkMiMkOTkkMzgxMzUxIzIxIyQxIyQxIyQ4OSQ0NjE0ODEjODEjJDEjJDIjJDgz"", ""target_name"": ""서울우리병원""}, {""policy"": ""ambulance_new_base"", ""target_id"": ""REG001"", ""target_name"": ""문성동""}]"
921,42,1.0150443349517886,5.473225806451612,10.440064420572567,15.91329022702418,5.9549528071999465,12.328898132070108,18.283850939270057,11.18,29.62,"[49, 50, 16]","[{""policy"": ""hospital_upgrade"", ""target_id"": ""JDQ4MTYyMiM2MSMkMSMkMiMkOTkkMzgxMzUxIzIxIyQxIyQxIyQwMyQyNjE0ODEjNTEjJDEjJDYjJDgz"", ""target_name"": ""천안21세기병원""}, {""policy"": ""hospital_upgrade"", ""target_id"": ""JDQ4MTYyMiM2MSMkMSMkMiMkOTkkMzgxMzUxIzIxIyQxIyQxIyQwMyQyNjE4MzIjODEjJDEjJDIjJDgz"", ""target_name"": ""서울대정병원""}, {""policy"": ""ambulance_new_base"", ""target_id"": ""REG017"", ""target_name"": ""목천읍""}]"
922,42,0.36790243051712324,5.079280028568586,11.594193548387098,16.673473576955683,5.666413883083502,13.264578960621222,18.930992843704722,11.18,29.62,"[12, 24, 25]","[{""policy"": ""ambulance_new_base"", ""target_id"": ""REG013"", ""target_name"": ""북면""}, {""policy"": ""ambulance_new_base"", ""target_id"": ""REG025"", ""target_name"": ""쌍용1동""}, {""policy"": ""ambulance_new_base"", ""target_id"": ""REG026"", ""target_name"": ""쌍용2동""}]"
923,42,0.31027338873030175,5.263259650268074,11.519141813354748,16.782401463622822,5.773030302266032,13.215591583225512,18.988621885491543,11.18,29.62,"[4, 41, 16]","[{""policy"": ""ambulance_new_base"", ""target_id"": ""REG005"", ""target_name"": ""원성1동""}, {""policy"": ""hospital_upgrade"", ""target_id"": ""JDQ4MTYyMiM2MSMkMSMkMiMkOTkkMzgxMzUxIzIxIyQxIyQ1IyQ5OSQzNjEyMjIjNjEjJDEjJDQjJDgz"", ""target_name"": ""천안다나힐병원""}, {""policy"": ""ambulance_new_base"", ""target_id"": ""REG017"", ""target_name"": ""목천읍""}]"
924,42,0.6069821216107663,5.268811666700055,11.346236395124912,16.615048061824968,5.615783674297446,13.076129478313634,18.69191315261108,11.18,29.62,"[21, 31, 15]","[{""policy"": ""ambulance_new_base"", ""target_id"": ""REG022"", ""target_name"": ""불당2동""}, {""policy"": ""hospital_upgrade"", ""target_id"": ""JDQ4MTYyMiM2MSMkMSMkMiMkOTkkMzgxMzUxIzExIyQxIyQ3IyQ4OSQzNjE0ODEjODEjJDEjJDYjJDgz"", ""target_name"": ""새로나병원""}, {""policy"": ""ambulance_new_base"", ""target_id"": ""REG016"", ""target_name"": ""풍세면""}]"
925,42,0.8934026070138508,5.599677419354838,10.355132947500058,15.954810366854895,6.034316313600623,12.371176353607373,18.405492667207994,11.18,29.62,"[51, 43, 31]","[{""policy"": ""hospital_upgrade"", ""target_id"": ""JDQ4MTYyMiM2MSMkMSMkMiMkOTkkMzgxMzUxIzIxIyQxIyQxIyQxMyQyNjEyMjIjNzEjJDEjJDgjJDgz"", ""target_name"": ""SG삼성조은병원""}, {""policy"": ""hospital_upgrade"", ""target_id"": ""JDQ4MTYyMiM2MSMkMSMkMiMkOTkkMzgxMzUxIzIxIyQxIyQxIyQ3MiQyNjE0ODEjNDEjJDEjJDgjJDgz"", ""target_name"": ""천안재활병원""}, {""policy"": ""hospital_upgrade"", ""target_id"": ""JDQ4MTYyMiM2MSMkMSMkMiMkOTkkMzgxMzUxIzExIyQxIyQ3IyQ4OSQzNjE0ODEjODEjJDEjJDYjJDgz"", ""target_name"": ""새로나병원""}]"
926,42,0.9709048429125744,4.866726936809057,11.594193548387098,16.460920485196155,5.06341147068805,13.264578960621222,18.32799043130927,11.18,29.62,"[0, 19, 9]","[{""policy"": ""ambulance_new_base"", ""target_id"": ""REG001"", ""target_name"": ""문성동""}, {""policy"": ""ambulance_new_base"", ""target_id"": ""REG020"", ""target_name"": ""부성2동""}, {""policy"": ""ambulance_new_base"", ""target_id"": ""REG010"", ""target_name"": ""광덕면""}]"
927,42,1.334847017012617,4.872156816782539,11.101640188418845,15.973797005201382,4.971227902091005,12.992820355118223,17.964048257209228,10.85,29.62,"[14, 52, 7]","[{""policy"": ""ambulance_new_base"", ""target_id"": ""REG015"", ""target_name"": ""수신면""}, {""policy"": ""hospital_upgrade"", ""target_id"": ""JDQ4MTYyMiM2MSMkMSMkMiMkOTkkMzgxMzUxIzIxIyQyIyQ1IyQwMCQyNjEwMDIjNDEjJDEjJDgjJDgz"", ""target_name"": ""이화병원""}, {""policy"": ""ambulance_new_base"", ""target_id"": ""REG008"", ""target_name"": ""중앙동""}]"
928,42,0.8417187371483088,5.260793486616837,10.75547464277506,16.016268129391896,5.843096022653826,12.614080514419713,18.457176537073536,11.18,29.62,"[38, 26, 42]","[{""policy"": ""hospital_upgrade"", ""target_id"": ""JDQ4MTYyMiM2MSMkMSMkMiMkOTkkMzgxMzUxIzIxIyQxIyQ1IyQ4OSQ0NjEwMDIjNTEjJDEjJDIjJDgz"", ""target_name"": ""천안리턴병원""}, {""policy"": ""ambulance_new_base"", ""target_id"": ""REG027"", ""target_name"": ""쌍용3동""}, {""policy"": ""hospital_upgrade"", ""target_id"": ""JDQ4MTYyMiM2MSMkMSMkMiMkOTkkMzgxMzUxIzIxIyQxIyQxIyQ2MiQ0NjE0ODEjNDEjJDEjJDQjJDgz"", ""target_name"": ""연세나무병원""}]"
929,42,0.8363945351739197,5.284148661359985,10.820848989755353,16.10499765111534,5.784166068643291,12.678334670404636,18.462500739047925,11.18,29.62,"[1, 50, 42]","[{""policy"": ""ambulance_new_base"", ""target_id"": ""REG002"", ""target_name"": ""봉명동""}, {""policy"": ""hospital_upgrade"", ""target_id"": ""JDQ4MTYyMiM2MSMkMSMkMiMkOTkkMzgxMzUxIzIxIyQxIyQxIyQwMyQyNjE4MzIjODEjJDEjJDIjJDgz"", ""target_name"": ""서울대정병원""}, {""policy"": ""hospital_upgrade"", ""target_id"": ""JDQ4MTYyMiM2MSMkMSMkMiMkOTkkMzgxMzUxIzIxIyQxIyQxIyQ2MiQ0NjE0ODEjNDEjJDEjJDQjJDgz"", ""target_name"": ""연세나무병원""}]"
930,42,0.8828047643296308,5.132733556990983,10.922183961670516,16.0549175186615,5.678877745849372,12.737212764042843,18.416090509892214,11.18,29.62,"[38, 4, 20]","[{""policy"": ""hospital_upgrade"", ""target_id"": ""JDQ4MTYyMiM2MSMkMSMkMiMkOTkkMzgxMzUxIzIxIyQxIyQ1IyQ4OSQ0NjEwMDIjNTEjJDEjJDIjJDgz"", ""target_name"": ""천안리턴병원""}, {""policy"": ""ambulance_new_base"", ""target_id"": ""REG005"", ""target_name"": ""원성1동""}, {""policy"": ""ambulance_new_base"", ""target_id"": ""REG021"", ""target_name"": ""불당1동""}]"
931,42,0.8010896725130721,5.1862581287538205,10.912914642839256,16.099172771593075,5.759155259641241,12.738650342067533,18.497805601708773,11.18,29.62,"[51, 17, 20]","[{""policy"": ""hospital_upgrade"", ""target_id"": ""JDQ4MTYyMiM2MSMkMSMkMiMkOTkkMzgxMzUxIzIxIyQxIyQxIyQxMyQyNjEyMjIjNzEjJDEjJDgjJDgz"", ""target_name"": ""SG삼성조은병원""}, {""policy"": ""ambulance_new_base"", ""target_id"": ""REG018"", ""target_name"": ""백석동""}, {""policy"": ""ambulance_new_base"", ""target_id"": ""REG021"", ""target_name"": ""불당1동""}]"
932,42,1.4000624396600152,4.633085065755445,11.594193548387098,16.22727861414254,4.63425387394061,13.264578960621222,17.89883283456183,11.18,29.62,"[30, 10, 6]","[{""policy"": ""ambulance_new_base"", ""target_id"": ""REG031"", ""target_name"": ""직산읍""}, {""policy"": ""ambulance_new_base"", ""target_id"": ""REG011"", ""target_name"": ""동면""}, {""policy"": ""ambulance_new_base"", ""target_id"": ""REG007"", ""target_name"": ""일봉동""}]"
933,42,1.3318524968235863,5.127419354838709,10.860143321295778,15.987562676134488,5.260702855936057,12.706339921462204,17.96704277739826,11.18,29.62,"[8, 42, 30]","[{""policy"": ""ambulance_new_base"", ""target_id"": ""REG009"", ""target_name"": ""청룡동""}, {""policy"": ""hospital_upgrade"", ""target_id"": ""JDQ4MTYyMiM2MSMkMSMkMiMkOTkkMzgxMzUxIzIxIyQxIyQxIyQ2MiQ0NjE0ODEjNDEjJDEjJDQjJDgz"", ""target_name"": ""연세나무병원""}, {""policy"": ""ambulance_new_base"", ""target_id"": ""REG031"", ""target_name"": ""직산읍""}]"
934,42,1.278834111270367,5.09989875226641,10.860143321295778,15.960042073562187,5.313721241489277,12.706339921462204,18.020061162951478,11.18,29.62,"[15, 42, 7]","[{""policy"": ""ambulance_new_base"", ""target_id"": ""REG016"", ""target_name"": ""풍세면""}, {""policy"": ""hospital_upgrade"", ""target_id"": ""JDQ4MTYyMiM2MSMkMSMkMiMkOTkkMzgxMzUxIzIxIyQxIyQxIyQ2MiQ0NjE0ODEjNDEjJDEjJDQjJDgz"", ""target_name"": ""연세나무병원""}, {""policy"": ""ambulance_new_base"", ""target_id"": ""REG008"", ""target_name"": ""중앙동""}]"
935,42,0.8124852542806202,5.148743521235815,11.055870298914312,16.204613820150126,5.569611179840923,12.916798840100302,18.486410019941225,11.18,29.62,"[4, 35, 11]","[{""policy"": ""ambulance_new_base"", ""target_id"": ""REG005"", ""target_name"": ""원성1동""}, {""policy"": ""hospital_upgrade"", ""target_id"": ""JDQ4MTYyMiM2MSMkMSMkMiMkOTkkMzgxMzUxIzIxIyQxIyQ1IyQ2MiQzNjE4MzIjODEjJDEjJDIjJDgz"", ""target_name"": ""돋움병원""}, {""policy"": ""ambulance_new_base"", ""target_id"": ""REG012"", ""target_name"": ""병천면""}]"
936,42,0.9037758707518364,4.837741935483871,11.594193548387098,16.431935483870966,5.130540442848788,13.264578960621222,18.39511940347001,11.18,29.62,"[30, 18, 28]","[{""policy"": ""ambulance_new_base"", ""target_id"": ""REG031"", ""target_name"": ""직산읍""}, {""policy"": ""ambulance_new_base"", ""target_id"": ""REG019"", ""target_name"": ""부성1동""}, {""policy"": ""ambulance_new_base"", ""target_id"": ""REG029"", ""target_name"": ""성거읍""}]"
937,42,0.7909378528851256,5.3274193548387085,10.903044755594616,16.23046411043332,5.77273856325947,12.73521885807725,18.50795742133672,11.18,29.62,"[36, 8, 16]","[{""policy"": ""hospital_upgrade"", ""target_id"": ""JDQ4MTYyMiM2MSMkMSMkMiMkOTkkMzgxMzUxIzIxIyQxIyQ1IyQ3OSQyNjE0ODEjNDEjJDEjJDgjJDgz"", ""target_name"": ""마디손병원""}, {""policy"": ""ambulance_new_base"", ""target_id"": ""REG009"", ""target_name"": ""청룡동""}, {""policy"": ""ambulance_new_base"", ""target_id"": ""REG017"", ""target_name"": ""목천읍""}]"
938,42,1.1864261489760466,5.466774193548386,10.44845262123935,15.915226814787736,5.780631376307751,12.331837748938044,18.1124691252458,11.18,29.62,"[15, 49, 37]","[{""policy"": ""ambulance_new_base"", ""target_id"": ""REG016"", ""target_name"": ""풍세면""}, {""policy"": ""hospital_upgrade"", ""target_id"": ""JDQ4MTYyMiM2MSMkMSMkMiMkOTkkMzgxMzUxIzIxIyQxIyQxIyQwMyQyNjE0ODEjNTEjJDEjJDYjJDgz"", ""target_name"": ""천안21세기병원""}, {""policy"": ""hospital_upgrade"", ""target_id"": ""JDQ4MTYyMiM2MSMkMSMkMiMkOTkkMzgxMzUxIzIxIyQxIyQ1IyQ3OSQzNjE4MzIjODEjJDEjJDYjJDgz"", ""target_name"": ""앙즈로여성병원""}]"
939,42,0.8579646812782187,5.048263934294263,11.101640188418845,16.149904122713107,5.4481102378254045,12.992820355118223,18.440930592943626,11.18,29.62,"[0, 3, 52]","[{""policy"": ""ambulance_new_base"", ""target_id"": ""REG001"", ""target_name"": ""문성동""}, {""policy"": ""ambulance_new_base"", ""target_id"": ""REG004"", ""target_name"": ""신안동""}, {""policy"": ""hospital_upgrade"", ""target_id"": ""JDQ4MTYyMiM2MSMkMSMkMiMkOTkkMzgxMzUxIzIxIyQyIyQ1IyQwMCQyNjEwMDIjNDEjJDEjJDgjJDgz"", ""target_name"": ""이화병원""}]"
940,42,0.912365363156681,5.164193548387097,10.860143321295778,16.024336869682873,5.680189989602962,12.706339921462204,18.386529911065164,11.18,29.62,"[3, 4, 42]","[{""policy"": ""ambulance_new_base"", ""target_id"": ""REG004"", ""target_name"": ""신안동""}, {""policy"": ""ambulance_new_base"", ""target_id"": ""REG005"", ""target_name"": ""원성1동""}, {""policy"": ""hospital_upgrade"", ""target_id"": ""JDQ4MTYyMiM2MSMkMSMkMiMkOTkkMzgxMzUxIzIxIyQxIyQxIyQ2MiQ0NjE0ODEjNDEjJDEjJDQjJDgz"", ""target_name"": ""연세나무병원""}]"
941,42,0.4370207310241696,5.291612903225806,11.102009947137324,16.39362285036313,5.868517447527453,12.993357095670223,18.861874543197676,11.18,29.62,"[45, 2, 28]","[{""policy"": ""hospital_upgrade"", ""target_id"": ""JDQ4MTYyMiM2MSMkMSMkMiMkOTkkMzgxMzUxIzIxIyQxIyQxIyQ3OSQyNjEyMjIjNDEjJDEjJDgjJDgz"", ""target_name"": ""우리척병원""}, {""policy"": ""ambulance_new_base"", ""target_id"": ""REG003"", ""target_name"": ""신방동""}, {""policy"": ""ambulance_new_base"", ""target_id"": ""REG029"", ""target_name"": ""성거읍""}]"
942,42,0.7270091568376102,4.738718661490888,11.594193548387098,16.33291220987799,5.307307156763018,13.264578960621222,18.571886117384235,11.18,29.62,"[24, 11, 29]","[{""policy"": ""ambulance_new_base"", ""target_id"": ""REG025"", ""target_name"": ""쌍용1동""}, {""policy"": ""ambulance_new_base"", ""target_id"": ""REG012"", ""target_name"": ""병천면""}, {""policy"": ""ambulance_new_base"", ""target_id"": ""REG030"", ""target_name"": ""성환읍""}]"
943,42,1.112074823447621,5.239032258064516,10.93531963982868,16.1743518978932,5.438138036909479,12.748682413864744,18.186820450774224,10.85,29.62,"[46, 14, 41]","[{""policy"": ""hospital_upgrade"", ""target_id"": ""JDQ4MTYyMiM2MSMkMSMkMiMkOTkkMzgxMzUxIzIxIyQxIyQxIyQ4OSQ0NjE0ODEjODEjJDEjJDIjJDgz"", ""target_name"": ""서울우리병원""}, {""policy"": ""ambulance_new_base"", ""target_id"": ""REG015"", ""target_name"": ""수신면""}, {""policy"": ""hospital_upgrade"", ""target_id"": ""JDQ4MTYyMiM2MSMkMSMkMiMkOTkkMzgxMzUxIzIxIyQxIyQ1IyQ5OSQzNjEyMjIjNjEjJDEjJDQjJDgz"", ""target_name"": ""천안다나힐병원""}]"
944,42,0.7293435694081545,5.440692396815576,10.629293684018348,16.069986080833928,5.947474605010949,12.622077099802747,18.56955170481369,11.18,29.62,"[52, 25, 46]","[{""policy"": ""hospital_upgrade"", ""target_id"": ""JDQ4MTYyMiM2MSMkMSMkMiMkOTkkMzgxMzUxIzIxIyQyIyQ1IyQwMCQyNjEwMDIjNDEjJDEjJDgjJDgz"", ""target_name"": ""이화병원""}, {""policy"": ""ambulance_new_base"", ""target_id"": ""REG026"", ""target_name"": ""쌍용2동""}, {""policy"": ""hospital_upgrade"", ""target_id"": ""JDQ4MTYyMiM2MSMkMSMkMiMkOTkkMzgxMzUxIzIxIyQxIyQxIyQ4OSQ0NjE0ODEjODEjJDEjJDIjJDgz"", ""target_name"": ""서울우리병원""}]"
945,42,0.9834974866578463,5.314193548387096,10.549452146020696,15.863645694407795,5.7973448973292605,12.518052890234742,18.315397787564,11.18,29.62,"[43, 50, 29]","[{""policy"": ""hospital_upgrade"", ""target_id"": ""JDQ4MTYyMiM2MSMkMSMkMiMkOTkkMzgxMzUxIzIxIyQxIyQxIyQ3MiQyNjE0ODEjNDEjJDEjJDgjJDgz"", ""target_name"": ""천안재활병원""}, {""policy"": ""hospital_upgrade"", ""target_id"": ""JDQ4MTYyMiM2MSMkMSMkMiMkOTkkMzgxMzUxIzIxIyQxIyQxIyQwMyQyNjE4MzIjODEjJDEjJDIjJDgz"", ""target_name"": ""서울대정병원""}, {""policy"": ""ambulance_new_base"", ""target_id"": ""REG030"", ""target_name"": ""성환읍""}]"
946,42,1.0097935160262779,4.982564039401368,10.975591027317092,15.958155066718465,5.500176634292493,12.788925123903075,18.289101758195567,11.18,29.62,"[46, 5, 24]","[{""policy"": ""hospital_upgrade"", ""target_id"": ""JDQ4MTYyMiM2MSMkMSMkMiMkOTkkMzgxMzUxIzIxIyQxIyQxIyQ4OSQ0NjE0ODEjODEjJDEjJDIjJDgz"", ""target_name"": ""서울우리병원""}, {""policy"": ""ambulance_new_base"", ""target_id"": ""REG006"", ""target_name"": ""원성2동""}, {""policy"": ""ambulance_new_base"", ""target_id"": ""REG025"", ""target_name"": ""쌍용1동""}]"
947,42,0.7158330963602388,5.599677419354838,10.609950927195154,16.20962834654999,6.034316313600623,12.548745864260985,18.583062177861606,11.18,29.62,"[40, 35, 46]","[{""policy"": ""hospital_upgrade"", ""target_id"": ""JDQ4MTYyMiM2MSMkMSMkMiMkOTkkMzgxMzUxIzIxIyQxIyQ1IyQ4OSQyNjEyMjIjNjEjJDEjJDQjJDgz"", ""target_name"": ""서울프라임병원""}, {""policy"": ""hospital_upgrade"", ""target_id"": ""JDQ4MTYyMiM2MSMkMSMkMiMkOTkkMzgxMzUxIzIxIyQxIyQ1IyQ2MiQzNjE4MzIjODEjJDEjJDIjJDgz"", ""target_name"": ""돋움병원""}, {""policy"": ""hospital_upgrade"", ""target_id"": ""JDQ4MTYyMiM2MSMkMSMkMiMkOTkkMzgxMzUxIzIxIyQxIyQxIyQ4OSQ0NjE0ODEjODEjJDEjJDIjJDgz"", ""target_name"": ""서울우리병원""}]"
948,42,0.648525813159619,4.908242411150332,11.594193548387098,16.50243595953743,5.385790500441006,13.264578960621222,18.650369461062226,11.18,29.62,"[21, 19, 3]","[{""policy"": ""ambulance_new_base"", ""target_id"": ""REG022"", ""target_name"": ""불당2동""}, {""policy"": ""ambulance_new_base"", ""target_id"": ""REG020"", ""target_name"": ""부성2동""}, {""policy"": ""ambulance_new_base"", ""target_id"": ""REG004"", ""target_name"": ""신안동""}]"
949,42,0.7869194715871402,4.850377569909159,11.594193548387098,16.444571118296253,5.247396842013485,13.264578960621222,18.511975802634705,11.18,29.62,"[22, 24, 13]","[{""policy"": ""ambulance_new_base"", ""target_id"": ""REG023"", ""target_name"": ""성정1동""}, {""policy"": ""ambulance_new_base"", ""target_id"": ""REG025"", ""target_name"": ""쌍용1동""}, {""policy"": ""ambulance_new_base"", ""target_id"": ""REG014"", ""target_name"": ""성남면""}]"
950,42,1.100782579314437,5.29032258064516,10.914895644369402,16.205218225014566,5.460261022483591,12.73785167242382,18.198112694907408,11.18,29.62,"[39, 15, 13]","[{""policy"": ""hospital_upgrade"", ""target_id"": ""JDQ4MTYyMiM2MSMkMSMkMiMkOTkkMzgxMzUxIzIxIyQxIyQ1IyQ4OSQyNjE4MzIjNTEjJDEjJDYjJDgz"", ""target_name"": ""아이본병원""}, {""policy"": ""ambulance_new_base"", ""target_id"": ""REG016"", ""target_name"": ""풍세면""}, {""policy"": ""ambulance_new_base"", ""target_id"": ""REG014"", ""target_name"": ""성남면""}]"
951,42,1.0914725218233592,5.056027784524474,10.860143321295778,15.91617110582025,5.501082830936284,12.706339921462204,18.207422752398486,11.18,29.62,"[7, 2, 42]","[{""policy"": ""ambulance_new_base"", ""target_id"": ""REG008"", ""target_name"": ""중앙동""}, {""policy"": ""ambulance_new_base"", ""target_id"": ""REG003"", ""target_name"": ""신방동""}, {""policy"": ""hospital_upgrade"", ""target_id"": ""JDQ4MTYyMiM2MSMkMSMkMiMkOTkkMzgxMzUxIzIxIyQxIyQxIyQ2MiQ0NjE0ODEjNDEjJDEjJDQjJDgz"", ""target_name"": ""연세나무병원""}]"
952,42,1.2952807648139313,4.620866494201893,11.594193548387098,16.21506004258899,4.739035548786697,13.264578960621222,18.003614509407914,11.18,29.62,"[30, 7, 29]","[{""policy"": ""ambulance_new_base"", ""target_id"": ""REG031"", ""target_name"": ""직산읍""}, {""policy"": ""ambulance_new_base"", ""target_id"": ""REG008"", ""target_name"": ""중앙동""}, {""policy"": ""ambulance_new_base"", ""target_id"": ""REG030"", ""target_name"": ""성환읍""}]"
953,42,0.8354149076399224,5.2966263636768645,10.951037520712806,16.24766388438967,5.6764635188593875,12.787016847722535,18.463480366581923,11.18,29.62,"[44, 5, 49]","[{""policy"": ""hospital_upgrade"", ""target_id"": ""JDQ4MTYyMiM2MSMkMSMkMiMkOTkkMzgxMzUxIzIxIyQxIyQxIyQ3MiQzNjE4MzIjODEjJDEjJDYjJDgz"", ""target_name"": ""삼성스카이병원""}, {""policy"": ""ambulance_new_base"", ""target_id"": ""REG006"", ""target_name"": ""원성2동""}, {""policy"": ""hospital_upgrade"", ""target_id"": ""JDQ4MTYyMiM2MSMkMSMkMiMkOTkkMzgxMzUxIzIxIyQxIyQxIyQwMyQyNjE0ODEjNTEjJDEjJDYjJDgz"", ""target_name"": ""천안21세기병원""}]"
954,42,0.8443580357998322,4.833892882488276,11.594193548387098,16.42808643087537,5.189958277800795,13.264578960621222,18.454537238422013,11.18,29.62,"[29, 0, 7]","[{""policy"": ""ambulance_new_base"", ""target_id"": ""REG030"", ""target_name"": ""성환읍""}, {""policy"": ""ambulance_new_base"", ""target_id"": ""REG001"", ""target_name"": ""문성동""}, {""policy"": ""ambulance_new_base"", ""target_id"": ""REG008"", ""target_name"": ""중앙동""}]"
955,42,1.073082355128328,5.265806451612902,10.914895644369402,16.18070209598231,5.487961246669698,12.73785167242382,18.225812919093517,11.18,29.62,"[39, 15, 9]","[{""policy"": ""hospital_upgrade"", ""target_id"": ""JDQ4MTYyMiM2MSMkMSMkMiMkOTkkMzgxMzUxIzIxIyQxIyQ1IyQ4OSQyNjE4MzIjNTEjJDEjJDYjJDgz"", ""target_name"": ""아이본병원""}, {""policy"": ""ambulance_new_base"", ""target_id"": ""REG016"", ""target_name"": ""풍세면""}, {""policy"": ""ambulance_new_base"", ""target_id"": ""REG010"", ""target_name"": ""광덕면""}]"
956,42,0.6946956271853182,5.266461641385749,10.914895644369402,16.18135728575515,5.866347974612712,12.73785167242382,18.604199647036527,11.18,29.62,"[17, 39, 2]","[{""policy"": ""ambulance_new_base"", ""target_id"": ""REG018"", ""target_name"": ""백석동""}, {""policy"": ""hospital_upgrade"", ""target_id"": ""JDQ4MTYyMiM2MSMkMSMkMiMkOTkkMzgxMzUxIzIxIyQxIyQ1IyQ4OSQyNjE4MzIjNTEjJDEjJDYjJDgz"", ""target_name"": ""아이본병원""}, {""policy"": ""ambulance_new_base"", ""target_id"": ""REG003"", ""target_name"": ""신방동""}]"
957,42,1.169647801502343,4.969032258064516,11.013231528881516,15.98226378694603,5.230015961076093,12.899231511643416,18.129247472719502,11.18,29.62,"[43, 30, 18]","[{""policy"": ""hospital_upgrade"", ""target_id"": ""JDQ4MTYyMiM2MSMkMSMkMiMkOTkkMzgxMzUxIzIxIyQxIyQxIyQ3MiQyNjE0ODEjNDEjJDEjJDgjJDgz"", ""target_name"": ""천안재활병원""}, {""policy"": ""ambulance_new_base"", ""target_id"": ""REG031"", ""target_name"": ""직산읍""}, {""policy"": ""ambulance_new_base"", ""target_id"": ""REG019"", ""target_name"": ""부성1동""}]"
958,42,0.8402538940220197,4.715038127842651,11.594193548387098,16.30923167622975,5.194062419578605,13.264578960621222,18.458641380199825,11.18,29.62,"[0, 29, 18]","[{""policy"": ""ambulance_new_base"", ""target_id"": ""REG001"", ""target_name"": ""문성동""}, {""policy"": ""ambulance_new_base"", ""target_id"": ""REG030"", ""target_name"": ""성환읍""}, {""policy"": ""ambulance_new_base"", ""target_id"": ""REG019"", ""target_name"": ""부성1동""}]"
959,42,1.234531808979014,5.249677419354838,10.639555020809722,15.88923244016456,5.442251364611085,12.62211210063175,18.06436346524283,11.18,29.62,"[51, 52, 10]","[{""policy"": ""hospital_upgrade"", ""target_id"": ""JDQ4MTYyMiM2MSMkMSMkMiMkOTkkMzgxMzUxIzIxIyQxIyQxIyQxMyQyNjEyMjIjNzEjJDEjJDgjJDgz"", ""target_name"": ""SG삼성조은병원""}, {""policy"": ""hospital_upgrade"", ""target_id"": ""JDQ4MTYyMiM2MSMkMSMkMiMkOTkkMzgxMzUxIzIxIyQyIyQ1IyQwMCQyNjEwMDIjNDEjJDEjJDgjJDgz"", ""target_name"": ""이화병원""}, {""policy"": ""ambulance_new_base"", ""target_id"": ""REG011"", ""target_name"": ""동면""}]"
960,42,0.6736565897576696,4.81445803803533,11.594193548387098,16.408651586422426,5.360659723842956,13.264578960621222,18.625238684464176,11.18,29.62,"[9, 6, 26]","[{""policy"": ""ambulance_new_base"", ""target_id"": ""REG010"", ""target_name"": ""광덕면""}, {""policy"": ""ambulance_new_base"", ""target_id"": ""REG007"", ""target_name"": ""일봉동""}, {""policy"": ""ambulance_new_base"", ""target_id"": ""REG027"", ""target_name"": ""쌍용3동""}]"
961,42,0.9971607296870602,5.358709677419354,10.664957489577072,16.02366716699643,5.751533684774838,12.550200859759947,18.301734544534785,11.18,29.62,"[31, 51, 11]","[{""policy"": ""hospital_upgrade"", ""target_id"": ""JDQ4MTYyMiM2MSMkMSMkMiMkOTkkMzgxMzUxIzExIyQxIyQ3IyQ4OSQzNjE0ODEjODEjJDEjJDYjJDgz"", ""target_name"": ""새로나병원""}, {""policy"": ""hospital_upgrade"", ""target_id"": ""JDQ4MTYyMiM2MSMkMSMkMiMkOTkkMzgxMzUxIzIxIyQxIyQxIyQxMyQyNjEyMjIjNzEjJDEjJDgjJDgz"", ""target_name"": ""SG삼성조은병원""}, {""policy"": ""ambulance_new_base"", ""target_id"": ""REG012"", ""target_name"": ""병천면""}]"
962,42,0.9784972853633,5.265170274394114,10.538768492935347,15.803938767329464,5.8270612018601655,12.493336786998384,18.320397988858545,11.18,29.62,"[38, 47, 24]","[{""policy"": ""hospital_upgrade"", ""target_id"": ""JDQ4MTYyMiM2MSMkMSMkMiMkOTkkMzgxMzUxIzIxIyQxIyQ1IyQ4OSQ0NjEwMDIjNTEjJDEjJDIjJDgz"", ""target_name"": ""천안리턴병원""}, {""policy"": ""hospital_upgrade"", ""target_id"": ""JDQ4MTYyMiM2MSMkMSMkMiMkOTkkMzgxMzUxIzIxIyQxIyQxIyQ5MiQyNjE4MzIjNDEjJDEjJDgjJDgz"", ""target_name"": ""혜성산부인과병원""}, {""policy"": ""ambulance_new_base"", ""target_id"": ""REG025"", ""target_name"": ""쌍용1동""}]"
963,42,0.7311999642601883,5.128064516129031,11.594193548387098,16.72225806451613,5.303116349340437,13.264578960621222,18.567695309961657,11.18,29.62,"[10, 27, 12]","[{""policy"": ""ambulance_new_base"", ""target_id"": ""REG011"", ""target_name"": ""동면""}, {""policy"": ""ambulance_new_base"", ""target_id"": ""REG028"", ""target_name"": ""입장면""}, {""policy"": ""ambulance_new_base"", ""target_id"": ""REG013"", ""target_name"": ""북면""}]"
964,42,0.6265517933859215,5.310332609127683,11.102009947137324,16.41234255626501,5.678986385165704,12.993357095670223,18.672343480835924,11.18,29.62,"[15, 17, 45]","[{""policy"": ""ambulance_new_base"", ""target_id"": ""REG016"", ""target_name"": ""풍세면""}, {""policy"": ""ambulance_new_base"", ""target_id"": ""REG018"", ""target_name"": ""백석동""}, {""policy"": ""hospital_upgrade"", ""target_id"": ""JDQ4MTYyMiM2MSMkMSMkMiMkOTkkMzgxMzUxIzIxIyQxIyQxIyQ3OSQyNjEyMjIjNDEjJDEjJDgjJDgz"", ""target_name"": ""우리척병원""}]"
965,42,0.47720482403904185,5.578709677419353,10.944247877877478,16.52295755529683,6.010541620638118,12.811148829544688,18.821690450182803,11.18,29.62,"[35, 27, 48]","[{""policy"": ""hospital_upgrade"", ""target_id"": ""JDQ4MTYyMiM2MSMkMSMkMiMkOTkkMzgxMzUxIzIxIyQxIyQ1IyQ2MiQzNjE4MzIjODEjJDEjJDIjJDgz"", ""target_name"": ""돋움병원""}, {""policy"": ""ambulance_new_base"", ""target_id"": ""REG028"", ""target_name"": ""입장면""}, {""policy"": ""hospital_upgrade"", ""target_id"": ""JDQ4MTYyMiM2MSMkMSMkMiMkOTkkMzgxMzUxIzIxIyQxIyQxIyQ5MiQyNjEwMDIjNjEjJDEjJDAjJDgz"", ""target_name"": ""두정이진병원""}]"
966,42,0.8563881692271487,4.920424569925862,11.594193548387098,16.514618118312956,5.177928144373475,13.264578960621222,18.442507104994696,11.18,29.62,"[10, 21, 28]","[{""policy"": ""ambulance_new_base"", ""target_id"": ""REG011"", ""target_name"": ""동면""}, {""policy"": ""ambulance_new_base"", ""target_id"": ""REG022"", ""target_name"": ""불당2동""}, {""policy"": ""ambulance_new_base"", ""target_id"": ""REG029"", ""target_name"": ""성거읍""}]"
967,42,0.6330138487006209,4.883207073075846,11.594193548387098,16.477400621462944,5.401302464900005,13.264578960621222,18.665881425521224,11.18,29.62,"[20, 5, 17]","[{""policy"": ""ambulance_new_base"", ""target_id"": ""REG021"", ""target_name"": ""불당1동""}, {""policy"": ""ambulance_new_base"", ""target_id"": ""REG006"", ""target_name"": ""원성2동""}, {""policy"": ""ambulance_new_base"", ""target_id"": ""REG018"", ""target_name"": ""백석동""}]"
968,42,0.8509821065912213,4.642427382149121,11.594193548387098,16.236620930536215,5.1833342070094055,13.264578960621222,18.447913167630624,11.18,29.62,"[26, 7, 3]","[{""policy"": ""ambulance_new_base"", ""target_id"": ""REG027"", ""target_name"": ""쌍용3동""}, {""policy"": ""ambulance_new_base"", ""target_id"": ""REG008"", ""target_name"": ""중앙동""}, {""policy"": ""ambulance_new_base"", ""target_id"": ""REG004"", ""target_name"": ""신안동""}]"
969,42,1.009644022609983,5.067337200594463,10.922183961670516,15.989521162264978,5.552038487569021,12.737212764042843,18.289251251611862,11.18,29.62,"[5, 6, 38]","[{""policy"": ""ambulance_new_base"", ""target_id"": ""REG006"", ""target_name"": ""원성2동""}, {""policy"": ""ambulance_new_base"", ""target_id"": ""REG007"", ""target_name"": ""일봉동""}, {""policy"": ""hospital_upgrade"", ""target_id"": ""JDQ4MTYyMiM2MSMkMSMkMiMkOTkkMzgxMzUxIzIxIyQxIyQ1IyQ4OSQ0NjEwMDIjNTEjJDEjJDIjJDgz"", ""target_name"": ""천안리턴병원""}]"
970,42,1.0647546286146614,5.2966263636768645,10.602734930923514,15.899361294600379,5.6764635188593875,12.5576771267478,18.234140645607184,11.18,29.62,"[5, 43, 39]","[{""policy"": ""ambulance_new_base"", ""target_id"": ""REG006"", ""target_name"": ""원성2동""}, {""policy"": ""hospital_upgrade"", ""target_id"": ""JDQ4MTYyMiM2MSMkMSMkMiMkOTkkMzgxMzUxIzIxIyQxIyQxIyQ3MiQyNjE0ODEjNDEjJDEjJDgjJDgz"", ""target_name"": ""천안재활병원""}, {""policy"": ""hospital_upgrade"", ""target_id"": ""JDQ4MTYyMiM2MSMkMSMkMiMkOTkkMzgxMzUxIzIxIyQxIyQ1IyQ4OSQyNjE4MzIjNTEjJDEjJDYjJDgz"", ""target_name"": ""아이본병원""}]"
971,42,1.1477689016430617,5.2966263636768645,10.512908476465734,15.809534840142602,5.6764635188593875,12.474662853719401,18.151126372578783,11.18,29.62,"[37, 5, 47]","[{""policy"": ""hospital_upgrade"", ""target_id"": ""JDQ4MTYyMiM2MSMkMSMkMiMkOTkkMzgxMzUxIzIxIyQxIyQ1IyQ3OSQzNjE4MzIjODEjJDEjJDYjJDgz"", ""target_name"": ""앙즈로여성병원""}, {""policy"": ""ambulance_new_base"", ""target_id"": ""REG006"", ""target_name"": ""원성2동""}, {""policy"": ""hospital_upgrade"", ""target_id"": ""JDQ4MTYyMiM2MSMkMSMkMiMkOTkkMzgxMzUxIzIxIyQxIyQxIyQ5MiQyNjE4MzIjNDEjJDEjJDgjJDgz"", ""target_name"": ""혜성산부인과병원""}]"
972,42,0.7918093599170106,5.599677419354838,10.550795497260365,16.150472916615207,6.034316313600623,12.472769600704213,18.507085914304835,11.18,29.62,"[33, 43, 35]","[{""policy"": ""hospital_upgrade"", ""target_id"": ""JDQ4MTYyMiM2MSMkMSMkMiMkOTkkMzgxMzUxIzExIyQyIyQ3IyQwMCQ0NjE0ODEjNjEjJDEjJDgjJDgz"", ""target_name"": ""천안우리병원""}, {""policy"": ""hospital_upgrade"", ""target_id"": ""JDQ4MTYyMiM2MSMkMSMkMiMkOTkkMzgxMzUxIzIxIyQxIyQxIyQ3MiQyNjE0ODEjNDEjJDEjJDgjJDgz"", ""target_name"": ""천안재활병원""}, {""policy"": ""hospital_upgrade"", ""target_id"": ""JDQ4MTYyMiM2MSMkMSMkMiMkOTkkMzgxMzUxIzIxIyQxIyQ1IyQ2MiQzNjE4MzIjODEjJDEjJDIjJDgz"", ""target_name"": ""돋움병원""}]"
973,42,0.7882339402642309,5.3432258064516125,10.658164315813911,16.001390122265526,5.838491576775618,12.672169757182001,18.510661333957614,11.18,29.62,"[3, 43, 47]","[{""policy"": ""ambulance_new_base"", ""target_id"": ""REG004"", ""target_name"": ""신안동""}, {""policy"": ""hospital_upgrade"", ""target_id"": ""JDQ4MTYyMiM2MSMkMSMkMiMkOTkkMzgxMzUxIzIxIyQxIyQxIyQ3MiQyNjE0ODEjNDEjJDEjJDgjJDgz"", ""target_name"": ""천안재활병원""}, {""policy"": ""hospital_upgrade"", ""target_id"": ""JDQ4MTYyMiM2MSMkMSMkMiMkOTkkMzgxMzUxIzIxIyQxIyQxIyQ5MiQyNjE4MzIjNDEjJDEjJDgjJDgz"", ""target_name"": ""혜성산부인과병원""}]"
974,42,0.5458715191538737,4.82324481900567,11.594193548387098,16.417438367392766,5.488444794446755,13.264578960621222,18.75302375506797,11.18,29.62,"[29, 24, 17]","[{""policy"": ""ambulance_new_base"", ""target_id"": ""REG030"", ""target_name"": ""성환읍""}, {""policy"": ""ambulance_new_base"", ""target_id"": ""REG025"", ""target_name"": ""쌍용1동""}, {""policy"": ""ambulance_new_base"", ""target_id"": ""REG018"", ""target_name"": ""백석동""}]"
975,42,0.9186301207569976,5.142258064516129,11.08868306517315,16.230941129689278,5.545821447137564,12.834443706327281,18.380265153464848,11.18,29.62,"[3, 9, 49]","[{""policy"": ""ambulance_new_base"", ""target_id"": ""REG004"", ""target_name"": ""신안동""}, {""policy"": ""ambulance_new_base"", ""target_id"": ""REG010"", ""target_name"": ""광덕면""}, {""policy"": ""hospital_upgrade"", ""target_id"": ""JDQ4MTYyMiM2MSMkMSMkMiMkOTkkMzgxMzUxIzIxIyQxIyQxIyQwMyQyNjE0ODEjNTEjJDEjJDYjJDgz"", ""target_name"": ""천안21세기병원""}]"
976,42,0.5200281393532258,5.228996335787806,11.302330291013508,16.531326626801313,5.801070706773169,12.977796428095454,18.77886713486862,11.18,29.62,"[33, 21, 23]","[{""policy"": ""hospital_upgrade"", ""target_id"": ""JDQ4MTYyMiM2MSMkMSMkMiMkOTkkMzgxMzUxIzExIyQyIyQ3IyQwMCQ0NjE0ODEjNjEjJDEjJDgjJDgz"", ""target_name"": ""천안우리병원""}, {""policy"": ""ambulance_new_base"", ""target_id"": ""REG022"", ""target_name"": ""불당2동""}, {""policy"": ""ambulance_new_base"", ""target_id"": ""REG024"", ""target_name"": ""성정2동""}]"
977,42,1.005002283824794,5.023772618163888,10.912914642839256,15.936687261003144,5.55524264832952,12.738650342067533,18.29389299039705,11.18,29.62,"[51, 26, 19]","[{""policy"": ""hospital_upgrade"", ""target_id"": ""JDQ4MTYyMiM2MSMkMSMkMiMkOTkkMzgxMzUxIzIxIyQxIyQxIyQxMyQyNjEyMjIjNzEjJDEjJDgjJDgz"", ""target_name"": ""SG삼성조은병원""}, {""policy"": ""ambulance_new_base"", ""target_id"": ""REG027"", ""target_name"": ""쌍용3동""}, {""policy"": ""ambulance_new_base"", ""target_id"": ""REG020"", ""target_name"": ""부성2동""}]"
978,42,1.0393205877377625,5.118387096774193,11.055870298914312,16.174257395688503,5.34277584638378,12.916798840100302,18.259574686484083,11.18,29.62,"[28, 10, 35]","[{""policy"": ""ambulance_new_base"", ""target_id"": ""REG029"", ""target_name"": ""성거읍""}, {""policy"": ""ambulance_new_base"", ""target_id"": ""REG011"", ""target_name"": ""동면""}, {""policy"": ""hospital_upgrade"", ""target_id"": ""JDQ4MTYyMiM2MSMkMSMkMiMkOTkkMzgxMzUxIzIxIyQxIyQ1IyQ2MiQzNjE4MzIjODEjJDEjJDIjJDgz"", ""target_name"": ""돋움병원""}]"
979,42,0.9910351922553886,5.057741935483871,10.860143321295778,15.917885256779648,5.601520160504255,12.706339921462204,18.307860081966457,11.18,29.62,"[29, 3, 42]","[{""policy"": ""ambulance_new_base"", ""target_id"": ""REG030"", ""target_name"": ""성환읍""}, {""policy"": ""ambulance_new_base"", ""target_id"": ""REG004"", ""target_name"": ""신안동""}, {""policy"": ""hospital_upgrade"", ""target_id"": ""JDQ4MTYyMiM2MSMkMSMkMiMkOTkkMzgxMzUxIzIxIyQxIyQxIyQ2MiQ0NjE0ODEjNDEjJDEjJDQjJDgz"", ""target_name"": ""연세나무병원""}]"
980,42,1.048682749062582,5.016248100271297,11.138559464269987,16.154807564541287,5.2694010370591995,12.980811488100068,18.250212525159263,11.18,29.62,"[20, 44, 30]","[{""policy"": ""ambulance_new_base"", ""target_id"": ""REG021"", ""target_name"": ""불당1동""}, {""policy"": ""hospital_upgrade"", ""target_id"": ""JDQ4MTYyMiM2MSMkMSMkMiMkOTkkMzgxMzUxIzIxIyQxIyQxIyQ3MiQzNjE4MzIjODEjJDEjJDYjJDgz"", ""target_name"": ""삼성스카이병원""}, {""policy"": ""ambulance_new_base"", ""target_id"": ""REG031"", ""target_name"": ""직산읍""}]"
981,42,0.7660053637586515,5.443235834934136,10.597533999962266,16.040769834896402,5.932671322458575,12.60021858800462,18.532889910463194,11.18,29.62,"[34, 17, 32]","[{""policy"": ""hospital_upgrade"", ""target_id"": ""JDQ4MTYyMiM2MSMkMSMkMiMkOTkkMzgxMzUxIzIxIyQxIyQ1IyQ2MiQ0NjE0ODEjNjEjJDEjJDgjJDgz"", ""target_name"": ""천안해울병원""}, {""policy"": ""ambulance_new_base"", ""target_id"": ""REG018"", ""target_name"": ""백석동""}, {""policy"": ""hospital_upgrade"", ""target_id"": ""JDQ4MTYyMiM2MSMkMSMkMiMkOTkkMzgxMzUxIzExIyQxIyQ3IyQ5OSQ0NjE0ODEjODEjJDEjJDYjJDgz"", ""target_name"": ""예일병원""}]"
982,42,0.9190629767302987,5.239032258064516,11.023482674693758,16.262514932758272,5.438138036909479,12.941694260582068,18.379832297491546,10.85,29.62,"[32, 14, 41]","[{""policy"": ""hospital_upgrade"", ""target_id"": ""JDQ4MTYyMiM2MSMkMSMkMiMkOTkkMzgxMzUxIzExIyQxIyQ3IyQ5OSQ0NjE0ODEjODEjJDEjJDYjJDgz"", ""target_name"": ""예일병원""}, {""policy"": ""ambulance_new_base"", ""target_id"": ""REG015"", ""target_name"": ""수신면""}, {""policy"": ""hospital_upgrade"", ""target_id"": ""JDQ4MTYyMiM2MSMkMSMkMiMkOTkkMzgxMzUxIzIxIyQxIyQ1IyQ5OSQzNjEyMjIjNjEjJDEjJDQjJDgz"", ""target_name"": ""천안다나힐병원""}]"
983,42,0.6800637740639033,5.263180919424501,11.033865820568307,16.29704673999281,5.760391375680785,12.858440124477161,18.618831500157942,11.18,29.62,"[48, 1, 27]","[{""policy"": ""hospital_upgrade"", ""target_id"": ""JDQ4MTYyMiM2MSMkMSMkMiMkOTkkMzgxMzUxIzIxIyQxIyQxIyQ5MiQyNjEwMDIjNjEjJDEjJDAjJDgz"", ""target_name"": ""두정이진병원""}, {""policy"": ""ambulance_new_base"", ""target_id"": ""REG002"", ""target_name"": ""봉명동""}, {""policy"": ""ambulance_new_base"", ""target_id"": ""REG028"", ""target_name"": ""입장면""}]"
984,42,1.4799596899860674,4.935981202386541,10.912914642839256,15.848895845225798,5.0802852421682445,12.738650342067533,17.818935584235778,10.85,29.62,"[5, 51, 14]","[{""policy"": ""ambulance_new_base"", ""target_id"": ""REG006"", ""target_name"": ""원성2동""}, {""policy"": ""hospital_upgrade"", ""target_id"": ""JDQ4MTYyMiM2MSMkMSMkMiMkOTkkMzgxMzUxIzIxIyQxIyQxIyQxMyQyNjEyMjIjNzEjJDEjJDgjJDgz"", ""target_name"": ""SG삼성조은병원""}, {""policy"": ""ambulance_new_base"", ""target_id"": ""REG015"", ""target_name"": ""수신면""}]"
985,42,0.9383285355162982,5.314193548387096,10.596499463923378,15.910693012310478,5.7973448973292605,12.563221841376283,18.360566738705547,11.18,29.62,"[45, 49, 29]","[{""policy"": ""hospital_upgrade"", ""target_id"": ""JDQ4MTYyMiM2MSMkMSMkMiMkOTkkMzgxMzUxIzIxIyQxIyQxIyQ3OSQyNjEyMjIjNDEjJDEjJDgjJDgz"", ""target_name"": ""우리척병원""}, {""policy"": ""hospital_upgrade"", ""target_id"": ""JDQ4MTYyMiM2MSMkMSMkMiMkOTkkMzgxMzUxIzIxIyQxIyQxIyQwMyQyNjE0ODEjNTEjJDEjJDYjJDgz"", ""target_name"": ""천안21세기병원""}, {""policy"": ""ambulance_new_base"", ""target_id"": ""REG030"", ""target_name"": ""성환읍""}]"
986,42,0.5438880500588432,5.132733556990983,11.346236395124912,16.478969952115897,5.678877745849372,13.076129478313634,18.755007224163002,11.18,29.62,"[20, 31, 4]","[{""policy"": ""ambulance_new_base"", ""target_id"": ""REG021"", ""target_name"": ""불당1동""}, {""policy"": ""hospital_upgrade"", ""target_id"": ""JDQ4MTYyMiM2MSMkMSMkMiMkOTkkMzgxMzUxIzExIyQxIyQ3IyQ4OSQzNjE0ODEjODEjJDEjJDYjJDgz"", ""target_name"": ""새로나병원""}, {""policy"": ""ambulance_new_base"", ""target_id"": ""REG005"", ""target_name"": ""원성1동""}]"
987,42,1.1616235125730547,5.30471554719749,10.538768492935347,15.84348404013284,5.64393497465041,12.493336786998384,18.13727176164879,11.18,29.62,"[38, 0, 47]","[{""policy"": ""hospital_upgrade"", ""target_id"": ""JDQ4MTYyMiM2MSMkMSMkMiMkOTkkMzgxMzUxIzIxIyQxIyQ1IyQ4OSQ0NjEwMDIjNTEjJDEjJDIjJDgz"", ""target_name"": ""천안리턴병원""}, {""policy"": ""ambulance_new_base"", ""target_id"": ""REG001"", ""target_name"": ""문성동""}, {""policy"": ""hospital_upgrade"", ""target_id"": ""JDQ4MTYyMiM2MSMkMSMkMiMkOTkkMzgxMzUxIzIxIyQxIyQxIyQ5MiQyNjE4MzIjNDEjJDEjJDgjJDgz"", ""target_name"": ""혜성산부인과병원""}]"
988,42,1.2099839503256185,5.273225806451612,10.840725911910967,16.11395171836258,5.442917099876535,12.645994224019693,18.088911323896227,11.18,29.62,"[49, 31, 30]","[{""policy"": ""hospital_upgrade"", ""target_id"": ""JDQ4MTYyMiM2MSMkMSMkMiMkOTkkMzgxMzUxIzIxIyQxIyQxIyQwMyQyNjE0ODEjNTEjJDEjJDYjJDgz"", ""target_name"": ""천안21세기병원""}, {""policy"": ""hospital_upgrade"", ""target_id"": ""JDQ4MTYyMiM2MSMkMSMkMiMkOTkkMzgxMzUxIzExIyQxIyQ3IyQ4OSQzNjE0ODEjODEjJDEjJDYjJDgz"", ""target_name"": ""새로나병원""}, {""policy"": ""ambulance_new_base"", ""target_id"": ""REG031"", ""target_name"": ""직산읍""}]"
989,42,0.8456570972152235,5.426958862636138,10.511594984742585,15.938553847378722,5.965918408783474,12.487319768223147,18.45323817700662,11.18,29.62,"[23, 37, 44]","[{""policy"": ""ambulance_new_base"", ""target_id"": ""REG024"", ""target_name"": ""성정2동""}, {""policy"": ""hospital_upgrade"", ""target_id"": ""JDQ4MTYyMiM2MSMkMSMkMiMkOTkkMzgxMzUxIzIxIyQxIyQ1IyQ3OSQzNjE4MzIjODEjJDEjJDYjJDgz"", ""target_name"": ""앙즈로여성병원""}, {""policy"": ""hospital_upgrade"", ""target_id"": ""JDQ4MTYyMiM2MSMkMSMkMiMkOTkkMzgxMzUxIzIxIyQxIyQxIyQ3MiQzNjE4MzIjODEjJDEjJDYjJDgz"", ""target_name"": ""삼성스카이병원""}]"
990,42,0.8409881698307871,5.341688808966405,10.903044755594616,16.244733564561017,5.72268824631381,12.73521885807725,18.457907104391058,11.18,29.62,"[19, 27, 36]","[{""policy"": ""ambulance_new_base"", ""target_id"": ""REG020"", ""target_name"": ""부성2동""}, {""policy"": ""ambulance_new_base"", ""target_id"": ""REG028"", ""target_name"": ""입장면""}, {""policy"": ""hospital_upgrade"", ""target_id"": ""JDQ4MTYyMiM2MSMkMSMkMiMkOTkkMzgxMzUxIzIxIyQxIyQ1IyQ3OSQyNjE0ODEjNDEjJDEjJDgjJDgz"", ""target_name"": ""마디손병원""}]"
991,42,0.19467423164225295,5.296451612903225,11.519141813354748,16.815593426257973,5.888629459354083,13.215591583225512,19.104221042579592,11.18,29.62,"[2, 41, 16]","[{""policy"": ""ambulance_new_base"", ""target_id"": ""REG003"", ""target_name"": ""신방동""}, {""policy"": ""hospital_upgrade"", ""target_id"": ""JDQ4MTYyMiM2MSMkMSMkMiMkOTkkMzgxMzUxIzIxIyQxIyQ1IyQ5OSQzNjEyMjIjNjEjJDEjJDQjJDgz"", ""target_name"": ""천안다나힐병원""}, {""policy"": ""ambulance_new_base"", ""target_id"": ""REG017"", ""target_name"": ""목천읍""}]"
992,42,0.7627377479028397,5.015882357353502,11.594193548387098,16.610075905740597,5.271578565697785,13.264578960621222,18.536157526319005,11.18,29.62,"[9, 8, 19]","[{""policy"": ""ambulance_new_base"", ""target_id"": ""REG010"", ""target_name"": ""광덕면""}, {""policy"": ""ambulance_new_base"", ""target_id"": ""REG009"", ""target_name"": ""청룡동""}, {""policy"": ""ambulance_new_base"", ""target_id"": ""REG020"", ""target_name"": ""부성2동""}]"
993,42,0.7508322707741044,5.023772618163888,11.101640188418845,16.125412806582734,5.55524264832952,12.992820355118223,18.54806300344774,11.18,29.62,"[52, 26, 19]","[{""policy"": ""hospital_upgrade"", ""target_id"": ""JDQ4MTYyMiM2MSMkMSMkMiMkOTkkMzgxMzUxIzIxIyQyIyQ1IyQwMCQyNjEwMDIjNDEjJDEjJDgjJDgz"", ""target_name"": ""이화병원""}, {""policy"": ""ambulance_new_base"", ""target_id"": ""REG027"", ""target_name"": ""쌍용3동""}, {""policy"": ""ambulance_new_base"", ""target_id"": ""REG020"", ""target_name"": ""부성2동""}]"
994,42,0.742280414709068,4.899217037320677,11.594193548387098,16.493410585707775,5.292035898891555,13.264578960621222,18.556614859512777,11.18,29.62,"[17, 11, 5]","[{""policy"": ""ambulance_new_base"", ""target_id"": ""REG018"", ""target_name"": ""백석동""}, {""policy"": ""ambulance_new_base"", ""target_id"": ""REG012"", ""target_name"": ""병천면""}, {""policy"": ""ambulance_new_base"", ""target_id"": ""REG006"", ""target_name"": ""원성2동""}]"
995,42,0.8168238093107547,5.36265655090189,10.808655693058702,16.17131224396059,5.746462939276316,12.735608525634776,18.48207146491109,11.18,29.62,"[43, 19, 44]","[{""policy"": ""hospital_upgrade"", ""target_id"": ""JDQ4MTYyMiM2MSMkMSMkMiMkOTkkMzgxMzUxIzIxIyQxIyQxIyQ3MiQyNjE0ODEjNDEjJDEjJDgjJDgz"", ""target_name"": ""천안재활병원""}, {""policy"": ""ambulance_new_base"", ""target_id"": ""REG020"", ""target_name"": ""부성2동""}, {""policy"": ""hospital_upgrade"", ""target_id"": ""JDQ4MTYyMiM2MSMkMSMkMiMkOTkkMzgxMzUxIzIxIyQxIyQxIyQ3MiQzNjE4MzIjODEjJDEjJDYjJDgz"", ""target_name"": ""삼성스카이병원""}]"
996,42,1.1220670009260694,5.011142492709123,10.92879511789891,15.939937610608032,5.439492102588025,12.737336170707753,18.176828273295776,11.18,29.62,"[40, 29, 5]","[{""policy"": ""hospital_upgrade"", ""target_id"": ""JDQ4MTYyMiM2MSMkMSMkMiMkOTkkMzgxMzUxIzIxIyQxIyQ1IyQ4OSQyNjEyMjIjNjEjJDEjJDQjJDgz"", ""target_name"": ""서울프라임병원""}, {""policy"": ""ambulance_new_base"", ""target_id"": ""REG030"", ""target_name"": ""성환읍""}, {""policy"": ""ambulance_new_base"", ""target_id"": ""REG006"", ""target_name"": ""원성2동""}]"
997,42,0.9940272488829898,5.398709677419355,10.596499463923378,15.995209141342732,5.74164618396257,12.563221841376283,18.304868025338855,11.18,29.62,"[9, 45, 49]","[{""policy"": ""ambulance_new_base"", ""target_id"": ""REG010"", ""target_name"": ""광덕면""}, {""policy"": ""hospital_upgrade"", ""target_id"": ""JDQ4MTYyMiM2MSMkMSMkMiMkOTkkMzgxMzUxIzIxIyQxIyQxIyQ3OSQyNjEyMjIjNDEjJDEjJDgjJDgz"", ""target_name"": ""우리척병원""}, {""policy"": ""hospital_upgrade"", ""target_id"": ""JDQ4MTYyMiM2MSMkMSMkMiMkOTkkMzgxMzUxIzIxIyQxIyQxIyQwMyQyNjE0ODEjNTEjJDEjJDYjJDgz"", ""target_name"": ""천안21세기병원""}]"
998,42,0.8770802297702502,5.422903225806452,10.518238121507107,15.941141347313556,5.967992965754759,12.45382207869684,18.421815044451595,11.18,29.62,"[2, 50, 48]","[{""policy"": ""ambulance_new_base"", ""target_id"": ""REG003"", ""target_name"": ""신방동""}, {""policy"": ""hospital_upgrade"", ""target_id"": ""JDQ4MTYyMiM2MSMkMSMkMiMkOTkkMzgxMzUxIzIxIyQxIyQxIyQwMyQyNjE4MzIjODEjJDEjJDIjJDgz"", ""target_name"": ""서울대정병원""}, {""policy"": ""hospital_upgrade"", ""target_id"": ""JDQ4MTYyMiM2MSMkMSMkMiMkOTkkMzgxMzUxIzIxIyQxIyQxIyQ5MiQyNjEwMDIjNjEjJDEjJDAjJDgz"", ""target_name"": ""두정이진병원""}]"
999,42,0.5638495876917595,5.578709677419353,10.849249267400655,16.42795894482001,6.010541620638118,12.724504065891972,18.735045686530086,11.18,29.62,"[33, 52, 27]","[{""policy"": ""hospital_upgrade"", ""target_id"": ""JDQ4MTYyMiM2MSMkMSMkMiMkOTkkMzgxMzUxIzExIyQyIyQ3IyQwMCQ0NjE0ODEjNjEjJDEjJDgjJDgz"", ""target_name"": ""천안우리병원""}, {""policy"": ""hospital_upgrade"", ""target_id"": ""JDQ4MTYyMiM2MSMkMSMkMiMkOTkkMzgxMzUxIzIxIyQyIyQ1IyQwMCQyNjEwMDIjNDEjJDEjJDgjJDgz"", ""target_name"": ""이화병원""}, {""policy"": ""ambulance_new_base"", ""target_id"": ""REG028"", ""target_name"": ""입장면""}]"
1000,42,1.3032429684524836,5.249677419354838,10.602634543139269,15.852311962494108,5.442251364611085,12.553400941158278,17.99565230576936,11.18,29.62,"[38, 10, 43]","[{""policy"": ""hospital_upgrade"", ""target_id"": ""JDQ4MTYyMiM2MSMkMSMkMiMkOTkkMzgxMzUxIzIxIyQxIyQ1IyQ4OSQ0NjEwMDIjNTEjJDEjJDIjJDgz"", ""target_name"": ""천안리턴병원""}, {""policy"": ""ambulance_new_base"", ""target_id"": ""REG011"", ""target_name"": ""동면""}, {""policy"": ""hospital_upgrade"", ""target_id"": ""JDQ4MTYyMiM2MSMkMSMkMiMkOTkkMzgxMzUxIzIxIyQxIyQxIyQ3MiQyNjE0ODEjNDEjJDEjJDgjJDgz"", ""target_name"": ""천안재활병원""}]"
